species,code,Amoxicillin-Clavulanic acid,Ampicillin,Ceftazidime,Ciprofloxacin,Gentamicin,Ceftriaxone,Cefuroxime,Nitrofurantoin,Fosfomycin,Norfloxacin,Polymyxin B,Cotrimoxazole,Clarithromycin,Clindamycin,Doxycycline,Fusidic acid,Oxacillin,Penicillin,Rifampicin,Vancomycin,Linezolid,Mupirocin,Piperacillin-Tazobactam,Metronidazole,Moxifloxacin,Amikacin,Cefepime,Imipenem,Azithromycin,Erythromycin,Cefalotin-Cefazolin,Tetracycline,Novobiocin,Pefloxacin,Meropenem,Daptomycin,5-Fluorocytosine,Amphotericin B,Amoxicillin,Aztreonam,Caspofungin,Ceftolozane-Tazobactam,Colistin,Cefotaxime,Ertapenem,Fluconazole,Cefoxitin,Levofloxacin,Minocycline,Ofloxacin,Teicoplanin,Tigecycline,Tobramycin,Voriconazole,Ceftazidime-Avibactam,Meropenem-Vaborbactam,file_path,Strain name,database_id,accession,genus
Hallella bergensis,28010102880_D6,S,S,,,,,,,,,,,S,S,,,,S,,,,,,S,,,,,,,,,,,,,,,,,,,,,,,,,,,,,,,,,../data/driams/downloads/DRIAMS-C/id/2018/2018_clean.csv,28010102880_D6,28010102880_D6,242750.0,
Enterococcus faecalis,28010102880_A1,S,S,,,R,,,,,,,,,R,,,R,,,S,S,R,S,,,,,,,,,,,,,,,,,,,,,,,,,,,,,,,,,,../data/driams/downloads/DRIAMS-C/id/2018/2018_clean.csv,28010102880_A1,28010102880_A1,1351.0,Enterococcus
Staphylococcus aureus,28010102990_B12,S,R,,S,S,,,,,,,S,S,S,S,S,S,R,S,S,,,,,,,,,,,,,,,,,,,,,,,,,,,,,,,,,,,,,../data/driams/downloads/DRIAMS-C/id/2018/2018_clean.csv,28010102990_B12,28010102990_B12,1280.0,Staphylococcus
Staphylococcus aureus,28010102990_D11,S,R,,S,S,,,,,,,S,S,S,S,S,S,R,S,S,,,,,,,,,,,,,,,,,,,,,,,,,,,,,,,,,,,,,../data/driams/downloads/DRIAMS-C/id/2018/2018_clean.csv,28010102990_D11,28010102990_D11,1280.0,Staphylococcus
Staphylococcus aureus,28010102990_D9,S,R,,S,S,,,,,,,S,S,S,S,S,S,R,S,S,,,,,,,,,,,,,,,,,,,,,,,,,,,,,,,,,,,,,../data/driams/downloads/DRIAMS-C/id/2018/2018_clean.csv,28010102990_D9,28010102990_D9,1280.0,Staphylococcus
Escherichia coli,28010103960_B1,S,S,S,S,S,S,S,S,S,S,S,S,,,,,,,,,,,,,,,,,,,,,,,,,,,,,,,,,,,,,,,,,,,,,../data/driams/downloads/DRIAMS-C/id/2018/2018_clean.csv,28010103960_B1,28010103960_B1,562.0,Escherichia
Proteus mirabilis,28010104000_C1,S,S,S,S,S,S,S,R,R,S,R,S,,,,,,,,,,,,,,,,,,,,,,,,,,,,,,,,,,,,,,,,,,,,,../data/driams/downloads/DRIAMS-C/id/2018/2018_clean.csv,28010104000_C1,28010104000_C1,584.0,Proteus
Klebsiella pneumoniae,28010104000_C2,S,R,S,S,S,S,S,S,R,S,S,S,,,,,,,,,,,,,,,,,,,,,,,,,,,,,,,,,,,,,,,,,,,,,../data/driams/downloads/DRIAMS-C/id/2018/2018_clean.csv,28010104000_C2,28010104000_C2,573.0,Klebsiella
Citrobacter koseri,28010105000_C3,S,R,S,S,S,S,S,S,S,S,S,S,,,,,,,,,,,,,,,,,,,,,,,,,,,,,,,,,,,,,,,,,,,,,../data/driams/downloads/DRIAMS-C/id/2018/2018_clean.csv,28010105000_C3,28010105000_C3,545.0,Citrobacter
Citrobacter koseri,28010105000_C4,S,R,S,S,S,S,S,S,S,S,S,S,,,,,,,,,,,,,,,,,,,,,,,,,,,,,,,,,,,,,,,,,,,,,../data/driams/downloads/DRIAMS-C/id/2018/2018_clean.csv,28010105000_C4,28010105000_C4,545.0,Citrobacter
Staphylococcus aureus,28010105020_C3,S,S,,S,S,,,,,,,S,S,S,S,S,S,S,S,S,,,,,,,,,,,,,,,,,,,,,,,,,,,,,,,,,,,,,../data/driams/downloads/DRIAMS-C/id/2018/2018_clean.csv,28010105020_C3,28010105020_C3,1280.0,Staphylococcus
Bacillus cereus,28010201720_F11,R,R,,S,S,,,,,,,S,S,S,S,,R,R,,S,,,,,S,,,,,,,,,,,,,,,,,,,,,,,,,,,,,,,,../data/driams/downloads/DRIAMS-C/id/2018/2018_clean.csv,28010201720_F11,28010201720_F11,1396.0,Bacillus
Enterobacter cloacae,28010201730_F10,R,R,S,S,S,S,S,,,,S,S,,,,,,,,,,,S,,,S,S,S,,,,,,,,,,,,,,,,,,,,,,,,,,,,,../data/driams/downloads/DRIAMS-C/id/2018/2018_clean.csv,28010201730_F10,28010201730_F10,550.0,Enterobacter
Staphylococcus aureus,28010201730_F9,S,S,,S,S,,,,,,,S,S,S,S,S,S,S,S,S,,,,,,,,,,,,,,,,,,,,,,,,,,,,,,,,,,,,,../data/driams/downloads/DRIAMS-C/id/2018/2018_clean.csv,28010201730_F9,28010201730_F9,1280.0,Staphylococcus
Staphylococcus aureus,28010202660_A3,S,S,,S,S,,,,,,,S,S,S,S,S,S,S,S,S,,,,,,,,,,,,,,,,,,,,,,,,,,,,,,,,,,,,,../data/driams/downloads/DRIAMS-C/id/2018/2018_clean.csv,28010202660_A3,28010202660_A3,1280.0,Staphylococcus
Escherichia coli,28010203370_E2,S,S,S,S,S,S,S,,,,S,S,,,,,,,,,,,S,,,S,S,S,,,,,,,,,,,,,,,,,,,,,,,,,,,,,../data/driams/downloads/DRIAMS-C/id/2018/2018_clean.csv,28010203370_E2,28010203370_E2,562.0,Escherichia
Campylobacter jejuni,28010203680_C10,,,,R,,,,,,,,,S,,,,,,,,,,,,,,,,S,S,R,R,,,,,,,,,,,,,,,,,,,,,,,,,../data/driams/downloads/DRIAMS-C/id/2018/2018_clean.csv,28010203680_C10,28010203680_C10,197.0,Campylobacter
Campylobacter jejuni,28010203680_D4,,,,R,,,,,,,,,S,,,,,,,,,,,,,,,,S,S,R,R,,,,,,,,,,,,,,,,,,,,,,,,,../data/driams/downloads/DRIAMS-C/id/2018/2018_clean.csv,28010203680_D4,28010203680_D4,197.0,Campylobacter
Campylobacter jejuni,28010203680_D5,,,,R,,,,,,,,,S,,,,,,,,,,,,,,,,S,S,R,R,,,,,,,,,,,,,,,,,,,,,,,,,../data/driams/downloads/DRIAMS-C/id/2018/2018_clean.csv,28010203680_D5,28010203680_D5,197.0,Campylobacter
Staphylococcus saprophyticus,28010203940_C9,S,S,,S,S,,,S,,S,,S,,,,,S,S,,,,,,,,,,,,,,,R,,,,,,,,,,,,,,,,,,,,,,,,../data/driams/downloads/DRIAMS-C/id/2018/2018_clean.csv,28010203940_C9,28010203940_C9,29385.0,Staphylococcus
Staphylococcus aureus,28010205600_E3,S,R,,S,S,,,,,,,S,S,S,S,S,S,R,S,S,,,,,,,,,,,,,,,,,,,,,,,,,,,,,,,,,,,,,../data/driams/downloads/DRIAMS-C/id/2018/2018_clean.csv,28010205600_E3,28010205600_E3,1280.0,Staphylococcus
Enterococcus faecalis,28010205640_E10,S,S,,,R,,,,,,,,,R,,,R,,,S,S,R,S,,,,,,,,,,,,,,,,,,,,,,,,,,,,,,,,,,../data/driams/downloads/DRIAMS-C/id/2018/2018_clean.csv,28010205640_E10,28010205640_E10,1351.0,Enterococcus
Proteus vulgaris,28010205640_E11,S,R,S,S,S,S,R,,,,R,S,,,,,,,,,,,S,,,S,S,S,,,,,,,,,,,,,,,,,,,,,,,,,,,,,../data/driams/downloads/DRIAMS-C/id/2018/2018_clean.csv,28010205640_E11,28010205640_E11,585.0,Proteus
Enterococcus faecalis,28010205640_E12,S,S,,,R,,,,,,,,,R,,,R,,,S,S,R,S,,,,,,,,,,,,,,,,,,,,,,,,,,,,,,,,,,../data/driams/downloads/DRIAMS-C/id/2018/2018_clean.csv,28010205640_E12,28010205640_E12,1351.0,Enterococcus
Bacteroides fragilis,28010303170_D11,S,R,,,,,,,,,,,,S,,,,R,,,,,,S,,,,,,,,,,,,,,,,,,,,,,,,,,,,,,,,,../data/driams/downloads/DRIAMS-C/id/2018/2018_clean.csv,28010303170_D11,28010303170_D11,817.0,Bacteroides
Bacteroides fragilis,28010303170_G1,S,R,,,,,,,,,,,,S,,,,R,,,,,,S,,,,,,,,,,,,,,,,,,,,,,,,,,,,,,,,,../data/driams/downloads/DRIAMS-C/id/2018/2018_clean.csv,28010303170_G1,28010303170_G1,817.0,Bacteroides
Bacteroides fragilis,28010303170_G2,S,R,,,,,,,,,,,,S,,,,R,,,,,,S,,,,,,,,,,,,,,,,,,,,,,,,,,,,,,,,,../data/driams/downloads/DRIAMS-C/id/2018/2018_clean.csv,28010303170_G2,28010303170_G2,817.0,Bacteroides
Enterococcus faecalis,28010303630_D1,S,S,,,,,,S,,,,I,,,,,R,,,,,R,S,,,,,,,,,,,,,,,,,,,,,,,,,,,,,,,,,,../data/driams/downloads/DRIAMS-C/id/2018/2018_clean.csv,28010303630_D1,28010303630_D1,1351.0,Enterococcus
Proteus mirabilis,28010303630_D2,S,S,S,S,S,S,S,R,S,S,R,S,,,,,,,,,,,,,,,,,,,,,,,,,,,,,,,,,,,,,,,,,,,,,../data/driams/downloads/DRIAMS-C/id/2018/2018_clean.csv,28010303630_D2,28010303630_D2,584.0,Proteus
Klebsiella pneumoniae,28010303680_D3,S,R,S,S,S,S,S,S,R,S,S,S,,,,,,,,,,,,,,,,,,,,,,,,,,,,,,,,,,,,,,,,,,,,,../data/driams/downloads/DRIAMS-C/id/2018/2018_clean.csv,28010303680_D3,28010303680_D3,573.0,Klebsiella
Proteus mirabilis,28010303680_D4,S,S,S,S,S,S,S,R,S,S,R,S,,,,,,,,,,,,,,,,,,,,,,,,,,,,,,,,,,,,,,,,,,,,,../data/driams/downloads/DRIAMS-C/id/2018/2018_clean.csv,28010303680_D4,28010303680_D4,584.0,Proteus
Enterococcus faecalis,28010303800_D6,S,S,,,,,,S,,,,I,,,,,R,,,,,R,S,,,,,,,,,,,,,,,,,,,,,,,,,,,,,,,,,,../data/driams/downloads/DRIAMS-C/id/2018/2018_clean.csv,28010303800_D6,28010303800_D6,1351.0,Enterococcus
Enterococcus faecium,28010304090_C3,S,S,,,R,,,,,,,,,R,,,R,,,S,S,S,S,,,,,,,,,,,,,,,,,,,,,,,,,,,,,,,,,,../data/driams/downloads/DRIAMS-C/id/2018/2018_clean.csv,28010304090_C3,28010304090_C3,1352.0,Enterococcus
Escherichia coli,28010304700_B1,R,R,S,R,R,S,S,S,S,R,S,R,,,,,,,,,,,,,,,,,,,,,,,,,,,,,,,,,,,,,,,,,,,,,../data/driams/downloads/DRIAMS-C/id/2018/2018_clean.csv,28010304700_B1,28010304700_B1,562.0,Escherichia
Escherichia coli,28010304700_B2,R,R,S,R,R,S,S,S,S,R,S,R,,,,,,,,,,,,,,,,,,,,,,,,,,,,,,,,,,,,,,,,,,,,,../data/driams/downloads/DRIAMS-C/id/2018/2018_clean.csv,28010304700_B2,28010304700_B2,562.0,Escherichia
Enterococcus raffinosus,28010304700_D7,R,R,,,,,,S,,,,I,,,,,R,,,,,S,R,,,,,,,,,,,,,,,,,,,,,,,,,,,,,,,,,,../data/driams/downloads/DRIAMS-C/id/2018/2018_clean.csv,28010304700_D7,28010304700_D7,71452.0,Enterococcus
Pseudomonas aeruginosa,28010305960_G1,R,R,S,S,S,R,R,,,,S,R,,,,,,,,,,,S,,,S,S,S,,,,,,,,,,,,,,,,,,,,,,,,,,,,,../data/driams/downloads/DRIAMS-C/id/2018/2018_clean.csv,28010305960_G1,28010305960_G1,287.0,Pseudomonas
Staphylococcus aureus,28010305960_A5,S,R,,S,S,,,,,,,S,S,S,S,S,S,R,S,S,,,,,,,,,,,,,,,,,,,,,,,,,,,,,,,,,,,,,../data/driams/downloads/DRIAMS-C/id/2018/2018_clean.csv,28010305960_A5,28010305960_A5,1280.0,Staphylococcus
Escherichia coli,28010307180_D11,S,R,S,S,S,S,S,S,S,S,S,R,,,,,,,,,,,,,,,,,,,,,,,,,,,,,,,,,,,,,,,,,,,,,../data/driams/downloads/DRIAMS-C/id/2018/2018_clean.csv,28010307180_D11,28010307180_D11,562.0,Escherichia
Klebsiella pneumoniae,28010307180_D12,S,R,S,S,S,S,S,S,R,S,S,S,,,,,,,,,,,,,,,,,,,,,,,,,,,,,,,,,,,,,,,,,,,,,../data/driams/downloads/DRIAMS-C/id/2018/2018_clean.csv,28010307180_D12,28010307180_D12,573.0,Klebsiella
Peptoniphilus harei,28010307530_F10,S,S,,,,,,,,,,,R,S,,,,S,,,,,,S,,,,,,,,,,,,,,,,,,,,,,,,,,,,,,,,,../data/driams/downloads/DRIAMS-C/id/2018/2018_clean.csv,28010307530_F10,28010307530_F10,54005.0,Peptoniphilus
Staphylococcus aureus,28010309840_B3,S,R,,S,S,,,,,,,S,S,S,S,S,S,R,S,S,,,,,,,,,,,,,,,,,,,,,,,,,,,,,,,,,,,,,../data/driams/downloads/DRIAMS-C/id/2018/2018_clean.csv,28010309840_B3,28010309840_B3,1280.0,Staphylococcus
Escherichia coli,28010310980_B2,S,S,S,S,S,S,S,,,,S,S,,,,,,,,,,,S,,,S,S,S,,,,,,,,,,,,,,,,,,,,,,,,,,,,,../data/driams/downloads/DRIAMS-C/id/2018/2018_clean.csv,28010310980_B2,28010310980_B2,562.0,Escherichia
Klebsiella pneumoniae,28010312430_E4,S,R,S,S,S,S,S,S,R,S,S,S,,,,,,,,,,,,,,,,,,,,,,,,,,,,,,,,,,,,,,,,,,,,,../data/driams/downloads/DRIAMS-C/id/2018/2018_clean.csv,28010312430_E4,28010312430_E4,573.0,Klebsiella
Klebsiella pneumoniae,28010312430_E5,S,R,S,S,S,S,S,S,R,S,S,S,,,,,,,,,,,,,,,,,,,,,,,,,,,,,,,,,,,,,,,,,,,,,../data/driams/downloads/DRIAMS-C/id/2018/2018_clean.csv,28010312430_E5,28010312430_E5,573.0,Klebsiella
Enterococcus faecalis,28010312640_F7,S,S,,,R,,,,,,,,,R,,,R,,,S,S,R,S,,,,,,,,,,,,,,,,,,,,,,,,,,,,,,,,,,../data/driams/downloads/DRIAMS-C/id/2018/2018_clean.csv,28010312640_F7,28010312640_F7,1351.0,Enterococcus
Staphylococcus aureus,28010312660_A10,S,S,,S,S,,,,,,,S,S,S,S,S,S,S,S,S,,,,,,,,,,,,,,,,,,,,,,,,,,,,,,,,,,,,,../data/driams/downloads/DRIAMS-C/id/2018/2018_clean.csv,28010312660_A10,28010312660_A10,1280.0,Staphylococcus
Enterococcus faecalis,28010312660_F5,S,S,,,R,,,,,,,,,R,,,R,,,S,S,R,S,,,,,,,,,,,,,,,,,,,,,,,,,,,,,,,,,,../data/driams/downloads/DRIAMS-C/id/2018/2018_clean.csv,28010312660_F5,28010312660_F5,1351.0,Enterococcus
Staphylococcus aureus,28010312830_A8,S,S,,S,S,,,,,,,S,R,R,S,S,S,S,S,S,,,,,,,,,,,,,,,,,,,,,,,,,,,,,,,,,,,,,../data/driams/downloads/DRIAMS-C/id/2018/2018_clean.csv,28010312830_A8,28010312830_A8,1280.0,Staphylococcus
Staphylococcus aureus,28010312830_A9,S,S,,S,S,,,,,,,S,R,R,S,S,S,S,S,S,,,,,,,,,,,,,,,,,,,,,,,,,,,,,,,,,,,,,../data/driams/downloads/DRIAMS-C/id/2018/2018_clean.csv,28010312830_A9,28010312830_A9,1280.0,Staphylococcus
Escherichia coli,28010401670_D10,R,R,R,R,S,R,R,,,,S,R,,,,,,,,,,,R,,,S,I,S,,,,,,,S,,,,,,,,,,,,,,,,,,,,,,../data/driams/downloads/DRIAMS-C/id/2018/2018_clean.csv,28010401670_D10,28010401670_D10,562.0,Escherichia
Enterococcus avium,28010401670_C2,S,S,,,R,,,,,,,,,R,,,R,,,S,S,S,S,,,,,S,,,,,,,S,,,,,,,,,,,,,,,,,,,,,,../data/driams/downloads/DRIAMS-C/id/2018/2018_clean.csv,28010401670_C2,28010401670_C2,33945.0,Enterococcus
Enterococcus avium,28010401670_C7,S,S,,,R,,,,,,,,,R,,,R,,,S,S,S,S,,,,,S,,,,,,,S,,,,,,,,,,,,,,,,,,,,,,../data/driams/downloads/DRIAMS-C/id/2018/2018_clean.csv,28010401670_C7,28010401670_C7,33945.0,Enterococcus
Serratia marcescens,28010401730_D6,R,R,S,S,S,S,R,,,,R,S,,,,,,,,,,,R,,,S,S,S,,,,,,,,,,,,,,,,,,,,,,,,,,,,,../data/driams/downloads/DRIAMS-C/id/2018/2018_clean.csv,28010401730_D6,28010401730_D6,615.0,Serratia
Serratia marcescens,28010401730_B8,R,R,S,S,S,S,R,,,,R,S,,,,,,,,,,,R,,,S,S,S,,,,,,,,,,,,,,,,,,,,,,,,,,,,,../data/driams/downloads/DRIAMS-C/id/2018/2018_clean.csv,28010401730_B8,28010401730_B8,615.0,Serratia
Serratia marcescens,28010401730_B9,R,R,S,S,S,S,R,,,,R,S,,,,,,,,,,,R,,,S,S,S,,,,,,,,,,,,,,,,,,,,,,,,,,,,,../data/driams/downloads/DRIAMS-C/id/2018/2018_clean.csv,28010401730_B9,28010401730_B9,615.0,Serratia
Klebsiella oxytoca,28010401850_D4,S,R,S,S,S,S,S,,,,S,S,,,,,,,,,,,S,,,S,S,S,,,,,,,,,,,,,,,,,,,,,,,,,,,,,../data/driams/downloads/DRIAMS-C/id/2018/2018_clean.csv,28010401850_D4,28010401850_D4,571.0,Klebsiella
Staphylococcus aureus,28010401850_B6,S,R,,S,S,,,,,,,S,S,S,S,S,S,R,S,S,,,,,,,,,,,,,,,,,,,,,,,,,,,,,,,,,,,,,../data/driams/downloads/DRIAMS-C/id/2018/2018_clean.csv,28010401850_B6,28010401850_B6,1280.0,Staphylococcus
Proteus mirabilis,28010405800_B5,S,S,S,S,S,S,S,,,,R,S,,,,,,,,,,,S,,,S,S,S,,,,,,,,,,,,,,,,,,,,,,,,,,,,,../data/driams/downloads/DRIAMS-C/id/2018/2018_clean.csv,28010405800_B5,28010405800_B5,584.0,Proteus
Enterococcus faecalis,28010405800_B6,S,S,,,R,,,,,,,,,R,,,R,,,S,S,R,S,,,,,,,,,,,,,,,,,,,,,,,,,,,,,,,,,,../data/driams/downloads/DRIAMS-C/id/2018/2018_clean.csv,28010405800_B6,28010405800_B6,1351.0,Enterococcus
Proteus mirabilis,28010405800_B7,S,S,S,S,S,S,S,,,,R,S,,,,,,,,,,,S,,,S,S,S,,,,,,,,,,,,,,,,,,,,,,,,,,,,,../data/driams/downloads/DRIAMS-C/id/2018/2018_clean.csv,28010405800_B7,28010405800_B7,584.0,Proteus
Escherichia coli,28010405800_B8,S,S,S,S,S,S,S,,,,S,S,,,,,,,,,,,S,,,S,S,S,,,,,,,,,,,,,,,,,,,,,,,,,,,,,../data/driams/downloads/DRIAMS-C/id/2018/2018_clean.csv,28010405800_B8,28010405800_B8,562.0,Escherichia
Klebsiella pneumoniae,28010408200_F4,S,R,S,S,S,S,S,,,,S,S,,,,,,,,,,,S,,,S,S,S,,,,,,,,,,,,,,,,,,,,,,,,,,,,,../data/driams/downloads/DRIAMS-C/id/2018/2018_clean.csv,28010408200_F4,28010408200_F4,573.0,Klebsiella
Haemophilus influenzae,28010408230_F2,S,S,,S,,S,S,,,,,,I,,,,,S,,,,,,,,,,,,,,,,,,,,,,,,,,,,,,,,,,,,,,,../data/driams/downloads/DRIAMS-C/id/2018/2018_clean.csv,28010408230_F2,28010408230_F2,727.0,Haemophilus
Klebsiella oxytoca,28010408260_E12,S,R,S,S,S,S,S,S,R,S,S,S,,,,,,,,,,,,,,,,,,,,,,,,,,,,,,,,,,,,,,,,,,,,,../data/driams/downloads/DRIAMS-C/id/2018/2018_clean.csv,28010408260_E12,28010408260_E12,571.0,Klebsiella
Klebsiella oxytoca,28010408260_F1,S,R,S,S,S,S,S,S,R,S,S,S,,,,,,,,,,,,,,,,,,,,,,,,,,,,,,,,,,,,,,,,,,,,,../data/driams/downloads/DRIAMS-C/id/2018/2018_clean.csv,28010408260_F1,28010408260_F1,571.0,Klebsiella
Klebsiella oxytoca,28010408260_F2,S,R,S,S,S,S,S,S,R,S,S,S,,,,,,,,,,,,,,,,,,,,,,,,,,,,,,,,,,,,,,,,,,,,,../data/driams/downloads/DRIAMS-C/id/2018/2018_clean.csv,28010408260_F2,28010408260_F2,571.0,Klebsiella
Enterococcus faecalis,28010408300_F4,S,S,,,,,,S,,,,I,,,,,R,,,,,R,S,,,,,,,,,,,,,,,,,,,,,,,,,,,,,,,,,,../data/driams/downloads/DRIAMS-C/id/2018/2018_clean.csv,28010408300_F4,28010408300_F4,1351.0,Enterococcus
Enterobacter cloacae,28010408300_F6,R,R,S,S,S,S,S,S,R,S,S,S,,,,,,,,,,,,,,,,,,,,,,,,,,,,,,,,,,,,,,,,,,,,,../data/driams/downloads/DRIAMS-C/id/2018/2018_clean.csv,28010408300_F6,28010408300_F6,550.0,Enterobacter
Enterobacter cloacae,28010408300_F7,R,R,S,S,S,S,S,S,R,S,S,S,,,,,,,,,,,,,,,,,,,,,,,,,,,,,,,,,,,,,,,,,,,,,../data/driams/downloads/DRIAMS-C/id/2018/2018_clean.csv,28010408300_F7,28010408300_F7,550.0,Enterobacter
Klebsiella oxytoca,28010409030_E6,S,R,S,S,S,S,S,,,,S,S,,,,,,,,,,,S,,,S,S,S,,,,,,,,,,,,,,,,,,,,,,,,,,,,,../data/driams/downloads/DRIAMS-C/id/2018/2018_clean.csv,28010409030_E6,28010409030_E6,571.0,Klebsiella
Escherichia coli,28010410360_G2,S,S,S,S,S,S,S,S,S,S,S,S,,,,,,,,,,,,,,,,,,,,,,,,,,,,,,,,,,,,,,,,,,,,,../data/driams/downloads/DRIAMS-C/id/2018/2018_clean.csv,28010410360_G2,28010410360_G2,562.0,Escherichia
Haemophilus parainfluenzae,28010410860_E2,S,S,,S,,S,S,,,,,,I,,,,,S,,,,,,,,,,,,,,,,,,,,,,,,,,,,,,,,,,,,,,,../data/driams/downloads/DRIAMS-C/id/2018/2018_clean.csv,28010410860_E2,28010410860_E2,729.0,Haemophilus
Staphylococcus aureus,28010411300_C4,S,R,,S,S,,,,,,,S,S,S,S,S,S,R,S,S,,,,,,,,,,,,,,,,,,,,,,,,,,,,,,,,,,,,,../data/driams/downloads/DRIAMS-C/id/2018/2018_clean.csv,28010411300_C4,28010411300_C4,1280.0,Staphylococcus
Morganella morganii,28010411350_C6,R,R,S,S,S,S,R,,,,R,S,,,,,,,,,,,S,,,S,S,S,,,,,,,,,,,,,,,,,,,,,,,,,,,,,../data/driams/downloads/DRIAMS-C/id/2018/2018_clean.csv,28010411350_C6,28010411350_C6,582.0,Morganella
Serratia marcescens,28010411380_C7,R,R,S,S,S,S,R,,,,R,S,,,,,,,,,,,S,,,S,S,S,,,,,,,,,,,,,,,,,,,,,,,,,,,,,../data/driams/downloads/DRIAMS-C/id/2018/2018_clean.csv,28010411380_C7,28010411380_C7,615.0,Serratia
Serratia marcescens,28010411380_C8,R,R,S,S,S,S,R,,,,R,S,,,,,,,,,,,S,,,S,S,S,,,,,,,,,,,,,,,,,,,,,,,,,,,,,../data/driams/downloads/DRIAMS-C/id/2018/2018_clean.csv,28010411380_C8,28010411380_C8,615.0,Serratia
Serratia marcescens,28010411380_F3,R,R,S,S,S,S,R,,,,R,S,,,,,,,,,,,S,,,S,S,S,,,,,,,,,,,,,,,,,,,,,,,,,,,,,../data/driams/downloads/DRIAMS-C/id/2018/2018_clean.csv,28010411380_F3,28010411380_F3,615.0,Serratia
Klebsiella pneumoniae,28010412550_F10,S,R,S,R,S,S,S,S,S,R,S,S,,,,,,,,,,,,,,,,,,,,,,,,,,,,,,,,,,,,,,,,,,,,,../data/driams/downloads/DRIAMS-C/id/2018/2018_clean.csv,28010412550_F10,28010412550_F10,573.0,Klebsiella
Enterobacter cloacae,28010413780_D11,R,R,S,S,S,S,S,,,,S,S,,,,,,,,,,,S,,,S,S,S,,,,,,,,,,,,,,,,,,,,,,,,,,,,,../data/driams/downloads/DRIAMS-C/id/2018/2018_clean.csv,28010413780_D11,28010413780_D11,550.0,Enterobacter
Staphylococcus aureus,28010413780_B1,S,R,,S,S,,,,,,,S,S,S,S,S,S,R,S,S,,,,,,,,,,,,,,,,,,,,,,,,,,,,,,,,,,,,,../data/driams/downloads/DRIAMS-C/id/2018/2018_clean.csv,28010413780_B1,28010413780_B1,1280.0,Staphylococcus
Klebsiella pneumoniae,28010414070_F11,S,R,S,S,S,S,S,S,R,S,S,S,,,,,,,,,,,,,,,,,,,,,,,,,,,,,,,,,,,,,,,,,,,,,../data/driams/downloads/DRIAMS-C/id/2018/2018_clean.csv,28010414070_F11,28010414070_F11,573.0,Klebsiella
Escherichia coli,28010414070_F12,S,S,S,S,S,S,S,S,S,S,S,S,,,,,,,,,,,,,,,,,,,,,,,,,,,,,,,,,,,,,,,,,,,,,../data/driams/downloads/DRIAMS-C/id/2018/2018_clean.csv,28010414070_F12,28010414070_F12,562.0,Escherichia
Klebsiella pneumoniae,28010414100_G1,R,R,S,R,R,R,R,S,R,R,S,R,,,,,,,,,,,I,,,S,I,S,,,,,,,,,,,,,,,,,,,,,,,,,,,,,../data/driams/downloads/DRIAMS-C/id/2018/2018_clean.csv,28010414100_G1,28010414100_G1,573.0,Klebsiella
Klebsiella pneumoniae,28010414100_G3,R,R,S,R,R,R,R,S,R,R,S,R,,,,,,,,,,,I,,,S,I,S,,,,,,,,,,,,,,,,,,,,,,,,,,,,,../data/driams/downloads/DRIAMS-C/id/2018/2018_clean.csv,28010414100_G3,28010414100_G3,573.0,Klebsiella
Enterococcus faecalis,28010502770_G4,S,S,,,,,,S,,,,I,,,,,R,,,,,R,S,,,,,,,,,,,,,,,,,,,,,,,,,,,,,,,,,,../data/driams/downloads/DRIAMS-C/id/2018/2018_clean.csv,28010502770_G4,28010502770_G4,1351.0,Enterococcus
Staphylococcus aureus,28010505890_A10,S,R,,S,S,,,,,,,S,S,S,S,S,S,R,S,S,,,,,,,,,,,,,,,,,,,,,,,,,,,,,,,,,,,,,../data/driams/downloads/DRIAMS-C/id/2018/2018_clean.csv,28010505890_A10,28010505890_A10,1280.0,Staphylococcus
Pseudomonas aeruginosa,28010505890_A11,R,R,S,S,S,R,R,,,,S,R,,,,,,,,,,,S,,,S,S,S,,,,,,,,,,,,,,,,,,,,,,,,,,,,,../data/driams/downloads/DRIAMS-C/id/2018/2018_clean.csv,28010505890_A11,28010505890_A11,287.0,Pseudomonas
Enterococcus faecalis,28010506730_G5,S,S,,,,,,S,,,,I,,,,,R,,,,,R,S,,,,,,,,,,,,,,,,,,,,,,,,,,,,,,,,,,../data/driams/downloads/DRIAMS-C/id/2018/2018_clean.csv,28010506730_G5,28010506730_G5,1351.0,Enterococcus
Klebsiella pneumoniae,28010506740_G6,S,R,S,S,S,S,S,S,R,S,S,S,,,,,,,,,,,,,,,,,,,,,,,,,,,,,,,,,,,,,,,,,,,,,../data/driams/downloads/DRIAMS-C/id/2018/2018_clean.csv,28010506740_G6,28010506740_G6,573.0,Klebsiella
Enterococcus faecalis,28010507970_G8,S,S,,,,,,S,,,,I,,,,,R,,,,,R,S,,,,,,,,,,,,,,,,,,,,,,,,,,,,,,,,,,../data/driams/downloads/DRIAMS-C/id/2018/2018_clean.csv,28010507970_G8,28010507970_G8,1351.0,Enterococcus
Pseudomonas aeruginosa,28010508620_A3,R,R,S,S,S,R,R,,,,S,R,,,,,,,,,,,S,,,S,S,S,,,,,,,,,,,,,,,,,,,,,,,,,,,,,../data/driams/downloads/DRIAMS-C/id/2018/2018_clean.csv,28010508620_A3,28010508620_A3,287.0,Pseudomonas
Enterobacter cloacae,28010508620_A4,R,R,R,S,S,R,R,,,,S,S,,,,,,,,,,,R,,,S,S,S,,,,,,,,,,,,,,,,,,,,,,,,,,,,,../data/driams/downloads/DRIAMS-C/id/2018/2018_clean.csv,28010508620_A4,28010508620_A4,550.0,Enterobacter
Escherichia coli,28010508620_A5,S,S,S,S,S,S,S,,,,S,S,,,,,,,,,,,S,,,S,S,S,,,,,,,,,,,,,,,,,,,,,,,,,,,,,../data/driams/downloads/DRIAMS-C/id/2018/2018_clean.csv,28010508620_A5,28010508620_A5,562.0,Escherichia
Pseudomonas aeruginosa,28010508620_A6,R,R,S,S,S,R,R,,,,S,R,,,,,,,,,,,S,,,S,S,S,,,,,,,,,,,,,,,,,,,,,,,,,,,,,../data/driams/downloads/DRIAMS-C/id/2018/2018_clean.csv,28010508620_A6,28010508620_A6,287.0,Pseudomonas
Staphylococcus aureus,28010510170_C10,S,R,,S,S,,,,,,,S,R,R,S,S,S,R,S,S,,,,,,,,,,,,,,,,,,,,,,,,,,,,,,,,,,,,,../data/driams/downloads/DRIAMS-C/id/2018/2018_clean.csv,28010510170_C10,28010510170_C10,1280.0,Staphylococcus
Staphylococcus aureus,28010510180_A2,S,R,,S,S,,,,,,,S,S,S,S,S,S,R,S,S,,,,,,,,,,,,,,,,,,,,,,,,,,,,,,,,,,,,,../data/driams/downloads/DRIAMS-C/id/2018/2018_clean.csv,28010510180_A2,28010510180_A2,1280.0,Staphylococcus
Escherichia coli,28010511990_F12,S,R,S,S,S,S,S,,,,S,S,,,,,,,,,,,S,,,S,S,S,,,,,,,,,,,,,,,,,,,,,,,,,,,,,../data/driams/downloads/DRIAMS-C/id/2018/2018_clean.csv,28010511990_F12,28010511990_F12,562.0,Escherichia
Escherichia coli,28010513210_G5,S,S,S,S,S,S,S,,,,S,S,,,,,,,,,,,S,,,S,S,S,,,,,,,,,,,,,,,,,,,,,,,,,,,,,../data/driams/downloads/DRIAMS-C/id/2018/2018_clean.csv,28010513210_G5,28010513210_G5,562.0,Escherichia
Escherichia coli,28010513210_H2,S,S,S,S,S,S,S,,,,S,S,,,,,,,,,,,S,,,S,S,S,,,,,,,,,,,,,,,,,,,,,,,,,,,,,../data/driams/downloads/DRIAMS-C/id/2018/2018_clean.csv,28010513210_H2,28010513210_H2,562.0,Escherichia
Bacteroides thetaiotaomicron,28010602450_C11,S,R,,,,,,,,,,,S,S,,,,R,,,,,,S,,,,,,,,,,,,,,,,,,,,,,,,,,,,,,,,,../data/driams/downloads/DRIAMS-C/id/2018/2018_clean.csv,28010602450_C11,28010602450_C11,818.0,Bacteroides
Enterococcus faecium,28010602450_C12,R,R,,,R,,,,,,,,,R,,,R,,,S,S,S,R,,,,,,,,,,,,,,,,,,,,,,,,,,,,,,,,,,../data/driams/downloads/DRIAMS-C/id/2018/2018_clean.csv,28010602450_C12,28010602450_C12,1352.0,Enterococcus
Escherichia coli,28010602450_D1,R,R,S,S,S,S,S,,,,S,R,,,,,,,,,,,S,,,S,S,S,,,,,,,,,,,,,,,,,,,,,,,,,,,,,../data/driams/downloads/DRIAMS-C/id/2018/2018_clean.csv,28010602450_D1,28010602450_D1,562.0,Escherichia
Enterococcus faecalis,28010603260_G12,S,S,,,R,,,,,,,,,R,,,R,,,S,S,R,S,,,,,,,,,,,,,,,,,,,,,,,,,,,,,,,,,,../data/driams/downloads/DRIAMS-C/id/2018/2018_clean.csv,28010603260_G12,28010603260_G12,1351.0,Enterococcus
Enterococcus faecalis,28010603570_A1,S,S,,,R,,,,,,,,,R,,,R,,,S,S,R,S,,,,,,,,,,,,,,,,,,,,,,,,,,,,,,,,,,../data/driams/downloads/DRIAMS-C/id/2018/2018_clean.csv,28010603570_A1,28010603570_A1,1351.0,Enterococcus
Enterococcus faecalis,28010603570_A2,S,S,,,R,,,,,,,,,R,,,R,,,S,S,R,S,,,,,,,,,,,,,,,,,,,,,,,,,,,,,,,,,,../data/driams/downloads/DRIAMS-C/id/2018/2018_clean.csv,28010603570_A2,28010603570_A2,1351.0,Enterococcus
Enterococcus faecalis,28010603570_A3,S,S,,,R,,,,,,,,,R,,,R,,,S,S,R,S,,,,,,,,,,,,,,,,,,,,,,,,,,,,,,,,,,../data/driams/downloads/DRIAMS-C/id/2018/2018_clean.csv,28010603570_A3,28010603570_A3,1351.0,Enterococcus
Escherichia coli,28010603630_D2,S,R,S,R,S,S,S,,,,S,R,,,,,,,,,,,S,,,S,S,S,,,,,,,,,,,,,,,,,,,,,,,,,,,,,../data/driams/downloads/DRIAMS-C/id/2018/2018_clean.csv,28010603630_D2,28010603630_D2,562.0,Escherichia
Enterococcus faecalis,28010604010_A8,S,S,,,,,,S,,,,I,,,,,R,,,,,R,S,,,,,,,,,,,,,,,,,,,,,,,,,,,,,,,,,,../data/driams/downloads/DRIAMS-C/id/2018/2018_clean.csv,28010604010_A8,28010604010_A8,1351.0,Enterococcus
Staphylococcus aureus,28010604540_C6,S,S,,S,S,,,,,,,S,S,S,S,S,S,S,S,S,,,,,,,,,,,,,,,,,,,,,,,,,,,,,,,,,,,,,../data/driams/downloads/DRIAMS-C/id/2018/2018_clean.csv,28010604540_C6,28010604540_C6,1280.0,Staphylococcus
Escherichia coli,28010604670_G11,S,S,S,S,S,S,S,,,,S,S,,,,,,,,,,,S,,,S,S,S,,,,,,,,,,,,,,,,,,,,,,,,,,,,,../data/driams/downloads/DRIAMS-C/id/2018/2018_clean.csv,28010604670_G11,28010604670_G11,562.0,Escherichia
Prevotella disiens,28010703210_F4,S,S,,,,,,,,,,,S,S,,,,S,,,,,,S,,,,,,,,,,,,,,,,,,,,,,,,,,,,,,,,,../data/driams/downloads/DRIAMS-C/id/2018/2018_clean.csv,28010703210_F4,28010703210_F4,28130.0,Prevotella
Enterococcus faecalis,28010703290_E6,S,S,,,R,,,,,,,,,R,,,R,,,S,S,R,S,,,,,,,,,,,,,,,,,,,,,,,,,,,,,,,,,,../data/driams/downloads/DRIAMS-C/id/2018/2018_clean.csv,28010703290_E6,28010703290_E6,1351.0,Enterococcus
Pseudomonas aeruginosa,28010703290_E7,R,R,S,S,S,R,R,,,,S,R,,,,,,,,,,,S,,,S,S,S,,,,,,,,,,,,,,,,,,,,,,,,,,,,,../data/driams/downloads/DRIAMS-C/id/2018/2018_clean.csv,28010703290_E7,28010703290_E7,287.0,Pseudomonas
Escherichia coli,28010703290_E8,S,S,S,S,S,S,S,,,,S,S,,,,,,,,,,,S,,,S,S,S,,,,,,,,,,,,,,,,,,,,,,,,,,,,,../data/driams/downloads/DRIAMS-C/id/2018/2018_clean.csv,28010703290_E8,28010703290_E8,562.0,Escherichia
Pseudomonas aeruginosa,28010703290_E9,R,R,S,S,S,R,R,,,,S,R,,,,,,,,,,,S,,,S,S,S,,,,,,,,,,,,,,,,,,,,,,,,,,,,,../data/driams/downloads/DRIAMS-C/id/2018/2018_clean.csv,28010703290_E9,28010703290_E9,287.0,Pseudomonas
Proteus mirabilis,28010703290_F2,S,S,S,S,S,S,S,,,,R,S,,,,,,,,,,,S,,,S,S,S,,,,,,,,,,,,,,,,,,,,,,,,,,,,,../data/driams/downloads/DRIAMS-C/id/2018/2018_clean.csv,28010703290_F2,28010703290_F2,584.0,Proteus
Enterococcus faecalis,28010703410_A10,S,S,,,,,,S,,,,I,,,,,R,,,,,R,S,,,,,,,,,,,,,,,,,,,,,,,,,,,,,,,,,,../data/driams/downloads/DRIAMS-C/id/2018/2018_clean.csv,28010703410_A10,28010703410_A10,1351.0,Enterococcus
Klebsiella pneumoniae,28010703410_A9,S,R,S,S,S,S,S,S,R,S,S,S,,,,,,,,,,,,,,,,,,,,,,,,,,,,,,,,,,,,,,,,,,,,,../data/driams/downloads/DRIAMS-C/id/2018/2018_clean.csv,28010703410_A9,28010703410_A9,573.0,Klebsiella
Escherichia coli,28010703500_A4,S,S,S,S,S,S,S,S,S,S,S,S,,,,,,,,,,,,,,,,,,,,,,,,,,,,,,,,,,,,,,,,,,,,,../data/driams/downloads/DRIAMS-C/id/2018/2018_clean.csv,28010703500_A4,28010703500_A4,562.0,Escherichia
Escherichia coli,28010703500_A5,S,S,S,S,S,S,S,S,S,S,S,S,,,,,,,,,,,,,,,,,,,,,,,,,,,,,,,,,,,,,,,,,,,,,../data/driams/downloads/DRIAMS-C/id/2018/2018_clean.csv,28010703500_A5,28010703500_A5,562.0,Escherichia
Enterobacter cloacae,28010703520_A2,R,R,R,S,S,R,R,S,S,S,S,S,,,,,,,,,,,R,,,S,S,S,,,,,,,,,,,,,,,,,,,,,,,,,,,,,../data/driams/downloads/DRIAMS-C/id/2018/2018_clean.csv,28010703520_A2,28010703520_A2,550.0,Enterobacter
Escherichia coli,28010703520_A3,S,R,R,S,S,R,R,S,S,S,S,R,,,,,,,,,,,S,,,S,I,S,,,,,,,,,,,,,,,,,,,,,,,,,,,,,../data/driams/downloads/DRIAMS-C/id/2018/2018_clean.csv,28010703520_A3,28010703520_A3,562.0,Escherichia
Enterobacter cloacae,28010801930_B3,R,R,S,S,S,S,S,S,R,S,S,S,,,,,,,,,,,,,,,,,,,,,,,,,,,,,,,,,,,,,,,,,,,,,../data/driams/downloads/DRIAMS-C/id/2018/2018_clean.csv,28010801930_B3,28010801930_B3,550.0,Enterobacter
Proteus mirabilis,28010801930_B4,S,S,S,S,S,S,S,R,S,S,R,S,,,,,,,,,,,,,,,,,,,,,,,,,,,,,,,,,,,,,,,,,,,,,../data/driams/downloads/DRIAMS-C/id/2018/2018_clean.csv,28010801930_B4,28010801930_B4,584.0,Proteus
Enterococcus faecalis,28010801930_D2,S,S,,,,,,S,,,,I,,,,,R,,,,,R,S,,,,,,,,,,,,,,,,,,,,,,,,,,,,,,,,,,../data/driams/downloads/DRIAMS-C/id/2018/2018_clean.csv,28010801930_D2,28010801930_D2,1351.0,Enterococcus
Proteus mirabilis,28010801930_D3,S,S,S,S,S,S,S,R,S,S,R,S,,,,,,,,,,,,,,,,,,,,,,,,,,,,,,,,,,,,,,,,,,,,,../data/driams/downloads/DRIAMS-C/id/2018/2018_clean.csv,28010801930_D3,28010801930_D3,584.0,Proteus
Enterobacter cloacae,28010801930_D4,R,R,S,S,S,S,S,S,R,S,S,S,,,,,,,,,,,,,,,,,,,,,,,,,,,,,,,,,,,,,,,,,,,,,../data/driams/downloads/DRIAMS-C/id/2018/2018_clean.csv,28010801930_D4,28010801930_D4,550.0,Enterobacter
Staphylococcus aureus,28010809230_B6,S,R,,S,S,,,S,,S,,S,,,,,S,R,,,,,,,,,,,,,,,S,,,,,,,,,,,,,,,,,,,,,,,,../data/driams/downloads/DRIAMS-C/id/2018/2018_clean.csv,28010809230_B6,28010809230_B6,1280.0,Staphylococcus
Staphylococcus aureus,28010809230_B7,S,R,,S,S,,,S,,S,,S,,,,,S,R,,,,,,,,,,,,,,,S,,,,,,,,,,,,,,,,,,,,,,,,../data/driams/downloads/DRIAMS-C/id/2018/2018_clean.csv,28010809230_B7,28010809230_B7,1280.0,Staphylococcus
Enterococcus faecalis,28010809230_B8,S,S,,,,,,S,,,,I,,,,,R,,,,,R,S,,,,,,,,,,,,,,,,,,,,,,,,,,,,,,,,,,../data/driams/downloads/DRIAMS-C/id/2018/2018_clean.csv,28010809230_B8,28010809230_B8,1351.0,Enterococcus
Proteus vulgaris,28010809360_B10,S,R,S,S,S,S,R,R,R,S,R,S,,,,,,,,,,,,,,,,,,,,,,,,,,,,,,,,,,,,,,,,,,,,,../data/driams/downloads/DRIAMS-C/id/2018/2018_clean.csv,28010809360_B10,28010809360_B10,585.0,Proteus
Citrobacter freundii,28010809360_B11,R,R,S,S,S,S,S,S,S,S,S,S,,,,,,,,,,,,,,,,,,,,,,,,,,,,,,,,,,,,,,,,,,,,,../data/driams/downloads/DRIAMS-C/id/2018/2018_clean.csv,28010809360_B11,28010809360_B11,546.0,Citrobacter
Enterococcus faecalis,28010809360_B12,S,S,,,,,,S,,,,I,,,,,R,,,,,R,S,,,,,,,,,,,,,,,,,,,,,,,,,,,,,,,,,,../data/driams/downloads/DRIAMS-C/id/2018/2018_clean.csv,28010809360_B12,28010809360_B12,1351.0,Enterococcus
Proteus vulgaris,28010809360_B9,S,R,S,S,S,S,R,R,R,S,R,S,,,,,,,,,,,,,,,,,,,,,,,,,,,,,,,,,,,,,,,,,,,,,../data/driams/downloads/DRIAMS-C/id/2018/2018_clean.csv,28010809360_B9,28010809360_B9,585.0,Proteus
Escherichia coli,28010809510_B6,S,R,S,S,S,S,S,,,,S,R,,,,,,,,,,,S,,,S,S,S,,,,,,,,,,,,,,,,,,,,,,,,,,,,,../data/driams/downloads/DRIAMS-C/id/2018/2018_clean.csv,28010809510_B6,28010809510_B6,562.0,Escherichia
Morganella morganii,28010811010_C4,R,R,S,S,S,S,R,R,R,S,R,S,,,,,,,,,,,,,,,,,,,,,,,,,,,,,,,,,,,,,,,,,,,,,../data/driams/downloads/DRIAMS-C/id/2018/2018_clean.csv,28010811010_C4,28010811010_C4,582.0,Morganella
Morganella morganii,28010811010_C5,R,R,S,S,S,S,R,R,R,S,R,S,,,,,,,,,,,,,,,,,,,,,,,,,,,,,,,,,,,,,,,,,,,,,../data/driams/downloads/DRIAMS-C/id/2018/2018_clean.csv,28010811010_C5,28010811010_C5,582.0,Morganella
Klebsiella pneumoniae,28010811050_C7,S,R,S,S,S,S,,S,R,S,S,S,,,,,,,,,,,,,,,,,,,,,,,,,,,,,,,,,,,,,,,,,,,,,../data/driams/downloads/DRIAMS-C/id/2018/2018_clean.csv,28010811050_C7,28010811050_C7,573.0,Klebsiella
Klebsiella pneumoniae,28010811050_C8,S,R,S,S,S,S,,S,R,S,S,S,,,,,,,,,,,,,,,,,,,,,,,,,,,,,,,,,,,,,,,,,,,,,../data/driams/downloads/DRIAMS-C/id/2018/2018_clean.csv,28010811050_C8,28010811050_C8,573.0,Klebsiella
Klebsiella pneumoniae,28010811050_C9,S,R,S,S,S,S,,S,R,S,S,S,,,,,,,,,,,,,,,,,,,,,,,,,,,,,,,,,,,,,,,,,,,,,../data/driams/downloads/DRIAMS-C/id/2018/2018_clean.csv,28010811050_C9,28010811050_C9,573.0,Klebsiella
Klebsiella pneumoniae,28010811050_D5,S,R,S,S,S,S,,S,R,S,S,S,,,,,,,,,,,,,,,,,,,,,,,,,,,,,,,,,,,,,,,,,,,,,../data/driams/downloads/DRIAMS-C/id/2018/2018_clean.csv,28010811050_D5,28010811050_D5,573.0,Klebsiella
Klebsiella pneumoniae,28010811050_D6,S,R,S,S,S,S,,S,R,S,S,S,,,,,,,,,,,,,,,,,,,,,,,,,,,,,,,,,,,,,,,,,,,,,../data/driams/downloads/DRIAMS-C/id/2018/2018_clean.csv,28010811050_D6,28010811050_D6,573.0,Klebsiella
Klebsiella pneumoniae,28010811050_D7,S,R,S,S,S,S,,S,R,S,S,S,,,,,,,,,,,,,,,,,,,,,,,,,,,,,,,,,,,,,,,,,,,,,../data/driams/downloads/DRIAMS-C/id/2018/2018_clean.csv,28010811050_D7,28010811050_D7,573.0,Klebsiella
Staphylococcus aureus,28010811270_E4,S,S,,S,S,,,,,,,S,S,S,S,S,S,S,S,S,,,,,,,,,,,,,,,,,,,,,,,,,,,,,,,,,,,,,../data/driams/downloads/DRIAMS-C/id/2018/2018_clean.csv,28010811270_E4,28010811270_E4,1280.0,Staphylococcus
Pseudomonas aeruginosa,28010811300_E5,R,R,S,S,S,R,R,,,,S,R,,,,,,,,,,,S,,,S,S,S,,,,,,,,,,,,,,,,,,,,,,,,,,,,,../data/driams/downloads/DRIAMS-C/id/2018/2018_clean.csv,28010811300_E5,28010811300_E5,287.0,Pseudomonas
Staphylococcus lugdunensis,28010811300_E7,S,R,,S,S,,,,,,,S,R,R,S,S,S,R,S,S,,,,,,,,,,,,,,,,,,,,,,,,,,,,,,,,,,,,,../data/driams/downloads/DRIAMS-C/id/2018/2018_clean.csv,28010811300_E7,28010811300_E7,28035.0,Staphylococcus
Staphylococcus aureus,28010811340_E8,S,R,,S,S,,,,,,,S,S,S,S,S,S,R,S,S,,,,,,,,,,,,,,,,,,,,,,,,,,,,,,,,,,,,,../data/driams/downloads/DRIAMS-C/id/2018/2018_clean.csv,28010811340_E8,28010811340_E8,1280.0,Staphylococcus
Staphylococcus aureus,28010811340_E9,S,R,,S,S,,,,,,,S,S,S,S,S,S,R,S,S,,,,,,,,,,,,,,,,,,,,,,,,,,,,,,,,,,,,,../data/driams/downloads/DRIAMS-C/id/2018/2018_clean.csv,28010811340_E9,28010811340_E9,1280.0,Staphylococcus
Escherichia coli,28010812440_D8,R,R,R,S,S,R,R,S,S,S,S,S,,,,,,,,,,,S,,,S,R,S,,,,,,,,,,,,,,,,,,,,,,,,,,,,,../data/driams/downloads/DRIAMS-C/id/2018/2018_clean.csv,28010812440_D8,28010812440_D8,562.0,Escherichia
Citrobacter koseri,28010813410_F10,S,R,S,S,S,S,S,,,,S,S,,,,,,,,,,,S,,,S,S,S,,,,,,,,,,,,,,,,,,,,,,,,,,,,,../data/driams/downloads/DRIAMS-C/id/2018/2018_clean.csv,28010813410_F10,28010813410_F10,545.0,Citrobacter
Citrobacter koseri,28010813410_F11,S,R,S,S,S,S,S,,,,S,S,,,,,,,,,,,S,,,S,S,S,,,,,,,,,,,,,,,,,,,,,,,,,,,,,../data/driams/downloads/DRIAMS-C/id/2018/2018_clean.csv,28010813410_F11,28010813410_F11,545.0,Citrobacter
Enterococcus faecalis,28010814180_D1,S,S,,,,,,S,,,,I,,,,,R,,,,,R,S,,,,,,,,,,,,,,,,,,,,,,,,,,,,,,,,,,../data/driams/downloads/DRIAMS-C/id/2018/2018_clean.csv,28010814180_D1,28010814180_D1,1351.0,Enterococcus
Escherichia coli,28010901790_G9,S,S,S,S,S,S,S,,,,S,S,,,,,,,,,,,S,,,S,S,S,,,,,,,,,,,,,,,,,,,,,,,,,,,,,../data/driams/downloads/DRIAMS-C/id/2018/2018_clean.csv,28010901790_G9,28010901790_G9,562.0,Escherichia
Pseudomonas aeruginosa,28010902040_G11,R,R,S,S,S,R,R,,,,S,R,,,,,,,,,,,S,,,S,S,S,,,,,,,,,,,,,,,,,,,,,,,,,,,,,../data/driams/downloads/DRIAMS-C/id/2018/2018_clean.csv,28010902040_G11,28010902040_G11,287.0,Pseudomonas
Staphylococcus aureus,28010904980_C10,S,R,,S,S,,,,,,,S,S,S,S,S,S,R,S,S,,,,,,,,,,,,,,,,,,,,,,,,,,,,,,,,,,,,,../data/driams/downloads/DRIAMS-C/id/2018/2018_clean.csv,28010904980_C10,28010904980_C10,1280.0,Staphylococcus
Pantoea agglomerans,28010904980_C11,S,S,S,S,S,S,S,,,,S,S,,,,,,,,,,,S,,,S,S,S,,,,,,,,,,,,,,,,,,,,,,,,,,,,,../data/driams/downloads/DRIAMS-C/id/2018/2018_clean.csv,28010904980_C11,28010904980_C11,549.0,Pantoea
Pantoea agglomerans,28010904980_C12,S,S,S,S,S,S,S,,,,S,S,,,,,,,,,,,S,,,S,S,S,,,,,,,,,,,,,,,,,,,,,,,,,,,,,../data/driams/downloads/DRIAMS-C/id/2018/2018_clean.csv,28010904980_C12,28010904980_C12,549.0,Pantoea
Providencia rettgeri,28010906580_D11,R,R,S,S,S,S,S,R,S,S,R,S,,,,,,,,,,,,,,,,,,,,,,,,,,,,,,,,,,,,,,,,,,,,,../data/driams/downloads/DRIAMS-C/id/2018/2018_clean.csv,28010906580_D11,28010906580_D11,587.0,Providencia
Proteus mirabilis,28010906580_C10,S,S,S,S,S,S,S,R,S,S,R,S,,,,,,,,,,,,,,,,,,,,,,,,,,,,,,,,,,,,,,,,,,,,,../data/driams/downloads/DRIAMS-C/id/2018/2018_clean.csv,28010906580_C10,28010906580_C10,584.0,Proteus
Escherichia coli,28010908510_D12,S,R,S,R,S,S,S,S,S,R,S,S,,,,,,,,,,,,,,,,,,,,,,,,,,,,,,,,,,,,,,,,,,,,,../data/driams/downloads/DRIAMS-C/id/2018/2018_clean.csv,28010908510_D12,28010908510_D12,562.0,Escherichia
Serratia marcescens,28010908900_E10,R,R,S,S,S,S,R,R,R,S,R,S,,,,,,,,,,,,,,,,,,,,,,,,,,,,,,,,,,,,,,,,,,,,,../data/driams/downloads/DRIAMS-C/id/2018/2018_clean.csv,28010908900_E10,28010908900_E10,615.0,Serratia
Serratia marcescens,28010908900_E9,R,R,S,S,S,S,R,R,R,S,R,S,,,,,,,,,,,,,,,,,,,,,,,,,,,,,,,,,,,,,,,,,,,,,../data/driams/downloads/DRIAMS-C/id/2018/2018_clean.csv,28010908900_E9,28010908900_E9,615.0,Serratia
Klebsiella pneumoniae,28010909490_D10,S,R,S,S,S,S,S,,,,S,S,,,,,,,,,,,S,,,S,S,S,,,,,,,,,,,,,,,,,,,,,,,,,,,,,../data/driams/downloads/DRIAMS-C/id/2018/2018_clean.csv,28010909490_D10,28010909490_D10,573.0,Klebsiella
Citrobacter koseri,28010909490_D9,S,R,S,S,S,S,S,,,,S,S,,,,,,,,,,,S,,,S,S,S,,,,,,,,,,,,,,,,,,,,,,,,,,,,,../data/driams/downloads/DRIAMS-C/id/2018/2018_clean.csv,28010909490_D9,28010909490_D9,545.0,Citrobacter
Staphylococcus aureus,28010910430_C6,S,R,,S,S,,,,,,,S,S,S,R,S,S,R,S,S,,,,,,,,,,,,,,,,,,,,,,,,,,,,,,,,,,,,,../data/driams/downloads/DRIAMS-C/id/2018/2018_clean.csv,28010910430_C6,28010910430_C6,1280.0,Staphylococcus
Serratia marcescens,28010910870_E11,R,R,S,S,S,S,R,R,R,S,R,S,,,,,,,,,,,,,,,,,,,,,,,,,,,,,,,,,,,,,,,,,,,,,../data/driams/downloads/DRIAMS-C/id/2018/2018_clean.csv,28010910870_E11,28010910870_E11,615.0,Serratia
Enterococcus faecalis,28010910870_E12,S,S,,,,,,S,,,,I,,,,,R,,,,,R,S,,,,,,,,,,,,,,,,,,,,,,,,,,,,,,,,,,../data/driams/downloads/DRIAMS-C/id/2018/2018_clean.csv,28010910870_E12,28010910870_E12,1351.0,Enterococcus
Klebsiella pneumoniae,28010911110_F3,S,R,S,S,S,S,S,S,R,S,S,S,,,,,,,,,,,,,,,,,,,,,,,,,,,,,,,,,,,,,,,,,,,,,../data/driams/downloads/DRIAMS-C/id/2018/2018_clean.csv,28010911110_F3,28010911110_F3,573.0,Klebsiella
Klebsiella pneumoniae,28010911110_F4,S,R,S,S,S,S,S,S,R,S,S,S,,,,,,,,,,,,,,,,,,,,,,,,,,,,,,,,,,,,,,,,,,,,,../data/driams/downloads/DRIAMS-C/id/2018/2018_clean.csv,28010911110_F4,28010911110_F4,573.0,Klebsiella
Escherichia coli,28010912720_H10,R,R,R,S,S,R,R,,,,S,R,,,,,,,,,,,R,,,S,S,S,,,,,,,,,,,,,,,,,,,,,,,,,,,,,../data/driams/downloads/DRIAMS-C/id/2018/2018_clean.csv,28010912720_H10,28010912720_H10,562.0,Escherichia
Escherichia coli,28010912720_A1,R,R,R,S,S,R,R,,,,S,R,,,,,,,,,,,R,,,S,S,S,,,,,,,,,,,,,,,,,,,,,,,,,,,,,../data/driams/downloads/DRIAMS-C/id/2018/2018_clean.csv,28010912720_A1,28010912720_A1,562.0,Escherichia
Escherichia coli,28010913110_H11,S,S,S,R,S,S,S,,,,S,S,,,,,,,,,,,S,,,S,S,S,,,,,,,,,,,,,,,,,,,,,,,,,,,,,../data/driams/downloads/DRIAMS-C/id/2018/2018_clean.csv,28010913110_H11,28010913110_H11,562.0,Escherichia
Staphylococcus aureus,28010913110_A2,S,R,,S,S,,,,,,,S,S,S,S,S,S,R,S,S,,,,,,,,,,,,,,,,,,,,,,,,,,,,,,,,,,,,,../data/driams/downloads/DRIAMS-C/id/2018/2018_clean.csv,28010913110_A2,28010913110_A2,1280.0,Staphylococcus
Staphylococcus aureus,28011005160_B7,S,R,,S,S,,,,,,,S,S,S,S,S,S,R,S,S,,,,,,,,,,,,,,,,,,,,,,,,,,,,,,,,,,,,,../data/driams/downloads/DRIAMS-C/id/2018/2018_clean.csv,28011005160_B7,28011005160_B7,1280.0,Staphylococcus
Serratia marcescens,28011005660_A7,R,R,S,S,S,S,R,R,R,S,R,S,,,,,,,,,,,,,,,,,,,,,,,,,,,,,,,,,,,,,,,,,,,,,../data/driams/downloads/DRIAMS-C/id/2018/2018_clean.csv,28011005660_A7,28011005660_A7,615.0,Serratia
Serratia marcescens,28011005660_A8,R,R,S,S,S,S,R,R,R,S,R,S,,,,,,,,,,,,,,,,,,,,,,,,,,,,,,,,,,,,,,,,,,,,,../data/driams/downloads/DRIAMS-C/id/2018/2018_clean.csv,28011005660_A8,28011005660_A8,615.0,Serratia
Prevotella disiens,28011008640_D8,S,S,,,,,,,,,,,S,S,,,,S,,,,,,S,,,,,,,,,,,,,,,,,,,,,,,,,,,,,,,,,../data/driams/downloads/DRIAMS-C/id/2018/2018_clean.csv,28011008640_D8,28011008640_D8,28130.0,Prevotella
Enterobacter cloacae,28011010290_A11,R,R,S,S,S,S,R,R,R,S,S,S,,,,,,,,,,,,,,,,,,,,,,,,,,,,,,,,,,,,,,,,,,,,,../data/driams/downloads/DRIAMS-C/id/2018/2018_clean.csv,28011010290_A11,28011010290_A11,550.0,Enterobacter
Enterobacter cloacae,28011010290_A12,R,R,S,S,S,S,R,R,R,S,S,S,,,,,,,,,,,,,,,,,,,,,,,,,,,,,,,,,,,,,,,,,,,,,../data/driams/downloads/DRIAMS-C/id/2018/2018_clean.csv,28011010290_A12,28011010290_A12,550.0,Enterobacter
Escherichia coli,28011010290_B12,S,S,S,S,S,S,S,S,S,S,S,S,,,,,,,,,,,,,,,,,,,,,,,,,,,,,,,,,,,,,,,,,,,,,../data/driams/downloads/DRIAMS-C/id/2018/2018_clean.csv,28011010290_B12,28011010290_B12,562.0,Escherichia
Enterococcus faecalis,28011010290_C1,S,S,,,,,,S,,,,I,,,,,R,S,,,,R,S,,,,,,,,,,,,,,,,,,,,,,,,,,,,,,,,,,../data/driams/downloads/DRIAMS-C/id/2018/2018_clean.csv,28011010290_C1,28011010290_C1,1351.0,Enterococcus
Enterobacter cloacae,28011010350_B2,R,R,S,S,S,S,S,S,S,S,S,S,,,,,,,,,,,,,,,,,,,,,,,,,,,,,,,,,,,,,,,,,,,,,../data/driams/downloads/DRIAMS-C/id/2018/2018_clean.csv,28011010350_B2,28011010350_B2,550.0,Enterobacter
Enterobacter cloacae,28011010350_B3,R,R,S,S,S,S,S,S,S,S,S,S,,,,,,,,,,,,,,,,,,,,,,,,,,,,,,,,,,,,,,,,,,,,,../data/driams/downloads/DRIAMS-C/id/2018/2018_clean.csv,28011010350_B3,28011010350_B3,550.0,Enterobacter
Enterococcus faecalis,28011010350_C2,S,S,,,,,,S,,,,I,,,,,R,,,,,R,S,,,,,,,,,,,,,,,,,,,,,,,,,,,,,,,,,,../data/driams/downloads/DRIAMS-C/id/2018/2018_clean.csv,28011010350_C2,28011010350_C2,1351.0,Enterococcus
Escherichia coli,28011010740_B12,S,R,S,S,S,S,S,,,,S,R,,,,,,,,,,,S,,,S,S,S,,,,,,,,,,,,,,,,,,,,,,,,,,,,,../data/driams/downloads/DRIAMS-C/id/2018/2018_clean.csv,28011010740_B12,28011010740_B12,562.0,Escherichia
Escherichia coli,28011010740_C1,S,R,S,S,S,S,S,,,,S,R,,,,,,,,,,,S,,,S,S,S,,,,,,,,,,,,,,,,,,,,,,,,,,,,,../data/driams/downloads/DRIAMS-C/id/2018/2018_clean.csv,28011010740_C1,28011010740_C1,562.0,Escherichia
Finegoldia magna,28011010740_D10,S,S,,,,,,,,,,,S,S,,,,S,,,,,,S,,,,,,,,,,,,,,,,,,,,,,,,,,,,,,,,,../data/driams/downloads/DRIAMS-C/id/2018/2018_clean.csv,28011010740_D10,28011010740_D10,1260.0,Finegoldia
Pseudomonas aeruginosa,28011010850_C2,R,R,S,S,S,R,R,,,,S,R,,,,,,,,,,,R,,,S,S,S,,,,,,,,,,,,,,,,,,,,,,,,,,,,,../data/driams/downloads/DRIAMS-C/id/2018/2018_clean.csv,28011010850_C2,28011010850_C2,287.0,Pseudomonas
Pseudomonas aeruginosa,28011010850_D11,R,R,S,S,S,R,R,,,,S,R,,,,,,,,,,,R,,,S,S,S,,,,,,,,,,,,,,,,,,,,,,,,,,,,,../data/driams/downloads/DRIAMS-C/id/2018/2018_clean.csv,28011010850_D11,28011010850_D11,287.0,Pseudomonas
Pseudomonas aeruginosa,28011010850_D12,R,R,S,S,S,R,R,,,,S,R,,,,,,,,,,,R,,,S,S,S,,,,,,,,,,,,,,,,,,,,,,,,,,,,,../data/driams/downloads/DRIAMS-C/id/2018/2018_clean.csv,28011010850_D12,28011010850_D12,287.0,Pseudomonas
Pseudomonas aeruginosa,28011010850_E1,R,R,S,S,S,R,R,,,,S,R,,,,,,,,,,,R,,,S,S,S,,,,,,,,,,,,,,,,,,,,,,,,,,,,,../data/driams/downloads/DRIAMS-C/id/2018/2018_clean.csv,28011010850_E1,28011010850_E1,287.0,Pseudomonas
Enterococcus faecalis,28011012880_B8,S,S,,,R,,,,,,,,,R,,,R,,,S,S,R,S,,,,,,,,,,,,,,,,,,,,,,,,,,,,,,,,,,../data/driams/downloads/DRIAMS-C/id/2018/2018_clean.csv,28011012880_B8,28011012880_B8,1351.0,Enterococcus
Serratia marcescens,28011013200_D4,R,R,S,S,S,S,R,,,,R,S,,,,,,,,,,,S,,,S,S,S,,,,,,,,,,,,,,,,,,,,,,,,,,,,,../data/driams/downloads/DRIAMS-C/id/2018/2018_clean.csv,28011013200_D4,28011013200_D4,615.0,Serratia
Escherichia coli,28011105650_E2,S,R,S,R,R,S,S,S,S,R,S,R,,,,,,,,,,,,,,,,,,,,,,,,,,,,,,,,,,,,,,,,,,,,,../data/driams/downloads/DRIAMS-C/id/2018/2018_clean.csv,28011105650_E2,28011105650_E2,562.0,Escherichia
Staphylococcus aureus,28011106890_C8,S,S,,S,S,,,,,,,S,S,S,S,S,S,S,S,S,,,,,,,,,,,,,,,,,,,,,,,,,,,,,,,,,,,,,../data/driams/downloads/DRIAMS-C/id/2018/2018_clean.csv,28011106890_C8,28011106890_C8,1280.0,Staphylococcus
Enterococcus faecalis,28011108500_C10,S,S,,,,,,S,,,,I,,,,,R,,,,,R,S,,,,,,,,,,,,,,,,,,,,,,,,,,,,,,,,,,../data/driams/downloads/DRIAMS-C/id/2018/2018_clean.csv,28011108500_C10,28011108500_C10,1351.0,Enterococcus
Citrobacter freundii,28011108500_D12,R,R,S,S,S,S,S,S,S,S,S,S,,,,,,,,,,,,,,,,,,,,,,,,,,,,,,,,,,,,,,,,,,,,,../data/driams/downloads/DRIAMS-C/id/2018/2018_clean.csv,28011108500_D12,28011108500_D12,546.0,Citrobacter
Haemophilus influenzae,28011108840_C9,S,S,,S,,S,S,,,,,,I,,,,,S,,,,,,,,,,,,,,,,,,,,,,,,,,,,,,,,,,,,,,,../data/driams/downloads/DRIAMS-C/id/2018/2018_clean.csv,28011108840_C9,28011108840_C9,727.0,Haemophilus
Streptococcus pneumoniae,28011108990_F2,S,S,,,R,,,,,,,S,S,S,S,,S,S,,S,,,,,S,,,,,,,,,,,,,,,,,,,,,,,,,,,,,,,,../data/driams/downloads/DRIAMS-C/id/2018/2018_clean.csv,28011108990_F2,28011108990_F2,1313.0,Streptococcus
Citrobacter koseri,28011109990_D3,S,R,S,S,S,S,R,S,S,S,S,S,,,,,,,,,,,,,,,,,,,,,,,,,,,,,,,,,,,,,,,,,,,,,../data/driams/downloads/DRIAMS-C/id/2018/2018_clean.csv,28011109990_D3,28011109990_D3,545.0,Citrobacter
Citrobacter koseri,28011109990_D4,S,R,S,S,S,S,R,S,S,S,S,S,,,,,,,,,,,,,,,,,,,,,,,,,,,,,,,,,,,,,,,,,,,,,../data/driams/downloads/DRIAMS-C/id/2018/2018_clean.csv,28011109990_D4,28011109990_D4,545.0,Citrobacter
Klebsiella oxytoca,28011111750_C10,S,R,S,S,S,S,S,,,,S,S,,,,,,,,,,,S,,,S,S,S,,,,,,,,,,,,,,,,,,,,,,,,,,,,,../data/driams/downloads/DRIAMS-C/id/2018/2018_clean.csv,28011111750_C10,28011111750_C10,571.0,Klebsiella
Klebsiella oxytoca,28011111750_C11,S,R,S,S,S,S,S,,,,S,S,,,,,,,,,,,S,,,S,S,S,,,,,,,,,,,,,,,,,,,,,,,,,,,,,../data/driams/downloads/DRIAMS-C/id/2018/2018_clean.csv,28011111750_C11,28011111750_C11,571.0,Klebsiella
Prevotella bivia,28011111760_F3,S,S,,,,,,,,,,,R,R,,,,S,,,,,,S,,,,,,,,,,,,,,,,,,,,,,,,,,,,,,,,,../data/driams/downloads/DRIAMS-C/id/2018/2018_clean.csv,28011111760_F3,28011111760_F3,28125.0,Prevotella
Prevotella bivia,28011111760_F4,S,S,,,,,,,,,,,R,R,,,,S,,,,,,S,,,,,,,,,,,,,,,,,,,,,,,,,,,,,,,,,../data/driams/downloads/DRIAMS-C/id/2018/2018_clean.csv,28011111760_F4,28011111760_F4,28125.0,Prevotella
Prevotella bivia,28011111760_F5,S,S,,,,,,,,,,,R,R,,,,S,,,,,,S,,,,,,,,,,,,,,,,,,,,,,,,,,,,,,,,,../data/driams/downloads/DRIAMS-C/id/2018/2018_clean.csv,28011111760_F5,28011111760_F5,28125.0,Prevotella
Prevotella bivia,28011111760_F6,S,S,,,,,,,,,,,R,R,,,,S,,,,,,S,,,,,,,,,,,,,,,,,,,,,,,,,,,,,,,,,../data/driams/downloads/DRIAMS-C/id/2018/2018_clean.csv,28011111760_F6,28011111760_F6,28125.0,Prevotella
Escherichia coli,28011111880_C12,R,R,R,R,R,R,R,,,,S,R,,,,,,,,,,,S,,,S,R,S,,,,,,,,,,,,,,,,,,,,,,,,,,,,,../data/driams/downloads/DRIAMS-C/id/2018/2018_clean.csv,28011111880_C12,28011111880_C12,562.0,Escherichia
Escherichia coli,28011111880_F7,R,R,R,R,R,R,R,,,,S,R,,,,,,,,,,,S,,,S,R,S,,,,,,,,,,,,,,,,,,,,,,,,,,,,,../data/driams/downloads/DRIAMS-C/id/2018/2018_clean.csv,28011111880_F7,28011111880_F7,562.0,Escherichia
Escherichia coli,28011111880_F8,R,R,R,R,R,R,R,,,,S,R,,,,,,,,,,,S,,,S,R,S,,,,,,,,,,,,,,,,,,,,,,,,,,,,,../data/driams/downloads/DRIAMS-C/id/2018/2018_clean.csv,28011111880_F8,28011111880_F8,562.0,Escherichia
Escherichia coli,28011111880_G9,R,R,R,R,R,R,R,,,,S,R,,,,,,,,,,,S,,,S,R,S,,,,,,,,,,,,,,,,,,,,,,,,,,,,,../data/driams/downloads/DRIAMS-C/id/2018/2018_clean.csv,28011111880_G9,28011111880_G9,562.0,Escherichia
Proteus vulgaris,28011112450_D5,S,R,S,S,S,S,R,R,S,S,R,S,,,,,,,,,,,,,,,,,,,,,,,,,,,,,,,,,,,,,,,,,,,,,../data/driams/downloads/DRIAMS-C/id/2018/2018_clean.csv,28011112450_D5,28011112450_D5,585.0,Proteus
Proteus vulgaris,28011112450_D6,S,R,S,S,S,S,R,R,S,S,R,S,,,,,,,,,,,,,,,,,,,,,,,,,,,,,,,,,,,,,,,,,,,,,../data/driams/downloads/DRIAMS-C/id/2018/2018_clean.csv,28011112450_D6,28011112450_D6,585.0,Proteus
Proteus vulgaris,28011112450_D7,S,R,S,S,S,S,R,R,S,S,R,S,,,,,,,,,,,,,,,,,,,,,,,,,,,,,,,,,,,,,,,,,,,,,../data/driams/downloads/DRIAMS-C/id/2018/2018_clean.csv,28011112450_D7,28011112450_D7,585.0,Proteus
Pseudomonas aeruginosa,28011112460_D9,R,R,S,S,S,R,R,,,,S,R,,,,,,,,,,,S,,,S,S,S,,,,,,,,,,,,,,,,,,,,,,,,,,,,,../data/driams/downloads/DRIAMS-C/id/2018/2018_clean.csv,28011112460_D9,28011112460_D9,287.0,Pseudomonas
Citrobacter freundii,28011112460_D11,R,R,S,S,S,S,S,S,S,S,S,S,,,,,,,,,,,,,,,,,,,,,,,,,,,,,,,,,,,,,,,,,,,,,../data/driams/downloads/DRIAMS-C/id/2018/2018_clean.csv,28011112460_D11,28011112460_D11,546.0,Citrobacter
Citrobacter freundii,28011112460_E1,R,R,S,S,S,S,S,S,S,S,S,S,,,,,,,,,,,,,,,,,,,,,,,,,,,,,,,,,,,,,,,,,,,,,../data/driams/downloads/DRIAMS-C/id/2018/2018_clean.csv,28011112460_E1,28011112460_E1,546.0,Citrobacter
Enterococcus faecalis,28011202260_F11,S,S,,,R,,,,,,,,,R,,,R,,,S,S,R,S,,,,,,,,,,,,,,,,,,,,,,,,,,,,,,,,,,../data/driams/downloads/DRIAMS-C/id/2018/2018_clean.csv,28011202260_F11,28011202260_F11,1351.0,Enterococcus
Escherichia coli,28011202260_G1,R,R,S,R,S,S,S,,,,S,R,,,,,,,,,,,R,,,S,S,S,,,,,,,,,,,,,,,,,,,,,,,,,,,,,../data/driams/downloads/DRIAMS-C/id/2018/2018_clean.csv,28011202260_G1,28011202260_G1,562.0,Escherichia
Escherichia coli,28011202260_G2,R,R,S,R,S,S,S,,,,S,R,,,,,,,,,,,R,,,S,S,S,,,,,,,,,,,,,,,,,,,,,,,,,,,,,../data/driams/downloads/DRIAMS-C/id/2018/2018_clean.csv,28011202260_G2,28011202260_G2,562.0,Escherichia
Enterobacter asburiae,28011205310_E7,R,R,R,S,S,R,R,R,R,S,S,S,,,,,,,,,,,I,,,S,S,S,,,,,,,,,,,,,,,,,,,,,,,,,,,,,../data/driams/downloads/DRIAMS-C/id/2018/2018_clean.csv,28011205310_E7,28011205310_E7,61645.0,Enterobacter
Proteus mirabilis,28011208240_G4,S,S,S,S,S,S,S,,,,R,S,,,,,,,,,,,S,,,S,S,S,,,,,,,,,,,,,,,,,,,,,,,,,,,,,../data/driams/downloads/DRIAMS-C/id/2018/2018_clean.csv,28011208240_G4,28011208240_G4,584.0,Proteus
Enterobacter cloacae,28011209860_F2,R,R,R,S,S,I,R,S,R,S,S,S,,,,,,,,,,,,,,,,,,,,,,,,,,,,,,,,,,,,,,,,,,,,,../data/driams/downloads/DRIAMS-C/id/2018/2018_clean.csv,28011209860_F2,28011209860_F2,550.0,Enterobacter
Enterobacter cloacae,28011209860_F3,R,R,R,S,S,I,R,S,R,S,S,S,,,,,,,,,,,,,,,,,,,,,,,,,,,,,,,,,,,,,,,,,,,,,../data/driams/downloads/DRIAMS-C/id/2018/2018_clean.csv,28011209860_F3,28011209860_F3,550.0,Enterobacter
Streptococcus pneumoniae,28011212470_E2,S,S,,,R,,,,,,,S,S,S,S,,S,S,,S,,,,,S,,,,,,,,,,,,,,,,,,,,,,,,,,,,,,,,../data/driams/downloads/DRIAMS-C/id/2018/2018_clean.csv,28011212470_E2,28011212470_E2,1313.0,Streptococcus
Streptococcus pneumoniae,28011212470_G2,S,S,,,R,,,,,,,S,S,S,S,,S,S,,S,,,,,S,,,,,,,,,,,,,,,,,,,,,,,,,,,,,,,,../data/driams/downloads/DRIAMS-C/id/2018/2018_clean.csv,28011212470_G2,28011212470_G2,1313.0,Streptococcus
Streptococcus pneumoniae,28011212470_G3,S,S,,,R,,,,,,,S,S,S,S,,S,S,,S,,,,,S,,,,,,,,,,,,,,,,,,,,,,,,,,,,,,,,../data/driams/downloads/DRIAMS-C/id/2018/2018_clean.csv,28011212470_G3,28011212470_G3,1313.0,Streptococcus
Escherichia coli,28011213200_G7,S,S,S,S,S,S,S,,,,S,S,,,,,,,,,,,S,,,S,S,S,,,,,,,,,,,,,,,,,,,,,,,,,,,,,../data/driams/downloads/DRIAMS-C/id/2018/2018_clean.csv,28011213200_G7,28011213200_G7,562.0,Escherichia
Escherichia coli,28011213200_G8,S,S,S,S,S,S,S,,,,S,S,,,,,,,,,,,S,,,S,S,S,,,,,,,,,,,,,,,,,,,,,,,,,,,,,../data/driams/downloads/DRIAMS-C/id/2018/2018_clean.csv,28011213200_G8,28011213200_G8,562.0,Escherichia
Escherichia coli,28011303600_C1,S,R,S,S,S,S,S,,,,S,S,,,,,,,,,,,S,,,S,S,S,,,,,,,,,,,,,,,,,,,,,,,,,,,,,../data/driams/downloads/DRIAMS-C/id/2018/2018_clean.csv,28011303600_C1,28011303600_C1,562.0,Escherichia
Klebsiella oxytoca,28011304240_C6,S,R,S,S,S,S,S,,,,S,S,,,,,,,,,,,S,,,S,S,S,,,,,,,,,,,,,,,,,,,,,,,,,,,,,../data/driams/downloads/DRIAMS-C/id/2018/2018_clean.csv,28011304240_C6,28011304240_C6,571.0,Klebsiella
Enterobacter cloacae,28011304500_A6,R,R,S,S,S,S,S,S,R,S,S,S,,,,,,,,,,,,,,,,,,,,,,,,,,,,,,,,,,,,,,,,,,,,,../data/driams/downloads/DRIAMS-C/id/2018/2018_clean.csv,28011304500_A6,28011304500_A6,550.0,Enterobacter
Enterobacter cloacae,28011304500_A7,R,R,S,S,S,S,S,S,R,S,S,S,,,,,,,,,,,,,,,,,,,,,,,,,,,,,,,,,,,,,,,,,,,,,../data/driams/downloads/DRIAMS-C/id/2018/2018_clean.csv,28011304500_A7,28011304500_A7,550.0,Enterobacter
Klebsiella pneumoniae,28011304570_D1,S,R,R,S,S,R,R,,,,S,R,,,,,,,,,,,S,,,S,R,S,,,,,,,,,,,,,,,,,,,,,,,,,,,,,../data/driams/downloads/DRIAMS-C/id/2018/2018_clean.csv,28011304570_D1,28011304570_D1,573.0,Klebsiella
Enterococcus faecalis,28011304570_D4,S,S,,,R,,,,,,,,,R,,,R,,,S,S,R,S,,,,,,,,,,,,,,,,,,,,,,,,,,,,,,,,,,../data/driams/downloads/DRIAMS-C/id/2018/2018_clean.csv,28011304570_D4,28011304570_D4,1351.0,Enterococcus
Enterococcus faecium,28011304580_A9,R,R,,,R,,,,,,,I,,R,,,R,,,S,S,S,R,,,,,,,,,,,,,,,,,,,,,,,,,,,,,,,,,,../data/driams/downloads/DRIAMS-C/id/2018/2018_clean.csv,28011304580_A9,28011304580_A9,1352.0,Enterococcus
Enterococcus faecium,28011304580_B11,R,R,,,R,,,,,,,I,,R,,,R,,,S,S,S,R,,,,,,,,,,,,,,,,,,,,,,,,,,,,,,,,,,../data/driams/downloads/DRIAMS-C/id/2018/2018_clean.csv,28011304580_B11,28011304580_B11,1352.0,Enterococcus
Enterobacter cloacae,28011306140_B7,R,R,R,S,S,R,R,,,,S,S,,,,,,,,,,,R,,,S,S,S,,,,,,,,,,,,,,,,,,,,,,,,,,,,,../data/driams/downloads/DRIAMS-C/id/2018/2018_clean.csv,28011306140_B7,28011306140_B7,550.0,Enterobacter
Escherichia coli,28011306400_B8,S,R,S,S,S,S,S,S,R,S,S,R,,,,,,,,,,,,,,,,,,,,,,,,,,,,,,,,,,,,,,,,,,,,,../data/driams/downloads/DRIAMS-C/id/2018/2018_clean.csv,28011306400_B8,28011306400_B8,562.0,Escherichia
Escherichia coli,28011306400_B9,S,R,S,S,S,S,S,S,R,S,S,R,,,,,,,,,,,,,,,,,,,,,,,,,,,,,,,,,,,,,,,,,,,,,../data/driams/downloads/DRIAMS-C/id/2018/2018_clean.csv,28011306400_B9,28011306400_B9,562.0,Escherichia
Enterococcus faecium,28011502250_D6,R,R,,,R,,,,,,,,,R,,,R,R,,S,S,S,R,,,,,,,,,,,,,,,,,,,,,,,,,,,,,,,,,,../data/driams/downloads/DRIAMS-C/id/2018/2018_clean.csv,28011502250_D6,28011502250_D6,1352.0,Enterococcus
Enterococcus faecalis,28011502800_C3,S,S,,,R,,,,,,,,,R,,,R,,,S,S,R,S,,,,,,,,,,,,,,,,,,,,,,,,,,,,,,,,,,../data/driams/downloads/DRIAMS-C/id/2018/2018_clean.csv,28011502800_C3,28011502800_C3,1351.0,Enterococcus
Proteus vulgaris,28011502860_C5,S,R,S,S,S,S,R,,,,R,S,,,,,,,,,,,S,,,S,S,S,,,,,,,,,,,,,,,,,,,,,,,,,,,,,../data/driams/downloads/DRIAMS-C/id/2018/2018_clean.csv,28011502860_C5,28011502860_C5,585.0,Proteus
Enterococcus faecalis,28011502860_C6,S,S,,,R,,,,,,,,,R,,,R,,,S,S,R,S,,,,,,,,,,,,,,,,,,,,,,,,,,,,,,,,,,../data/driams/downloads/DRIAMS-C/id/2018/2018_clean.csv,28011502860_C6,28011502860_C6,1351.0,Enterococcus
Klebsiella oxytoca,28011502860_C7,S,R,S,S,S,S,S,,,,S,S,,,,,,,,,,,S,,,S,S,S,,,,,,,,,,,,,,,,,,,,,,,,,,,,,../data/driams/downloads/DRIAMS-C/id/2018/2018_clean.csv,28011502860_C7,28011502860_C7,571.0,Klebsiella
Escherichia coli,28011502860_C8,S,S,S,S,S,S,S,,,,S,S,,,,,,,,,,,S,,,S,S,S,,,,,,,,,,,,,,,,,,,,,,,,,,,,,../data/driams/downloads/DRIAMS-C/id/2018/2018_clean.csv,28011502860_C8,28011502860_C8,562.0,Escherichia
Klebsiella oxytoca,28011502860_C9,S,R,S,S,S,S,S,,,,S,S,,,,,,,,,,,S,,,S,S,S,,,,,,,,,,,,,,,,,,,,,,,,,,,,,../data/driams/downloads/DRIAMS-C/id/2018/2018_clean.csv,28011502860_C9,28011502860_C9,571.0,Klebsiella
Staphylococcus aureus,28011503430_C10,S,S,,S,S,,,,,,,S,S,S,S,S,S,S,S,S,,,,,,,,,,,,,,,,,,,,,,,,,,,,,,,,,,,,,../data/driams/downloads/DRIAMS-C/id/2018/2018_clean.csv,28011503430_C10,28011503430_C10,1280.0,Staphylococcus
Staphylococcus aureus,28011503430_D10,S,S,,S,S,,,,,,,S,S,S,S,S,S,S,S,S,,,,,,,,,,,,,,,,,,,,,,,,,,,,,,,,,,,,,../data/driams/downloads/DRIAMS-C/id/2018/2018_clean.csv,28011503430_D10,28011503430_D10,1280.0,Staphylococcus
Staphylococcus aureus,28011503680_D11,S,R,,S,S,,,,,,,S,S,S,S,S,S,R,S,S,,,,,,,,,,,,,,,,,,,,,,,,,,,,,,,,,,,,,../data/driams/downloads/DRIAMS-C/id/2018/2018_clean.csv,28011503680_D11,28011503680_D11,1280.0,Staphylococcus
Enterococcus faecalis,28011508640_D2,S,S,,,,,,S,,,,I,,,,,R,,,,,R,S,,,,,,,,,,,,,,,,,,,,,,,,,,,,,,,,,,../data/driams/downloads/DRIAMS-C/id/2018/2018_clean.csv,28011508640_D2,28011508640_D2,1351.0,Enterococcus
Klebsiella pneumoniae,28011508640_D4,S,R,S,S,S,S,S,S,R,S,S,S,,,,,,,,,,,,,,,,,,,,,,,,,,,,,,,,,,,,,,,,,,,,,../data/driams/downloads/DRIAMS-C/id/2018/2018_clean.csv,28011508640_D4,28011508640_D4,573.0,Klebsiella
Enterococcus faecalis,28011508750_D5,S,S,,,,,,S,,,,R,,,,,R,,,,,R,S,,,,,,,,,,,,,,,,,,,,,,,,,,,,,,,,,,../data/driams/downloads/DRIAMS-C/id/2018/2018_clean.csv,28011508750_D5,28011508750_D5,1351.0,Enterococcus
Corynebacterium otitidis,28011509390_A1,,,,S,S,,,,,,,,,S,S,,,S,S,S,S,,,,,,,,,,,,,,,,,,,,,,,,,,,,,,,,,,,,../data/driams/downloads/DRIAMS-C/id/2018/2018_clean.csv,28011509390_A1,28011509390_A1,29321.0,
Staphylococcus aureus,28011509420_F7,S,R,,S,S,,,,,,,S,S,S,S,S,S,R,S,S,,,,,,,,,,,,,,,,,,,,,,,,,,,,,,,,,,,,,../data/driams/downloads/DRIAMS-C/id/2018/2018_clean.csv,28011509420_F7,28011509420_F7,1280.0,Staphylococcus
Staphylococcus aureus,28011509420_F8,S,R,,S,S,,,,,,,S,S,S,S,S,S,R,S,S,,,,,,,,,,,,,,,,,,,,,,,,,,,,,,,,,,,,,../data/driams/downloads/DRIAMS-C/id/2018/2018_clean.csv,28011509420_F8,28011509420_F8,1280.0,Staphylococcus
Pseudomonas aeruginosa,28011510780_D10,R,R,R,S,S,R,R,,,,S,R,,,,,,,,,,,R,,,S,R,S,,,,,,,,,,,,,,,,,,,,,,,,,,,,,../data/driams/downloads/DRIAMS-C/id/2018/2018_clean.csv,28011510780_D10,28011510780_D10,287.0,Pseudomonas
Klebsiella pneumoniae,28011510780_D8,S,R,S,S,S,S,S,S,S,S,S,R,,,,,,,,,,,S,,,S,S,S,,,,,,,,,,,,,,,,,,,,,,,,,,,,,../data/driams/downloads/DRIAMS-C/id/2018/2018_clean.csv,28011510780_D8,28011510780_D8,573.0,Klebsiella
Pseudomonas aeruginosa,28011510780_A2,R,R,R,S,S,R,R,,,,S,R,,,,,,,,,,,R,,,S,R,S,,,,,,,,,,,,,,,,,,,,,,,,,,,,,../data/driams/downloads/DRIAMS-C/id/2018/2018_clean.csv,28011510780_A2,28011510780_A2,287.0,Pseudomonas
Klebsiella pneumoniae,28011510840_D11,S,R,S,S,S,S,S,S,R,S,S,S,,,,,,,,,,,,,,,,,,,,,,,,,,,,,,,,,,,,,,,,,,,,,../data/driams/downloads/DRIAMS-C/id/2018/2018_clean.csv,28011510840_D11,28011510840_D11,573.0,Klebsiella
Escherichia coli,28011510960_H1,S,S,S,S,S,S,S,,,,S,S,,,,,,,,,,,S,,,S,S,S,,,,,,,,,,,,,,,,,,,,,,,,,,,,,../data/driams/downloads/DRIAMS-C/id/2018/2018_clean.csv,28011510960_H1,28011510960_H1,562.0,Escherichia
Escherichia coli,28011510960_H2,S,S,S,S,S,S,S,,,,S,S,,,,,,,,,,,S,,,S,S,S,,,,,,,,,,,,,,,,,,,,,,,,,,,,,../data/driams/downloads/DRIAMS-C/id/2018/2018_clean.csv,28011510960_H2,28011510960_H2,562.0,Escherichia
Escherichia coli,28011510980_G12,S,S,S,S,S,S,S,,,,S,S,,,,,,,,,,,S,,,S,S,S,,,,,,,,,,,,,,,,,,,,,,,,,,,,,../data/driams/downloads/DRIAMS-C/id/2018/2018_clean.csv,28011510980_G12,28011510980_G12,562.0,Escherichia
Staphylococcus aureus,28011511860_C11,S,R,,S,S,,,,,,,S,R,R,S,S,S,R,S,S,,,,,,,,,,,,,,,,,,,,,,,,,,,,,,,,,,,,,../data/driams/downloads/DRIAMS-C/id/2018/2018_clean.csv,28011511860_C11,28011511860_C11,1280.0,Staphylococcus
Citrobacter koseri,28011513140_C12,S,R,S,S,S,S,S,,,,S,S,,,,,,,,,,,S,,,S,S,S,,,,,,,,,,,,,,,,,,,,,,,,,,,,,../data/driams/downloads/DRIAMS-C/id/2018/2018_clean.csv,28011513140_C12,28011513140_C12,545.0,Citrobacter
Staphylococcus lugdunensis,28011513230_B10,S,S,,S,S,,,,,,,S,S,S,S,S,S,S,S,S,,,,,,,,,,,,,,,,,,,,,,,,,,,,,,,,,,,,,../data/driams/downloads/DRIAMS-C/id/2018/2018_clean.csv,28011513230_B10,28011513230_B10,28035.0,Staphylococcus
Staphylococcus lugdunensis,28011513230_B8,S,S,,S,S,,,,,,,S,S,S,S,S,S,S,S,S,,,,,,,,,,,,,,,,,,,,,,,,,,,,,,,,,,,,,../data/driams/downloads/DRIAMS-C/id/2018/2018_clean.csv,28011513230_B8,28011513230_B8,28035.0,Staphylococcus
Staphylococcus aureus,28011513230_B9,S,R,,S,S,,,,,,,S,S,S,S,S,S,R,S,S,,,,,,,,,,,,,,,,,,,,,,,,,,,,,,,,,,,,,../data/driams/downloads/DRIAMS-C/id/2018/2018_clean.csv,28011513230_B9,28011513230_B9,1280.0,Staphylococcus
Staphylococcus aureus,28011513930_E10,S,R,,S,S,,,S,,S,,S,,,,,S,R,,,,,,,,,,,,,,,S,,,,,,,,,,,,,,,,,,,,,,,,../data/driams/downloads/DRIAMS-C/id/2018/2018_clean.csv,28011513930_E10,28011513930_E10,1280.0,Staphylococcus
Proteus vulgaris,28011513930_E5,S,R,S,S,S,S,R,R,S,S,R,S,,,,,,,,,,,,,,,,,,,,,,,,,,,,,,,,,,,,,,,,,,,,,../data/driams/downloads/DRIAMS-C/id/2018/2018_clean.csv,28011513930_E5,28011513930_E5,585.0,Proteus
Staphylococcus aureus,28011513930_E6,S,R,,S,S,,,S,,S,,S,,,,,S,R,,,,,,,,,,,,,,,S,,,,,,,,,,,,,,,,,,,,,,,,../data/driams/downloads/DRIAMS-C/id/2018/2018_clean.csv,28011513930_E6,28011513930_E6,1280.0,Staphylococcus
Proteus vulgaris,28011513930_E7,S,R,S,S,S,S,R,R,S,S,R,S,,,,,,,,,,,,,,,,,,,,,,,,,,,,,,,,,,,,,,,,,,,,,../data/driams/downloads/DRIAMS-C/id/2018/2018_clean.csv,28011513930_E7,28011513930_E7,585.0,Proteus
Enterobacter cloacae,28011513950_E12,R,R,S,S,S,S,S,S,R,S,S,S,,,,,,,,,,,,,,,,,,,,,,,,,,,,,,,,,,,,,,,,,,,,,../data/driams/downloads/DRIAMS-C/id/2018/2018_clean.csv,28011513950_E12,28011513950_E12,550.0,Enterobacter
Staphylococcus aureus,28011513950_F2,S,R,,S,S,,,S,,S,,S,,,,,S,R,,,,,,,,,,,,,,,S,,,,,,,,,,,,,,,,,,,,,,,,../data/driams/downloads/DRIAMS-C/id/2018/2018_clean.csv,28011513950_F2,28011513950_F2,1280.0,Staphylococcus
Staphylococcus aureus,28011601630_E1,R,R,,S,S,,,,,,,S,S,S,S,S,R,R,S,S,,S,,,,,,,,,,,,,,,,,,,,,,,,,,,,,,,,,,,../data/driams/downloads/DRIAMS-C/id/2018/2018_clean.csv,28011601630_E1,28011601630_E1,1280.0,Staphylococcus
Staphylococcus aureus,28011601630_E4,R,R,,S,S,,,,,,,S,S,S,S,S,R,R,S,S,,S,,,,,,,,,,,,,,,,,,,,,,,,,,,,,,,,,,,../data/driams/downloads/DRIAMS-C/id/2018/2018_clean.csv,28011601630_E4,28011601630_E4,1280.0,Staphylococcus
Acinetobacter lwoffii,28011602230_A9,R,R,S,S,S,I,R,,,,S,S,,,,,,,,,,,S,,,S,S,S,,,,,,,,,,,,,,,,,,,,,,,,,,,,,../data/driams/downloads/DRIAMS-C/id/2018/2018_clean.csv,28011602230_A9,28011602230_A9,28090.0,Acinetobacter
Proteus mirabilis,28011608340_B3,S,S,S,S,S,S,S,R,S,S,R,S,,,,,,,,,,,,,,,,,,,,,,,,,,,,,,,,,,,,,,,,,,,,,../data/driams/downloads/DRIAMS-C/id/2018/2018_clean.csv,28011608340_B3,28011608340_B3,584.0,Proteus
Proteus mirabilis,28011608340_B4,S,S,S,S,S,S,S,R,S,S,R,S,,,,,,,,,,,,,,,,,,,,,,,,,,,,,,,,,,,,,,,,,,,,,../data/driams/downloads/DRIAMS-C/id/2018/2018_clean.csv,28011608340_B4,28011608340_B4,584.0,Proteus
Staphylococcus aureus,28011608910_F3,S,S,,S,S,,,,,,,S,S,S,S,S,S,S,S,S,,,,,,,,,,,,,,,,,,,,,,,,,,,,,,,,,,,,,../data/driams/downloads/DRIAMS-C/id/2018/2018_clean.csv,28011608910_F3,28011608910_F3,1280.0,Staphylococcus
Staphylococcus aureus,28011610930_E11,S,R,,S,S,,,,,,,S,S,S,S,S,S,R,S,S,,,,,,,,,,,,,,,,,,,,,,,,,,,,,,,,,,,,,../data/driams/downloads/DRIAMS-C/id/2018/2018_clean.csv,28011610930_E11,28011610930_E11,1280.0,Staphylococcus
Citrobacter koseri,28011610940_F4,S,R,S,S,S,S,S,,,,S,S,,,,,,,,,,,S,,,S,S,S,,,,,,,,,,,,,,,,,,,,,,,,,,,,,../data/driams/downloads/DRIAMS-C/id/2018/2018_clean.csv,28011610940_F4,28011610940_F4,545.0,Citrobacter
Escherichia coli,28011611150_A10,R,R,S,R,S,S,R,,,,S,S,,,,,,,,,,,S,,,S,S,S,,,,,,,,,,,,,,,,,,,,,,,,,,,,,../data/driams/downloads/DRIAMS-C/id/2018/2018_clean.csv,28011611150_A10,28011611150_A10,562.0,Escherichia
Staphylococcus aureus,28011612740_D6,S,R,,S,S,,,,,,,S,S,S,S,S,S,R,S,S,,,,,,,,,,,,,,,,,,,,,,,,,,,,,,,,,,,,,../data/driams/downloads/DRIAMS-C/id/2018/2018_clean.csv,28011612740_D6,28011612740_D6,1280.0,Staphylococcus
Enterobacter cloacae,28011701960_F7,R,R,S,S,S,S,S,,,,S,S,,,,,,,,,,,S,,,S,S,S,,,,,,,,,,,,,,,,,,,,,,,,,,,,,../data/driams/downloads/DRIAMS-C/id/2018/2018_clean.csv,28011701960_F7,28011701960_F7,550.0,Enterobacter
Citrobacter koseri,28011707170_F10,S,R,S,S,S,S,S,,,,S,S,,,,,,,,,,,S,,,S,S,S,,,,,,,,,,,,,,,,,,,,,,,,,,,,,../data/driams/downloads/DRIAMS-C/id/2018/2018_clean.csv,28011707170_F10,28011707170_F10,545.0,Citrobacter
Staphylococcus aureus,28011707170_F9,S,S,,S,S,,,,,,,S,S,S,S,S,S,S,S,S,,,,,,,,,,,,,,,,,,,,,,,,,,,,,,,,,,,,,../data/driams/downloads/DRIAMS-C/id/2018/2018_clean.csv,28011707170_F9,28011707170_F9,1280.0,Staphylococcus
Proteus mirabilis,28011707260_F11,S,S,S,S,S,S,S,,,,R,S,,,,,,,,,,,S,,,S,S,S,,,,,,,,,,,,,,,,,,,,,,,,,,,,,../data/driams/downloads/DRIAMS-C/id/2018/2018_clean.csv,28011707260_F11,28011707260_F11,584.0,Proteus
Klebsiella pneumoniae,28011709330_G4,S,R,S,S,S,S,S,,,,S,S,,,,,,,,,,,S,,,S,S,S,,,,,,,,,,,,,,,,,,,,,,,,,,,,,../data/driams/downloads/DRIAMS-C/id/2018/2018_clean.csv,28011709330_G4,28011709330_G4,573.0,Klebsiella
Escherichia coli,28011709330_G5,S,S,S,S,S,S,S,,,,S,S,,,,,,,,,,,S,,,S,S,S,,,,,,,,,,,,,,,,,,,,,,,,,,,,,../data/driams/downloads/DRIAMS-C/id/2018/2018_clean.csv,28011709330_G5,28011709330_G5,562.0,Escherichia
Proteus mirabilis,28011711360_D2,S,S,S,S,S,S,S,S,S,S,R,R,,,,,,,,,,,,,,,,,,,,,,,,,,,,,,,,,,,,,,,,,,,,,../data/driams/downloads/DRIAMS-C/id/2018/2018_clean.csv,28011711360_D2,28011711360_D2,584.0,Proteus
Morganella morganii,28011711680_G10,R,R,S,S,S,S,R,,,,R,S,,,,,,,,,,,S,,,S,S,S,,,,,,,,,,,,,,,,,,,,,,,,,,,,,../data/driams/downloads/DRIAMS-C/id/2018/2018_clean.csv,28011711680_G10,28011711680_G10,582.0,Morganella
Escherichia coli,28011711680_G11,S,R,S,R,S,S,S,,,,S,R,,,,,,,,,,,S,,,S,S,S,,,,,,,,,,,,,,,,,,,,,,,,,,,,,../data/driams/downloads/DRIAMS-C/id/2018/2018_clean.csv,28011711680_G11,28011711680_G11,562.0,Escherichia
Enterococcus faecium,28011711680_G9,R,R,,,R,,,,,,,,,R,,,R,,,S,S,S,R,,,,,,,,,,,,,,,,,,,,,,,,,,,,,,,,,,../data/driams/downloads/DRIAMS-C/id/2018/2018_clean.csv,28011711680_G9,28011711680_G9,1352.0,Enterococcus
Escherichia coli,28011712800_G11,S,S,S,S,S,S,S,,,,S,S,,,,,,,,,,,S,,,S,S,S,,,,,,,,,,,,,,,,,,,,,,,,,,,,,../data/driams/downloads/DRIAMS-C/id/2018/2018_clean.csv,28011712800_G11,28011712800_G11,562.0,Escherichia
Enterococcus faecalis,28011713090_H1,S,S,,,R,,,,,,,,,R,,,R,,,S,S,R,S,,,,,,,,,,,,,,,,,,,,,,,,,,,,,,,,,,../data/driams/downloads/DRIAMS-C/id/2018/2018_clean.csv,28011713090_H1,28011713090_H1,1351.0,Enterococcus
Escherichia coli,28011713090_H2,S,R,S,S,S,S,S,,,,S,S,,,,,,,,,,,S,,,S,S,S,,,,,,,,,,,,,,,,,,,,,,,,,,,,,../data/driams/downloads/DRIAMS-C/id/2018/2018_clean.csv,28011713090_H2,28011713090_H2,562.0,Escherichia
Klebsiella pneumoniae,28011713090_H3,S,R,S,S,S,S,S,,,,S,S,,,,,,,,,,,S,,,S,S,S,,,,,,,,,,,,,,,,,,,,,,,,,,,,,../data/driams/downloads/DRIAMS-C/id/2018/2018_clean.csv,28011713090_H3,28011713090_H3,573.0,Klebsiella
Escherichia coli,28011713090_H4,S,R,S,S,S,S,S,,,,S,S,,,,,,,,,,,S,,,S,S,S,,,,,,,,,,,,,,,,,,,,,,,,,,,,,../data/driams/downloads/DRIAMS-C/id/2018/2018_clean.csv,28011713090_H4,28011713090_H4,562.0,Escherichia
Escherichia coli,28011713850_D4,S,R,S,S,S,S,S,S,S,S,S,S,,,,,,,,,,,,,,,,,,,,,,,,,,,,,,,,,,,,,,,,,,,,,../data/driams/downloads/DRIAMS-C/id/2018/2018_clean.csv,28011713850_D4,28011713850_D4,562.0,Escherichia
Escherichia coli,28011713850_D5,S,R,S,S,S,S,S,S,S,S,S,S,,,,,,,,,,,,,,,,,,,,,,,,,,,,,,,,,,,,,,,,,,,,,../data/driams/downloads/DRIAMS-C/id/2018/2018_clean.csv,28011713850_D5,28011713850_D5,562.0,Escherichia
Escherichia coli,28011802580_A7,R,R,S,R,S,S,S,,,,S,R,,,,,,,,,,,S,,,S,S,S,,,,,,,,,,,,,,,,,,,,,,,,,,,,,../data/driams/downloads/DRIAMS-C/id/2018/2018_clean.csv,28011802580_A7,28011802580_A7,562.0,Escherichia
Enterococcus faecium,28011802580_A9,R,R,,,R,,,,,,,,,R,,,R,,,S,S,S,R,,,,,,,,,,,,,,,,,,,,,,,,,,,,,,,,,,../data/driams/downloads/DRIAMS-C/id/2018/2018_clean.csv,28011802580_A9,28011802580_A9,1352.0,Enterococcus
Enterococcus faecium,28011802910_A10,R,R,,,R,,,,,,,,,R,,,R,,,S,S,S,R,,,,,,,,,,,,,,,,,,,,,,,,,,,,,,,,,,../data/driams/downloads/DRIAMS-C/id/2018/2018_clean.csv,28011802910_A10,28011802910_A10,1352.0,Enterococcus
Escherichia coli,28011802910_A12,S,S,S,S,S,S,S,,,,S,S,,,,,,,,,,,S,,,S,S,S,,,,,,,,,,,,,,,,,,,,,,,,,,,,,../data/driams/downloads/DRIAMS-C/id/2018/2018_clean.csv,28011802910_A12,28011802910_A12,562.0,Escherichia
Staphylococcus aureus,28011802980_C3,S,R,,S,S,,,,,,,S,S,S,S,S,S,R,S,S,,,,,,,,,,,,,,,,,,,,,,,,,,,,,,,,,,,,,../data/driams/downloads/DRIAMS-C/id/2018/2018_clean.csv,28011802980_C3,28011802980_C3,1280.0,Staphylococcus
Serratia marcescens,28011807130_B3,R,R,S,S,S,S,R,,,,R,S,,,,,,,,,,,S,,,S,S,S,,,,,,,,,,,,,,,,,,,,,,,,,,,,,../data/driams/downloads/DRIAMS-C/id/2018/2018_clean.csv,28011807130_B3,28011807130_B3,615.0,Serratia
Enterococcus faecalis,28011808790_E1,S,S,,,,,,S,,,,I,,,,,R,,,,,R,S,,,,,,,,,,,,,,,,,,,,,,,,,,,,,,,,,,../data/driams/downloads/DRIAMS-C/id/2018/2018_clean.csv,28011808790_E1,28011808790_E1,1351.0,Enterococcus
Klebsiella pneumoniae,28011809130_B4,S,R,S,S,S,S,S,,,,S,S,,,,,,,,,,,S,,,S,S,S,,,,,,,,,,,,,,,,,,,,,,,,,,,,,../data/driams/downloads/DRIAMS-C/id/2018/2018_clean.csv,28011809130_B4,28011809130_B4,573.0,Klebsiella
Klebsiella pneumoniae,28011809130_B5,S,R,S,S,S,S,S,,,,S,S,,,,,,,,,,,S,,,S,S,S,,,,,,,,,,,,,,,,,,,,,,,,,,,,,../data/driams/downloads/DRIAMS-C/id/2018/2018_clean.csv,28011809130_B5,28011809130_B5,573.0,Klebsiella
Klebsiella pneumoniae,28011809130_B8,S,R,S,S,S,S,S,,,,S,S,,,,,,,,,,,S,,,S,S,S,,,,,,,,,,,,,,,,,,,,,,,,,,,,,../data/driams/downloads/DRIAMS-C/id/2018/2018_clean.csv,28011809130_B8,28011809130_B8,573.0,Klebsiella
Klebsiella pneumoniae,28011809130_C11,S,R,S,S,S,S,S,,,,S,S,,,,,,,,,,,S,,,S,S,S,,,,,,,,,,,,,,,,,,,,,,,,,,,,,../data/driams/downloads/DRIAMS-C/id/2018/2018_clean.csv,28011809130_C11,28011809130_C11,573.0,Klebsiella
Klebsiella pneumoniae,28011809130_C12,S,R,S,S,S,S,S,,,,S,S,,,,,,,,,,,S,,,S,S,S,,,,,,,,,,,,,,,,,,,,,,,,,,,,,../data/driams/downloads/DRIAMS-C/id/2018/2018_clean.csv,28011809130_C12,28011809130_C12,573.0,Klebsiella
Klebsiella pneumoniae,28011809130_D1,S,R,S,S,S,S,S,,,,S,S,,,,,,,,,,,S,,,S,S,S,,,,,,,,,,,,,,,,,,,,,,,,,,,,,../data/driams/downloads/DRIAMS-C/id/2018/2018_clean.csv,28011809130_D1,28011809130_D1,573.0,Klebsiella
Campylobacter jejuni,28011809230_D4,,,,R,,,,,,,,,S,,,,,,,,,,,,,,,,S,S,R,R,,,,,,,,,,,,,,,,,,,,,,,,,../data/driams/downloads/DRIAMS-C/id/2018/2018_clean.csv,28011809230_D4,28011809230_D4,197.0,Campylobacter
Escherichia coli,28011810020_E3,S,R,S,S,S,S,S,S,S,S,S,R,,,,,,,,,,,,,,,,,,,,,,,,,,,,,,,,,,,,,,,,,,,,,../data/driams/downloads/DRIAMS-C/id/2018/2018_clean.csv,28011810020_E3,28011810020_E3,562.0,Escherichia
Citrobacter koseri,28011810040_E4,S,R,S,S,S,S,S,S,S,S,S,S,,,,,,,,,,,,,,,,,,,,,,,,,,,,,,,,,,,,,,,,,,,,,../data/driams/downloads/DRIAMS-C/id/2018/2018_clean.csv,28011810040_E4,28011810040_E4,545.0,Citrobacter
Citrobacter koseri,28011810040_E5,S,R,S,S,S,S,S,S,S,S,S,S,,,,,,,,,,,,,,,,,,,,,,,,,,,,,,,,,,,,,,,,,,,,,../data/driams/downloads/DRIAMS-C/id/2018/2018_clean.csv,28011810040_E5,28011810040_E5,545.0,Citrobacter
Klebsiella oxytoca,28011810130_E7,S,R,S,S,S,S,S,R,R,S,S,S,,,,,S,,,,,,,,,,,,,,,,,,,,,,,,,,,,,,,,,,,,,,,,../data/driams/downloads/DRIAMS-C/id/2018/2018_clean.csv,28011810130_E7,28011810130_E7,571.0,Klebsiella
Morganella morganii,28011810300_E10,R,R,S,S,S,S,R,R,R,S,R,S,,,,,,,,,,,,,,,,,,,,,,,,,,,,,,,,,,,,,,,,,,,,,../data/driams/downloads/DRIAMS-C/id/2018/2018_clean.csv,28011810300_E10,28011810300_E10,582.0,Morganella
Klebsiella oxytoca,28011810300_E11,S,R,S,S,S,S,S,S,R,S,S,S,,,,,,,,,,,,,,,,,,,,,,,,,,,,,,,,,,,,,,,,,,,,,../data/driams/downloads/DRIAMS-C/id/2018/2018_clean.csv,28011810300_E11,28011810300_E11,571.0,Klebsiella
Morganella morganii,28011810300_E9,R,R,S,S,S,S,R,R,R,S,R,S,,,,,,,,,,,,,,,,,,,,,,,,,,,,,,,,,,,,,,,,,,,,,../data/driams/downloads/DRIAMS-C/id/2018/2018_clean.csv,28011810300_E9,28011810300_E9,582.0,Morganella
Morganella morganii,28011810300_A10,R,R,S,S,S,S,R,R,R,S,R,S,,,,,,,,,,,,,,,,,,,,,,,,,,,,,,,,,,,,,,,,,,,,,../data/driams/downloads/DRIAMS-C/id/2018/2018_clean.csv,28011810300_A10,28011810300_A10,582.0,Morganella
Escherichia coli,28011810320_E12,S,S,S,S,S,S,S,S,S,S,S,S,,,,,,,,,,,,,,,,,,,,,,,,,,,,,,,,,,,,,,,,,,,,,../data/driams/downloads/DRIAMS-C/id/2018/2018_clean.csv,28011810320_E12,28011810320_E12,562.0,Escherichia
Escherichia coli,28011810320_F1,S,S,S,S,S,S,S,S,S,S,S,S,,,,,,,,,,,,,,,,,,,,,,,,,,,,,,,,,,,,,,,,,,,,,../data/driams/downloads/DRIAMS-C/id/2018/2018_clean.csv,28011810320_F1,28011810320_F1,562.0,Escherichia
Enterococcus faecalis,28011811170_F2,S,S,,,,,,S,,,,I,,,,,R,,,,,R,S,,,,,,,,,,,,,,,,,,,,,,,,,,,,,,,,,,../data/driams/downloads/DRIAMS-C/id/2018/2018_clean.csv,28011811170_F2,28011811170_F2,1351.0,Enterococcus
Escherichia coli,28011811220_B7,S,R,R,S,S,R,R,,,,S,R,,,,,,,,,,,S,,,S,R,S,,,,,,,,,,,,,,,,,,,,,,,,,,,,,../data/driams/downloads/DRIAMS-C/id/2018/2018_clean.csv,28011811220_B7,28011811220_B7,562.0,Escherichia
Escherichia coli,28011811280_B1,S,R,R,S,R,R,R,S,S,S,S,R,,,,,,,,,,,S,,,S,R,S,,,,,,,,,,,,,,,,,,,,,,,,,,,,,../data/driams/downloads/DRIAMS-C/id/2018/2018_clean.csv,28011811280_B1,28011811280_B1,562.0,Escherichia
Escherichia coli,28011811400_B2,S,S,S,S,S,S,S,S,S,S,S,S,,,,,,,,,,,,,,,,,,,,,,,,,,,,,,,,,,,,,,,,,,,,,../data/driams/downloads/DRIAMS-C/id/2018/2018_clean.csv,28011811400_B2,28011811400_B2,562.0,Escherichia
Serratia marcescens,28011812130_G1,R,R,S,S,S,S,R,R,S,S,R,S,,,,,,,,,,,,,,,,,,,,,,,,,,,,,,,,,,,,,,,,,,,,,../data/driams/downloads/DRIAMS-C/id/2018/2018_clean.csv,28011812130_G1,28011812130_G1,615.0,Serratia
Serratia marcescens,28011812130_B3,R,R,S,S,S,S,R,R,S,S,R,S,,,,,,,,,,,,,,,,,,,,,,,,,,,,,,,,,,,,,,,,,,,,,../data/driams/downloads/DRIAMS-C/id/2018/2018_clean.csv,28011812130_B3,28011812130_B3,615.0,Serratia
Prevotella disiens,28011812890_C6,S,S,,,,,,,,,,,S,S,,,,R,,,,,,S,,,,,,,,,,,,,,,,,,,,,,,,,,,,,,,,,../data/driams/downloads/DRIAMS-C/id/2018/2018_clean.csv,28011812890_C6,28011812890_C6,28130.0,Prevotella
Escherichia coli,28011901850_G12,R,R,R,R,S,R,R,,,,S,R,,,,,,,,,,,R,,,S,R,S,,,,,,,,,,,,,,,,,,,,,,,,,,,,,../data/driams/downloads/DRIAMS-C/id/2018/2018_clean.csv,28011901850_G12,28011901850_G12,562.0,Escherichia
Klebsiella pneumoniae,28011904100_B6,S,R,S,S,S,S,S,S,R,S,S,S,,,,,,,,,,,,,,,,,,,,,,,,,,,,,,,,,,,,,,,,,,,,,../data/driams/downloads/DRIAMS-C/id/2018/2018_clean.csv,28011904100_B6,28011904100_B6,573.0,Klebsiella
Enterococcus faecalis,28011904100_B7,S,S,,,,,,S,,,,I,,,,,R,,,,,R,S,,,,,,,,,,,,,,,,,,,,,,,,,,,,,,,,,,../data/driams/downloads/DRIAMS-C/id/2018/2018_clean.csv,28011904100_B7,28011904100_B7,1351.0,Enterococcus
Enterococcus faecalis,28011904100_E4,S,S,,,,,,S,,,,I,,,,,R,,,,,R,S,,,,,,,,,,,,,,,,,,,,,,,,,,,,,,,,,,../data/driams/downloads/DRIAMS-C/id/2018/2018_clean.csv,28011904100_E4,28011904100_E4,1351.0,Enterococcus
Staphylococcus lugdunensis,28011906660_A11,S,S,,S,S,,,,,,,S,S,S,S,S,S,S,S,S,,,,,,,,,,,,,,,,,,,,,,,,,,,,,,,,,,,,,../data/driams/downloads/DRIAMS-C/id/2018/2018_clean.csv,28011906660_A11,28011906660_A11,28035.0,Staphylococcus
Staphylococcus lugdunensis,28011906660_D7,S,S,,S,S,,,,,,,S,S,S,S,S,S,S,S,S,,,,,,,,,,,,,,,,,,,,,,,,,,,,,,,,,,,,,../data/driams/downloads/DRIAMS-C/id/2018/2018_clean.csv,28011906660_D7,28011906660_D7,28035.0,Staphylococcus
Enterococcus faecalis,28011906680_F1,S,S,,,R,,,,,,,,,R,,,R,,,S,S,R,S,,,,,,,,,,,,,,,,,,,,,,,,,,,,,,,,,,../data/driams/downloads/DRIAMS-C/id/2018/2018_clean.csv,28011906680_F1,28011906680_F1,1351.0,Enterococcus
Enterococcus faecalis,28011906680_B2,S,S,,,R,,,,,,,,,R,,,R,,,S,S,R,S,,,,,,,,,,,,,,,,,,,,,,,,,,,,,,,,,,../data/driams/downloads/DRIAMS-C/id/2018/2018_clean.csv,28011906680_B2,28011906680_B2,1351.0,Enterococcus
Enterobacter cloacae,28011908140_D2,R,R,S,S,S,S,S,,,,S,S,,,,,,,,,,,S,,,S,S,S,,,,,,,,,,,,,,,,,,,,,,,,,,,,,../data/driams/downloads/DRIAMS-C/id/2018/2018_clean.csv,28011908140_D2,28011908140_D2,550.0,Enterobacter
Stenotrophomonas maltophilia,28011908140_D3,,,,,,,,,,,,S,,,,,,,,,,,,,,,,,,,,,,,,,,,,,,,,,,,,,,,,,,,,,../data/driams/downloads/DRIAMS-C/id/2018/2018_clean.csv,28011908140_D3,28011908140_D3,40324.0,Stenotrophomonas
Proteus vulgaris,28011908410_D4,R,R,S,S,S,S,S,,,,S,S,,,,,,,,,,,S,,,S,S,S,,,,,,,,,,,,,,,,,,,,,,,,,,,,,../data/driams/downloads/DRIAMS-C/id/2018/2018_clean.csv,28011908410_D4,28011908410_D4,585.0,Proteus
Staphylococcus aureus,28011909270_B10,S,S,,S,S,,,S,,S,,S,,,,,S,S,,,,,,,,,,,,,,,S,,,,,,,,,,,,,,,,,,,,,,,,../data/driams/downloads/DRIAMS-C/id/2018/2018_clean.csv,28011909270_B10,28011909270_B10,1280.0,Staphylococcus
Escherichia coli,28011909560_C6,S,R,R,R,S,R,R,S,S,R,S,R,,,,,,,,,,,S,,,S,R,S,,,,,,,,,,,,,,,,,,,,,,,,,,,,,../data/driams/downloads/DRIAMS-C/id/2018/2018_clean.csv,28011909560_C6,28011909560_C6,562.0,Escherichia
Enterobacter cloacae,28011909600_C10,R,R,S,S,S,S,S,S,S,S,S,S,,,,,,,,,,,,,,,,,,,,,,,,,,,,,,,,,,,,,,,,,,,,,../data/driams/downloads/DRIAMS-C/id/2018/2018_clean.csv,28011909600_C10,28011909600_C10,550.0,Enterobacter
Escherichia coli,28011909600_C8,S,R,R,S,S,R,R,S,S,S,S,R,,,,,,,,,,,S,,,S,R,S,,,,,,,,,,,,,,,,,,,,,,,,,,,,,../data/driams/downloads/DRIAMS-C/id/2018/2018_clean.csv,28011909600_C8,28011909600_C8,562.0,Escherichia
Escherichia coli,28011909600_C9,S,R,R,S,S,R,R,S,S,S,S,R,,,,,,,,,,,S,,,S,R,S,,,,,,,,,,,,,,,,,,,,,,,,,,,,,../data/driams/downloads/DRIAMS-C/id/2018/2018_clean.csv,28011909600_C9,28011909600_C9,562.0,Escherichia
Escherichia coli,28011909600_E8,S,R,R,S,S,R,R,S,S,S,S,R,,,,,,,,,,,S,,,S,R,S,,,,,,,,,,,,,,,,,,,,,,,,,,,,,../data/driams/downloads/DRIAMS-C/id/2018/2018_clean.csv,28011909600_E8,28011909600_E8,562.0,Escherichia
Escherichia coli,28011909630_C11,S,S,S,S,S,S,S,S,S,S,S,S,,,,,,,,,,,,,,,,,,,,,,,,,,,,,,,,,,,,,,,,,,,,,../data/driams/downloads/DRIAMS-C/id/2018/2018_clean.csv,28011909630_C11,28011909630_C11,562.0,Escherichia
Morganella morganii,28011909630_C12,R,R,S,S,S,S,R,R,R,S,R,S,,,,,,,,,,,,,,,,,,,,,,,,,,,,,,,,,,,,,,,,,,,,,../data/driams/downloads/DRIAMS-C/id/2018/2018_clean.csv,28011909630_C12,28011909630_C12,582.0,Morganella
Escherichia coli,28011909630_D1,S,S,S,S,S,S,S,S,S,S,S,S,,,,,,,,,,,,,,,,,,,,,,,,,,,,,,,,,,,,,,,,,,,,,../data/driams/downloads/DRIAMS-C/id/2018/2018_clean.csv,28011909630_D1,28011909630_D1,562.0,Escherichia
Enterobacter cloacae,28011909800_D6,R,R,S,S,S,S,S,,,,S,S,,,,,,,,,,,S,,,S,S,S,,,,,,,,,,,,,,,,,,,,,,,,,,,,,../data/driams/downloads/DRIAMS-C/id/2018/2018_clean.csv,28011909800_D6,28011909800_D6,550.0,Enterobacter
Enterobacter cloacae,28011909800_D7,R,R,S,S,S,S,S,,,,S,S,,,,,,,,,,,S,,,S,S,S,,,,,,,,,,,,,,,,,,,,,,,,,,,,,../data/driams/downloads/DRIAMS-C/id/2018/2018_clean.csv,28011909800_D7,28011909800_D7,550.0,Enterobacter
Serratia marcescens,28011909800_D8,R,R,R,S,S,R,R,,,,R,R,,,,,,,,,,,R,,,S,S,S,,,,,,,,,,,,,,,,,,,,,,,,,,,,,../data/driams/downloads/DRIAMS-C/id/2018/2018_clean.csv,28011909800_D8,28011909800_D8,615.0,Serratia
Staphylococcus aureus,28011909830_F4,S,R,,S,S,,,,,,,S,R,R,S,S,S,R,S,S,,,,,,,,,,,,,,,,,,,,,,,,,,,,,,,,,,,,,../data/driams/downloads/DRIAMS-C/id/2018/2018_clean.csv,28011909830_F4,28011909830_F4,1280.0,Staphylococcus
Staphylococcus aureus,28011909830_F5,S,R,,S,S,,,,,,,S,R,R,S,S,S,R,S,S,,,,,,,,,,,,,,,,,,,,,,,,,,,,,,,,,,,,,../data/driams/downloads/DRIAMS-C/id/2018/2018_clean.csv,28011909830_F5,28011909830_F5,1280.0,Staphylococcus
Morganella morganii,28011910090_E4,R,R,S,S,S,S,R,,,,R,S,,,,,,,,,,,S,,,S,S,S,,,,,,,,,,,,,,,,,,,,,,,,,,,,,../data/driams/downloads/DRIAMS-C/id/2018/2018_clean.csv,28011910090_E4,28011910090_E4,582.0,Morganella
Staphylococcus aureus,28011910160_D12,S,R,,S,S,,,,,,,S,S,S,S,S,S,R,S,S,,,,,,,,,,,,,,,,,,,,,,,,,,,,,,,,,,,,,../data/driams/downloads/DRIAMS-C/id/2018/2018_clean.csv,28011910160_D12,28011910160_D12,1280.0,Staphylococcus
Morganella morganii,28011910580_D5,R,R,S,S,S,S,R,S,R,S,R,S,,,,,,,,,,,,,,,,,,,,,,,,,,,,,,,,,,,,,,,,,,,,,../data/driams/downloads/DRIAMS-C/id/2018/2018_clean.csv,28011910580_D5,28011910580_D5,582.0,Morganella
Morganella morganii,28011910580_D6,R,R,S,S,S,S,R,S,R,S,R,S,,,,,,,,,,,,,,,,,,,,,,,,,,,,,,,,,,,,,,,,,,,,,../data/driams/downloads/DRIAMS-C/id/2018/2018_clean.csv,28011910580_D6,28011910580_D6,582.0,Morganella
Morganella morganii,28011910580_D7,R,R,S,S,S,S,R,S,R,S,R,S,,,,,,,,,,,,,,,,,,,,,,,,,,,,,,,,,,,,,,,,,,,,,../data/driams/downloads/DRIAMS-C/id/2018/2018_clean.csv,28011910580_D7,28011910580_D7,582.0,Morganella
Escherichia coli,28011910580_D8,S,S,S,S,S,S,S,S,S,S,S,S,,,,,,,,,,,,,,,,,,,,,,,,,,,,,,,,,,,,,,,,,,,,,../data/driams/downloads/DRIAMS-C/id/2018/2018_clean.csv,28011910580_D8,28011910580_D8,562.0,Escherichia
Escherichia coli,28011910740_D2,S,S,S,S,S,S,S,,,,S,S,,,,,,,,,,,S,,,S,S,S,,,,,,,,,,,,,,,,,,,,,,,,,,,,,../data/driams/downloads/DRIAMS-C/id/2018/2018_clean.csv,28011910740_D2,28011910740_D2,562.0,Escherichia
Escherichia coli,28011910740_D3,S,S,S,S,S,S,S,,,,S,S,,,,,,,,,,,S,,,S,S,S,,,,,,,,,,,,,,,,,,,,,,,,,,,,,../data/driams/downloads/DRIAMS-C/id/2018/2018_clean.csv,28011910740_D3,28011910740_D3,562.0,Escherichia
Enterococcus faecalis,28011910740_D4,S,S,,,R,,,,,,,,,R,,,R,,,S,S,R,S,,,,,S,,,,,,,,,,,,,,,,,,,,,,,,,,,,,../data/driams/downloads/DRIAMS-C/id/2018/2018_clean.csv,28011910740_D4,28011910740_D4,1351.0,Enterococcus
Escherichia coli,28011910740_H1,S,S,S,S,S,S,S,,,,S,S,,,,,,,,,,,S,,,S,S,S,,,,,,,,,,,,,,,,,,,,,,,,,,,,,../data/driams/downloads/DRIAMS-C/id/2018/2018_clean.csv,28011910740_H1,28011910740_H1,562.0,Escherichia
Escherichia coli,28011910740_H2,S,S,S,S,S,S,S,,,,S,S,,,,,,,,,,,S,,,S,S,S,,,,,,,,,,,,,,,,,,,,,,,,,,,,,../data/driams/downloads/DRIAMS-C/id/2018/2018_clean.csv,28011910740_H2,28011910740_H2,562.0,Escherichia
Escherichia coli,28011910740_H3,S,S,S,S,S,S,S,,,,S,S,,,,,,,,,,,S,,,S,S,S,,,,,,,,,,,,,,,,,,,,,,,,,,,,,../data/driams/downloads/DRIAMS-C/id/2018/2018_clean.csv,28011910740_H3,28011910740_H3,562.0,Escherichia
Escherichia coli,28011910740_H4,S,S,S,S,S,S,S,,,,S,S,,,,,,,,,,,S,,,S,S,S,,,,,,,,,,,,,,,,,,,,,,,,,,,,,../data/driams/downloads/DRIAMS-C/id/2018/2018_clean.csv,28011910740_H4,28011910740_H4,562.0,Escherichia
Enterococcus faecalis,28011910740_E10,S,S,,,R,,,,,,,,,R,,,R,,,S,S,R,S,,,,,S,,,,,,,,,,,,,,,,,,,,,,,,,,,,,../data/driams/downloads/DRIAMS-C/id/2018/2018_clean.csv,28011910740_E10,28011910740_E10,1351.0,Enterococcus
Enterococcus faecalis,28011910740_E11,S,S,,,R,,,,,,,,,R,,,R,,,S,S,R,S,,,,,S,,,,,,,,,,,,,,,,,,,,,,,,,,,,,../data/driams/downloads/DRIAMS-C/id/2018/2018_clean.csv,28011910740_E11,28011910740_E11,1351.0,Enterococcus
Enterococcus faecalis,28011910740_E12,S,S,,,R,,,,,,,,,R,,,R,,,S,S,R,S,,,,,S,,,,,,,,,,,,,,,,,,,,,,,,,,,,,../data/driams/downloads/DRIAMS-C/id/2018/2018_clean.csv,28011910740_E12,28011910740_E12,1351.0,Enterococcus
Escherichia coli,28011910740_E9,S,S,S,S,S,S,S,,,,S,S,,,,,,,,,,,S,,,S,S,S,,,,,,,,,,,,,,,,,,,,,,,,,,,,,../data/driams/downloads/DRIAMS-C/id/2018/2018_clean.csv,28011910740_E9,28011910740_E9,562.0,Escherichia
Enterococcus faecalis,28011910740_F2,S,S,,,R,,,,,,,,,R,,,R,,,S,S,R,S,,,,,S,,,,,,,,,,,,,,,,,,,,,,,,,,,,,../data/driams/downloads/DRIAMS-C/id/2018/2018_clean.csv,28011910740_F2,28011910740_F2,1351.0,Enterococcus
Enterococcus faecalis,28011910740_H6,S,S,,,R,,,,,,,,,R,,,R,,,S,S,R,S,,,,,S,,,,,,,,,,,,,,,,,,,,,,,,,,,,,../data/driams/downloads/DRIAMS-C/id/2018/2018_clean.csv,28011910740_H6,28011910740_H6,1351.0,Enterococcus
Enterococcus faecalis,28011910740_H7,S,S,,,R,,,,,,,,,R,,,R,,,S,S,R,S,,,,,S,,,,,,,,,,,,,,,,,,,,,,,,,,,,,../data/driams/downloads/DRIAMS-C/id/2018/2018_clean.csv,28011910740_H7,28011910740_H7,1351.0,Enterococcus
Escherichia coli,28011911880_A1,S,S,S,R,S,S,S,S,S,R,S,S,,,,,,,,,,,,,,,,,,,,,,,,,,,,,,,,,,,,,,,,,,,,,../data/driams/downloads/DRIAMS-C/id/2018/2018_clean.csv,28011911880_A1,28011911880_A1,562.0,Escherichia
Enterococcus faecalis,28011912280_G3,S,S,,,R,,,,,,,,,R,,,R,,,,S,R,S,,,,,,,,,,,,,,,,,,,,,,,,,,,,,,,,,,../data/driams/downloads/DRIAMS-C/id/2018/2018_clean.csv,28011912280_G3,28011912280_G3,1351.0,Enterococcus
Enterobacter cloacae,28011912340_E2,R,R,S,S,S,S,S,,,,S,S,,,,,,,,,,,S,,,S,S,S,,,,,,,,,,,,,,,,,,,,,,,,,,,,,../data/driams/downloads/DRIAMS-C/id/2018/2018_clean.csv,28011912340_E2,28011912340_E2,550.0,Enterobacter
Enterobacter cloacae,28011912340_E5,R,R,S,S,S,S,S,,,,S,S,,,,,,,,,,,S,,,S,S,S,,,,,,,,,,,,,,,,,,,,,,,,,,,,,../data/driams/downloads/DRIAMS-C/id/2018/2018_clean.csv,28011912340_E5,28011912340_E5,550.0,Enterobacter
Aeromonas caviae,28011912470_E7,S,R,S,S,S,S,S,,,,S,S,,,,,,,,,,,S,,,S,S,S,,,,,,,,,,,,,,,,,,,,,,,,,,,,,../data/driams/downloads/DRIAMS-C/id/2018/2018_clean.csv,28011912470_E7,28011912470_E7,648.0,Aeromonas
Klebsiella oxytoca,28011912470_F3,S,R,S,S,S,S,S,,,,S,S,,,,,,,,,,,S,,,S,S,S,,,,,,,,,,,,,,,,,,,,,,,,,,,,,../data/driams/downloads/DRIAMS-C/id/2018/2018_clean.csv,28011912470_F3,28011912470_F3,571.0,Klebsiella
Klebsiella oxytoca,28011912470_H6,S,R,S,S,S,S,S,,,,S,S,,,,,,,,,,,S,,,S,S,S,,,,,,,,,,,,,,,,,,,,,,,,,,,,,../data/driams/downloads/DRIAMS-C/id/2018/2018_clean.csv,28011912470_H6,28011912470_H6,571.0,Klebsiella
Escherichia coli,28012001620_D12,R,R,S,S,S,S,S,,,,S,R,,,,,,,,,,,S,,,S,S,S,,,,,,,,,,,,,,,,,,,,,,,,,,,,,../data/driams/downloads/DRIAMS-C/id/2018/2018_clean.csv,28012001620_D12,28012001620_D12,562.0,Escherichia
Escherichia coli,28012002520_E10,R,R,R,S,R,R,R,,,,S,R,,,,,,,,,,,S,,,R,R,S,,,,,,,,,,,,,,,,,,,,,,,,,,,,,../data/driams/downloads/DRIAMS-C/id/2018/2018_clean.csv,28012002520_E10,28012002520_E10,562.0,Escherichia
Escherichia coli,28012002520_E11,R,R,R,S,R,R,R,,,,S,R,,,,,,,,,,,S,,,R,R,S,,,,,,,,,,,,,,,,,,,,,,,,,,,,,../data/driams/downloads/DRIAMS-C/id/2018/2018_clean.csv,28012002520_E11,28012002520_E11,562.0,Escherichia
Escherichia coli,28012002520_E12,R,R,R,S,R,R,R,,,,S,R,,,,,,,,,,,S,,,R,R,S,,,,,,,,,,,,,,,,,,,,,,,,,,,,,../data/driams/downloads/DRIAMS-C/id/2018/2018_clean.csv,28012002520_E12,28012002520_E12,562.0,Escherichia
Serratia marcescens,28012002690_E12,R,R,S,S,S,S,R,,,,R,S,,,,,,,,,,,S,,,S,S,S,,,,,,,,,,,,,,,,,,,,,,,,,,,,,../data/driams/downloads/DRIAMS-C/id/2018/2018_clean.csv,28012002690_E12,28012002690_E12,615.0,Serratia
Klebsiella oxytoca,28012002690_F1,S,R,S,S,S,S,S,,,,S,S,,,,,,,,,,,S,,,S,S,S,,,,,,,,,,,,,,,,,,,,,,,,,,,,,../data/driams/downloads/DRIAMS-C/id/2018/2018_clean.csv,28012002690_F1,28012002690_F1,571.0,Klebsiella
Klebsiella oxytoca,28012002690_F2,S,R,S,S,S,S,S,,,,S,S,,,,,,,,,,,S,,,S,S,S,,,,,,,,,,,,,,,,,,,,,,,,,,,,,../data/driams/downloads/DRIAMS-C/id/2018/2018_clean.csv,28012002690_F2,28012002690_F2,571.0,Klebsiella
Haemophilus influenzae,28012002690_F3,S,S,,S,,S,S,,,,,,I,,,,,S,,,,,,,,,,,,,,,,,,,,,,,,,,,,,,,,,,,,,,,../data/driams/downloads/DRIAMS-C/id/2018/2018_clean.csv,28012002690_F3,28012002690_F3,727.0,Haemophilus
Streptococcus pneumoniae,28012002710_F4,S,S,,,R,,,,,,,S,S,S,S,,S,S,,S,,,,,S,,,,,,,,,,,,,,,,,,,,,,,,,,,,,,,,../data/driams/downloads/DRIAMS-C/id/2018/2018_clean.csv,28012002710_F4,28012002710_F4,1313.0,Streptococcus
Proteus penneri,28012003990_F4,S,R,S,S,S,S,R,R,R,S,R,R,,,,,,,,,,,,,,,,,,,,,,,,,,,,,,,,,,,,,,,,,,,,,../data/driams/downloads/DRIAMS-C/id/2018/2018_clean.csv,28012003990_F4,28012003990_F4,102862.0,Proteus
Escherichia coli,28012003990_F5,S,S,S,S,S,S,S,S,S,S,S,S,,,,,,,,,,,,,,,,,,,,,,,,,,,,,,,,,,,,,,,,,,,,,../data/driams/downloads/DRIAMS-C/id/2018/2018_clean.csv,28012003990_F5,28012003990_F5,562.0,Escherichia
Escherichia coli,28012004270_F6,S,S,S,S,S,S,S,S,S,S,S,S,,,,,,,,,,,,,,,,,,,,,,,,,,,,,,,,,,,,,,,,,,,,,../data/driams/downloads/DRIAMS-C/id/2018/2018_clean.csv,28012004270_F6,28012004270_F6,562.0,Escherichia
Escherichia coli,28012004270_F8,S,S,S,S,S,S,S,S,S,S,S,S,,,,,,,,,,,,,,,,,,,,,,,,,,,,,,,,,,,,,,,,,,,,,../data/driams/downloads/DRIAMS-C/id/2018/2018_clean.csv,28012004270_F8,28012004270_F8,562.0,Escherichia
Klebsiella pneumoniae,28012004390_F12,S,R,S,S,S,S,S,S,R,S,S,S,,,,,,,,,,,,,,,,,,,,,,,,,,,,,,,,,,,,,,,,,,,,,../data/driams/downloads/DRIAMS-C/id/2018/2018_clean.csv,28012004390_F12,28012004390_F12,573.0,Klebsiella
Escherichia coli,28012004390_G1,S,R,S,S,S,S,S,S,S,S,S,S,,,,,,,,,,,,,,,,,,,,,,,,,,,,,,,,,,,,,,,,,,,,,../data/driams/downloads/DRIAMS-C/id/2018/2018_clean.csv,28012004390_G1,28012004390_G1,562.0,Escherichia
Klebsiella pneumoniae,28012004390_G2,S,R,S,S,S,S,S,S,R,S,S,S,,,,,,,,,,,,,,,,,,,,,,,,,,,,,,,,,,,,,,,,,,,,,../data/driams/downloads/DRIAMS-C/id/2018/2018_clean.csv,28012004390_G2,28012004390_G2,573.0,Klebsiella
Staphylococcus aureus,28012004610_C7,S,R,,S,S,,,,,,,S,S,S,S,S,S,R,S,S,,,,,,,,,,,,,,,,,,,,,,,,,,,,,,,,,,,,,../data/driams/downloads/DRIAMS-C/id/2018/2018_clean.csv,28012004610_C7,28012004610_C7,1280.0,Staphylococcus
Enterococcus faecalis,28012004670_F12,S,S,,,R,,,,,,,,,R,,,R,,,S,S,R,S,,,,,,,,,,,,,,,,,,,,,,,,,,,,,,,,,,../data/driams/downloads/DRIAMS-C/id/2018/2018_clean.csv,28012004670_F12,28012004670_F12,1351.0,Enterococcus
Klebsiella pneumoniae,28012005920_G1,S,R,S,S,S,S,S,,,,S,S,,,,,,,,,,,S,,,S,S,S,,,,,,,,,,,,,,,,,,,,,,,,,,,,,../data/driams/downloads/DRIAMS-C/id/2018/2018_clean.csv,28012005920_G1,28012005920_G1,573.0,Klebsiella
Morganella morganii,28012005920_G2,R,R,S,S,S,S,R,,,,R,S,,,,,,,,,,,S,,,S,S,S,,,,,,,,,,,,,,,,,,,,,,,,,,,,,../data/driams/downloads/DRIAMS-C/id/2018/2018_clean.csv,28012005920_G2,28012005920_G2,582.0,Morganella
Proteus vulgaris,28012005940_G3,S,R,S,S,S,S,R,,,,R,S,,,,,,,,,,,S,,,S,S,S,,,,,,,,,,,,,,,,,,,,,,,,,,,,,../data/driams/downloads/DRIAMS-C/id/2018/2018_clean.csv,28012005940_G3,28012005940_G3,585.0,Proteus
Klebsiella oxytoca,28012006520_G5,S,R,S,S,S,S,S,S,R,S,S,S,,,,,,,,,,,,,,,,,,,,,,,,,,,,,,,,,,,,,,,,,,,,,../data/driams/downloads/DRIAMS-C/id/2018/2018_clean.csv,28012006520_G5,28012006520_G5,571.0,Klebsiella
Escherichia coli,28012006560_E2,R,R,R,S,R,R,R,,,,S,R,,,,,,,,,,,S,,,R,R,S,,,,,,,,,,,,,,,,,,,,,,,,,,,,,../data/driams/downloads/DRIAMS-C/id/2018/2018_clean.csv,28012006560_E2,28012006560_E2,562.0,Escherichia
Staphylococcus aureus,28012103010_E5,S,R,,S,S,,,,,,,S,S,S,S,S,S,R,S,S,,,,,,,,,,,,,,,,,,,,,,,,,,,,,,,,,,,,,../data/driams/downloads/DRIAMS-C/id/2018/2018_clean.csv,28012103010_E5,28012103010_E5,1280.0,Staphylococcus
Escherichia coli,28012103010_E6,R,R,S,R,S,S,R,,,,S,S,,,,,,,,,,,S,,,S,S,S,,,,,,,,,,,,,,,,,,,,,,,,,,,,,../data/driams/downloads/DRIAMS-C/id/2018/2018_clean.csv,28012103010_E6,28012103010_E6,562.0,Escherichia
Escherichia coli,28012103010_E7,R,R,S,R,S,S,R,,,,S,S,,,,,,,,,,,S,,,S,S,S,,,,,,,,,,,,,,,,,,,,,,,,,,,,,../data/driams/downloads/DRIAMS-C/id/2018/2018_clean.csv,28012103010_E7,28012103010_E7,562.0,Escherichia
Enterobacter cloacae,28012103010_E8,R,R,S,S,S,S,R,,,,S,S,,,,,,,,,,,S,,,S,S,S,,,,,,,,,,,,,,,,,,,,,,,,,,,,,../data/driams/downloads/DRIAMS-C/id/2018/2018_clean.csv,28012103010_E8,28012103010_E8,550.0,Enterobacter
Enterococcus faecalis,28012103300_G7,S,S,,,,,,S,,,,I,,,,,R,,,,,R,S,,,,,,,,,,,,,,,,,,,,,,,,,,,,,,,,,,../data/driams/downloads/DRIAMS-C/id/2018/2018_clean.csv,28012103300_G7,28012103300_G7,1351.0,Enterococcus
Morganella morganii,28012103340_G9,R,R,S,S,S,S,R,R,R,S,R,S,,,,,,,,,,,,,,,,,,,,,,,,,,,,,,,,,,,,,,,,,,,,,../data/driams/downloads/DRIAMS-C/id/2018/2018_clean.csv,28012103340_G9,28012103340_G9,582.0,Morganella
Proteus mirabilis,28012103370_G11,S,S,S,S,S,S,S,R,R,S,R,S,,,,,,,,,,,,,,,,,,,,,,,,,,,,,,,,,,,,,,,,,,,,,../data/driams/downloads/DRIAMS-C/id/2018/2018_clean.csv,28012103370_G11,28012103370_G11,584.0,Proteus
Klebsiella pneumoniae,28012103440_G12,S,R,S,S,S,S,S,S,R,S,S,S,,,,,,,,,,,,,,,,,,,,,,,,,,,,,,,,,,,,,,,,,,,,,../data/driams/downloads/DRIAMS-C/id/2018/2018_clean.csv,28012103440_G12,28012103440_G12,573.0,Klebsiella
Escherichia coli,28012103450_H1,S,R,S,R,R,S,S,S,S,R,S,S,,,,,,,,,,,,,,,,,,,,,,,,,,,,,,,,,,,,,,,,,,,,,../data/driams/downloads/DRIAMS-C/id/2018/2018_clean.csv,28012103450_H1,28012103450_H1,562.0,Escherichia
Enterococcus faecalis,28012103450_A7,S,S,,,,,,S,,,,I,,,,,R,,,,,R,S,,,,,,,,,,,,,,,,,,,,,,,,,,,,,,,,,,../data/driams/downloads/DRIAMS-C/id/2018/2018_clean.csv,28012103450_A7,28012103450_A7,1351.0,Enterococcus
Escherichia coli,28012103450_A8,S,R,S,R,R,S,S,S,S,R,S,S,,,,,,,,,,,,,,,,,,,,,,,,,,,,,,,,,,,,,,,,,,,,,../data/driams/downloads/DRIAMS-C/id/2018/2018_clean.csv,28012103450_A8,28012103450_A8,562.0,Escherichia
Serratia marcescens,28012202420_A10,R,R,S,S,S,S,R,,,,R,S,,,,,,,,,,,S,,,S,S,S,,,,,,,,,,,,,,,,,,,,,,,,,,,,,../data/driams/downloads/DRIAMS-C/id/2018/2018_clean.csv,28012202420_A10,28012202420_A10,615.0,Serratia
Escherichia coli,28012202890_B6,R,R,S,S,S,S,S,,,,S,R,,,,,,,,,,,S,,,S,S,S,,,,,,,,,,,,,,,,,,,,,,,,,,,,,../data/driams/downloads/DRIAMS-C/id/2018/2018_clean.csv,28012202890_B6,28012202890_B6,562.0,Escherichia
Klebsiella aerogenes,28012205520_B12,R,R,R,S,S,R,R,,,,S,S,,,,,,,,,,,R,,,S,S,S,,,,,,,,,,,,,,,,,,,,,,,,,,,,,../data/driams/downloads/DRIAMS-C/id/2018/2018_clean.csv,28012205520_B12,28012205520_B12,548.0,
Klebsiella aerogenes,28012205520_C1,R,R,R,S,S,R,R,,,,S,S,,,,,,,,,,,R,,,S,S,S,,,,,,,,,,,,,,,,,,,,,,,,,,,,,../data/driams/downloads/DRIAMS-C/id/2018/2018_clean.csv,28012205520_C1,28012205520_C1,548.0,
Staphylococcus aureus,28012205590_C3,S,R,,S,S,,,,,,,S,S,S,S,S,S,R,S,S,,,,,,,,,,,,,,,,,,,,,,,,,,,,,,,,,,,,,../data/driams/downloads/DRIAMS-C/id/2018/2018_clean.csv,28012205590_C3,28012205590_C3,1280.0,Staphylococcus
Staphylococcus aureus,28012205610_C5,S,R,,S,S,,,,,,,S,S,S,S,S,S,R,S,S,,,,,,,,,,,,,,,,,,,,,,,,,,,,,,,,,,,,,../data/driams/downloads/DRIAMS-C/id/2018/2018_clean.csv,28012205610_C5,28012205610_C5,1280.0,Staphylococcus
Haemophilus influenzae,28012205610_C6,S,S,,S,,S,S,,,,,S,I,,,,,S,,,,,,,,,,,,,,,,,,,,,,,,,,,,,,,,,,,,,,,../data/driams/downloads/DRIAMS-C/id/2018/2018_clean.csv,28012205610_C6,28012205610_C6,727.0,Haemophilus
Staphylococcus aureus,28012206170_E3,S,S,,S,S,,,,,,,S,S,S,S,S,S,S,S,S,,,,,,,,,,,,,,,,,,,,,,,,,,,,,,,,,,,,,../data/driams/downloads/DRIAMS-C/id/2018/2018_clean.csv,28012206170_E3,28012206170_E3,1280.0,Staphylococcus
Staphylococcus aureus,28012206250_E5,S,R,,S,S,,,,,,,S,S,S,S,S,S,R,S,S,,,,,,,,,,,,,,,,,,,,,,,,,,,,,,,,,,,,,../data/driams/downloads/DRIAMS-C/id/2018/2018_clean.csv,28012206250_E5,28012206250_E5,1280.0,Staphylococcus
Staphylococcus aureus,28012209900_A1,S,S,,S,S,,,,,,,S,S,S,S,S,S,S,S,S,,,,,,,,,,,,,,,,,,,,,,,,,,,,,,,,,,,,,../data/driams/downloads/DRIAMS-C/id/2018/2018_clean.csv,28012209900_A1,28012209900_A1,1280.0,Staphylococcus
Streptococcus pneumoniae,28012210090_C11,S,S,,,R,S,,,,,,S,R,R,R,,S,S,,S,,,,,S,,,,,,,,,,,,,,,,,,,,,,,,,,,,,,,,../data/driams/downloads/DRIAMS-C/id/2018/2018_clean.csv,28012210090_C11,28012210090_C11,1313.0,Streptococcus
Escherichia coli,28012210980_D4,R,R,S,R,R,S,R,,,,S,S,,,,,,,,,,,S,,,S,S,S,,,,,,,,,,,,,,,,,,,,,,,,,,,,,../data/driams/downloads/DRIAMS-C/id/2018/2018_clean.csv,28012210980_D4,28012210980_D4,562.0,Escherichia
Escherichia coli,28012211460_B10,S,R,S,S,S,S,S,S,S,S,S,R,,,,,,,,,,,,,,,,,,,,,,,,,,,,,,,,,,,,,,,,,,,,,../data/driams/downloads/DRIAMS-C/id/2018/2018_clean.csv,28012211460_B10,28012211460_B10,562.0,Escherichia
Escherichia coli,28012211460_B9,S,R,S,S,S,S,S,S,S,S,S,R,,,,,,,,,,,,,,,,,,,,,,,,,,,,,,,,,,,,,,,,,,,,,../data/driams/downloads/DRIAMS-C/id/2018/2018_clean.csv,28012211460_B9,28012211460_B9,562.0,Escherichia
Enterobacter cloacae,28012211460_D2,R,R,S,S,S,S,R,S,R,S,S,R,,,,,,,,,,,,,,,,,,,,,,,,,,,,,,,,,,,,,,,,,,,,,../data/driams/downloads/DRIAMS-C/id/2018/2018_clean.csv,28012211460_D2,28012211460_D2,550.0,Enterobacter
Enterobacter cloacae,28012211460_D3,R,R,S,S,S,S,R,S,R,S,S,R,,,,,,,,,,,,,,,,,,,,,,,,,,,,,,,,,,,,,,,,,,,,,../data/driams/downloads/DRIAMS-C/id/2018/2018_clean.csv,28012211460_D3,28012211460_D3,550.0,Enterobacter
Enterobacter cloacae,28012211460_D4,R,R,S,S,S,S,R,S,R,S,S,R,,,,,,,,,,,,,,,,,,,,,,,,,,,,,,,,,,,,,,,,,,,,,../data/driams/downloads/DRIAMS-C/id/2018/2018_clean.csv,28012211460_D4,28012211460_D4,550.0,Enterobacter
Enterobacter cloacae,28012211460_D5,R,R,S,S,S,S,R,S,R,S,S,R,,,,,,,,,,,,,,,,,,,,,,,,,,,,,,,,,,,,,,,,,,,,,../data/driams/downloads/DRIAMS-C/id/2018/2018_clean.csv,28012211460_D5,28012211460_D5,550.0,Enterobacter
Proteus mirabilis,28012211520_B11,S,S,S,S,S,S,S,R,S,S,R,S,,,,,,,,,,,,,,,,,,,,,,,,,,,,,,,,,,,,,,,,,,,,,../data/driams/downloads/DRIAMS-C/id/2018/2018_clean.csv,28012211520_B11,28012211520_B11,584.0,Proteus
Aerococcus urinae,28012211530_D6,S,S,,S,,,,S,,,,,,,,,,,,,,,,,,,,,,,,,,,,,,,,,,,,,,,,,,,,,,,,,../data/driams/downloads/DRIAMS-C/id/2018/2018_clean.csv,28012211530_D6,28012211530_D6,1376.0,Aerococcus
Escherichia coli,28012211550_B12,S,R,S,S,S,S,S,S,S,S,S,R,,,,,,,,,,,,,,,,,,,,,,,,,,,,,,,,,,,,,,,,,,,,,../data/driams/downloads/DRIAMS-C/id/2018/2018_clean.csv,28012211550_B12,28012211550_B12,562.0,Escherichia
Escherichia coli,28012211550_C1,S,R,S,S,S,S,S,S,S,S,S,R,,,,,,,,,,,,,,,,,,,,,,,,,,,,,,,,,,,,,,,,,,,,,../data/driams/downloads/DRIAMS-C/id/2018/2018_clean.csv,28012211550_C1,28012211550_C1,562.0,Escherichia
Escherichia coli,28012211550_C2,S,R,S,S,S,S,S,S,S,S,S,R,,,,,,,,,,,,,,,,,,,,,,,,,,,,,,,,,,,,,,,,,,,,,../data/driams/downloads/DRIAMS-C/id/2018/2018_clean.csv,28012211550_C2,28012211550_C2,562.0,Escherichia
Klebsiella oxytoca,28012212560_C3,S,R,S,S,S,S,S,S,R,S,S,S,,,,,,,,,,,,,,,,,,,,,,,,,,,,,,,,,,,,,,,,,,,,,../data/driams/downloads/DRIAMS-C/id/2018/2018_clean.csv,28012212560_C3,28012212560_C3,571.0,Klebsiella
Escherichia coli,28012212560_C5,S,S,S,S,S,S,S,S,S,S,S,S,,,,,,,,,,,,,,,,,,,,,,,,,,,,,,,,,,,,,,,,,,,,,../data/driams/downloads/DRIAMS-C/id/2018/2018_clean.csv,28012212560_C5,28012212560_C5,562.0,Escherichia
Escherichia coli,28012212610_C6,S,R,R,R,S,R,R,S,S,R,S,R,,,,,,,,,,,S,,,S,R,S,,,,,,,,,,,,,,,,,,,,,,,,,,,,,../data/driams/downloads/DRIAMS-C/id/2018/2018_clean.csv,28012212610_C6,28012212610_C6,562.0,Escherichia
Escherichia coli,28012212610_C7,S,R,R,R,S,R,R,S,S,R,S,R,,,,,,,,,,,S,,,S,R,S,,,,,,,,,,,,,,,,,,,,,,,,,,,,,../data/driams/downloads/DRIAMS-C/id/2018/2018_clean.csv,28012212610_C7,28012212610_C7,562.0,Escherichia
Escherichia coli,28012212610_C8,S,R,R,R,S,R,R,S,S,R,S,R,,,,,,,,,,,S,,,S,R,S,,,,,,,,,,,,,,,,,,,,,,,,,,,,,../data/driams/downloads/DRIAMS-C/id/2018/2018_clean.csv,28012212610_C8,28012212610_C8,562.0,Escherichia
Pseudomonas aeruginosa,28012212710_A1,R,R,S,S,S,R,R,,,,S,R,,,,,,,,,,,S,,,S,S,S,,,,,,,,,,,,,,,,,,,,,,,,,,,,,../data/driams/downloads/DRIAMS-C/id/2018/2018_clean.csv,28012212710_A1,28012212710_A1,287.0,Pseudomonas
Bacteroides fragilis,28012303070_B7,S,R,,,,,,,,,,,R,R,,,,R,,,,,,S,,,,,,,,,,,,,,,,,,,,,,,,,,,,,,,,,../data/driams/downloads/DRIAMS-C/id/2018/2018_clean.csv,28012303070_B7,28012303070_B7,817.0,Bacteroides
Staphylococcus aureus,28012304040_A7,S,R,,S,S,,,,,,,S,S,S,S,S,S,R,S,S,,,,,,,,,,,,,,,,,,,,,,,,,,,,,,,,,,,,,../data/driams/downloads/DRIAMS-C/id/2018/2018_clean.csv,28012304040_A7,28012304040_A7,1280.0,Staphylococcus
Aerococcus sanguinicola,28012304520_D8,S,S,,R,,,,S,,,,,,,,,,,,,,,,,,,,,,,,,,,,,,,,,,,,,,,,,,,,,,,,,../data/driams/downloads/DRIAMS-C/id/2018/2018_clean.csv,28012304520_D8,28012304520_D8,119206.0,Aerococcus
Enterococcus faecalis,28012306420_D9,S,S,,,,,,S,,,,I,,,,,R,,,,,R,S,,,,,,,,,,,,,,,,,,,,,,,,,,,,,,,,,,../data/driams/downloads/DRIAMS-C/id/2018/2018_clean.csv,28012306420_D9,28012306420_D9,1351.0,Enterococcus
Morganella morganii,28012306700_G6,R,R,S,S,S,S,R,,,,R,R,,,,,,,,,,,S,,,S,S,S,,,,,,,,,,,,,,,,,,,,,,,,,,,,,../data/driams/downloads/DRIAMS-C/id/2018/2018_clean.csv,28012306700_G6,28012306700_G6,582.0,Morganella
Escherichia coli,28012306700_G7,S,S,S,S,S,S,S,,,,S,S,,,,,,,,,,,S,,,S,S,S,,,,,,,,,,,,,,,,,,,,,,,,,,,,,../data/driams/downloads/DRIAMS-C/id/2018/2018_clean.csv,28012306700_G7,28012306700_G7,562.0,Escherichia
Raoultella ornithinolytica,28012306700_G8,S,R,S,S,S,S,S,,,,S,S,,,,,,,,,,,S,,,S,S,S,,,,,,,,,,,,,,,,,,,,,,,,,,,,,../data/driams/downloads/DRIAMS-C/id/2018/2018_clean.csv,28012306700_G8,28012306700_G8,54291.0,Raoultella
Enterococcus faecalis,28012306700_G9,S,S,,,R,,,,,,,,,R,,,R,,,S,S,R,S,,,,,,,,,,,,,,,,,,,,,,,,,,,,,,,,,,../data/driams/downloads/DRIAMS-C/id/2018/2018_clean.csv,28012306700_G9,28012306700_G9,1351.0,Enterococcus
Enterococcus faecalis,28012308550_D10,S,S,,,,,,S,,,,I,,,,,R,,,,,R,S,,,,,,,,,,,,,,,,,,,,,,,,,,,,,,,,,,../data/driams/downloads/DRIAMS-C/id/2018/2018_clean.csv,28012308550_D10,28012308550_D10,1351.0,Enterococcus
Proteus vulgaris,28012308550_D11,S,R,S,S,S,S,R,R,S,S,R,R,,,,,,,,,,,,,,,,,,,,,,,,,,,,,,,,,,,,,,,,,,,,,../data/driams/downloads/DRIAMS-C/id/2018/2018_clean.csv,28012308550_D11,28012308550_D11,585.0,Proteus
Morganella morganii,28012308570_F3,R,R,S,S,S,S,R,,,,R,S,,,,,,,,,,,S,,,S,S,S,,,,,,,,,,,,,,,,,,,,,,,,,,,,,../data/driams/downloads/DRIAMS-C/id/2018/2018_clean.csv,28012308570_F3,28012308570_F3,582.0,Morganella
Burkholderia gladioli,28012308570_F4,S,S,S,S,S,S,S,,,,R,S,,,,,,,,,,,S,,,S,S,S,,,,,,,,,,,,,,,,,,,,,,,,,,,,,../data/driams/downloads/DRIAMS-C/id/2018/2018_clean.csv,28012308570_F4,28012308570_F4,28095.0,Burkholderia
Morganella morganii,28012308570_G9,R,R,S,S,S,S,R,,,,R,S,,,,,,,,,,,S,,,S,S,S,,,,,,,,,,,,,,,,,,,,,,,,,,,,,../data/driams/downloads/DRIAMS-C/id/2018/2018_clean.csv,28012308570_G9,28012308570_G9,582.0,Morganella
Staphylococcus aureus,28012309730_A12,S,R,,S,S,,,,,,,S,S,S,S,S,S,R,S,S,,,,,,,,,,,,,,,,,,,,,,,,,,,,,,,,,,,,,../data/driams/downloads/DRIAMS-C/id/2018/2018_clean.csv,28012309730_A12,28012309730_A12,1280.0,Staphylococcus
Enterococcus faecalis,28012309920_E1,S,S,,,,,,S,,,I,I,,,,,R,,,,,R,S,,,,,,,,,,,,,,,,,,,,,,,,,,,,,,,,,,../data/driams/downloads/DRIAMS-C/id/2018/2018_clean.csv,28012309920_E1,28012309920_E1,1351.0,Enterococcus
Escherichia coli,28012309920_A3,S,R,S,S,S,S,S,S,S,S,S,S,,,,,,,,,,,,,,,,,,,,,,,,,,,,,,,,,,,,,,,,,,,,,../data/driams/downloads/DRIAMS-C/id/2018/2018_clean.csv,28012309920_A3,28012309920_A3,562.0,Escherichia
Klebsiella pneumoniae,28012309920_A4,S,R,S,S,S,S,S,S,R,S,S,S,,,,,,,,,,,,,,,,,,,,,,,,,,,,,,,,,,,,,,,,,,,,,../data/driams/downloads/DRIAMS-C/id/2018/2018_clean.csv,28012309920_A4,28012309920_A4,573.0,Klebsiella
Pseudomonas aeruginosa,28012309950_E2,R,R,S,R,S,R,R,,,,S,R,,,,,,,,,,,S,,,S,S,S,,,,,,,,,,,,,,,,,,,,,,,,,,,,,../data/driams/downloads/DRIAMS-C/id/2018/2018_clean.csv,28012309950_E2,28012309950_E2,287.0,Pseudomonas
Escherichia coli,28012310610_E4,S,R,S,R,S,S,S,S,S,R,S,R,,,,,,,,,,,,,,,,,,,,,,,,,,,,,,,,,,,,,,,,,,,,,../data/driams/downloads/DRIAMS-C/id/2018/2018_clean.csv,28012310610_E4,28012310610_E4,562.0,Escherichia
Escherichia coli,28012310610_E5,S,R,S,R,S,S,S,S,S,R,S,R,,,,,,,,,,,,,,,,,,,,,,,,,,,,,,,,,,,,,,,,,,,,,../data/driams/downloads/DRIAMS-C/id/2018/2018_clean.csv,28012310610_E5,28012310610_E5,562.0,Escherichia
Enterococcus faecalis,28012312060_E9,S,S,,,,,,S,,,,I,,,,,R,,,,,R,S,,,,,,,,,,,,,,,,,,,,,,,,,,,,,,,,,,../data/driams/downloads/DRIAMS-C/id/2018/2018_clean.csv,28012312060_E9,28012312060_E9,1351.0,Enterococcus
Escherichia coli,28012312170_E8,R,R,S,S,S,S,S,S,S,S,S,S,,,,,,,,,,,,,,,,,,,,,,,,,,,,,,,,,,,,,,,,,,,,,../data/driams/downloads/DRIAMS-C/id/2018/2018_clean.csv,28012312170_E8,28012312170_E8,562.0,Escherichia
Enterococcus faecalis,28012402270_D6,S,S,,,R,,,,,,,,,R,,,R,,,S,S,R,S,,,,,,,,,,,,,,,,,,,,,,,,,,,,,,,,,,../data/driams/downloads/DRIAMS-C/id/2018/2018_clean.csv,28012402270_D6,28012402270_D6,1351.0,Enterococcus
Enterococcus faecalis,28012402270_B5,S,S,,,R,,,,,,,,,R,,,R,,,S,S,R,S,,,,,,,,,,,,,,,,,,,,,,,,,,,,,,,,,,../data/driams/downloads/DRIAMS-C/id/2018/2018_clean.csv,28012402270_B5,28012402270_B5,1351.0,Enterococcus
Staphylococcus aureus,28012402400_B5,S,S,,S,S,,,,,,,S,S,S,S,S,S,S,S,S,,,,,,,,,,,,,,,,,,,,,,,,,,,,,,,,,,,,,../data/driams/downloads/DRIAMS-C/id/2018/2018_clean.csv,28012402400_B5,28012402400_B5,1280.0,Staphylococcus
Staphylococcus aureus,28012402430_B6,S,S,,S,S,,,,,,,S,S,S,S,S,S,S,S,S,,,,,,,,,,,,,,,,,,,,,,,,,,,,,,,,,,,,,../data/driams/downloads/DRIAMS-C/id/2018/2018_clean.csv,28012402430_B6,28012402430_B6,1280.0,Staphylococcus
Pseudomonas aeruginosa,28012402590_D10,R,R,S,S,S,R,R,,,,S,R,,,,,,,,,,,S,,,S,S,S,,,,,,,,,,,,,,,,,,,,,,,,,,,,,../data/driams/downloads/DRIAMS-C/id/2018/2018_clean.csv,28012402590_D10,28012402590_D10,287.0,Pseudomonas
Pseudomonas aeruginosa,28012402590_D7,R,R,S,S,S,R,R,,,,S,R,,,,,,,,,,,S,,,S,S,S,,,,,,,,,,,,,,,,,,,,,,,,,,,,,../data/driams/downloads/DRIAMS-C/id/2018/2018_clean.csv,28012402590_D7,28012402590_D7,287.0,Pseudomonas
Escherichia coli,28012402590_D9,S,R,S,S,S,S,S,,,,S,S,,,,,,,,,,,S,,,S,S,S,,,,,,,,,,,,,,,,,,,,,,,,,,,,,../data/driams/downloads/DRIAMS-C/id/2018/2018_clean.csv,28012402590_D9,28012402590_D9,562.0,Escherichia
Klebsiella pneumoniae,28012402590_B3,S,R,S,S,S,S,S,,,,S,S,,,,,,,,,,,S,,,S,S,S,,,,,,,,,,,,,,,,,,,,,,,,,,,,,../data/driams/downloads/DRIAMS-C/id/2018/2018_clean.csv,28012402590_B3,28012402590_B3,573.0,Klebsiella
Escherichia coli,28012402590_B4,S,R,S,S,S,S,S,,,,S,S,,,,,,,,,,,S,,,S,S,S,,,,,,,,,,,,,,,,,,,,,,,,,,,,,../data/driams/downloads/DRIAMS-C/id/2018/2018_clean.csv,28012402590_B4,28012402590_B4,562.0,Escherichia
Bacteroides fragilis,28012406030_D2,S,S,,,,,,,,,,,R,S,,,,R,,,,,,S,,,,,,,,,,,,,,,,,,,,,,,,,,,,,,,,,../data/driams/downloads/DRIAMS-C/id/2018/2018_clean.csv,28012406030_D2,28012406030_D2,817.0,Bacteroides
Bacteroides fragilis,28012406030_D3,S,S,,,,,,,,,,,R,S,,,,R,,,,,,S,,,,,,,,,,,,,,,,,,,,,,,,,,,,,,,,,../data/driams/downloads/DRIAMS-C/id/2018/2018_clean.csv,28012406030_D3,28012406030_D3,817.0,Bacteroides
Campylobacter jejuni,28012408200_B10,,,,R,,,,,,,,,S,,,,,,,,,,,,,,,,S,S,R,S,,,,,,,,,,,,,,,,,,,,,,,,,../data/driams/downloads/DRIAMS-C/id/2018/2018_clean.csv,28012408200_B10,28012408200_B10,197.0,Campylobacter
Campylobacter jejuni,28012408200_B9,,,,R,,,,,,,,,S,,,,,,,,,,,,,,,,S,S,R,S,,,,,,,,,,,,,,,,,,,,,,,,,../data/driams/downloads/DRIAMS-C/id/2018/2018_clean.csv,28012408200_B9,28012408200_B9,197.0,Campylobacter
Escherichia coli,28012409920_B10,S,S,S,S,S,S,S,S,S,S,S,S,,,,,,,,,,,,,,,,,,,,,,,,,,,,,,,,,,,,,,,,,,,,,../data/driams/downloads/DRIAMS-C/id/2018/2018_clean.csv,28012409920_B10,28012409920_B10,562.0,Escherichia
Proteus mirabilis,28012409980_A10,S,S,S,S,S,S,S,R,S,S,R,S,,,,,,,,,,,,,,,,,,,,,,,,,,,,,,,,,,,,,,,,,,,,,../data/driams/downloads/DRIAMS-C/id/2018/2018_clean.csv,28012409980_A10,28012409980_A10,584.0,Proteus
Enterococcus faecium,28012410130_D12,R,R,,,R,,,,,,,,,R,,,R,,,S,S,S,R,,,,,,,,,,,,,,,,,,,,,,,,,,,,,,,,,,../data/driams/downloads/DRIAMS-C/id/2018/2018_clean.csv,28012410130_D12,28012410130_D12,1352.0,Enterococcus
Pseudomonas aeruginosa,28012410200_C10,R,R,S,S,S,R,R,,,,S,R,,,,,,,,,,,S,,,S,S,S,,,,,,,,,,,,,,,,,,,,,,,,,,,,,../data/driams/downloads/DRIAMS-C/id/2018/2018_clean.csv,28012410200_C10,28012410200_C10,287.0,Pseudomonas
Serratia marcescens,28012410200_C11,R,R,R,R,R,R,R,,,,R,R,,,,,,,,,,,R,,,S,R,S,,,,,,,,,,,,,,,,,,,,,,,,,,,,,../data/driams/downloads/DRIAMS-C/id/2018/2018_clean.csv,28012410200_C11,28012410200_C11,615.0,Serratia
Serratia marcescens,28012410200_E1,R,R,R,R,R,R,R,,,,R,R,,,,,,,,,,,R,,,S,R,S,,,,,,,,,,,,,,,,,,,,,,,,,,,,,../data/driams/downloads/DRIAMS-C/id/2018/2018_clean.csv,28012410200_E1,28012410200_E1,615.0,Serratia
Proteus mirabilis,28012411160_A11,S,S,S,S,S,S,S,,,,R,S,,,,,,,,,,,S,,,S,S,S,,,,,,,,,,,,,,,,,,,,,,,,,,,,,../data/driams/downloads/DRIAMS-C/id/2018/2018_clean.csv,28012411160_A11,28012411160_A11,584.0,Proteus
Pseudomonas aeruginosa,28012412090_B4,R,R,S,S,S,R,R,,,,S,R,,,,,,,,,,,S,,,S,S,S,,,,,,,,,,,,,,,,,,,,,,,,,,,,,../data/driams/downloads/DRIAMS-C/id/2018/2018_clean.csv,28012412090_B4,28012412090_B4,287.0,Pseudomonas
Pseudomonas aeruginosa,28012412090_B5,R,R,S,S,S,R,R,,,,S,R,,,,,,,,,,,S,,,S,S,S,,,,,,,,,,,,,,,,,,,,,,,,,,,,,../data/driams/downloads/DRIAMS-C/id/2018/2018_clean.csv,28012412090_B5,28012412090_B5,287.0,Pseudomonas
Enterococcus faecium,28012412920_B6,R,R,,,R,,,,,,,,,R,,,R,,,S,S,S,R,,,,,,,,,,,,,,,,,,,,,,,,,,,,,,,,,,../data/driams/downloads/DRIAMS-C/id/2018/2018_clean.csv,28012412920_B6,28012412920_B6,1352.0,Enterococcus
Proteus vulgaris,28012502330_E7,S,R,S,S,S,S,R,,,,R,S,,,,,,,,,,,S,,,S,S,S,,,,,,,,,,,,,,,,,,,,,,,,,,,,,../data/driams/downloads/DRIAMS-C/id/2018/2018_clean.csv,28012502330_E7,28012502330_E7,585.0,Proteus
Enterococcus faecium,28012502330_E8,R,R,,,R,,,,,,,,,R,,,R,,,S,S,S,R,,,,,,,,,,,,,,,,,,,,,,,,,,,,,,,,,,../data/driams/downloads/DRIAMS-C/id/2018/2018_clean.csv,28012502330_E8,28012502330_E8,1352.0,Enterococcus
Escherichia coli,28012502330_E9,S,S,S,S,S,S,S,,,,S,S,,,,,,,,,,,S,,,S,S,S,,,,,,,,,,,,,,,,,,,,,,,,,,,,,../data/driams/downloads/DRIAMS-C/id/2018/2018_clean.csv,28012502330_E9,28012502330_E9,562.0,Escherichia
Enterococcus faecium,28012503010_F8,R,R,,,R,,,,,,,,,R,,,R,,,S,S,S,R,,,,,,,,,,,,,,,,,,,,,,,,,,,,,,,,,,../data/driams/downloads/DRIAMS-C/id/2018/2018_clean.csv,28012503010_F8,28012503010_F8,1352.0,Enterococcus
Escherichia coli,28012503010_F9,S,S,S,S,S,S,S,,,,S,S,,,,,,,,,,,S,,,S,S,S,,,,,,,,,,,,,,,,,,,,,,,,,,,,,../data/driams/downloads/DRIAMS-C/id/2018/2018_clean.csv,28012503010_F9,28012503010_F9,562.0,Escherichia
Enterococcus faecium,28012503010_C12,R,R,,,R,,,,,,,,,R,,,R,,,S,S,S,R,,,,,,,,,,,,,,,,,,,,,,,,,,,,,,,,,,../data/driams/downloads/DRIAMS-C/id/2018/2018_clean.csv,28012503010_C12,28012503010_C12,1352.0,Enterococcus
Bacteroides fragilis,28012503010_D1,S,R,,,,,,,,,,,S,S,,,,R,,,,,,S,,,,,,,,,,,,,,,,,,,,,,,,,,,,,,,,,../data/driams/downloads/DRIAMS-C/id/2018/2018_clean.csv,28012503010_D1,28012503010_D1,817.0,Bacteroides
Proteus mirabilis,28012503820_F10,S,S,S,R,R,S,S,,,,R,R,,,,,,,,,,,S,,,S,S,S,,,,,,,,,,,,,,,,,,,,,,,,,,,,,../data/driams/downloads/DRIAMS-C/id/2018/2018_clean.csv,28012503820_F10,28012503820_F10,584.0,Proteus
Pseudomonas aeruginosa,28012503820_F11,R,R,S,S,S,R,R,,,,S,R,,,,,,,,,,,S,,,S,S,S,,,,,,,,,,,,,,,,,,,,,,,,,,,,,../data/driams/downloads/DRIAMS-C/id/2018/2018_clean.csv,28012503820_F11,28012503820_F11,287.0,Pseudomonas
Klebsiella pneumoniae,28012503820_G2,R,R,R,R,R,R,R,,,,S,R,,,,,,,,,,,I,,,S,R,S,,,,,,,,,,,,,,,,,,,,,,,,,,,,,../data/driams/downloads/DRIAMS-C/id/2018/2018_clean.csv,28012503820_G2,28012503820_G2,573.0,Klebsiella
Pseudomonas aeruginosa,28012503820_G3,R,R,S,S,S,R,R,,,,S,R,,,,,,,,,,,S,,,S,S,S,,,,,,,,,,,,,,,,,,,,,,,,,,,,,../data/driams/downloads/DRIAMS-C/id/2018/2018_clean.csv,28012503820_G3,28012503820_G3,287.0,Pseudomonas
Klebsiella pneumoniae,28012503820_C11,R,R,R,R,R,R,R,,,,S,R,,,,,,,,,,,I,,,S,R,S,,,,,,,,,,,,,,,,,,,,,,,,,,,,,../data/driams/downloads/DRIAMS-C/id/2018/2018_clean.csv,28012503820_C11,28012503820_C11,573.0,Klebsiella
Enterococcus faecium,28012503930_G5,R,R,,,R,R,,,,,,,,R,,,R,,,S,S,S,,,,,,,,,,,,,,,,,,,,,,,,,,,,,,,,,,,../data/driams/downloads/DRIAMS-C/id/2018/2018_clean.csv,28012503930_G5,28012503930_G5,1352.0,Enterococcus
Escherichia coli,28012503930_G6,R,R,S,S,S,S,S,,,,S,R,,,,,,,,,,,S,,,S,S,S,,,,,,,,,,,,,,,,,,,,,,,,,,,,,../data/driams/downloads/DRIAMS-C/id/2018/2018_clean.csv,28012503930_G6,28012503930_G6,562.0,Escherichia
Escherichia coli,28012503930_G7,R,R,S,S,S,S,S,,,,S,R,,,,,,,,,,,S,,,S,S,S,,,,,,,,,,,,,,,,,,,,,,,,,,,,,../data/driams/downloads/DRIAMS-C/id/2018/2018_clean.csv,28012503930_G7,28012503930_G7,562.0,Escherichia
Escherichia coli,28012505550_C1,R,R,R,S,R,R,R,S,S,S,S,S,,,,,,,,,,,S,,,S,I,S,,,,,,,,,,,,,,,,,,,,,,,,,,,,,../data/driams/downloads/DRIAMS-C/id/2018/2018_clean.csv,28012505550_C1,28012505550_C1,562.0,Escherichia
Escherichia coli,28012505550_C2,R,R,R,S,R,R,R,S,S,S,S,S,,,,,,,,,,,S,,,S,I,S,,,,,,,,,,,,,,,,,,,,,,,,,,,,,../data/driams/downloads/DRIAMS-C/id/2018/2018_clean.csv,28012505550_C2,28012505550_C2,562.0,Escherichia
Escherichia coli,28012505550_D12,R,R,R,S,R,R,R,S,S,S,S,S,,,,,,,,,,,S,,,S,I,S,,,,,,,,,,,,,,,,,,,,,,,,,,,,,../data/driams/downloads/DRIAMS-C/id/2018/2018_clean.csv,28012505550_D12,28012505550_D12,562.0,Escherichia
Escherichia coli,28012505630_C3,S,R,S,S,S,S,S,S,S,S,S,S,,,,,,,,,,,,,,,S,,,,,,,,,,,,,,,,,,,,,,,,,,,,,,../data/driams/downloads/DRIAMS-C/id/2018/2018_clean.csv,28012505630_C3,28012505630_C3,562.0,Escherichia
Klebsiella pneumoniae,28012505630_C4,S,R,S,S,S,S,S,S,S,S,S,S,,,,,,,,,,,,,,,,,,,,,,,,,,,,,,,,,,,,,,,,,,,,,../data/driams/downloads/DRIAMS-C/id/2018/2018_clean.csv,28012505630_C4,28012505630_C4,573.0,Klebsiella
Pseudomonas aeruginosa,28012505630_E1,R,R,S,R,S,R,R,,,,S,R,,,,,,,,,,,S,,,S,S,S,,,,,,,,,,,,,,,,,,,,,,,,,,,,,../data/driams/downloads/DRIAMS-C/id/2018/2018_clean.csv,28012505630_E1,28012505630_E1,287.0,Pseudomonas
Enterococcus faecalis,28012505630_E2,S,S,,,R,,,,,,,,,R,,,R,,,S,S,R,S,,,,,,,,,,,,,,,,,,,,,,,,,,,,,,,,,,../data/driams/downloads/DRIAMS-C/id/2018/2018_clean.csv,28012505630_E2,28012505630_E2,1351.0,Enterococcus
Escherichia coli,28012506560_D11,S,S,S,S,S,S,S,S,S,S,S,S,,,,,,,,,,,,,,,,,,,,,,,,,,,,,,,,,,,,,,,,,,,,,../data/driams/downloads/DRIAMS-C/id/2018/2018_clean.csv,28012506560_D11,28012506560_D11,562.0,Escherichia
Klebsiella pneumoniae,28012509110_C7,S,R,S,S,S,S,S,S,R,S,S,S,,,,,,,,,,,,,,,,,,,,,,,,,,,,,,,,,,,,,,,,,,,,,../data/driams/downloads/DRIAMS-C/id/2018/2018_clean.csv,28012509110_C7,28012509110_C7,573.0,Klebsiella
Enterococcus faecium,28012510450_H5,S,S,,,R,,,,,,,,,R,,,R,,,S,S,S,S,,,,,,,,,,,,,,,,,,,,,,,,,,,,,,,,,,../data/driams/downloads/DRIAMS-C/id/2018/2018_clean.csv,28012510450_H5,28012510450_H5,1352.0,Enterococcus
Enterococcus faecium,28012510450_C7,S,S,,,R,,,,,,,,,R,,,R,,,S,S,S,S,,,,,,,,,,,,,,,,,,,,,,,,,,,,,,,,,,../data/driams/downloads/DRIAMS-C/id/2018/2018_clean.csv,28012510450_C7,28012510450_C7,1352.0,Enterococcus
Klebsiella oxytoca,28012511180_C10,S,R,S,S,S,S,S,S,S,S,S,S,,,,,,,,,,,,,,,,,,,,,,,,,,,,,,,,,,,,,,,,,,,,,../data/driams/downloads/DRIAMS-C/id/2018/2018_clean.csv,28012511180_C10,28012511180_C10,571.0,Klebsiella
Klebsiella oxytoca,28012511180_C11,S,R,S,S,S,S,S,S,S,S,S,S,,,,,,,,,,,,,,,,,,,,,,,,,,,,,,,,,,,,,,,,,,,,,../data/driams/downloads/DRIAMS-C/id/2018/2018_clean.csv,28012511180_C11,28012511180_C11,571.0,Klebsiella
Citrobacter freundii,28012511180_C9,R,R,S,S,S,S,S,S,S,S,S,S,,,,,,,,,,,,,,,,,,,,,,,,,,,,,,,,,,,,,,,,,,,,,../data/driams/downloads/DRIAMS-C/id/2018/2018_clean.csv,28012511180_C9,28012511180_C9,546.0,Citrobacter
Escherichia coli,28012511230_C12,S,S,S,S,S,S,S,S,S,S,S,S,,,,,,,,,,,,,,,,,,,,,,,,,,,,,,,,,,,,,,,,,,,,,../data/driams/downloads/DRIAMS-C/id/2018/2018_clean.csv,28012511230_C12,28012511230_C12,562.0,Escherichia
Kluyvera ascorbata,28012511230_D1,S,S,S,S,S,S,S,S,S,S,S,S,,,,,,,,,,,,,,,,,,,,,,,,,,,,,,,,,,,,,,,,,,,,,../data/driams/downloads/DRIAMS-C/id/2018/2018_clean.csv,28012511230_D1,28012511230_D1,51288.0,Kluyvera
Escherichia coli,28012511230_D2,S,S,S,S,S,S,S,S,S,S,S,S,,,,,,,,,,,,,,,,,,,,,,,,,,,,,,,,,,,,,,,,,,,,,../data/driams/downloads/DRIAMS-C/id/2018/2018_clean.csv,28012511230_D2,28012511230_D2,562.0,Escherichia
Escherichia coli,28012511230_E6,S,S,S,S,S,S,S,S,S,S,S,S,,,,,,,,,,,,,,,,,,,,,,,,,,,,,,,,,,,,,,,,,,,,,../data/driams/downloads/DRIAMS-C/id/2018/2018_clean.csv,28012511230_E6,28012511230_E6,562.0,Escherichia
Kluyvera ascorbata,28012511230_E7,S,S,S,S,S,S,S,S,S,S,S,S,,,,,,,,,,,,,,,,,,,,,,,,,,,,,,,,,,,,,,,,,,,,,../data/driams/downloads/DRIAMS-C/id/2018/2018_clean.csv,28012511230_E7,28012511230_E7,51288.0,Kluyvera
Enterococcus faecium,28012511290_D3,S,S,,,R,,,,,,,,,R,,,R,,,S,S,S,S,,,,,,,,,,,,,,,,,,,,,,,,,,,,,,,,,,../data/driams/downloads/DRIAMS-C/id/2018/2018_clean.csv,28012511290_D3,28012511290_D3,1352.0,Enterococcus
Enterococcus faecium,28012511290_E8,S,S,,,R,,,,,,,,,R,,,R,,,S,S,S,S,,,,,,,,,,,,,,,,,,,,,,,,,,,,,,,,,,../data/driams/downloads/DRIAMS-C/id/2018/2018_clean.csv,28012511290_E8,28012511290_E8,1352.0,Enterococcus
Klebsiella pneumoniae,28012511310_D4,S,R,R,S,R,R,R,S,R,S,S,R,,,,,,,,,,,S,,,S,R,S,,,,,,,,,,,,,,,,,,,,,,,,,,,,,../data/driams/downloads/DRIAMS-C/id/2018/2018_clean.csv,28012511310_D4,28012511310_D4,573.0,Klebsiella
Proteus mirabilis,28012511310_D5,S,R,S,R,S,S,S,R,S,R,R,R,,,,,,,,,,,S,,,S,S,S,,,,,,,,,,,,,,,,,,,,,,,,,,,,,../data/driams/downloads/DRIAMS-C/id/2018/2018_clean.csv,28012511310_D5,28012511310_D5,584.0,Proteus
Proteus mirabilis,28012511310_E10,S,R,S,R,S,S,S,R,S,R,R,R,,,,,,,,,,,S,,,S,S,S,,,,,,,,,,,,,,,,,,,,,,,,,,,,,../data/driams/downloads/DRIAMS-C/id/2018/2018_clean.csv,28012511310_E10,28012511310_E10,584.0,Proteus
Klebsiella pneumoniae,28012511310_E11,S,R,R,S,R,R,R,S,R,S,S,R,,,,,,,,,,,S,,,S,R,S,,,,,,,,,,,,,,,,,,,,,,,,,,,,,../data/driams/downloads/DRIAMS-C/id/2018/2018_clean.csv,28012511310_E11,28012511310_E11,573.0,Klebsiella
Klebsiella pneumoniae,28012511310_E12,S,R,R,S,R,R,R,S,R,S,S,R,,,,,,,,,,,S,,,S,R,S,,,,,,,,,,,,,,,,,,,,,,,,,,,,,../data/driams/downloads/DRIAMS-C/id/2018/2018_clean.csv,28012511310_E12,28012511310_E12,573.0,Klebsiella
Proteus mirabilis,28012511480_H11,S,S,S,S,S,S,S,,,,R,S,,,,,,,,,,,S,,,S,S,S,,,,,,,,,,,,,,,,,,,,,,,,,,,,,../data/driams/downloads/DRIAMS-C/id/2018/2018_clean.csv,28012511480_H11,28012511480_H11,584.0,Proteus
Enterococcus faecalis,28012511830_D7,S,S,,,,,,S,,,,R,,,,,R,,,,,R,S,,,,,,,,,,,,,,,,,,,,,,,,,,,,,,,,,,../data/driams/downloads/DRIAMS-C/id/2018/2018_clean.csv,28012511830_D7,28012511830_D7,1351.0,Enterococcus
Klebsiella aerogenes,28012511940_C4,R,R,S,S,S,S,R,,,,S,S,,,,,,,,,,,S,,,S,S,S,,,,,,,,,,,,,,,,,,,,,,,,,,,,,../data/driams/downloads/DRIAMS-C/id/2018/2018_clean.csv,28012511940_C4,28012511940_C4,548.0,
Proteus vulgaris,28012511940_C5,S,R,S,S,S,S,R,,,,R,S,,,,,,,,,,,S,,,S,S,S,,,,,,,,,,,,,,,,,,,,,,,,,,,,,../data/driams/downloads/DRIAMS-C/id/2018/2018_clean.csv,28012511940_C5,28012511940_C5,585.0,Proteus
Staphylococcus aureus,28012603470_C2,S,R,,S,S,,,,,,,S,S,S,S,S,S,R,S,S,,,,,,,,,,,,,,,,,,,,,,,,,,,,,,,,,,,,,../data/driams/downloads/DRIAMS-C/id/2018/2018_clean.csv,28012603470_C2,28012603470_C2,1280.0,Staphylococcus
Staphylococcus aureus,28012608340_D9,S,R,,R,S,,,,,,,S,S,S,S,S,S,R,S,S,,,,,,,,,,,,,,,,,,,,,,,,,,,,,,,,,,,,,../data/driams/downloads/DRIAMS-C/id/2018/2018_clean.csv,28012608340_D9,28012608340_D9,1280.0,Staphylococcus
Proteus vulgaris,28012608830_F9,S,R,S,S,S,S,R,R,S,S,R,S,,,,,,,,,,,,,,,,,,,,,,,,,,,,,,,,,,,,,,,,,,,,,../data/driams/downloads/DRIAMS-C/id/2018/2018_clean.csv,28012608830_F9,28012608830_F9,585.0,Proteus
Enterococcus faecalis,28012608830_A2,S,S,,,,,,S,,R,,I,,,,,R,,,,,R,S,,,,,,,,,,,,,,,,,,,,,,,,,,,,,,,,,,../data/driams/downloads/DRIAMS-C/id/2018/2018_clean.csv,28012608830_A2,28012608830_A2,1351.0,Enterococcus
Escherichia coli,28012608960_F11,S,R,R,S,R,R,R,S,S,S,S,R,,,,,,,,,,,S,,,S,I,S,,,,,,,,,,,,,,,,,,,,,,,,,,,,,../data/driams/downloads/DRIAMS-C/id/2018/2018_clean.csv,28012608960_F11,28012608960_F11,562.0,Escherichia
Escherichia coli,28012608960_F12,S,R,R,S,R,R,R,S,S,S,S,R,,,,,,,,,,,S,,,S,I,S,,,,,,,,,,,,,,,,,,,,,,,,,,,,,../data/driams/downloads/DRIAMS-C/id/2018/2018_clean.csv,28012608960_F12,28012608960_F12,562.0,Escherichia
Proteus mirabilis,28012610390_G4,S,S,S,S,S,S,S,R,S,S,R,R,,,,,,,,,,,,,,,,,,,,,,,,,,,,,,,,,,,,,,,,,,,,,../data/driams/downloads/DRIAMS-C/id/2018/2018_clean.csv,28012610390_G4,28012610390_G4,584.0,Proteus
Proteus mirabilis,28012610390_A3,S,S,S,S,S,S,S,R,S,S,R,R,,,,,,,,,,,,,,,,,,,,,,,,,,,,,,,,,,,,,,,,,,,,,../data/driams/downloads/DRIAMS-C/id/2018/2018_clean.csv,28012610390_A3,28012610390_A3,584.0,Proteus
Proteus mirabilis,28012610420_G5,S,R,S,S,S,S,S,R,S,S,R,S,,,,,,,,,,,,,,,,,,,,,,,,,,,,,,,,,,,,,,,,,,,,,../data/driams/downloads/DRIAMS-C/id/2018/2018_clean.csv,28012610420_G5,28012610420_G5,584.0,Proteus
Proteus mirabilis,28012610420_A6,S,R,S,S,S,S,S,R,S,S,R,S,,,,,,,,,,,,,,,,,,,,,,,,,,,,,,,,,,,,,,,,,,,,,../data/driams/downloads/DRIAMS-C/id/2018/2018_clean.csv,28012610420_A6,28012610420_A6,584.0,Proteus
Streptococcus pneumoniae,28012610840_B11,S,S,,,R,,,,,,,S,S,S,S,,S,S,,S,,,,,S,,,,,,,,,,,,,,,,,,,,,,,,,,,,,,,,../data/driams/downloads/DRIAMS-C/id/2018/2018_clean.csv,28012610840_B11,28012610840_B11,1313.0,Streptococcus
Staphylococcus aureus,28012612620_G9,S,R,,S,S,,,S,,S,,S,,,,,S,R,,,,,,,,,,,,,,,S,,,,,,,,,,,,,,,,,,,,,,,,../data/driams/downloads/DRIAMS-C/id/2018/2018_clean.csv,28012612620_G9,28012612620_G9,1280.0,Staphylococcus
Staphylococcus aureus,28012612620_A10,S,R,,S,S,,,S,,S,,S,,,,,S,R,,,,,,,,,,,,,,,S,,,,,,,,,,,,,,,,,,,,,,,,../data/driams/downloads/DRIAMS-C/id/2018/2018_clean.csv,28012612620_A10,28012612620_A10,1280.0,Staphylococcus
Staphylococcus aureus,28012612620_A11,S,R,,S,S,,,S,,S,,S,,,,,S,R,,,,,,,,,,,,,,,S,,,,,,,,,,,,,,,,,,,,,,,,../data/driams/downloads/DRIAMS-C/id/2018/2018_clean.csv,28012612620_A11,28012612620_A11,1280.0,Staphylococcus
Staphylococcus aureus,28012612620_A12,S,R,,S,S,,,S,,S,,S,,,,,S,R,,,,,,,,,,,,,,,S,,,,,,,,,,,,,,,,,,,,,,,,../data/driams/downloads/DRIAMS-C/id/2018/2018_clean.csv,28012612620_A12,28012612620_A12,1280.0,Staphylococcus
Staphylococcus aureus,28012612630_G10,S,R,,S,S,,,S,,S,,S,,,,,S,R,,,,,,,,,,,,,,,S,,,,,,,,,,,,,,,,,,,,,,,,../data/driams/downloads/DRIAMS-C/id/2018/2018_clean.csv,28012612630_G10,28012612630_G10,1280.0,Staphylococcus
Staphylococcus aureus,28012612630_B1,S,R,,S,S,,,S,,S,,S,,,,,S,R,,,,,,,,,,,,,,,S,,,,,,,,,,,,,,,,,,,,,,,,../data/driams/downloads/DRIAMS-C/id/2018/2018_clean.csv,28012612630_B1,28012612630_B1,1280.0,Staphylococcus
Staphylococcus aureus,28012612630_B2,S,R,,S,S,,,S,,S,,S,,,,,S,R,,,,,,,,,,,,,,,S,,,,,,,,,,,,,,,,,,,,,,,,../data/driams/downloads/DRIAMS-C/id/2018/2018_clean.csv,28012612630_B2,28012612630_B2,1280.0,Staphylococcus
Staphylococcus aureus,28012612630_B3,S,R,,S,S,,,S,,S,,S,,,,,S,R,,,,,,,,,,,,,,,S,,,,,,,,,,,,,,,,,,,,,,,,../data/driams/downloads/DRIAMS-C/id/2018/2018_clean.csv,28012612630_B3,28012612630_B3,1280.0,Staphylococcus
Escherichia coli,28012612650_G11,R,R,S,S,S,S,R,S,S,S,S,S,,,,,,,,,,,R,,,S,S,S,,,,,,,,,,,,,,,,,,,,,,,,,,,,,../data/driams/downloads/DRIAMS-C/id/2018/2018_clean.csv,28012612650_G11,28012612650_G11,562.0,Escherichia
Escherichia coli,28012612650_D8,R,R,S,S,S,S,R,S,S,S,S,S,,,,,,,,,,,R,,,S,S,S,,,,,,,,,,,,,,,,,,,,,,,,,,,,,../data/driams/downloads/DRIAMS-C/id/2018/2018_clean.csv,28012612650_D8,28012612650_D8,562.0,Escherichia
Staphylococcus aureus,28012701910_E3,S,S,,S,S,,,,,,,S,R,R,S,S,S,S,S,S,,,,,,,,,,,,,,,,,,,,,,,,,,,,,,,,,,,,,../data/driams/downloads/DRIAMS-C/id/2018/2018_clean.csv,28012701910_E3,28012701910_E3,1280.0,Staphylococcus
Klebsiella oxytoca,28012701910_E4,S,R,S,S,S,S,S,,,,S,S,,,,,,,,,,,S,,,S,S,S,,,,,,,,,,,,,,,,,,,,,,,,,,,,,../data/driams/downloads/DRIAMS-C/id/2018/2018_clean.csv,28012701910_E4,28012701910_E4,571.0,Klebsiella
Staphylococcus aureus,28012702220_E8,S,R,,S,S,,,,,,,S,S,S,S,S,S,R,S,S,,,,,,,,,,,,,,,,,,,,,,,,,,,,,,,,,,,,,../data/driams/downloads/DRIAMS-C/id/2018/2018_clean.csv,28012702220_E8,28012702220_E8,1280.0,Staphylococcus
Staphylococcus aureus,28012702220_E9,S,R,,S,S,,,,,,,S,S,S,S,S,S,R,S,S,,,,,,,,,,,,,,,,,,,,,,,,,,,,,,,,,,,,,../data/driams/downloads/DRIAMS-C/id/2018/2018_clean.csv,28012702220_E9,28012702220_E9,1280.0,Staphylococcus
Staphylococcus aureus,28012702670_E11,S,R,,S,S,,,,,,,S,S,S,S,S,S,R,S,S,,,,,,,,,,,,,,,,,,,,,,,,,,,,,,,,,,,,,../data/driams/downloads/DRIAMS-C/id/2018/2018_clean.csv,28012702670_E11,28012702670_E11,1280.0,Staphylococcus
Staphylococcus aureus,28012703350_F7,S,R,,S,S,,,S,,S,,S,,,,,S,R,,,,,,,,,,,,,,,S,,,,,,,,,,,,,,,,,,,,,,,,../data/driams/downloads/DRIAMS-C/id/2018/2018_clean.csv,28012703350_F7,28012703350_F7,1280.0,Staphylococcus
Staphylococcus aureus,28012703350_B5,S,R,,S,S,,,S,,S,,S,,,,,S,R,,,,,,,,,,,,,,,S,,,,,,,,,,,,,,,,,,,,,,,,../data/driams/downloads/DRIAMS-C/id/2018/2018_clean.csv,28012703350_B5,28012703350_B5,1280.0,Staphylococcus
Escherichia coli,28012703400_B7,S,S,S,S,S,S,S,S,S,S,S,S,,,,,,,,,,,,,,,,,,,,,,,,,,,,,,,,,,,,,,,,,,,,,../data/driams/downloads/DRIAMS-C/id/2018/2018_clean.csv,28012703400_B7,28012703400_B7,562.0,Escherichia
Escherichia coli,28012704100_C10,S,S,S,S,S,S,S,,,,S,S,,,,,,,,,,,S,,,S,S,S,,,,,,,,,,,,,,,,,,,,,,,,,,,,,../data/driams/downloads/DRIAMS-C/id/2018/2018_clean.csv,28012704100_C10,28012704100_C10,562.0,Escherichia
Escherichia coli,28012704100_C11,S,S,S,S,S,S,S,,,,S,S,,,,,,,,,,,S,,,S,S,S,,,,,,,,,,,,,,,,,,,,,,,,,,,,,../data/driams/downloads/DRIAMS-C/id/2018/2018_clean.csv,28012704100_C11,28012704100_C11,562.0,Escherichia
Enterococcus faecalis,28012704300_B12,S,S,,,,,,S,,,,I,,,,,R,,,,,R,S,,,,,,,,,,,,,,,,,,,,,,,,,,,,,,,,,,../data/driams/downloads/DRIAMS-C/id/2018/2018_clean.csv,28012704300_B12,28012704300_B12,1351.0,Enterococcus
Proteus mirabilis,28012704300_C1,S,R,S,S,S,S,S,R,S,S,R,R,,,,,,,,,,,,,,,,,,,,,,,,,,,,,,,,,,,,,,,,,,,,,../data/driams/downloads/DRIAMS-C/id/2018/2018_clean.csv,28012704300_C1,28012704300_C1,584.0,Proteus
Enterococcus faecalis,28012704350_G8,S,S,,,R,,,,,,,,,R,,,R,,,S,S,R,S,,,,,,,,,,,,,,,,,,,,,,,,,,,,,,,,,,../data/driams/downloads/DRIAMS-C/id/2018/2018_clean.csv,28012704350_G8,28012704350_G8,1351.0,Enterococcus
Staphylococcus aureus,28012704350_G9,S,S,,S,S,,,,,,,S,S,S,S,S,S,S,S,S,,,,,,,,,,,,,,,,,,,,,,,,,,,,,,,,,,,,,../data/driams/downloads/DRIAMS-C/id/2018/2018_clean.csv,28012704350_G9,28012704350_G9,1280.0,Staphylococcus
Proteus mirabilis,28012704380_F4,S,R,S,S,S,S,S,,,,R,S,,,,,,,,,,,S,,,S,S,S,,,,,,,,,,,,,,,,,,,,,,,,,,,,,../data/driams/downloads/DRIAMS-C/id/2018/2018_clean.csv,28012704380_F4,28012704380_F4,584.0,Proteus
Enterobacter cloacae,28012704380_F5,R,R,S,S,S,S,S,,,,S,S,,,,,,,,,,,S,,,S,S,S,,,,,,,,,,,,,,,,,,,,,,,,,,,,,../data/driams/downloads/DRIAMS-C/id/2018/2018_clean.csv,28012704380_F5,28012704380_F5,550.0,Enterobacter
Staphylococcus aureus,28012904720_G12,S,R,,S,S,,,,,,,S,S,S,S,S,S,R,S,S,,,,,,,,,,,,,,,,,,,,,,,,,,,,,,,,,,,,,../data/driams/downloads/DRIAMS-C/id/2018/2018_clean.csv,28012904720_G12,28012904720_G12,1280.0,Staphylococcus
Raoultella ornithinolytica,28012904720_H1,S,R,S,S,S,S,S,,,,S,S,,,,,,,,,,,S,,,S,S,S,,,,,,,,,,,,,,,,,,,,,,,,,,,,,../data/driams/downloads/DRIAMS-C/id/2018/2018_clean.csv,28012904720_H1,28012904720_H1,54291.0,Raoultella
Serratia marcescens,28012904720_H2,R,R,S,S,S,S,R,,,,R,S,,,,,,,,,,,S,,,S,S,S,,,,,,,,,,,,,,,,,,,,,,,,,,,,,../data/driams/downloads/DRIAMS-C/id/2018/2018_clean.csv,28012904720_H2,28012904720_H2,615.0,Serratia
Klebsiella pneumoniae,28012905090_C12,R,R,R,S,R,R,R,S,R,S,S,R,,,,,,,,,,,S,,,S,R,S,,,,,,,S,,,,,,,,,,,,,,,,,,,,,,../data/driams/downloads/DRIAMS-C/id/2018/2018_clean.csv,28012905090_C12,28012905090_C12,573.0,Klebsiella
Klebsiella pneumoniae,28012905090_F4,R,R,R,S,R,R,R,S,R,S,S,R,,,,,,,,,,,S,,,S,R,S,,,,,,,S,,,,,,,,,,,,,,,,,,,,,,../data/driams/downloads/DRIAMS-C/id/2018/2018_clean.csv,28012905090_F4,28012905090_F4,573.0,Klebsiella
Staphylococcus aureus,28012906070_A7,S,R,,S,S,,,,,,,S,S,S,S,S,S,R,S,S,,,,,,,,,,,,,,,,,,,,,,,,,,,,,,,,,,,,,../data/driams/downloads/DRIAMS-C/id/2018/2018_clean.csv,28012906070_A7,28012906070_A7,1280.0,Staphylococcus
Staphylococcus aureus,28012906350_B1,S,R,,S,S,,,,,,,S,S,S,S,S,S,R,S,S,,,,,,,,,,,,,,,,,,,,,,,,,,,,,,,,,,,,,../data/driams/downloads/DRIAMS-C/id/2018/2018_clean.csv,28012906350_B1,28012906350_B1,1280.0,Staphylococcus
Klebsiella pneumoniae,28012906770_D5,S,R,S,S,S,S,S,S,R,S,S,S,,,,,,,,,,,,,,,,,,,,,,,,,,,,,,,,,,,,,,,,,,,,,../data/driams/downloads/DRIAMS-C/id/2018/2018_clean.csv,28012906770_D5,28012906770_D5,573.0,Klebsiella
Enterobacter cloacae,28012906790_D10,R,R,R,S,S,R,R,S,R,S,S,S,,,,,,,,,,,R,,,S,S,S,,,,,,,,,,,,,,,,,,,,,,,,,,,,,../data/driams/downloads/DRIAMS-C/id/2018/2018_clean.csv,28012906790_D10,28012906790_D10,550.0,Enterobacter
Enterococcus faecalis,28012906790_D6,S,S,,,,,,S,,,,I,,,,,R,,,,,R,S,,,,,,,,,,,,,,,,,,,,,,,,,,,,,,,,,,../data/driams/downloads/DRIAMS-C/id/2018/2018_clean.csv,28012906790_D6,28012906790_D6,1351.0,Enterococcus
Enterobacter cloacae,28012906790_D7,R,R,R,S,S,R,R,S,R,S,S,S,,,,,,,,,,,R,,,S,S,S,,,,,,,,,,,,,,,,,,,,,,,,,,,,,../data/driams/downloads/DRIAMS-C/id/2018/2018_clean.csv,28012906790_D7,28012906790_D7,550.0,Enterobacter
Enterobacter cloacae,28012906790_D9,R,R,R,S,S,R,R,S,R,S,S,S,,,,,,,,,,,R,,,S,S,S,,,,,,,,,,,,,,,,,,,,,,,,,,,,,../data/driams/downloads/DRIAMS-C/id/2018/2018_clean.csv,28012906790_D9,28012906790_D9,550.0,Enterobacter
Enterobacter cloacae,28012906790_F5,R,R,R,S,S,R,R,S,R,S,S,S,,,,,,,,,,,R,,,S,S,S,,,,,,,,,,,,,,,,,,,,,,,,,,,,,../data/driams/downloads/DRIAMS-C/id/2018/2018_clean.csv,28012906790_F5,28012906790_F5,550.0,Enterobacter
Enterobacter cloacae,28012906790_F6,R,R,R,S,S,R,R,S,R,S,S,S,,,,,,,,,,,R,,,S,S,S,,,,,,,,,,,,,,,,,,,,,,,,,,,,,../data/driams/downloads/DRIAMS-C/id/2018/2018_clean.csv,28012906790_F6,28012906790_F6,550.0,Enterobacter
Enterococcus faecalis,28012906920_D11,S,S,,,,,,S,,,,I,,,,,R,,,,,R,S,,,,,,,,,,,,,,,,,,,,,,,,,,,,,,,,,,../data/driams/downloads/DRIAMS-C/id/2018/2018_clean.csv,28012906920_D11,28012906920_D11,1351.0,Enterococcus
Pseudomonas aeruginosa,28012906920_D12,R,R,S,S,S,R,R,,,,S,R,,,,,,,,,,,S,,,S,S,S,,,,,,,,,,,,,,,,,,,,,,,,,,,,,../data/driams/downloads/DRIAMS-C/id/2018/2018_clean.csv,28012906920_D12,28012906920_D12,287.0,Pseudomonas
Campylobacter jejuni,28012907300_G1,,,,S,,,,,,,,,S,,,,,,,,,,,,,,,,S,S,R,S,,,,,,,,,,,,,,,,,,,,,,,,,../data/driams/downloads/DRIAMS-C/id/2018/2018_clean.csv,28012907300_G1,28012907300_G1,197.0,Campylobacter
Enterococcus faecalis,28012908210_B4,S,S,,,R,,,,,,,,,S,,,R,,,S,S,R,S,,,,,,,,,,,,,,,,,,,,,,,,,,,,,,,,,,../data/driams/downloads/DRIAMS-C/id/2018/2018_clean.csv,28012908210_B4,28012908210_B4,1351.0,Enterococcus
Citrobacter freundii,28012908210_B6,R,R,S,S,S,S,S,,,,S,S,,,,,,,,,,,S,,,S,S,S,,,,,,,,,,,,,,,,,,,,,,,,,,,,,../data/driams/downloads/DRIAMS-C/id/2018/2018_clean.csv,28012908210_B6,28012908210_B6,546.0,Citrobacter
Citrobacter freundii,28012908210_B7,R,R,S,S,S,S,S,,,,S,S,,,,,,,,,,,S,,,S,S,S,,,,,,,,,,,,,,,,,,,,,,,,,,,,,../data/driams/downloads/DRIAMS-C/id/2018/2018_clean.csv,28012908210_B7,28012908210_B7,546.0,Citrobacter
Pseudomonas aeruginosa,28012908240_H4,R,R,R,R,R,R,R,,,,S,R,,,,,,,,,,,R,,,I,R,R,,,,,,,R,,,,,,,S,S,,,,,,,,,,S,,,,../data/driams/downloads/DRIAMS-C/id/2018/2018_clean.csv,28012908240_H4,28012908240_H4,287.0,Pseudomonas
Staphylococcus aureus,28012909350_B8,S,S,,S,S,,,,,,,S,S,S,S,S,S,S,S,S,,,,,,,,,,,,,,,,,,,,,,,,,,,,,,,,,,,,,../data/driams/downloads/DRIAMS-C/id/2018/2018_clean.csv,28012909350_B8,28012909350_B8,1280.0,Staphylococcus
Campylobacter jejuni,28012909440_E11,,,,S,,,,,,,,,R,,,,,,,,,,,,,,,,R,R,S,R,,,,,,,,,,,,,,,,,,,,,,,,,../data/driams/downloads/DRIAMS-C/id/2018/2018_clean.csv,28012909440_E11,28012909440_E11,197.0,Campylobacter
Enterococcus faecalis,28012909480_H5,S,S,,,R,,,,,,,,,R,,,R,,,S,S,R,S,,,,,,,,,,,,,,,,,,,,,,,,,,,,,,,,,,../data/driams/downloads/DRIAMS-C/id/2018/2018_clean.csv,28012909480_H5,28012909480_H5,1351.0,Enterococcus
Serratia marcescens,28012909480_H6,R,R,S,S,S,S,R,,,,R,S,,,,,,,,,,,S,,,S,S,S,,,,,,,,,,,,,,,,,,,,,,,,,,,,,../data/driams/downloads/DRIAMS-C/id/2018/2018_clean.csv,28012909480_H6,28012909480_H6,615.0,Serratia
Enterococcus faecalis,28012910510_E10,S,S,,,,,,S,,,,I,,,,,R,,,,,R,S,,,,,,,,,,,,,,,,,,,,,,,,,,,,,,,,,,../data/driams/downloads/DRIAMS-C/id/2018/2018_clean.csv,28012910510_E10,28012910510_E10,1351.0,Enterococcus
Pseudomonas aeruginosa,28012910510_E9,R,R,S,S,S,R,R,,,,S,R,,,,,,,,,,,S,,,S,S,S,,,,,,,,,,,,,,,,,,,,,,,,,,,,,../data/driams/downloads/DRIAMS-C/id/2018/2018_clean.csv,28012910510_E9,28012910510_E9,287.0,Pseudomonas
Escherichia coli,28012911420_E12,S,S,S,S,S,S,S,S,S,S,S,S,,,,,,,,,,,,,,,,,,,,,,,,,,,,,,,,,,,,,,,,,,,,,../data/driams/downloads/DRIAMS-C/id/2018/2018_clean.csv,28012911420_E12,28012911420_E12,562.0,Escherichia
Stenotrophomonas maltophilia,28012911960_H11,,,,S,,,,,,,,S,,,,,,,,,S,,,,,,,,,,,,,,,,,,,,,,,,,,,,,,,,,,,,../data/driams/downloads/DRIAMS-C/id/2018/2018_clean.csv,28012911960_H11,28012911960_H11,40324.0,Stenotrophomonas
Stenotrophomonas maltophilia,28012911960_H12,,,,S,,,,,,,,S,,,,,,,,,S,,,,,,,,,,,,,,,,,,,,,,,,,,,,,,,,,,,,../data/driams/downloads/DRIAMS-C/id/2018/2018_clean.csv,28012911960_H12,28012911960_H12,40324.0,Stenotrophomonas
Stenotrophomonas maltophilia,28012911960_F6,,,,S,,,,,,,,S,,,,,,,,,S,,,,,,,,,,,,,,,,,,,,,,,,,,,,,,,,,,,,../data/driams/downloads/DRIAMS-C/id/2018/2018_clean.csv,28012911960_F6,28012911960_F6,40324.0,Stenotrophomonas
Citrobacter freundii,28012911990_C2,R,R,S,S,S,S,S,,,,S,S,,,,,,,,,,,S,,,S,S,S,,,,,,,,,,,,,,,,,,,,,,,,,,,,,../data/driams/downloads/DRIAMS-C/id/2018/2018_clean.csv,28012911990_C2,28012911990_C2,546.0,Citrobacter
Citrobacter freundii,28012911990_C3,R,R,S,S,S,S,S,,,,S,S,,,,,,,,,,,S,,,S,S,S,,,,,,,,,,,,,,,,,,,,,,,,,,,,,../data/driams/downloads/DRIAMS-C/id/2018/2018_clean.csv,28012911990_C3,28012911990_C3,546.0,Citrobacter
Citrobacter freundii,28012911990_C4,R,R,S,S,S,S,S,,,,S,S,,,,,,,,,,,S,,,S,S,S,,,,,,,,,,,,,,,,,,,,,,,,,,,,,../data/driams/downloads/DRIAMS-C/id/2018/2018_clean.csv,28012911990_C4,28012911990_C4,546.0,Citrobacter
Citrobacter freundii,28012911990_C5,R,R,S,S,S,S,S,,,,S,S,,,,,,,,,,,S,,,S,S,S,,,,,,,,,,,,,,,,,,,,,,,,,,,,,../data/driams/downloads/DRIAMS-C/id/2018/2018_clean.csv,28012911990_C5,28012911990_C5,546.0,Citrobacter
Citrobacter freundii,28012911990_C6,R,R,S,S,S,S,S,,,,S,S,,,,,,,,,,,S,,,S,S,S,,,,,,,,,,,,,,,,,,,,,,,,,,,,,../data/driams/downloads/DRIAMS-C/id/2018/2018_clean.csv,28012911990_C6,28012911990_C6,546.0,Citrobacter
Citrobacter freundii,28012911990_C7,R,R,S,S,S,S,S,,,,S,S,,,,,,,,,,,S,,,S,S,S,,,,,,,,,,,,,,,,,,,,,,,,,,,,,../data/driams/downloads/DRIAMS-C/id/2018/2018_clean.csv,28012911990_C7,28012911990_C7,546.0,Citrobacter
Staphylococcus aureus,28013005400_A9,S,R,,S,S,,,,,,,S,R,R,S,S,S,R,S,S,S,,,,,,,,,,,,,,,,,,,,,,,,,,,,,,,,,,,,../data/driams/downloads/DRIAMS-C/id/2018/2018_clean.csv,28013005400_A9,28013005400_A9,1280.0,Staphylococcus
Pseudomonas aeruginosa,28013005700_G2,R,R,S,S,S,R,R,,,,S,R,,,,,,,,,,,S,,,S,S,S,,,,,,,,,,,,,,,,,,,,,,,,,,,,,../data/driams/downloads/DRIAMS-C/id/2018/2018_clean.csv,28013005700_G2,28013005700_G2,287.0,Pseudomonas
Staphylococcus aureus,28013005820_C12,S,R,,S,S,,,,,,,S,S,S,S,S,S,R,S,S,,,,,,,,,,,,,,,,,,,,,,,,,,,,,,,,,,,,,../data/driams/downloads/DRIAMS-C/id/2018/2018_clean.csv,28013005820_C12,28013005820_C12,1280.0,Staphylococcus
Staphylococcus aureus,28013008780_B3,S,R,,S,S,,,,,,,S,S,S,S,S,S,R,S,S,,,S,,,,,,,,,,,,,,,,,,,,,,,,,,,,,,,,,,../data/driams/downloads/DRIAMS-C/id/2018/2018_clean.csv,28013008780_B3,28013008780_B3,1280.0,Staphylococcus
Staphylococcus aureus,28013008780_B5,S,R,,S,S,,,,,,,S,S,S,S,S,S,R,S,S,,,S,,,,,,,,,,,,,,,,,,,,,,,,,,,,,,,,,,../data/driams/downloads/DRIAMS-C/id/2018/2018_clean.csv,28013008780_B5,28013008780_B5,1280.0,Staphylococcus
Staphylococcus aureus,28013009980_G5,R,R,,R,S,,,S,,R,,S,R,R,S,R,R,R,S,S,,S,,,,,,,,,,,S,,,,,,,,,,,,,,,,,,,,,,,,../data/driams/downloads/DRIAMS-C/id/2018/2018_clean.csv,28013009980_G5,28013009980_G5,1280.0,Staphylococcus
Serratia marcescens,28013009980_G6,R,R,S,S,S,S,R,R,R,S,R,S,,,,,,,,,,,,,,,,,,,,,,,,,,,,,,,,,,,,,,,,,,,,,../data/driams/downloads/DRIAMS-C/id/2018/2018_clean.csv,28013009980_G6,28013009980_G6,615.0,Serratia
Staphylococcus aureus,28013009980_A2,R,R,,R,S,,,S,,R,,S,R,R,S,R,R,R,S,S,,S,,,,,,,,,,,S,,,,,,,,,,,,,,,,,,,,,,,,../data/driams/downloads/DRIAMS-C/id/2018/2018_clean.csv,28013009980_A2,28013009980_A2,1280.0,Staphylococcus
Staphylococcus aureus,28013010330_B6,S,R,,S,S,,,,,,,S,R,R,S,S,S,R,S,S,,,,,,,,,,,,,,,,,,,,,,,,,,,,,,,,,,,,,../data/driams/downloads/DRIAMS-C/id/2018/2018_clean.csv,28013010330_B6,28013010330_B6,1280.0,Staphylococcus
Proteus vulgaris,28013010860_F3,S,R,S,S,S,S,R,R,S,S,R,S,,,,,,,,,,,,,,,,,,,,,,,,,,,,,,,,,,,,,,,,,,,,,../data/driams/downloads/DRIAMS-C/id/2018/2018_clean.csv,28013010860_F3,28013010860_F3,585.0,Proteus
Staphylococcus aureus,28013010860_A4,S,S,,S,S,,,S,,S,,S,,,,,S,S,,,,,,,,,,,,,,,S,,,,,,,,,,,,,,,,,,,,,,,,../data/driams/downloads/DRIAMS-C/id/2018/2018_clean.csv,28013010860_A4,28013010860_A4,1280.0,Staphylococcus
Enterococcus faecium,28013012770_B12,R,R,,,R,,,,,,,,,R,,,R,,,S,S,S,R,,,,,,,,,,,,,,,,,,,,,,,,,,,,,,,,,,../data/driams/downloads/DRIAMS-C/id/2018/2018_clean.csv,28013012770_B12,28013012770_B12,1352.0,Enterococcus
Enterococcus faecalis,28013012770_C1,S,S,,,R,,,,,,,,,R,,,R,,,S,S,R,S,,,,,,,,,,,,,,,,,,,,,,,,,,,,,,,,,,../data/driams/downloads/DRIAMS-C/id/2018/2018_clean.csv,28013012770_C1,28013012770_C1,1351.0,Enterococcus
Escherichia coli,28013012770_C2,R,R,S,R,R,S,S,,,,S,R,,,,,,,,,,,S,,,S,S,S,,,,,,,,,,,,,,,,,,,,,,,,,,,,,../data/driams/downloads/DRIAMS-C/id/2018/2018_clean.csv,28013012770_C2,28013012770_C2,562.0,Escherichia
Klebsiella pneumoniae,28013012770_C3,R,R,R,R,R,R,R,,,,S,R,,,,,,,,,,,S,,,S,R,S,,,,,,,,,,,,,,,,,,,,,,,,,,,,,../data/driams/downloads/DRIAMS-C/id/2018/2018_clean.csv,28013012770_C3,28013012770_C3,573.0,Klebsiella
Staphylococcus aureus,28013012980_F10,S,R,,S,S,,,,,,,S,S,S,S,S,S,R,S,S,,,,,,,,,,,,,,,,,,,,,,,,,,,,,,,,,,,,,../data/driams/downloads/DRIAMS-C/id/2018/2018_clean.csv,28013012980_F10,28013012980_F10,1280.0,Staphylococcus
Staphylococcus aureus,28013102900_D1,S,S,,S,S,,,,,,,S,S,S,S,S,S,S,S,S,,,,,,,,,,,,,,,,,,,,,,,,,,,,,,,,,,,,,../data/driams/downloads/DRIAMS-C/id/2018/2018_clean.csv,28013102900_D1,28013102900_D1,1280.0,Staphylococcus
Staphylococcus aureus,28013102900_D2,S,S,,S,S,,,,,,,S,S,S,S,S,S,S,S,S,,,,,,,,,,,,,,,,,,,,,,,,,,,,,,,,,,,,,../data/driams/downloads/DRIAMS-C/id/2018/2018_clean.csv,28013102900_D2,28013102900_D2,1280.0,Staphylococcus
Staphylococcus lugdunensis,28013102900_D3,S,S,,S,S,,,,,,,S,S,S,S,S,S,S,S,S,,,,,,,,,,,,,,,,,,,,,,,,,,,,,,,,,,,,,../data/driams/downloads/DRIAMS-C/id/2018/2018_clean.csv,28013102900_D3,28013102900_D3,28035.0,Staphylococcus
Staphylococcus lugdunensis,28013102900_D4,S,S,,S,S,,,,,,,S,S,S,S,S,S,S,S,S,,,,,,,,,,,,,,,,,,,,,,,,,,,,,,,,,,,,,../data/driams/downloads/DRIAMS-C/id/2018/2018_clean.csv,28013102900_D4,28013102900_D4,28035.0,Staphylococcus
Staphylococcus lugdunensis,28013103920_A3,S,S,,S,S,,,,,,,S,S,S,S,S,S,S,S,S,,,,,,,,,,,,,,,,,,,,,,,,,,,,,,,,,,,,,../data/driams/downloads/DRIAMS-C/id/2018/2018_clean.csv,28013103920_A3,28013103920_A3,28035.0,Staphylococcus
Citrobacter koseri,28013104030_G1,S,R,S,S,S,S,S,,,,S,S,,,,,,,,,,,S,,,S,S,S,,,,,,,,,,,,,,,,,,,,,,,,,,,,,../data/driams/downloads/DRIAMS-C/id/2018/2018_clean.csv,28013104030_G1,28013104030_G1,545.0,Citrobacter
Serratia marcescens,28013104030_G2,R,R,S,S,S,S,R,,,,R,S,,,,,,,,,,,S,,,S,S,S,,,,,,,,,,,,,,,,,,,,,,,,,,,,,../data/driams/downloads/DRIAMS-C/id/2018/2018_clean.csv,28013104030_G2,28013104030_G2,615.0,Serratia
Enterococcus faecalis,28013104030_G3,S,S,,,R,,,,,,,,,R,,,R,,,S,S,R,S,,,,,,,,,,,,,,,,,,,,,,,,,,,,,,,,,,../data/driams/downloads/DRIAMS-C/id/2018/2018_clean.csv,28013104030_G3,28013104030_G3,1351.0,Enterococcus
Staphylococcus aureus,28013106160_D7,S,R,,S,S,,,,,,,S,S,S,S,S,S,R,S,S,,,,,,,,,,,,,,,,,,,,,,,,,,,,,,,,,,,,,../data/driams/downloads/DRIAMS-C/id/2018/2018_clean.csv,28013106160_D7,28013106160_D7,1280.0,Staphylococcus
Enterococcus faecalis,28013106920_B7,S,S,,,,,,S,,,,I,,,,,R,,,,,R,S,,,,,,,,,,,,,,,,,,,,,,,,,,,,,,,,,,../data/driams/downloads/DRIAMS-C/id/2018/2018_clean.csv,28013106920_B7,28013106920_B7,1351.0,Enterococcus
Staphylococcus aureus,28013109040_D12,S,R,,S,S,,,,,,,S,S,S,S,S,S,R,S,S,,,,,,,,,,,,,,,,,,,,,,,,,,,,,,,,,,,,,../data/driams/downloads/DRIAMS-C/id/2018/2018_clean.csv,28013109040_D12,28013109040_D12,1280.0,Staphylococcus
Staphylococcus aureus,28013109040_E1,S,R,,S,S,,,,,,,S,S,S,S,S,S,R,S,S,,,,,,,,,,,,,,,,,,,,,,,,,,,,,,,,,,,,,../data/driams/downloads/DRIAMS-C/id/2018/2018_clean.csv,28013109040_E1,28013109040_E1,1280.0,Staphylococcus
Klebsiella pneumoniae,28013109060_E5,S,R,S,S,S,S,S,,,,S,S,,,,,,,,,,,S,,,S,S,S,,,,,,,,,,,,,,,,,,,,,,,,,,,,,../data/driams/downloads/DRIAMS-C/id/2018/2018_clean.csv,28013109060_E5,28013109060_E5,573.0,Klebsiella
Proteus mirabilis,28013110150_C3,S,R,S,S,S,S,S,R,S,S,R,R,,,,,,,,,,,,,,,,,,,,,,,,,,,,,,,,,,,,,,,,,,,,,../data/driams/downloads/DRIAMS-C/id/2018/2018_clean.csv,28013110150_C3,28013110150_C3,584.0,Proteus
Proteus mirabilis,28013110150_C4,S,R,S,S,S,S,S,R,S,S,R,R,,,,,,,,,,,,,,,,,,,,,,,,,,,,,,,,,,,,,,,,,,,,,../data/driams/downloads/DRIAMS-C/id/2018/2018_clean.csv,28013110150_C4,28013110150_C4,584.0,Proteus
Enterococcus faecalis,28013110150_D2,S,S,,,,,,S,,,,I,,,,,R,,,,,R,S,,,,,,,,,,,,,,,,,,,,,,,,,,,,,,,,,,../data/driams/downloads/DRIAMS-C/id/2018/2018_clean.csv,28013110150_D2,28013110150_D2,1351.0,Enterococcus
Aerococcus sanguinicola,28013110250_C5,S,S,,R,,,,S,,,,,,,,,,,,,,,,,,,,,,,,,,,,,,,,,,,,,,,,,,,,,,,,,../data/driams/downloads/DRIAMS-C/id/2018/2018_clean.csv,28013110250_C5,28013110250_C5,119206.0,Aerococcus
Aerococcus sanguinicola,28013110250_D3,S,S,,R,,,,S,,,,,,,,,,,,,,,,,,,,,,,,,,,,,,,,,,,,,,,,,,,,,,,,,../data/driams/downloads/DRIAMS-C/id/2018/2018_clean.csv,28013110250_D3,28013110250_D3,119206.0,Aerococcus
Aerococcus sanguinicola,28013110250_F12,S,S,,R,,,,S,,,,,,,,,,,,,,,,,,,,,,,,,,,,,,,,,,,,,,,,,,,,,,,,,../data/driams/downloads/DRIAMS-C/id/2018/2018_clean.csv,28013110250_F12,28013110250_F12,119206.0,Aerococcus
Aerococcus sanguinicola,28013110250_G1,S,S,,R,,,,S,,,,,,,,,,,,,,,,,,,,,,,,,,,,,,,,,,,,,,,,,,,,,,,,,../data/driams/downloads/DRIAMS-C/id/2018/2018_clean.csv,28013110250_G1,28013110250_G1,119206.0,Aerococcus
Bacteroides ovatus,28013111540_F9,S,R,,,,,,,,,,,S,S,,,,R,,,,,,S,,,,,,,,,,,,,,,,,,,,,,,,,,,,,,,,,../data/driams/downloads/DRIAMS-C/id/2018/2018_clean.csv,28013111540_F9,28013111540_F9,28116.0,Bacteroides
Klebsiella aerogenes,28013112600_F3,R,R,R,S,S,R,R,,,,S,S,,,,,,,,,,,R,,,S,S,S,,,,,,,,,,,,,,,,,,,,,,,,,,,,,../data/driams/downloads/DRIAMS-C/id/2018/2018_clean.csv,28013112600_F3,28013112600_F3,548.0,
Klebsiella aerogenes,28013112600_F4,R,R,R,S,S,R,R,,,,S,S,,,,,,,,,,,R,,,S,S,S,,,,,,,,,,,,,,,,,,,,,,,,,,,,,../data/driams/downloads/DRIAMS-C/id/2018/2018_clean.csv,28013112600_F4,28013112600_F4,548.0,
Escherichia coli,28020102020_D5,R,R,S,S,S,S,S,S,S,S,S,R,,,,,,,,,,,,,,,,,,,,,,,,,,,,,,,,,,,,,,,,,,,,,../data/driams/downloads/DRIAMS-C/id/2018/2018_clean.csv,28020102020_D5,28020102020_D5,562.0,Escherichia
Klebsiella pneumoniae,28020102020_D6,S,R,S,S,S,S,S,S,R,S,S,S,,,,,,,,,,,,,,,,,,,,,,,,,,,,,,,,,,,,,,,,,,,,,../data/driams/downloads/DRIAMS-C/id/2018/2018_clean.csv,28020102020_D6,28020102020_D6,573.0,Klebsiella
Klebsiella pneumoniae,28020102020_D7,S,R,S,S,S,S,S,S,R,S,S,S,,,,,,,,,,,,,,,,,,,,,,,,,,,,,,,,,,,,,,,,,,,,,../data/driams/downloads/DRIAMS-C/id/2018/2018_clean.csv,28020102020_D7,28020102020_D7,573.0,Klebsiella
Escherichia coli,28020102020_A3,R,R,S,S,S,S,S,S,S,S,S,R,,,,,,,,,,,,,,,,,,,,,,,,,,,,,,,,,,,,,,,,,,,,,../data/driams/downloads/DRIAMS-C/id/2018/2018_clean.csv,28020102020_A3,28020102020_A3,562.0,Escherichia
Escherichia coli,28020102020_A4,R,R,S,S,S,S,S,S,S,S,S,R,,,,,,,,,,,,,,,,,,,,,,,,,,,,,,,,,,,,,,,,,,,,,../data/driams/downloads/DRIAMS-C/id/2018/2018_clean.csv,28020102020_A4,28020102020_A4,562.0,Escherichia
Klebsiella pneumoniae,28020102020_A5,S,R,S,S,S,S,S,S,R,S,S,S,,,,,,,,,,,,,,,,,,,,,,,,,,,,,,,,,,,,,,,,,,,,,../data/driams/downloads/DRIAMS-C/id/2018/2018_clean.csv,28020102020_A5,28020102020_A5,573.0,Klebsiella
Escherichia coli,28020102020_A6,R,R,S,S,S,S,S,S,S,S,S,R,,,,,,,,,,,,,,,,,,,,,,,,,,,,,,,,,,,,,,,,,,,,,../data/driams/downloads/DRIAMS-C/id/2018/2018_clean.csv,28020102020_A6,28020102020_A6,562.0,Escherichia
Staphylococcus aureus,28020104360_G3,S,R,,S,S,,,,,,,S,S,S,S,S,S,R,S,S,,,,,,,,,,,,,,,,,,,,,,,,,,,,,,,,,,,,,../data/driams/downloads/DRIAMS-C/id/2018/2018_clean.csv,28020104360_G3,28020104360_G3,1280.0,Staphylococcus
Staphylococcus aureus,28020104550_G4,S,S,,S,S,,,,,,,S,S,S,S,S,S,S,S,S,,,,,,,,,,,,,,,,,,,,,,,,,,,,,,,,,,,,,../data/driams/downloads/DRIAMS-C/id/2018/2018_clean.csv,28020104550_G4,28020104550_G4,1280.0,Staphylococcus
Pseudomonas aeruginosa,28020104550_G5,R,R,S,R,R,R,R,,,,S,R,,,,,,,,,,,S,,,S,S,S,,,,,,,,,,,,,,,,,,,,,,,,,,,,,../data/driams/downloads/DRIAMS-C/id/2018/2018_clean.csv,28020104550_G5,28020104550_G5,287.0,Pseudomonas
Staphylococcus epidermidis,28020107750_B5,R,R,,R,S,,,,,,,S,S,S,S,S,R,R,S,S,,,,,,,,,,,,,,,,,,,,,,,,,,,,,,,,,,,,,../data/driams/downloads/DRIAMS-C/id/2018/2018_clean.csv,28020107750_B5,28020107750_B5,1282.0,Staphylococcus
Staphylococcus epidermidis,28020107750_C4,R,R,,R,S,,,,,,,S,S,S,S,S,R,R,S,S,,,,,,,,,,,,,,,,,,,,,,,,,,,,,,,,,,,,,../data/driams/downloads/DRIAMS-C/id/2018/2018_clean.csv,28020107750_C4,28020107750_C4,1282.0,Staphylococcus
Staphylococcus epidermidis,28020107750_F2,R,R,,R,S,,,,,,,S,S,S,S,S,R,R,S,S,,,,,,,,,,,,,,,,,,,,,,,,,,,,,,,,,,,,,../data/driams/downloads/DRIAMS-C/id/2018/2018_clean.csv,28020107750_F2,28020107750_F2,1282.0,Staphylococcus
Staphylococcus aureus,28020107750_F3,S,R,,S,S,,,,,,,S,S,S,S,S,S,R,S,S,,,,,,,,,,,,,,,,,,,,,,,,,,,,,,,,,,,,,../data/driams/downloads/DRIAMS-C/id/2018/2018_clean.csv,28020107750_F3,28020107750_F3,1280.0,Staphylococcus
Escherichia coli,28020109050_C2,S,S,S,S,S,S,S,,,,S,S,,,,,,,,,,,S,,,S,S,S,,,,,,,,,,,,,,,,,,,,,,,,,,,,,../data/driams/downloads/DRIAMS-C/id/2018/2018_clean.csv,28020109050_C2,28020109050_C2,562.0,Escherichia
Escherichia coli,28020109300_D10,S,R,S,R,R,S,S,S,S,R,S,S,,,,,,,,,,,,,,,,,,,,,,,,,,,,,,,,,,,,,,,,,,,,,../data/driams/downloads/DRIAMS-C/id/2018/2018_clean.csv,28020109300_D10,28020109300_D10,562.0,Escherichia
Escherichia coli,28020109300_D11,S,R,S,R,R,S,S,S,S,R,S,S,,,,,,,,,,,,,,,,,,,,,,,,,,,,,,,,,,,,,,,,,,,,,../data/driams/downloads/DRIAMS-C/id/2018/2018_clean.csv,28020109300_D11,28020109300_D11,562.0,Escherichia
Klebsiella pneumoniae,28020109300_D12,S,R,S,S,S,S,S,S,R,S,S,S,,,,,,,,,,,,,,,,,,,,,,,,,,,,,,,,,,,,,,,,,,,,,../data/driams/downloads/DRIAMS-C/id/2018/2018_clean.csv,28020109300_D12,28020109300_D12,573.0,Klebsiella
Escherichia coli,28020109300_E2,S,R,S,R,R,S,S,S,S,R,S,S,,,,,,,,,,,,,,,,,,,,,,,,,,,,,,,,,,,,,,,,,,,,,../data/driams/downloads/DRIAMS-C/id/2018/2018_clean.csv,28020109300_E2,28020109300_E2,562.0,Escherichia
Escherichia coli,28020109300_E4,S,R,S,R,R,S,S,S,S,R,S,S,,,,,,,,,,,,,,,,,,,,,,,,,,,,,,,,,,,,,,,,,,,,,../data/driams/downloads/DRIAMS-C/id/2018/2018_clean.csv,28020109300_E4,28020109300_E4,562.0,Escherichia
Escherichia coli,28020109300_G2,S,R,S,R,R,S,S,S,S,R,S,S,,,,,,,,,,,,,,,,,,,,,,,,,,,,,,,,,,,,,,,,,,,,,../data/driams/downloads/DRIAMS-C/id/2018/2018_clean.csv,28020109300_G2,28020109300_G2,562.0,Escherichia
Plesiomonas shigelloides,28020109350_C6,R,R,S,S,R,S,R,,,,S,S,,,,,,,,,,,S,,,S,S,S,,,,,,,,,,,,,,,,,,,,,,,,,,,,,../data/driams/downloads/DRIAMS-C/id/2018/2018_clean.csv,28020109350_C6,28020109350_C6,703.0,Plesiomonas
Campylobacter jejuni,28020109350_D1,,,,R,,,,,,,,,S,,,,,,,,,,,,,,,,S,S,R,R,,,,,,,,,,,,,,,,,,,,,,,,,../data/driams/downloads/DRIAMS-C/id/2018/2018_clean.csv,28020109350_D1,28020109350_D1,197.0,Campylobacter
Plesiomonas shigelloides,28020109350_B7,R,R,S,S,R,S,R,,,,S,S,,,,,,,,,,,S,,,S,S,S,,,,,,,,,,,,,,,,,,,,,,,,,,,,,../data/driams/downloads/DRIAMS-C/id/2018/2018_clean.csv,28020109350_B7,28020109350_B7,703.0,Plesiomonas
Plesiomonas shigelloides,28020109350_B8,R,R,S,S,R,S,R,,,,S,S,,,,,,,,,,,S,,,S,S,S,,,,,,,,,,,,,,,,,,,,,,,,,,,,,../data/driams/downloads/DRIAMS-C/id/2018/2018_clean.csv,28020109350_B8,28020109350_B8,703.0,Plesiomonas
Escherichia coli,28020109360_C9,S,R,R,S,S,R,R,S,S,S,S,S,,,,,,,,,,,S,,,S,R,S,,,,,,,,,,,,,,,,,,,,,,,,,,,,,../data/driams/downloads/DRIAMS-C/id/2018/2018_clean.csv,28020109360_C9,28020109360_C9,562.0,Escherichia
Escherichia coli,28020109360_A8,S,R,R,S,S,R,R,S,S,S,S,S,,,,,,,,,,,S,,,S,R,S,,,,,,,,,,,,,,,,,,,,,,,,,,,,,../data/driams/downloads/DRIAMS-C/id/2018/2018_clean.csv,28020109360_A8,28020109360_A8,562.0,Escherichia
Enterococcus faecalis,28020109530_E12,S,S,,,,,,S,,,,I,,,,,R,,,,,R,S,,,,,,,,,,,,,,,,,,,,,,,,,,,,,,,,,,../data/driams/downloads/DRIAMS-C/id/2018/2018_clean.csv,28020109530_E12,28020109530_E12,1351.0,Enterococcus
Enterobacter ludwigii,28020109560_F1,R,R,S,S,S,S,S,S,R,S,S,S,,,,,,,,,,,,,,,,,,,,,,,,,,,,,,,,,,,,,,,,,,,,,../data/driams/downloads/DRIAMS-C/id/2018/2018_clean.csv,28020109560_F1,28020109560_F1,299767.0,Enterobacter
Klebsiella oxytoca,28020109560_F2,S,R,S,S,S,S,S,S,R,S,S,S,,,,,,,,,,,,,,,,,,,,,,,,,,,,,,,,,,,,,,,,,,,,,../data/driams/downloads/DRIAMS-C/id/2018/2018_clean.csv,28020109560_F2,28020109560_F2,571.0,Klebsiella
Klebsiella pneumoniae,28020109620_F6,S,R,S,S,S,S,S,S,R,S,S,S,,,,,,,,,,,,,,,,,,,,,,,,,,,,,,,,,,,,,,,,,,,,,../data/driams/downloads/DRIAMS-C/id/2018/2018_clean.csv,28020109620_F6,28020109620_F6,573.0,Klebsiella
Enterobacter cloacae,28020109630_F7,R,R,S,S,S,S,S,S,R,S,S,S,,,,,,,,,,,,,,,,,,,,,,,,,,,,,,,,,,,,,,,,,,,,,../data/driams/downloads/DRIAMS-C/id/2018/2018_clean.csv,28020109630_F7,28020109630_F7,550.0,Enterobacter
Staphylococcus aureus,28020111030_C7,S,R,,S,S,,,,,,,S,S,S,S,S,S,R,S,S,,,,,,,,,,,,,,,,,,,,,,,,,,,,,,,,,,,,,../data/driams/downloads/DRIAMS-C/id/2018/2018_clean.csv,28020111030_C7,28020111030_C7,1280.0,Staphylococcus
Pseudomonas aeruginosa,28020111030_C8,R,R,S,S,S,R,R,,,,S,R,,,,,,,,,,,S,,,S,S,S,,,,,,,,,,,,,,,,,,,,,,,,,,,,,../data/driams/downloads/DRIAMS-C/id/2018/2018_clean.csv,28020111030_C8,28020111030_C8,287.0,Pseudomonas
Pseudomonas aeruginosa,28020111030_C9,R,R,S,S,S,R,R,,,,S,R,,,,,,,,,,,S,,,S,S,S,,,,,,,,,,,,,,,,,,,,,,,,,,,,,../data/driams/downloads/DRIAMS-C/id/2018/2018_clean.csv,28020111030_C9,28020111030_C9,287.0,Pseudomonas
Staphylococcus aureus,28020112140_F8,S,R,,S,S,,,S,,S,,S,,,,,S,R,,,,,,,,,,,,,,,S,,,,,,,,,,,,,,,,,,,,,,,,../data/driams/downloads/DRIAMS-C/id/2018/2018_clean.csv,28020112140_F8,28020112140_F8,1280.0,Staphylococcus
Enterococcus faecium,28020112140_F9,R,R,,,R,,,,,,,,,R,,,R,,,S,S,S,R,,,,,,,,,,,,,,,,,,,,,,,,,,,,,,,,,,../data/driams/downloads/DRIAMS-C/id/2018/2018_clean.csv,28020112140_F9,28020112140_F9,1352.0,Enterococcus
Staphylococcus aureus,28020112140_G3,S,R,,S,S,,,S,,S,,S,,,,,S,R,,,,,,,,,,,,,,,S,,,,,,,,,,,,,,,,,,,,,,,,../data/driams/downloads/DRIAMS-C/id/2018/2018_clean.csv,28020112140_G3,28020112140_G3,1280.0,Staphylococcus
Staphylococcus aureus,28020112140_G4,S,R,,S,S,,,S,,S,,S,,,,,S,R,,,,,,,,,,,,,,,S,,,,,,,,,,,,,,,,,,,,,,,,../data/driams/downloads/DRIAMS-C/id/2018/2018_clean.csv,28020112140_G4,28020112140_G4,1280.0,Staphylococcus
Proteus mirabilis,28020112950_H3,S,R,S,S,S,S,S,,,,R,R,,,,,,,,,,,S,,,S,S,S,,,,,,,,,,,,,,,,,,,,,,,,,,,,,../data/driams/downloads/DRIAMS-C/id/2018/2018_clean.csv,28020112950_H3,28020112950_H3,584.0,Proteus
Klebsiella pneumoniae,28020112950_H4,S,R,S,S,S,S,S,,,,S,S,,,,,,,,,,,S,,,S,S,S,,,,,,,,,,,,,,,,,,,,,,,,,,,,,../data/driams/downloads/DRIAMS-C/id/2018/2018_clean.csv,28020112950_H4,28020112950_H4,573.0,Klebsiella
Escherichia coli,28020112950_H5,S,S,S,S,S,S,S,,,,S,S,,,,,,,,,,,S,,,S,S,S,,,,,,,,,,,,,,,,,,,,,,,,,,,,,../data/driams/downloads/DRIAMS-C/id/2018/2018_clean.csv,28020112950_H5,28020112950_H5,562.0,Escherichia
Staphylococcus aureus,28020203520_A8,S,S,,S,S,,,,,,,S,R,R,R,S,S,S,S,S,,,,,,,,,,,,,,,,,,,,,,,,,,,,,,,,,,,,,../data/driams/downloads/DRIAMS-C/id/2018/2018_clean.csv,28020203520_A8,28020203520_A8,1280.0,Staphylococcus
Pseudomonas aeruginosa,28020203520_B5,R,R,S,S,S,R,R,,,,S,R,,,,,,,,,,,S,,,S,S,S,,,,,,,,,,,,,,,,,,,,,,,,,,,,,../data/driams/downloads/DRIAMS-C/id/2018/2018_clean.csv,28020203520_B5,28020203520_B5,287.0,Pseudomonas
Proteus mirabilis,28020204240_A12,S,R,S,S,S,S,S,R,S,S,R,R,,,,,,,,,,,,,,,,,,,,,,,,,,,,,,,,,,,,,,,,,,,,,../data/driams/downloads/DRIAMS-C/id/2018/2018_clean.csv,28020204240_A12,28020204240_A12,584.0,Proteus
Enterococcus faecalis,28020205810_B1,S,S,,,,,,S,,,,I,,,,,R,,,,,R,S,,,,,,,,,,,,,,,,,,,,,,,,,,,,,,,,,,../data/driams/downloads/DRIAMS-C/id/2018/2018_clean.csv,28020205810_B1,28020205810_B1,1351.0,Enterococcus
Citrobacter freundii,28020205810_B2,R,R,R,S,I,R,R,S,S,S,S,S,,,,,,,,,,,S,,,S,S,S,,,,,,,,,,,,,,,,,,,,,,,,,,,,,../data/driams/downloads/DRIAMS-C/id/2018/2018_clean.csv,28020205810_B2,28020205810_B2,546.0,Citrobacter
Citrobacter freundii,28020205810_C11,R,R,R,S,I,R,R,S,S,S,S,S,,,,,,,,,,,S,,,S,S,S,,,,,,,,,,,,,,,,,,,,,,,,,,,,,../data/driams/downloads/DRIAMS-C/id/2018/2018_clean.csv,28020205810_C11,28020205810_C11,546.0,Citrobacter
Proteus vulgaris,28020208880_B12,S,R,S,S,S,S,R,R,S,S,R,S,,,,,,,,,,,,,,,,,,,,,,,,,,,,,,,,,,,,,,,,,,,,,../data/driams/downloads/DRIAMS-C/id/2018/2018_clean.csv,28020208880_B12,28020208880_B12,585.0,Proteus
Pseudomonas aeruginosa,28020210560_D7,R,R,S,S,S,R,R,,,,S,R,,,,,,,,,,,S,,,S,S,S,,,,,,,,,,,,,,,,,,,,,,,,,,,,,../data/driams/downloads/DRIAMS-C/id/2018/2018_clean.csv,28020210560_D7,28020210560_D7,287.0,Pseudomonas
Pseudomonas aeruginosa,28020210560_E11,R,R,S,S,S,R,R,,,,S,R,,,,,,,,,,,S,,,S,S,S,,,,,,,,,,,,,,,,,,,,,,,,,,,,,../data/driams/downloads/DRIAMS-C/id/2018/2018_clean.csv,28020210560_E11,28020210560_E11,287.0,Pseudomonas
Staphylococcus aureus,28020301940_G5,S,R,,S,S,,,,,,,S,S,S,S,S,S,R,S,S,,,,,,,,,,,,,,,,,,,,,,,,,,,,,,,,,,,,,../data/driams/downloads/DRIAMS-C/id/2018/2018_clean.csv,28020301940_G5,28020301940_G5,1280.0,Staphylococcus
Pseudomonas aeruginosa,28020302690_C9,R,R,R,S,S,R,R,,,,S,R,,,,,,,,,,,R,,,S,R,S,,,,,,,,,,,,,,,,,,,,,,,,,,,,,../data/driams/downloads/DRIAMS-C/id/2018/2018_clean.csv,28020302690_C9,28020302690_C9,287.0,Pseudomonas
Klebsiella oxytoca,28020304000_G9,S,R,S,S,S,S,S,,,,S,S,,,,,,,,,,,S,,,S,S,S,,,,,,,,,,,,,,,,,,,,,,,,,,,,,../data/driams/downloads/DRIAMS-C/id/2018/2018_clean.csv,28020304000_G9,28020304000_G9,571.0,Klebsiella
Haemophilus influenzae,28020306050_D5,S,S,,S,,S,S,,,,,,I,,,,,S,,,,,,,,,,,,,,,,,,,,,,,,,,,,,,,,,,,,,,,../data/driams/downloads/DRIAMS-C/id/2018/2018_clean.csv,28020306050_D5,28020306050_D5,727.0,Haemophilus
Klebsiella aerogenes,28020306110_E5,R,R,S,S,S,S,S,R,S,S,S,S,,,,,,,,,,,,,,,,,,,,,,,,,,,,,,,,,,,,,,,,,,,,,../data/driams/downloads/DRIAMS-C/id/2018/2018_clean.csv,28020306110_E5,28020306110_E5,548.0,
Klebsiella aerogenes,28020306110_E6,R,R,S,S,S,S,S,R,S,S,S,S,,,,,,,,,,,,,,,,,,,,,,,,,,,,,,,,,,,,,,,,,,,,,../data/driams/downloads/DRIAMS-C/id/2018/2018_clean.csv,28020306110_E6,28020306110_E6,548.0,
Enterococcus faecalis,28020306110_F1,S,S,,,,,,S,,,,I,,,,,R,,,,,R,S,,,,,,,,,,,,,,,,,,,,,,,,,,,,,,,,,,../data/driams/downloads/DRIAMS-C/id/2018/2018_clean.csv,28020306110_F1,28020306110_F1,1351.0,Enterococcus
Klebsiella aerogenes,28020306110_F2,R,R,S,S,S,S,S,R,S,S,S,S,,,,,,,,,,,,,,,,,,,,,,,,,,,,,,,,,,,,,,,,,,,,,../data/driams/downloads/DRIAMS-C/id/2018/2018_clean.csv,28020306110_F2,28020306110_F2,548.0,
Klebsiella aerogenes,28020306110_F3,R,R,S,S,S,S,S,R,S,S,S,S,,,,,,,,,,,,,,,,,,,,,,,,,,,,,,,,,,,,,,,,,,,,,../data/driams/downloads/DRIAMS-C/id/2018/2018_clean.csv,28020306110_F3,28020306110_F3,548.0,
Klebsiella aerogenes,28020306110_F4,R,R,S,S,S,S,S,R,S,S,S,S,,,,,,,,,,,,,,,,,,,,,,,,,,,,,,,,,,,,,,,,,,,,,../data/driams/downloads/DRIAMS-C/id/2018/2018_clean.csv,28020306110_F4,28020306110_F4,548.0,
Escherichia coli,28020403690_H1,S,S,S,S,S,S,S,,,,S,S,,,,,,,,,,,S,,,S,S,S,,,,,,,,,,,,,,,,,,,,,,,,,,,,,../data/driams/downloads/DRIAMS-C/id/2018/2018_clean.csv,28020403690_H1,28020403690_H1,562.0,Escherichia
Pseudomonas aeruginosa,28020403710_H2,R,R,S,S,S,R,R,,,,S,R,,,,,,,,,,,S,,,S,S,S,,,,,,,,,,,,,,,,,,,,,,,,,,,,,../data/driams/downloads/DRIAMS-C/id/2018/2018_clean.csv,28020403710_H2,28020403710_H2,287.0,Pseudomonas
Staphylococcus aureus,28020403780_D6,S,R,,R,S,,,,,,,S,S,S,S,S,S,R,S,S,,,,,,,,,,,,,,,,,,,,,,,,,,,,,,,,,,,,,../data/driams/downloads/DRIAMS-C/id/2018/2018_clean.csv,28020403780_D6,28020403780_D6,1280.0,Staphylococcus
Klebsiella oxytoca,28020403780_D7,S,R,S,S,S,S,S,,,,S,S,,,,,,,,,,,S,,,S,S,S,,,,,,,,,,,,,,,,,,,,,,,,,,,,,../data/driams/downloads/DRIAMS-C/id/2018/2018_clean.csv,28020403780_D7,28020403780_D7,571.0,Klebsiella
Klebsiella oxytoca,28020403780_D8,S,R,S,S,S,S,S,,,,S,S,,,,,,,,,,,S,,,S,S,S,,,,,,,,,,,,,,,,,,,,,,,,,,,,,../data/driams/downloads/DRIAMS-C/id/2018/2018_clean.csv,28020403780_D8,28020403780_D8,571.0,Klebsiella
Escherichia coli,28020403790_D10,R,R,S,S,S,S,R,,,,S,S,,,,,,,,,,,S,,,S,S,S,,,,,,,,,,,,,,,,,,,,,,,,,,,,,../data/driams/downloads/DRIAMS-C/id/2018/2018_clean.csv,28020403790_D10,28020403790_D10,562.0,Escherichia
Citrobacter koseri,28020403790_D11,S,R,S,S,S,S,S,,,,S,S,,,,,,,,,,,S,,,S,S,S,,,,,,,,,,,,,,,,,,,,,,,,,,,,,../data/driams/downloads/DRIAMS-C/id/2018/2018_clean.csv,28020403790_D11,28020403790_D11,545.0,Citrobacter
Pseudomonas aeruginosa,28020506430_G3,R,R,S,R,R,R,R,,,,S,R,,,,,,,,,,,S,,,S,S,S,,,,,,,,,,,,,,,,,,,,,,,,,,,,,../data/driams/downloads/DRIAMS-C/id/2018/2018_clean.csv,28020506430_G3,28020506430_G3,287.0,Pseudomonas
Pseudomonas aeruginosa,28020506430_G4,R,R,S,R,R,R,R,,,,S,R,,,,,,,,,,,S,,,S,S,S,,,,,,,,,,,,,,,,,,,,,,,,,,,,,../data/driams/downloads/DRIAMS-C/id/2018/2018_clean.csv,28020506430_G4,28020506430_G4,287.0,Pseudomonas
Enterococcus faecalis,28020506430_A2,S,S,,,,,,S,,,,I,,,,,R,,,,,R,S,,,,,,,,,,,,,,,,,,,,,,,,,,,,,,,,,,../data/driams/downloads/DRIAMS-C/id/2018/2018_clean.csv,28020506430_A2,28020506430_A2,1351.0,Enterococcus
Enterococcus faecalis,28020506430_A3,S,S,,,,,,S,,,,I,,,,,R,,,,,R,S,,,,,,,,,,,,,,,,,,,,,,,,,,,,,,,,,,../data/driams/downloads/DRIAMS-C/id/2018/2018_clean.csv,28020506430_A3,28020506430_A3,1351.0,Enterococcus
Escherichia coli,28020508050_A7,R,R,S,R,R,S,S,,,,S,R,,,,,,,,,,,S,,,S,S,S,,,,,,,,,,,,,,,,,,,,,,,,,,,,,../data/driams/downloads/DRIAMS-C/id/2018/2018_clean.csv,28020508050_A7,28020508050_A7,562.0,Escherichia
Escherichia coli,28020508050_A8,R,R,S,R,R,S,S,,,,S,R,,,,,,,,,,,S,,,S,S,S,,,,,,,,,,,,,,,,,,,,,,,,,,,,,../data/driams/downloads/DRIAMS-C/id/2018/2018_clean.csv,28020508050_A8,28020508050_A8,562.0,Escherichia
Escherichia coli,28020509650_A4,R,R,S,R,S,S,S,S,S,R,S,R,,,,,,,,,,,,,,,,,,,,,,,,,,,,,,,,,,,,,,,,,,,,,../data/driams/downloads/DRIAMS-C/id/2018/2018_clean.csv,28020509650_A4,28020509650_A4,562.0,Escherichia
Escherichia coli,28020509650_A5,R,R,S,R,S,S,S,S,S,R,S,R,,,,,,,,,,,,,,,,,,,,,,,,,,,,,,,,,,,,,,,,,,,,,../data/driams/downloads/DRIAMS-C/id/2018/2018_clean.csv,28020509650_A5,28020509650_A5,562.0,Escherichia
Peptoniphilus harei,28020509790_A9,S,S,,,,,,,,,,,S,S,,,,S,,,,,,S,,,,,,,,,,,,,,,,,,,,,,,,,,,,,,,,,../data/driams/downloads/DRIAMS-C/id/2018/2018_clean.csv,28020509790_A9,28020509790_A9,54005.0,Peptoniphilus
Klebsiella pneumoniae,28020509800_H3,R,R,R,R,S,R,R,S,R,R,S,R,,,,,,,,,,,I,,,S,R,S,,,,,,,,,,,,,,,,,,,,,,,,,,,,,../data/driams/downloads/DRIAMS-C/id/2018/2018_clean.csv,28020509800_H3,28020509800_H3,573.0,Klebsiella
Klebsiella pneumoniae,28020509800_H4,R,R,R,R,S,R,R,S,R,R,S,R,,,,,,,,,,,I,,,S,R,S,,,,,,,,,,,,,,,,,,,,,,,,,,,,,../data/driams/downloads/DRIAMS-C/id/2018/2018_clean.csv,28020509800_H4,28020509800_H4,573.0,Klebsiella
Klebsiella pneumoniae,28020509800_A6,R,R,R,R,S,R,R,S,R,R,S,R,,,,,,,,,,,I,,,S,R,S,,,,,,,,,,,,,,,,,,,,,,,,,,,,,../data/driams/downloads/DRIAMS-C/id/2018/2018_clean.csv,28020509800_A6,28020509800_A6,573.0,Klebsiella
Klebsiella pneumoniae,28020509800_A7,R,R,R,R,S,R,R,S,R,R,S,R,,,,,,,,,,,I,,,S,R,S,,,,,,,,,,,,,,,,,,,,,,,,,,,,,../data/driams/downloads/DRIAMS-C/id/2018/2018_clean.csv,28020509800_A7,28020509800_A7,573.0,Klebsiella
Klebsiella pneumoniae,28020509800_A8,R,R,R,R,S,R,R,S,R,R,S,R,,,,,,,,,,,I,,,S,R,S,,,,,,,,,,,,,,,,,,,,,,,,,,,,,../data/driams/downloads/DRIAMS-C/id/2018/2018_clean.csv,28020509800_A8,28020509800_A8,573.0,Klebsiella
Escherichia coli,28020509840_H5,S,S,S,S,S,S,S,S,S,S,S,S,,,,,,,,,,,,,,,,,,,,,,,,,,,,,,,,,,,,,,,,,,,,,../data/driams/downloads/DRIAMS-C/id/2018/2018_clean.csv,28020509840_H5,28020509840_H5,562.0,Escherichia
Enterococcus faecium,28020509840_A9,S,S,,,R,,,S,,,,I,,R,,,R,,,S,S,S,S,,,,,,,,,,,,,,,,,,,,,,,,,,,,,,,,,,../data/driams/downloads/DRIAMS-C/id/2018/2018_clean.csv,28020509840_A9,28020509840_A9,1352.0,Enterococcus
Pseudomonas aeruginosa,28020509900_D10,R,R,S,S,S,R,R,,,,S,R,,,,,,,,,,,S,,,S,S,S,,,,,,,,,,,,,,,,,,,,,,,,,,,,,../data/driams/downloads/DRIAMS-C/id/2018/2018_clean.csv,28020509900_D10,28020509900_D10,287.0,Pseudomonas
Pseudomonas aeruginosa,28020509900_D9,R,R,S,S,S,R,R,,,,S,R,,,,,,,,,,,S,,,S,S,S,,,,,,,,,,,,,,,,,,,,,,,,,,,,,../data/driams/downloads/DRIAMS-C/id/2018/2018_clean.csv,28020509900_D9,28020509900_D9,287.0,Pseudomonas
Pseudomonas aeruginosa,28020602020_B10,R,R,S,S,S,R,R,,,,S,R,,,,,,,,,,,S,,,S,S,S,,,,,,,,,,,,,,,,,,,,,,,,,,,,,../data/driams/downloads/DRIAMS-C/id/2018/2018_clean.csv,28020602020_B10,28020602020_B10,287.0,Pseudomonas
Pseudomonas aeruginosa,28020602020_B9,R,R,S,S,S,R,R,,,,S,R,,,,,,,,,,,S,,,S,S,S,,,,,,,,,,,,,,,,,,,,,,,,,,,,,../data/driams/downloads/DRIAMS-C/id/2018/2018_clean.csv,28020602020_B9,28020602020_B9,287.0,Pseudomonas
Nakaseomyces glabratus,28020602400_E1,,,,,,,,,,,,,,,,,,,,,,,,,,,,,,,,,,,,,S,S,,,S,,,,,S,,,,,,,,S,,,../data/driams/downloads/DRIAMS-C/id/2018/2018_clean.csv,28020602400_E1,28020602400_E1,5478.0,
Staphylococcus aureus,28020604130_B8,S,R,,S,S,,,,,,,S,S,S,S,S,S,R,S,S,,,,,,,,,,,,,,,,,,,,,,,,,,,,,,,,,,,,,../data/driams/downloads/DRIAMS-C/id/2018/2018_clean.csv,28020604130_B8,28020604130_B8,1280.0,Staphylococcus
Staphylococcus aureus,28020605530_C11,R,R,,R,S,,,,,,,S,R,R,S,S,R,R,S,S,,I,,,,,,,,,,,,,,,,,,,,,,,,,,,,,,,,,,,../data/driams/downloads/DRIAMS-C/id/2018/2018_clean.csv,28020605530_C11,28020605530_C11,1280.0,Staphylococcus
Staphylococcus aureus,28020607200_C2,S,R,,S,S,,,,,,,S,S,S,S,S,S,R,S,S,,,,,,,,,,,,,,,,,,,,,,,,,,,,,,,,,,,,,../data/driams/downloads/DRIAMS-C/id/2018/2018_clean.csv,28020607200_C2,28020607200_C2,1280.0,Staphylococcus
Pseudomonas aeruginosa,28020607460_B10,R,R,S,S,S,R,R,,,,S,R,,,,,,,,,,,S,,,S,S,S,,,,,,,,,,,,,,,,,,,,,,,,,,,,,../data/driams/downloads/DRIAMS-C/id/2018/2018_clean.csv,28020607460_B10,28020607460_B10,287.0,Pseudomonas
Escherichia coli,28020607460_B11,S,R,R,R,S,R,R,S,S,R,S,S,,,,,,,,,,,S,,,S,I,S,,,,,,,,,,,,,,,,,,,,,,,,,,,,,../data/driams/downloads/DRIAMS-C/id/2018/2018_clean.csv,28020607460_B11,28020607460_B11,562.0,Escherichia
Pseudomonas aeruginosa,28020607460_B12,R,R,S,S,S,R,R,,,,S,R,,,,,,,,,,,S,,,S,S,S,,,,,,,,,,,,,,,,,,,,,,,,,,,,,../data/driams/downloads/DRIAMS-C/id/2018/2018_clean.csv,28020607460_B12,28020607460_B12,287.0,Pseudomonas
Pseudomonas aeruginosa,28020608320_E6,R,R,S,S,S,R,R,,,,S,R,,,,,,,,,,,S,,,S,S,S,,,,,,,,,,,,,,,,,,,,,,,,,,,,,../data/driams/downloads/DRIAMS-C/id/2018/2018_clean.csv,28020608320_E6,28020608320_E6,287.0,Pseudomonas
Pseudomonas aeruginosa,28020608320_E7,R,R,S,S,S,R,R,,,,S,R,,,,,,,,,,,S,,,S,S,S,,,,,,,,,,,,,,,,,,,,,,,,,,,,,../data/driams/downloads/DRIAMS-C/id/2018/2018_clean.csv,28020608320_E7,28020608320_E7,287.0,Pseudomonas
Staphylococcus aureus,28020609610_C3,S,S,,S,S,,,,,,,S,S,S,S,S,S,S,S,S,,,,,,,,,,,,,,,,,,,,,,,,,,,,,,,,,,,,,../data/driams/downloads/DRIAMS-C/id/2018/2018_clean.csv,28020609610_C3,28020609610_C3,1280.0,Staphylococcus
Staphylococcus aureus,28020609610_C4,S,S,,S,S,,,,,,,S,S,S,S,S,S,S,S,S,,,,,,,,,,,,,,,,,,,,,,,,,,,,,,,,,,,,,../data/driams/downloads/DRIAMS-C/id/2018/2018_clean.csv,28020609610_C4,28020609610_C4,1280.0,Staphylococcus
Citrobacter koseri,28020609780_C6,S,R,S,S,S,S,S,,,,S,S,,,,,,,,,,,S,,,S,S,S,,,,,,,,,,,,,,,,,,,,,,,,,,,,,../data/driams/downloads/DRIAMS-C/id/2018/2018_clean.csv,28020609780_C6,28020609780_C6,545.0,Citrobacter
Escherichia coli,28020610430_E10,S,R,R,S,S,R,R,S,S,S,S,R,,,,,,,,,,,S,,,S,R,S,,,,,,,,,,,,,,,,,,,,,,,,,,,,,../data/driams/downloads/DRIAMS-C/id/2018/2018_clean.csv,28020610430_E10,28020610430_E10,562.0,Escherichia
Proteus mirabilis,28020610430_E11,S,R,S,R,S,S,S,R,R,R,R,R,,,,,,,,,,,S,,,S,S,S,,,,,,,,,,,,,,,,,,,,,,,,,,,,,../data/driams/downloads/DRIAMS-C/id/2018/2018_clean.csv,28020610430_E11,28020610430_E11,584.0,Proteus
Proteus mirabilis,28020610430_E2,S,R,S,R,S,S,S,R,R,R,R,R,,,,,,,,,,,S,,,S,S,S,,,,,,,,,,,,,,,,,,,,,,,,,,,,,../data/driams/downloads/DRIAMS-C/id/2018/2018_clean.csv,28020610430_E2,28020610430_E2,584.0,Proteus
Pseudomonas aeruginosa,28020610430_E3,R,R,S,S,S,R,R,,,,S,R,,,,,,,,,,,S,,,S,S,S,,,,,,,,,,,,,,,,,,,,,,,,,,,,,../data/driams/downloads/DRIAMS-C/id/2018/2018_clean.csv,28020610430_E3,28020610430_E3,287.0,Pseudomonas
Proteus mirabilis,28020610430_E4,S,R,S,R,S,S,S,R,R,R,R,R,,,,,,,,,,,S,,,S,S,S,,,,,,,,,,,,,,,,,,,,,,,,,,,,,../data/driams/downloads/DRIAMS-C/id/2018/2018_clean.csv,28020610430_E4,28020610430_E4,584.0,Proteus
Klebsiella pneumoniae,28020610430_E5,S,R,R,S,R,R,R,S,R,S,S,R,,,,,,,,,,,S,,,S,R,S,,,,,,,,,,,,,,,,,,,,,,,,,,,,,../data/driams/downloads/DRIAMS-C/id/2018/2018_clean.csv,28020610430_E5,28020610430_E5,573.0,Klebsiella
Proteus mirabilis,28020610430_E6,S,R,S,R,S,S,S,R,R,R,R,R,,,,,,,,,,,S,,,S,S,S,,,,,,,,,,,,,,,,,,,,,,,,,,,,,../data/driams/downloads/DRIAMS-C/id/2018/2018_clean.csv,28020610430_E6,28020610430_E6,584.0,Proteus
Pseudomonas aeruginosa,28020610430_E7,R,R,S,S,S,R,R,,,,S,R,,,,,,,,,,,S,,,S,S,S,,,,,,,,,,,,,,,,,,,,,,,,,,,,,../data/driams/downloads/DRIAMS-C/id/2018/2018_clean.csv,28020610430_E7,28020610430_E7,287.0,Pseudomonas
Proteus mirabilis,28020610430_E8,S,R,S,R,S,S,S,R,R,R,R,R,,,,,,,,,,,S,,,S,S,S,,,,,,,,,,,,,,,,,,,,,,,,,,,,,../data/driams/downloads/DRIAMS-C/id/2018/2018_clean.csv,28020610430_E8,28020610430_E8,584.0,Proteus
Proteus mirabilis,28020610430_E9,S,R,S,R,S,S,S,R,R,R,R,R,,,,,,,,,,,S,,,S,S,S,,,,,,,,,,,,,,,,,,,,,,,,,,,,,../data/driams/downloads/DRIAMS-C/id/2018/2018_clean.csv,28020610430_E9,28020610430_E9,584.0,Proteus
Proteus mirabilis,28020610430_A2,S,R,S,R,S,S,S,R,R,R,R,R,,,,,,,,,,,S,,,S,S,S,,,,,,,,,,,,,,,,,,,,,,,,,,,,,../data/driams/downloads/DRIAMS-C/id/2018/2018_clean.csv,28020610430_A2,28020610430_A2,584.0,Proteus
Enterococcus faecalis,28020611910_D2,S,S,,,,,,S,,,,I,,,,,R,,,,,R,S,,,,,,,,,,,,,,,,,,,,,,,,,,,,,,,,,,../data/driams/downloads/DRIAMS-C/id/2018/2018_clean.csv,28020611910_D2,28020611910_D2,1351.0,Enterococcus
Escherichia coli,28020611910_D3,S,R,S,I,R,S,S,S,R,I,S,S,,,,,,,,,,,,,,,,,,,,,,,,,,,,,,,,,,,,,,,,,,,,,../data/driams/downloads/DRIAMS-C/id/2018/2018_clean.csv,28020611910_D3,28020611910_D3,562.0,Escherichia
Escherichia coli,28020611910_D4,S,R,S,I,R,S,S,S,R,I,S,S,,,,,,,,,,,,,,,,,,,,,,,,,,,,,,,,,,,,,,,,,,,,,../data/driams/downloads/DRIAMS-C/id/2018/2018_clean.csv,28020611910_D4,28020611910_D4,562.0,Escherichia
Escherichia coli,28020611910_D5,S,R,S,I,R,S,S,S,R,I,S,S,,,,,,,,,,,,,,,,,,,,,,,,,,,,,,,,,,,,,,,,,,,,,../data/driams/downloads/DRIAMS-C/id/2018/2018_clean.csv,28020611910_D5,28020611910_D5,562.0,Escherichia
Staphylococcus aureus,28020613100_D7,S,R,,S,S,,,,,,,S,S,S,S,S,S,R,S,S,,,,,,,,,,,,,,,,,,,,,,,,,,,,,,,,,,,,,../data/driams/downloads/DRIAMS-C/id/2018/2018_clean.csv,28020613100_D7,28020613100_D7,1280.0,Staphylococcus
Staphylococcus aureus,28020702020_D9,S,R,,S,S,,,,,,,S,S,S,S,S,S,R,S,S,,,,,,,,,,,,,,,,,,,,,,,,,,,,,,,,,,,,,../data/driams/downloads/DRIAMS-C/id/2018/2018_clean.csv,28020702020_D9,28020702020_D9,1280.0,Staphylococcus
Escherichia coli,28020705880_A4,R,R,R,S,S,S,R,S,R,S,S,R,,,,,,,,,,,S,,,S,S,S,,,,,,,,,,,,,,,,,,,,,,,,,,,,,../data/driams/downloads/DRIAMS-C/id/2018/2018_clean.csv,28020705880_A4,28020705880_A4,562.0,Escherichia
Staphylococcus aureus,28020706990_F10,S,S,,R,S,,,,,,,S,S,S,S,S,S,S,S,S,,,,,,,,,,,,,,,,,,,,,,,,,,,,,,,,,,,,,../data/driams/downloads/DRIAMS-C/id/2018/2018_clean.csv,28020706990_F10,28020706990_F10,1280.0,Staphylococcus
Staphylococcus aureus,28020706990_F8,S,S,,R,S,,,,,,,S,S,S,S,S,S,S,S,S,,,,,,,,,,,,,,,,,,,,,,,,,,,,,,,,,,,,,../data/driams/downloads/DRIAMS-C/id/2018/2018_clean.csv,28020706990_F8,28020706990_F8,1280.0,Staphylococcus
Staphylococcus aureus,28020706990_F9,S,S,,R,S,,,,,,,S,S,S,S,S,S,S,S,S,,,,,,,,,,,,,,,,,,,,,,,,,,,,,,,,,,,,,../data/driams/downloads/DRIAMS-C/id/2018/2018_clean.csv,28020706990_F9,28020706990_F9,1280.0,Staphylococcus
Staphylococcus aureus,28020707160_A7,S,R,,S,S,,,,,,,S,S,S,S,S,S,R,S,S,,,,,,,,,,,,,,,,,,,,,,,,,,,,,,,,,,,,,../data/driams/downloads/DRIAMS-C/id/2018/2018_clean.csv,28020707160_A7,28020707160_A7,1280.0,Staphylococcus
Staphylococcus aureus,28020707160_B8,S,R,,S,S,,,,,,,S,S,S,S,S,S,R,S,S,,,,,,,,,,,,,,,,,,,,,,,,,,,,,,,,,,,,,../data/driams/downloads/DRIAMS-C/id/2018/2018_clean.csv,28020707160_B8,28020707160_B8,1280.0,Staphylococcus
Haemophilus parainfluenzae,28020707410_B1,S,R,,S,,S,S,,,,,,I,,,,,R,,,,,,,,,,,,,,,,,,,,,,,,,,,,,,,,,,,,,,,../data/driams/downloads/DRIAMS-C/id/2018/2018_clean.csv,28020707410_B1,28020707410_B1,729.0,Haemophilus
Escherichia coli,28020708380_F8,S,S,S,S,S,S,S,S,S,S,S,S,,,,,,,,,,,,,,,,,,,,,,,,,,,,,,,,,,,,,,,,,,,,,../data/driams/downloads/DRIAMS-C/id/2018/2018_clean.csv,28020708380_F8,28020708380_F8,562.0,Escherichia
Staphylococcus aureus,28020709380_G9,S,S,,S,S,,,,,,,S,S,S,S,S,S,S,S,S,,,,,,,,,,,,,,,,,,,,,,,,,,,,,,,,,,,,,../data/driams/downloads/DRIAMS-C/id/2018/2018_clean.csv,28020709380_G9,28020709380_G9,1280.0,Staphylococcus
Klebsiella pneumoniae,28020709410_G11,S,R,S,S,S,S,S,,,,S,R,,,,,,,,,,,S,,,S,S,S,,,,,,,,,,,,,,,,,,,,,,,,,,,,,../data/driams/downloads/DRIAMS-C/id/2018/2018_clean.csv,28020709410_G11,28020709410_G11,573.0,Klebsiella
Enterococcus faecium,28020709950_F10,R,R,,,R,,,,,,,,,R,,,R,,,S,S,S,R,,,,,,,,,,,,,,,,,,,,,,,,,,,,,,,,,,../data/driams/downloads/DRIAMS-C/id/2018/2018_clean.csv,28020709950_F10,28020709950_F10,1352.0,Enterococcus
Escherichia coli,28020709950_A5,R,R,R,S,S,R,R,S,S,S,S,R,,,,,,,,,,,I,,,S,I,S,,,,,,,,,,,,,,,,,,,,,,,,,,,,,../data/driams/downloads/DRIAMS-C/id/2018/2018_clean.csv,28020709950_A5,28020709950_A5,562.0,Escherichia
Escherichia coli,28020709950_A6,R,R,R,S,S,R,R,S,S,S,S,R,,,,,,,,,,,I,,,S,I,S,,,,,,,,,,,,,,,,,,,,,,,,,,,,,../data/driams/downloads/DRIAMS-C/id/2018/2018_clean.csv,28020709950_A6,28020709950_A6,562.0,Escherichia
Citrobacter koseri,28020710120_F11,S,R,S,S,S,S,S,S,S,S,S,S,,,,,,,,,,,,,,,,,,,,,,,,,,,,,,,,,,,,,,,,,,,,,../data/driams/downloads/DRIAMS-C/id/2018/2018_clean.csv,28020710120_F11,28020710120_F11,545.0,Citrobacter
Citrobacter koseri,28020710120_F12,S,R,S,S,S,S,S,S,S,S,S,S,,,,,,,,,,,,,,,,,,,,,,,,,,,,,,,,,,,,,,,,,,,,,../data/driams/downloads/DRIAMS-C/id/2018/2018_clean.csv,28020710120_F12,28020710120_F12,545.0,Citrobacter
Staphylococcus aureus,28020711190_E7,S,R,,S,S,,,,,,,S,S,S,S,S,S,R,S,S,,,,,,,,,,,,,,,,,,,,,,,,,,,,,,,,,,,,,../data/driams/downloads/DRIAMS-C/id/2018/2018_clean.csv,28020711190_E7,28020711190_E7,1280.0,Staphylococcus
Pseudomonas aeruginosa,28020711210_B3,R,R,S,R,R,R,R,,,,S,R,,,,,,,,,,,S,,,R,S,S,,,,,,,,,,,,,,,,,,,,,,,,,,,,,../data/driams/downloads/DRIAMS-C/id/2018/2018_clean.csv,28020711210_B3,28020711210_B3,287.0,Pseudomonas
Pseudomonas aeruginosa,28020711210_F1,R,R,S,R,R,R,R,,,,S,R,,,,,,,,,,,S,,,R,S,S,,,,,,,,,,,,,,,,,,,,,,,,,,,,,../data/driams/downloads/DRIAMS-C/id/2018/2018_clean.csv,28020711210_F1,28020711210_F1,287.0,Pseudomonas
Staphylococcus lugdunensis,28020711240_E10,S,R,,S,S,,,,,,,S,S,S,S,S,S,R,S,S,,,,,,,,,,,,,,,,,,,,,,,,,,,,,,,,,,,,,../data/driams/downloads/DRIAMS-C/id/2018/2018_clean.csv,28020711240_E10,28020711240_E10,28035.0,Staphylococcus
Staphylococcus lugdunensis,28020711240_E11,S,R,,S,S,,,,,,,S,S,S,S,S,S,R,S,S,,,,,,,,,,,,,,,,,,,,,,,,,,,,,,,,,,,,,../data/driams/downloads/DRIAMS-C/id/2018/2018_clean.csv,28020711240_E11,28020711240_E11,28035.0,Staphylococcus
Klebsiella aerogenes,28020712090_G1,R,R,I,S,S,S,R,S,R,S,S,S,,,,,,,,,,,,,,,,,,,,,,,,,,,,,,,,,,,,,,,,,,,,,../data/driams/downloads/DRIAMS-C/id/2018/2018_clean.csv,28020712090_G1,28020712090_G1,548.0,
Enterococcus faecalis,28020712090_G2,S,S,,,,,,S,,,,I,,,,,R,,,,,R,S,,,,,,,,,,,,,,,,,,,,,,,,,,,,,,,,,,../data/driams/downloads/DRIAMS-C/id/2018/2018_clean.csv,28020712090_G2,28020712090_G2,1351.0,Enterococcus
Pseudomonas aeruginosa,28020712130_G3,R,R,S,S,S,R,R,,,,S,R,,,,,,,,,,,S,,,S,S,S,,,,,,,,,,,,,,,,,,,,,,,,,,,,,../data/driams/downloads/DRIAMS-C/id/2018/2018_clean.csv,28020712130_G3,28020712130_G3,287.0,Pseudomonas
Pseudomonas aeruginosa,28020712130_A7,R,R,S,S,S,R,R,,,,S,R,,,,,,,,,,,S,,,S,S,S,,,,,,,,,,,,,,,,,,,,,,,,,,,,,../data/driams/downloads/DRIAMS-C/id/2018/2018_clean.csv,28020712130_A7,28020712130_A7,287.0,Pseudomonas
Escherichia coli,28020713820_D9,S,R,S,S,S,S,S,S,S,S,S,S,,,,,,,,,,,,,,,,,,,,,,,,,,,,,,,,,,,,,,,,,,,,,../data/driams/downloads/DRIAMS-C/id/2018/2018_clean.csv,28020713820_D9,28020713820_D9,562.0,Escherichia
Enterococcus faecalis,28020713820_A10,S,S,,,,,,S,,,,I,,,,,R,,,,,R,S,,,,,,,,,,,,,,,,,,,,,,,,,,,,,,,,,,../data/driams/downloads/DRIAMS-C/id/2018/2018_clean.csv,28020713820_A10,28020713820_A10,1351.0,Enterococcus
Escherichia coli,28020713820_A8,S,R,S,S,S,S,S,S,S,S,S,S,,,,,,,,,,,,,,,,,,,,,,,,,,,,,,,,,,,,,,,,,,,,,../data/driams/downloads/DRIAMS-C/id/2018/2018_clean.csv,28020713820_A8,28020713820_A8,562.0,Escherichia
Pseudomonas aeruginosa,28020713820_A9,R,R,S,S,S,R,R,,,,S,R,,,,,,,,,,,S,,,S,S,S,,,,,,,,,,,,,,,,,,,,,,,,,,,,,../data/driams/downloads/DRIAMS-C/id/2018/2018_clean.csv,28020713820_A9,28020713820_A9,287.0,Pseudomonas
Escherichia coli,28020713870_G10,,R,,,,S,,S,S,,S,R,,,,,,,,,,,S,,,S,S,S,,,,,,,,,,,,,,,,,,,,,,,,,,,,,../data/driams/downloads/DRIAMS-C/id/2018/2018_clean.csv,28020713870_G10,28020713870_G10,562.0,Escherichia
Escherichia coli,28020713870_G12,,R,,,,S,,S,S,,S,R,,,,,,,,,,,S,,,S,S,S,,,,,,,,,,,,,,,,,,,,,,,,,,,,,../data/driams/downloads/DRIAMS-C/id/2018/2018_clean.csv,28020713870_G12,28020713870_G12,562.0,Escherichia
Escherichia coli,28020713870_G7,,R,,,,S,,S,S,,S,R,,,,,,,,,,,S,,,S,S,S,,,,,,,,,,,,,,,,,,,,,,,,,,,,,../data/driams/downloads/DRIAMS-C/id/2018/2018_clean.csv,28020713870_G7,28020713870_G7,562.0,Escherichia
Escherichia coli,28020713870_G8,,R,,,,S,,S,S,,S,R,,,,,,,,,,,S,,,S,S,S,,,,,,,,,,,,,,,,,,,,,,,,,,,,,../data/driams/downloads/DRIAMS-C/id/2018/2018_clean.csv,28020713870_G8,28020713870_G8,562.0,Escherichia
Escherichia coli,28020713870_G9,,R,,,,S,,S,S,,S,R,,,,,,,,,,,S,,,S,S,S,,,,,,,,,,,,,,,,,,,,,,,,,,,,,../data/driams/downloads/DRIAMS-C/id/2018/2018_clean.csv,28020713870_G9,28020713870_G9,562.0,Escherichia
Escherichia coli,28020713870_H1,,R,,,,S,,S,S,,S,R,,,,,,,,,,,S,,,S,S,S,,,,,,,,,,,,,,,,,,,,,,,,,,,,,../data/driams/downloads/DRIAMS-C/id/2018/2018_clean.csv,28020713870_H1,28020713870_H1,562.0,Escherichia
Escherichia coli,28020713870_A11,,R,,,,S,,S,S,,S,R,,,,,,,,,,,S,,,S,S,S,,,,,,,,,,,,,,,,,,,,,,,,,,,,,../data/driams/downloads/DRIAMS-C/id/2018/2018_clean.csv,28020713870_A11,28020713870_A11,562.0,Escherichia
Pseudomonas aeruginosa,28020714940_F2,R,R,S,S,S,R,R,,,,S,R,,,,,,,,,,,S,,,S,S,S,,,,,,,,,,,,,,,,,,,,,,,,,,,,,../data/driams/downloads/DRIAMS-C/id/2018/2018_clean.csv,28020714940_F2,28020714940_F2,287.0,Pseudomonas
Escherichia coli,28020806780_B9,R,R,S,S,S,S,S,,,,S,S,,,,,,,,,,,S,,,S,S,S,,,,,,,,,,,,,,,,,,,,,,,,,,,,,../data/driams/downloads/DRIAMS-C/id/2018/2018_clean.csv,28020806780_B9,28020806780_B9,562.0,Escherichia
Staphylococcus aureus,28020806800_E4,S,R,,S,S,,,,,,,S,S,S,S,S,S,R,S,S,,,,,,,,,,,,,,,,,,,,,,,,,,,,,,,,,,,,,../data/driams/downloads/DRIAMS-C/id/2018/2018_clean.csv,28020806800_E4,28020806800_E4,1280.0,Staphylococcus
Hallella bergensis,28020806810_E6,S,S,,,,,,,,,,,S,S,,,,S,,,,,,S,,,,,,,,,,,,,,,,,,,,,,,,,,,,,,,,,../data/driams/downloads/DRIAMS-C/id/2018/2018_clean.csv,28020806810_E6,28020806810_E6,242750.0,
Pseudomonas aeruginosa,28020813090_D4,R,R,S,S,S,R,R,,,,S,R,,,,,,,,,,,S,,,S,S,S,,,,,,,,,,,,,,,,,,,,,,,,,,,,,../data/driams/downloads/DRIAMS-C/id/2018/2018_clean.csv,28020813090_D4,28020813090_D4,287.0,Pseudomonas
Proteus mirabilis,28020813760_C10,S,R,S,R,R,S,S,R,S,R,R,R,,,,,,,,,,,,,,,,,,,,,,,,,,,,,,,,,,,,,,,,,,,,,../data/driams/downloads/DRIAMS-C/id/2018/2018_clean.csv,28020813760_C10,28020813760_C10,584.0,Proteus
Citrobacter freundii,28020813760_C11,R,R,S,S,S,S,S,S,S,S,S,S,,,,,,,,,,,,,,,,,,,,,,,,,,,,,,,,,,,,,,,,,,,,,../data/driams/downloads/DRIAMS-C/id/2018/2018_clean.csv,28020813760_C11,28020813760_C11,546.0,Citrobacter
Proteus mirabilis,28020813760_C12,S,R,S,R,R,S,S,R,S,R,R,R,,,,,,,,,,,,,,,,,,,,,,,,,,,,,,,,,,,,,,,,,,,,,../data/driams/downloads/DRIAMS-C/id/2018/2018_clean.csv,28020813760_C12,28020813760_C12,584.0,Proteus
Proteus mirabilis,28020813760_D8,S,R,S,R,R,S,S,R,S,R,R,R,,,,,,,,,,,,,,,,,,,,,,,,,,,,,,,,,,,,,,,,,,,,,../data/driams/downloads/DRIAMS-C/id/2018/2018_clean.csv,28020813760_D8,28020813760_D8,584.0,Proteus
Proteus mirabilis,28020813760_D9,S,R,S,R,R,S,S,R,S,R,R,R,,,,,,,,,,,,,,,,,,,,,,,,,,,,,,,,,,,,,,,,,,,,,../data/driams/downloads/DRIAMS-C/id/2018/2018_clean.csv,28020813760_D9,28020813760_D9,584.0,Proteus
Klebsiella pneumoniae,28020813770_D1,S,R,S,S,S,S,S,S,R,S,S,S,,,,,,,,,,,,,,,,,,,,,,,,,,,,,,,,,,,,,,,,,,,,,../data/driams/downloads/DRIAMS-C/id/2018/2018_clean.csv,28020813770_D1,28020813770_D1,573.0,Klebsiella
Proteus mirabilis,28020813800_D2,S,R,S,S,S,S,S,R,R,S,R,R,,,,,,,,,,,,,,,,,,,,,,,,,,,,,,,,,,,,,,,,,,,,,../data/driams/downloads/DRIAMS-C/id/2018/2018_clean.csv,28020813800_D2,28020813800_D2,584.0,Proteus
Staphylococcus aureus,28020813800_D4,S,R,,S,S,,,S,,S,,S,,,,,S,R,,,,,,,,,,,,,,,S,,,,,,,,,,,,,,,,,,,,,,,,../data/driams/downloads/DRIAMS-C/id/2018/2018_clean.csv,28020813800_D4,28020813800_D4,1280.0,Staphylococcus
Enterococcus faecalis,28020814450_D5,S,S,,,,,,S,,,,I,,,,,R,,,,,R,S,,,,,,,,,,,,,,,,,,,,,,,,,,,,,,,,,,../data/driams/downloads/DRIAMS-C/id/2018/2018_clean.csv,28020814450_D5,28020814450_D5,1351.0,Enterococcus
Pseudomonas aeruginosa,28020902530_E12,R,R,R,R,R,R,R,,,,S,R,,,,,,,,,,,R,,,I,R,R,,,,,,,,,,,,,,,,,,,,,,,,,,,,,../data/driams/downloads/DRIAMS-C/id/2018/2018_clean.csv,28020902530_E12,28020902530_E12,287.0,Pseudomonas
Pseudomonas aeruginosa,28020902530_F1,R,R,R,R,R,R,R,,,,S,R,,,,,,,,,,,R,,,I,R,R,,,,,,,,,,,,,,,,,,,,,,,,,,,,,../data/driams/downloads/DRIAMS-C/id/2018/2018_clean.csv,28020902530_F1,28020902530_F1,287.0,Pseudomonas
Escherichia coli,28020902760_G1,S,S,S,S,S,S,S,,,,S,S,,,,,,,,,,,S,,,S,S,S,,,,,,,,,,,,,,,,,,,,,,,,,,,,,../data/driams/downloads/DRIAMS-C/id/2018/2018_clean.csv,28020902760_G1,28020902760_G1,562.0,Escherichia
Escherichia coli,28020902760_G2,S,S,S,S,S,S,S,,,,S,S,,,,,,,,,,,S,,,S,S,S,,,,,,,,,,,,,,,,,,,,,,,,,,,,,../data/driams/downloads/DRIAMS-C/id/2018/2018_clean.csv,28020902760_G2,28020902760_G2,562.0,Escherichia
Escherichia coli,28020902760_A11,S,S,S,S,S,S,S,,,,S,S,,,,,,,,,,,S,,,S,S,S,,,,,,,,,,,,,,,,,,,,,,,,,,,,,../data/driams/downloads/DRIAMS-C/id/2018/2018_clean.csv,28020902760_A11,28020902760_A11,562.0,Escherichia
Escherichia coli,28020902760_A12,S,S,S,S,S,S,S,,,,S,S,,,,,,,,,,,S,,,S,S,S,,,,,,,,,,,,,,,,,,,,,,,,,,,,,../data/driams/downloads/DRIAMS-C/id/2018/2018_clean.csv,28020902760_A12,28020902760_A12,562.0,Escherichia
Bacteroides fragilis,28020902760_B1,S,R,,,,,,,,,,,S,S,,,,R,,,,,,S,,,,,,,,,,,,,,,,,,,,,,,,,,,,,,,,,../data/driams/downloads/DRIAMS-C/id/2018/2018_clean.csv,28020902760_B1,28020902760_B1,817.0,Bacteroides
Pseudomonas aeruginosa,28020902770_G3,R,R,S,S,S,R,R,,,,S,R,,,,,,,,,,,S,,,S,S,S,,,,,,,,,,,,,,,,,,,,,,,,,,,,,../data/driams/downloads/DRIAMS-C/id/2018/2018_clean.csv,28020902770_G3,28020902770_G3,287.0,Pseudomonas
Staphylococcus aureus,28020906540_E1,S,S,,S,S,,,,,,,S,S,S,S,S,S,S,S,S,,,,,,,,,,,,,,,,,,,,,,,,,,,,,,,,,,,,,../data/driams/downloads/DRIAMS-C/id/2018/2018_clean.csv,28020906540_E1,28020906540_E1,1280.0,Staphylococcus
Escherichia coli,28020908020_G6,S,R,S,S,S,S,S,,,,S,S,,,,,,,,,,,S,,,S,S,S,,,,,,,,,,,,,,,,,,,,,,,,,,,,,../data/driams/downloads/DRIAMS-C/id/2018/2018_clean.csv,28020908020_G6,28020908020_G6,562.0,Escherichia
Pseudomonas aeruginosa,28020910490_E5,R,R,S,S,S,R,R,,,,S,R,,,,,,,,,,,S,,,S,S,S,,,,,,,,,,,,,,,,,,,,,,,,,,,,,../data/driams/downloads/DRIAMS-C/id/2018/2018_clean.csv,28020910490_E5,28020910490_E5,287.0,Pseudomonas
Pseudomonas aeruginosa,28020910490_E6,R,R,S,S,S,R,R,,,,S,R,,,,,,,,,,,S,,,S,S,S,,,,,,,,,,,,,,,,,,,,,,,,,,,,,../data/driams/downloads/DRIAMS-C/id/2018/2018_clean.csv,28020910490_E6,28020910490_E6,287.0,Pseudomonas
Trueperella bernardiae,28020911050_B6,S,S,,,S,,,,,,,S,S,S,S,,S,S,,S,,,,,S,,,,,,,,,,,,,,,,,,,,,,,,,,,,,,,,../data/driams/downloads/DRIAMS-C/id/2018/2018_clean.csv,28020911050_B6,28020911050_B6,59561.0,Trueperella
,28020911050_B7,S,S,,,S,,,,,,,S,S,S,S,,S,S,,S,,,,,S,,,,,,,,,,,,,,,,,,,,,,,,,,,,,,,,../data/driams/downloads/DRIAMS-C/id/2018/2018_clean.csv,28020911050_B7,28020911050_B7,,
Hallella bergensis,28020911050_B8,S,S,,,,,,,,,,,S,S,,,,S,,,,,,S,,,,,,,,,,,,,,,,,,,,,,,,,,,,,,,,,../data/driams/downloads/DRIAMS-C/id/2018/2018_clean.csv,28020911050_B8,28020911050_B8,242750.0,
Streptococcus pneumoniae,28020911990_G8,S,S,,,R,,,,,,,S,S,S,S,,S,S,,S,,,,,S,,,,,,,,,,,,,,,,,,,,,,,,,,,,,,,,../data/driams/downloads/DRIAMS-C/id/2018/2018_clean.csv,28020911990_G8,28020911990_G8,1313.0,Streptococcus
Streptococcus pneumoniae,28020911990_F7,S,S,,,R,,,,,,,S,S,S,S,,S,S,,S,,,,,S,,,,,,,,,,,,,,,,,,,,,,,,,,,,,,,,../data/driams/downloads/DRIAMS-C/id/2018/2018_clean.csv,28020911990_F7,28020911990_F7,1313.0,Streptococcus
Enterococcus faecalis,28020912020_B9,S,S,,,R,,,,,,,,,R,,,R,,,S,S,R,S,,,,,,,,,,,,,,,,,,,,,,,,,,,,,,,,,,../data/driams/downloads/DRIAMS-C/id/2018/2018_clean.csv,28020912020_B9,28020912020_B9,1351.0,Enterococcus
Aerococcus urinae,28020912240_D7,S,S,,,,,,,,,,,,S,,,,S,,S,,,,,,,,,,,,,,,,,,,,,,,,,,,,,,,,,,,,,../data/driams/downloads/DRIAMS-C/id/2018/2018_clean.csv,28020912240_D7,28020912240_D7,1376.0,Aerococcus
Staphylococcus aureus,28020912310_C2,S,R,,S,S,,,,,,,S,R,R,S,S,S,R,S,S,,,,,,,,,,,,,,,,,,,,,,,,,,,,,,,,,,,,,../data/driams/downloads/DRIAMS-C/id/2018/2018_clean.csv,28020912310_C2,28020912310_C2,1280.0,Staphylococcus
Klebsiella pneumoniae,28021002990_C3,S,R,S,S,S,S,S,,,,S,S,,,,,,,,,,,S,,,S,S,S,,,,,,,,,,,,,,,,,,,,,,,,,,,,,../data/driams/downloads/DRIAMS-C/id/2018/2018_clean.csv,28021002990_C3,28021002990_C3,573.0,Klebsiella
Staphylococcus aureus,28021003720_C6,S,R,,S,S,,,,,,,S,S,S,S,S,S,R,S,S,,,,,,,,,,,,,,,,,,,,,,,,,,,,,,,,,,,,,../data/driams/downloads/DRIAMS-C/id/2018/2018_clean.csv,28021003720_C6,28021003720_C6,1280.0,Staphylococcus
Streptococcus pneumoniae,28021003990_C9,S,S,,,R,,,,,,,S,S,S,S,,S,S,,S,,,,,S,,,,,,,,,,,,,,,,,,,,,,,,,,,,,,,,../data/driams/downloads/DRIAMS-C/id/2018/2018_clean.csv,28021003990_C9,28021003990_C9,1313.0,Streptococcus
Escherichia coli,28021004060_C10,S,R,I,R,S,R,R,,,,S,S,,,,,,,,,,,S,,,S,I,S,,,,,,,,,,,,,,,,,,,,,,,,,,,,,../data/driams/downloads/DRIAMS-C/id/2018/2018_clean.csv,28021004060_C10,28021004060_C10,562.0,Escherichia
Escherichia coli,28021004410_F11,S,S,S,S,S,S,S,S,S,S,S,S,,,,,,,,,,,,,,,,,,,,,,,,,,,,,,,,,,,,,,,,,,,,,../data/driams/downloads/DRIAMS-C/id/2018/2018_clean.csv,28021004410_F11,28021004410_F11,562.0,Escherichia
Escherichia coli,28021004410_F12,S,S,S,S,S,S,S,S,S,S,S,S,,,,,,,,,,,,,,,,,,,,,,,,,,,,,,,,,,,,,,,,,,,,,../data/driams/downloads/DRIAMS-C/id/2018/2018_clean.csv,28021004410_F12,28021004410_F12,562.0,Escherichia
Klebsiella pneumoniae,28021004410_A3,S,R,S,S,S,S,S,S,S,S,S,S,,,,,,,,,,,,,,,,,,,,,,,,,,,,,,,,,,,,,,,,,,,,,../data/driams/downloads/DRIAMS-C/id/2018/2018_clean.csv,28021004410_A3,28021004410_A3,573.0,Klebsiella
Klebsiella pneumoniae,28021004410_A5,S,R,S,S,S,S,S,S,S,S,S,S,,,,,,,,,,,,,,,,,,,,,,,,,,,,,,,,,,,,,,,,,,,,,../data/driams/downloads/DRIAMS-C/id/2018/2018_clean.csv,28021004410_A5,28021004410_A5,573.0,Klebsiella
Escherichia coli,28021006160_D3,S,S,S,S,S,S,S,,,,S,S,,,,,,,,,,,S,,,S,S,S,,,,,,,,,,,,,,,,,,,,,,,,,,,,,../data/driams/downloads/DRIAMS-C/id/2018/2018_clean.csv,28021006160_D3,28021006160_D3,562.0,Escherichia
Enterococcus faecalis,28021102870_G2,S,S,,,R,,,,,,,,,R,,,R,,,S,S,R,S,,,,,,,,,,,,,,,,,,,,,,,,,,,,,,,,,,../data/driams/downloads/DRIAMS-C/id/2018/2018_clean.csv,28021102870_G2,28021102870_G2,1351.0,Enterococcus
Enterococcus faecalis,28021102870_G3,S,S,,,R,,,,,,,,,R,,,R,,,S,S,R,S,,,,,,,,,,,,,,,,,,,,,,,,,,,,,,,,,,../data/driams/downloads/DRIAMS-C/id/2018/2018_clean.csv,28021102870_G3,28021102870_G3,1351.0,Enterococcus
Staphylococcus aureus,28021102900_G4,S,R,,S,S,,,,,,,S,S,S,S,S,S,R,S,S,,,,,,,,,,,,,,,,S,,,,,,,,,,,,,,,,,,,,,../data/driams/downloads/DRIAMS-C/id/2018/2018_clean.csv,28021102900_G4,28021102900_G4,1280.0,Staphylococcus
Staphylococcus aureus,28021102900_G5,S,R,,S,S,,,,,,,S,S,S,S,S,S,R,S,S,,,,,,,,,,,,,,,,S,,,,,,,,,,,,,,,,,,,,,../data/driams/downloads/DRIAMS-C/id/2018/2018_clean.csv,28021102900_G5,28021102900_G5,1280.0,Staphylococcus
Escherichia coli,28021102910_A4,S,S,S,S,S,S,S,,,,S,S,,,,,,,,,,,S,,,S,S,S,,,,,,,,,,,,,,,,,,,,,,,,,,,,,../data/driams/downloads/DRIAMS-C/id/2018/2018_clean.csv,28021102910_A4,28021102910_A4,562.0,Escherichia
Escherichia coli,28021102910_A5,S,S,S,S,S,S,S,,,,S,S,,,,,,,,,,,S,,,S,S,S,,,,,,,,,,,,,,,,,,,,,,,,,,,,,../data/driams/downloads/DRIAMS-C/id/2018/2018_clean.csv,28021102910_A5,28021102910_A5,562.0,Escherichia
Pseudomonas aeruginosa,28021103560_G4,R,R,S,S,S,R,R,,,,S,R,,,,,,,,,,,S,,,S,S,S,,,,,,,,,,,,,,,,,,,,,,,,,,,,,../data/driams/downloads/DRIAMS-C/id/2018/2018_clean.csv,28021103560_G4,28021103560_G4,287.0,Pseudomonas
Escherichia coli,28021103560_G5,S,S,S,S,S,S,S,S,S,S,S,S,,,,,,,,,,,S,,,S,S,S,,,,,,,,,,,,,,,,,,,,,,,,,,,,,../data/driams/downloads/DRIAMS-C/id/2018/2018_clean.csv,28021103560_G5,28021103560_G5,562.0,Escherichia
Klebsiella oxytoca,28021103560_G6,S,R,S,S,S,S,S,S,R,S,S,S,,,,,,,,,,,S,,,S,S,S,,,,,,,,,,,,,,,,,,,,,,,,,,,,,../data/driams/downloads/DRIAMS-C/id/2018/2018_clean.csv,28021103560_G6,28021103560_G6,571.0,Klebsiella
Klebsiella oxytoca,28021103560_A8,S,R,S,S,S,S,S,S,R,S,S,S,,,,,,,,,,,S,,,S,S,S,,,,,,,,,,,,,,,,,,,,,,,,,,,,,../data/driams/downloads/DRIAMS-C/id/2018/2018_clean.csv,28021103560_A8,28021103560_A8,571.0,Klebsiella
Escherichia coli,28021103570_G7,S,S,S,S,S,S,S,S,S,S,S,S,,,,,,,,,,,,,,,,,,,,,,,,,,,,,,,,,,,,,,,,,,,,,../data/driams/downloads/DRIAMS-C/id/2018/2018_clean.csv,28021103570_G7,28021103570_G7,562.0,Escherichia
Staphylococcus aureus,28021103830_D9,S,R,,S,S,,,,,,,S,S,S,R,S,S,R,S,S,,,,,,,,,,,,,,,,,,,,,,,,,,,,,,,,,,,,,../data/driams/downloads/DRIAMS-C/id/2018/2018_clean.csv,28021103830_D9,28021103830_D9,1280.0,Staphylococcus
Klebsiella aerogenes,28021204410_B12,R,R,S,S,S,S,S,S,R,S,S,S,,,,,,,,,,,,,,,,,,,,,,,,,,,,,,,,,,,,,,,,,,,,,../data/driams/downloads/DRIAMS-C/id/2018/2018_clean.csv,28021204410_B12,28021204410_B12,548.0,
Citrobacter koseri,28021204470_B1,S,R,S,S,S,S,S,S,S,S,S,S,,,,,,,,,,,,,,,,,,,,,,,,,,,,,,,,,,,,,,,,,,,,,../data/driams/downloads/DRIAMS-C/id/2018/2018_clean.csv,28021204470_B1,28021204470_B1,545.0,Citrobacter
Citrobacter koseri,28021204470_B2,S,R,S,S,S,S,S,S,S,S,S,S,,,,,,,,,,,,,,,,,,,,,,,,,,,,,,,,,,,,,,,,,,,,,../data/driams/downloads/DRIAMS-C/id/2018/2018_clean.csv,28021204470_B2,28021204470_B2,545.0,Citrobacter
Citrobacter koseri,28021204470_C1,S,R,S,S,S,S,S,S,S,S,S,S,,,,,,,,,,,,,,,,,,,,,,,,,,,,,,,,,,,,,,,,,,,,,../data/driams/downloads/DRIAMS-C/id/2018/2018_clean.csv,28021204470_C1,28021204470_C1,545.0,Citrobacter
Staphylococcus aureus,28021208530_A5,S,S,,S,S,,,,,,,S,S,S,S,S,S,S,S,S,,,,,,,,,,,,,,,,,,,,,,,,,,,,,,,,,,,,,../data/driams/downloads/DRIAMS-C/id/2018/2018_clean.csv,28021208530_A5,28021208530_A5,1280.0,Staphylococcus
Proteus mirabilis,28021211570_B10,S,R,S,S,S,S,S,R,S,R,R,R,,,,,,,,,,,,,,,,,,,,,,,,,,,,,,,,,,,,,,,,,,,,,../data/driams/downloads/DRIAMS-C/id/2018/2018_clean.csv,28021211570_B10,28021211570_B10,584.0,Proteus
Staphylococcus aureus,28021212000_F7,S,S,,S,S,,,,,,,S,S,S,S,S,S,S,S,S,,,,,,,,,,,,,,,,,,,,,,,,,,,,,,,,,,,,,../data/driams/downloads/DRIAMS-C/id/2018/2018_clean.csv,28021212000_F7,28021212000_F7,1280.0,Staphylococcus
Staphylococcus aureus,28021212000_A9,S,S,,S,S,,,,,,,S,S,S,S,S,S,S,S,S,,,,,,,,,,,,,,,,,,,,,,,,,,,,,,,,,,,,,../data/driams/downloads/DRIAMS-C/id/2018/2018_clean.csv,28021212000_A9,28021212000_A9,1280.0,Staphylococcus
Escherichia coli,28021212370_A1,R,R,S,S,S,S,S,S,S,S,S,S,,,,,,,,,,,,,,,,,,,,,,,,,,,,,,,,,,,,,,,,,,,,,../data/driams/downloads/DRIAMS-C/id/2018/2018_clean.csv,28021212370_A1,28021212370_A1,562.0,Escherichia
Neisseria meningitidis,28021303490_F4,,S,,S,,S,,,,,,,,,,,,S,S,,,,,,,,,,,,,S,,,,,,,,,,,,,,,,,,,,,,,,,../data/driams/downloads/DRIAMS-C/id/2018/2018_clean.csv,28021303490_F4,28021303490_F4,487.0,Neisseria
Bacteroides fragilis,28021305130_G3,S,R,,,,,,,,,,,S,S,,,,R,,,,,,S,,,,,,,,,,,,,,,,,,,,,,,,,,,,,,,,,../data/driams/downloads/DRIAMS-C/id/2018/2018_clean.csv,28021305130_G3,28021305130_G3,817.0,Bacteroides
Bacteroides fragilis,28021305130_G4,S,R,,,,,,,,,,,S,S,,,,R,,,,,,S,,,,,,,,,,,,,,,,,,,,,,,,,,,,,,,,,../data/driams/downloads/DRIAMS-C/id/2018/2018_clean.csv,28021305130_G4,28021305130_G4,817.0,Bacteroides
Citrobacter koseri,28021305780_B4,S,R,S,S,S,S,R,,,,S,S,,,,,,,,,,,S,,,S,S,S,,,,,,,,,,,,,,,,,,,,,,,,,,,,,../data/driams/downloads/DRIAMS-C/id/2018/2018_clean.csv,28021305780_B4,28021305780_B4,545.0,Citrobacter
Enterococcus faecium,28021305780_D4,R,R,,,R,,,,,,,,,R,,,R,,,S,S,S,R,,,,,,,,,,,,,,,,,,,,,,,,,,,,,,,,,,../data/driams/downloads/DRIAMS-C/id/2018/2018_clean.csv,28021305780_D4,28021305780_D4,1352.0,Enterococcus
Enterococcus faecalis,28021306650_C5,S,S,,,,,,S,,,,I,,,,,R,,,,,R,S,,,,,,,,,,,,,,,,,,,,,,,,,,,,,,,,,,../data/driams/downloads/DRIAMS-C/id/2018/2018_clean.csv,28021306650_C5,28021306650_C5,1351.0,Enterococcus
Citrobacter koseri,28021306660_C6,S,R,S,S,S,S,S,S,S,S,S,S,,,,,,,,,,,,,,,,,,,,,,,,,,,,,,,,,,,,,,,,,,,,,../data/driams/downloads/DRIAMS-C/id/2018/2018_clean.csv,28021306660_C6,28021306660_C6,545.0,Citrobacter
Staphylococcus aureus,28021306740_D2,S,R,,S,S,,,,,,,S,S,S,S,S,S,R,S,S,,,,,,,,,,,,,,,,,,,,,,,,,,,,,,,,,,,,,../data/driams/downloads/DRIAMS-C/id/2018/2018_clean.csv,28021306740_D2,28021306740_D2,1280.0,Staphylococcus
Klebsiella pneumoniae,28021306740_D3,S,R,S,S,S,S,S,,,,S,S,,,,,,,,,,,S,,,S,S,S,,,,,,,,,,,,,,,,,,,,,,,,,,,,,../data/driams/downloads/DRIAMS-C/id/2018/2018_clean.csv,28021306740_D3,28021306740_D3,573.0,Klebsiella
Staphylococcus aureus,28021306770_D7,S,S,,S,S,,,,,,,S,R,R,S,S,S,S,S,S,,,,,,,,,,,,,,,,,,,,,,,,,,,,,,,,,,,,,../data/driams/downloads/DRIAMS-C/id/2018/2018_clean.csv,28021306770_D7,28021306770_D7,1280.0,Staphylococcus
Serratia marcescens,28021309310_C7,R,R,S,S,S,S,R,R,R,S,R,S,,,,,,,,,,,,,,,,,,,,,,,,,,,,,,,,,,,,,,,,,,,,,../data/driams/downloads/DRIAMS-C/id/2018/2018_clean.csv,28021309310_C7,28021309310_C7,615.0,Serratia
Enterococcus faecalis,28021309820_C9,S,S,,,,,,S,,,,I,,,,,R,,,,,R,S,,,,,,,,,,,,,,,,,,,,,,,,,,,,,,,,,,../data/driams/downloads/DRIAMS-C/id/2018/2018_clean.csv,28021309820_C9,28021309820_C9,1351.0,Enterococcus
Staphylococcus aureus,28021310310_E3,S,R,,S,S,,,,,,,S,S,S,S,S,S,R,S,S,,,,,,,,,,,,,,,,,,,,,,,,,,,,,,,,,,,,,../data/driams/downloads/DRIAMS-C/id/2018/2018_clean.csv,28021310310_E3,28021310310_E3,1280.0,Staphylococcus
Staphylococcus lugdunensis,28021311190_D5,S,R,,S,S,,,S,,S,,S,,,,,S,R,,,,,,,,,,,,,,,S,,,,,,,,,,,,,,,,,,,,,,,,../data/driams/downloads/DRIAMS-C/id/2018/2018_clean.csv,28021311190_D5,28021311190_D5,28035.0,Staphylococcus
Escherichia coli,28021313120_E5,S,S,S,S,S,S,S,,,,S,S,,,,,,,,,,,S,,,S,S,S,,,,,,,,,,,,,,,,,,,,,,,,,,,,,../data/driams/downloads/DRIAMS-C/id/2018/2018_clean.csv,28021313120_E5,28021313120_E5,562.0,Escherichia
Klebsiella aerogenes,28021313180_E6,R,R,S,S,S,S,R,,,,S,S,,,,,,,,,,,I,,,S,S,S,,,,,,,,,,,,,,,,,,,,,,,,,,,,,../data/driams/downloads/DRIAMS-C/id/2018/2018_clean.csv,28021313180_E6,28021313180_E6,548.0,
Klebsiella aerogenes,28021313180_B5,R,R,S,S,S,S,R,,,,S,S,,,,,,,,,,,I,,,S,S,S,,,,,,,,,,,,,,,,,,,,,,,,,,,,,../data/driams/downloads/DRIAMS-C/id/2018/2018_clean.csv,28021313180_B5,28021313180_B5,548.0,
Klebsiella aerogenes,28021313180_B6,R,R,S,S,S,S,R,,,,S,S,,,,,,,,,,,I,,,S,S,S,,,,,,,,,,,,,,,,,,,,,,,,,,,,,../data/driams/downloads/DRIAMS-C/id/2018/2018_clean.csv,28021313180_B6,28021313180_B6,548.0,
Staphylococcus aureus,28021408120_E9,S,S,,S,S,,,S,,S,,S,,,,,S,S,,,,,,,,,,,,,,,S,,,,,,,,,,,,,,,,,,,,,,,,../data/driams/downloads/DRIAMS-C/id/2018/2018_clean.csv,28021408120_E9,28021408120_E9,1280.0,Staphylococcus
Staphylococcus aureus,28021408650_D8,S,R,,S,S,,,,,,,S,S,S,S,S,S,R,S,S,,,,,,,,,,,,,,,,,,,,,,,,,,,,,,,,,,,,,../data/driams/downloads/DRIAMS-C/id/2018/2018_clean.csv,28021408650_D8,28021408650_D8,1280.0,Staphylococcus
Enterococcus faecalis,28021410230_F3,S,S,,,,,,S,,,,I,,,,,R,,,,,R,S,,,,,,,,,,,,,,,,,,,,,,,,,,,,,,,,,,../data/driams/downloads/DRIAMS-C/id/2018/2018_clean.csv,28021410230_F3,28021410230_F3,1351.0,Enterococcus
Escherichia coli,28021411900_F4,S,S,S,S,S,S,S,S,S,S,S,S,,,,,,,,,,,,,,,,,,,,,,,,,,,,,,,,,,,,,,,,,,,,,../data/driams/downloads/DRIAMS-C/id/2018/2018_clean.csv,28021411900_F4,28021411900_F4,562.0,Escherichia
Proteus vulgaris,28021411900_F11,R,R,S,R,S,S,R,R,R,R,R,S,,,,,,,,,,,,,,,,,,,,,,,,,,,,,,,,,,,,,,,,,,,,,../data/driams/downloads/DRIAMS-C/id/2018/2018_clean.csv,28021411900_F11,28021411900_F11,585.0,Proteus
Enterobacter cloacae,28021411910_F6,R,R,S,S,S,S,S,S,R,S,S,S,,,,,,,,,,,,,,,,,,,,,,,,,,,,,,,,,,,,,,,,,,,,,../data/driams/downloads/DRIAMS-C/id/2018/2018_clean.csv,28021411910_F6,28021411910_F6,550.0,Enterobacter
Enterococcus faecalis,28021413620_A1,S,S,,,R,,,,,,,,,R,,,R,,,S,S,R,S,,,,,,,,,,,,,,,,,,,,,,,,,,,,,,,,,,../data/driams/downloads/DRIAMS-C/id/2018/2018_clean.csv,28021413620_A1,28021413620_A1,1351.0,Enterococcus
Enterococcus faecalis,28021413620_A2,S,S,,,R,,,,,,,,,R,,,R,,,S,S,R,S,,,,,,,,,,,,,,,,,,,,,,,,,,,,,,,,,,../data/driams/downloads/DRIAMS-C/id/2018/2018_clean.csv,28021413620_A2,28021413620_A2,1351.0,Enterococcus
Enterococcus faecalis,28021413620_A8,S,S,,,R,,,,,,,,,R,,,R,,,S,S,R,S,,,,,,,,,,,,,,,,,,,,,,,,,,,,,,,,,,../data/driams/downloads/DRIAMS-C/id/2018/2018_clean.csv,28021413620_A8,28021413620_A8,1351.0,Enterococcus
Pseudomonas aeruginosa,28021413620_A9,R,R,S,S,S,R,R,,,,S,R,,,,,,,,,,,S,,,S,S,S,,,,,,,,,,,,,,,,,,,,,,,,,,,,,../data/driams/downloads/DRIAMS-C/id/2018/2018_clean.csv,28021413620_A9,28021413620_A9,287.0,Pseudomonas
Enterococcus faecalis,28021413620_C2,S,S,,,R,,,,,,,,,R,,,R,,,S,S,R,S,,,,,,,,,,,,,,,,,,,,,,,,,,,,,,,,,,../data/driams/downloads/DRIAMS-C/id/2018/2018_clean.csv,28021413620_C2,28021413620_C2,1351.0,Enterococcus
Pseudomonas aeruginosa,28021413620_C12,R,R,S,S,S,R,R,,,,S,R,,,,,,,,,,,S,,,S,S,S,,,,,,,,,,,,,,,,,,,,,,,,,,,,,../data/driams/downloads/DRIAMS-C/id/2018/2018_clean.csv,28021413620_C12,28021413620_C12,287.0,Pseudomonas
Pseudomonas aeruginosa,28021503940_F9,R,R,S,S,S,R,R,,,,S,R,,,,,,,,,,,S,,,S,S,S,,,,,,,,,,,,,,,,,,,,,,,,,,,,,../data/driams/downloads/DRIAMS-C/id/2018/2018_clean.csv,28021503940_F9,28021503940_F9,287.0,Pseudomonas
Pseudomonas aeruginosa,28021504390_F12,R,R,S,S,S,R,R,,,,S,R,,,,,,,,,,,S,,,S,S,S,,,,,,,,,,,,,,,,,,,,,,,,,,,,,../data/driams/downloads/DRIAMS-C/id/2018/2018_clean.csv,28021504390_F12,28021504390_F12,287.0,Pseudomonas
Pseudomonas aeruginosa,28021504390_G1,R,R,S,S,S,R,R,,,,S,R,,,,,,,,,,,S,,,S,S,S,,,,,,,,,,,,,,,,,,,,,,,,,,,,,../data/driams/downloads/DRIAMS-C/id/2018/2018_clean.csv,28021504390_G1,28021504390_G1,287.0,Pseudomonas
Enterococcus faecalis,28021506840_F12,S,S,,,,,,S,,,,I,,,,,R,,,,,R,S,,,,,,,,,,,,,,,,,,,,,,,,,,,,,,,,,,../data/driams/downloads/DRIAMS-C/id/2018/2018_clean.csv,28021506840_F12,28021506840_F12,1351.0,Enterococcus
Proteus vulgaris,28021507780_D10,S,R,S,S,S,S,R,,,,R,S,,,,,,,,,,,S,,,S,S,S,,,,,,,,,,,,,,,,,,,,,,,,,,,,,../data/driams/downloads/DRIAMS-C/id/2018/2018_clean.csv,28021507780_D10,28021507780_D10,585.0,Proteus
Proteus vulgaris,28021507780_D12,S,R,S,S,S,S,R,,,,R,S,,,,,,,,,,,S,,,S,S,S,,,,,,,,,,,,,,,,,,,,,,,,,,,,,../data/driams/downloads/DRIAMS-C/id/2018/2018_clean.csv,28021507780_D12,28021507780_D12,585.0,Proteus
Enterococcus faecalis,28021507780_D5,S,S,,,R,,,,,,,,,R,,,R,,,S,S,R,S,,,,,,,,,,,,,,,,,,,,,,,,,,,,,,,,,,../data/driams/downloads/DRIAMS-C/id/2018/2018_clean.csv,28021507780_D5,28021507780_D5,1351.0,Enterococcus
Enterococcus faecalis,28021507780_D7,S,S,,,R,,,,,,,,,R,,,R,,,S,S,R,S,,,,,,,,,,,,,,,,,,,,,,,,,,,,,,,,,,../data/driams/downloads/DRIAMS-C/id/2018/2018_clean.csv,28021507780_D7,28021507780_D7,1351.0,Enterococcus
Proteus vulgaris,28021507780_D8,S,R,S,S,S,S,R,,,,R,S,,,,,,,,,,,S,,,S,S,S,,,,,,,,,,,,,,,,,,,,,,,,,,,,,../data/driams/downloads/DRIAMS-C/id/2018/2018_clean.csv,28021507780_D8,28021507780_D8,585.0,Proteus
Proteus vulgaris,28021507780_D9,S,R,S,S,S,S,R,,,,R,S,,,,,,,,,,,S,,,S,S,S,,,,,,,,,,,,,,,,,,,,,,,,,,,,,../data/driams/downloads/DRIAMS-C/id/2018/2018_clean.csv,28021507780_D9,28021507780_D9,585.0,Proteus
Proteus vulgaris,28021507780_E1,S,R,S,S,S,S,R,,,,R,S,,,,,,,,,,,S,,,S,S,S,,,,,,,,,,,,,,,,,,,,,,,,,,,,,../data/driams/downloads/DRIAMS-C/id/2018/2018_clean.csv,28021507780_E1,28021507780_E1,585.0,Proteus
Proteus vulgaris,28021507780_E10,S,R,S,S,S,S,R,,,,R,S,,,,,,,,,,,S,,,S,S,S,,,,,,,,,,,,,,,,,,,,,,,,,,,,,../data/driams/downloads/DRIAMS-C/id/2018/2018_clean.csv,28021507780_E10,28021507780_E10,585.0,Proteus
Proteus vulgaris,28021507780_E12,S,R,S,S,S,S,R,,,,R,S,,,,,,,,,,,S,,,S,S,S,,,,,,,,,,,,,,,,,,,,,,,,,,,,,../data/driams/downloads/DRIAMS-C/id/2018/2018_clean.csv,28021507780_E12,28021507780_E12,585.0,Proteus
Escherichia coli,28021508430_G3,S,R,S,S,S,S,S,,,,S,S,,,,,,,,,,,S,,,S,S,S,,,,,,,,,,,,,,,,,,,,,,,,,,,,,../data/driams/downloads/DRIAMS-C/id/2018/2018_clean.csv,28021508430_G3,28021508430_G3,562.0,Escherichia
Klebsiella pneumoniae,28021508430_G4,S,R,S,S,S,S,S,,,,S,S,,,,,,,,,,,S,,,S,S,S,,,,,,,,,,,,,,,,,,,,,,,,,,,,,../data/driams/downloads/DRIAMS-C/id/2018/2018_clean.csv,28021508430_G4,28021508430_G4,573.0,Klebsiella
Escherichia coli,28021508950_G12,S,S,S,S,S,S,S,S,S,S,S,S,,,,,,,,,,,,,,,,,,,,,,,,,,,,,,,,,,,,,,,,,,,,,../data/driams/downloads/DRIAMS-C/id/2018/2018_clean.csv,28021508950_G12,28021508950_G12,562.0,Escherichia
Proteus vulgaris,28021508990_G4,S,R,S,S,S,S,R,R,S,S,R,S,,,,,,,,,,,,,,,,,,,,,,,,,,,,,,,,,,,,,,,,,,,,,../data/driams/downloads/DRIAMS-C/id/2018/2018_clean.csv,28021508990_G4,28021508990_G4,585.0,Proteus
Staphylococcus aureus,28021508990_G5,S,R,,S,S,,,S,,S,,S,,,,,S,R,,,,,,,,,,,,,,,S,,,,,,,,,,,,,,,,,,,,,,,,../data/driams/downloads/DRIAMS-C/id/2018/2018_clean.csv,28021508990_G5,28021508990_G5,1280.0,Staphylococcus
Brevibacterium casei,28021510190_A1,,,,S,S,,,,,,,,,S,S,,,R,S,S,S,,,,,,,,,,,,,,,,,,,,,,,,,,,,,,,,,,,,../data/driams/downloads/DRIAMS-C/id/2018/2018_clean.csv,28021510190_A1,28021510190_A1,33889.0,Brevibacterium
Brevibacterium casei,28021510190_A2,,,,S,S,,,,,,,,,S,S,,,R,S,S,S,,,,,,,,,,,,,,,,,,,,,,,,,,,,,,,,,,,,../data/driams/downloads/DRIAMS-C/id/2018/2018_clean.csv,28021510190_A2,28021510190_A2,33889.0,Brevibacterium
Staphylococcus aureus,28021510270_E7,S,R,,R,S,,,,,,,S,S,S,S,R,S,R,S,S,,,,,,,,,,,,,,,,,,,,,,,,,,,,,,,,,,,,,../data/driams/downloads/DRIAMS-C/id/2018/2018_clean.csv,28021510270_E7,28021510270_E7,1280.0,Staphylococcus
Pseudomonas aeruginosa,28021510270_E8,R,R,S,S,S,R,R,,,,S,R,,,,,,,,,,,S,,,S,S,S,,,,,,,,,,,,,,,,,,,,,,,,,,,,,../data/driams/downloads/DRIAMS-C/id/2018/2018_clean.csv,28021510270_E8,28021510270_E8,287.0,Pseudomonas
Staphylococcus aureus,28021510270_E9,S,R,,R,S,,,,,,,S,S,S,S,R,S,R,S,S,,,,,,,,,,,,,,,,,,,,,,,,,,,,,,,,,,,,,../data/driams/downloads/DRIAMS-C/id/2018/2018_clean.csv,28021510270_E9,28021510270_E9,1280.0,Staphylococcus
Staphylococcus aureus,28021510520_G6,S,R,,S,S,,,S,,S,,S,,,,,S,R,,,,,,,,,,,,,,,S,,,,,,,,,,,,,,,,,,,,,,,,../data/driams/downloads/DRIAMS-C/id/2018/2018_clean.csv,28021510520_G6,28021510520_G6,1280.0,Staphylococcus
Enterococcus faecalis,28021510550_G7,S,S,,,,,,S,,,,I,,,,,R,,,,,R,S,,,,,,,,,,,,,,,,,,,,,,,,,,,,,,,,,,../data/driams/downloads/DRIAMS-C/id/2018/2018_clean.csv,28021510550_G7,28021510550_G7,1351.0,Enterococcus
Escherichia coli,28021510800_A1,R,R,R,R,S,R,R,S,S,R,S,R,,,,,,,,,,,R,,,S,R,S,,,,,,,,,,,,,,,,,,,,,,,,,,,,,../data/driams/downloads/DRIAMS-C/id/2018/2018_clean.csv,28021510800_A1,28021510800_A1,562.0,Escherichia
Escherichia coli,28021510800_A2,R,R,R,R,S,R,R,S,S,R,S,R,,,,,,,,,,,R,,,S,R,S,,,,,,,,,,,,,,,,,,,,,,,,,,,,,../data/driams/downloads/DRIAMS-C/id/2018/2018_clean.csv,28021510800_A2,28021510800_A2,562.0,Escherichia
Pseudomonas aeruginosa,28021602120_A6,R,R,S,S,S,R,R,,,,S,R,,,,,,,,,,,S,,,S,S,S,,,,,,,,,,,,,,,,,,,,,,,,,,,,,../data/driams/downloads/DRIAMS-C/id/2018/2018_clean.csv,28021602120_A6,28021602120_A6,287.0,Pseudomonas
Enterococcus faecalis,28021607910_B1,S,S,,,R,,,,,,,,,R,,,R,,,S,S,R,S,,,,,,,,,,,,,,,,,,,,,,,,,,,,,,,,,,../data/driams/downloads/DRIAMS-C/id/2018/2018_clean.csv,28021607910_B1,28021607910_B1,1351.0,Enterococcus
Enterococcus faecalis,28021607910_B2,S,S,,,R,,,,,,,,,R,,,R,,,S,S,R,S,,,,,,,,,,,,,,,,,,,,,,,,,,,,,,,,,,../data/driams/downloads/DRIAMS-C/id/2018/2018_clean.csv,28021607910_B2,28021607910_B2,1351.0,Enterococcus
Enterococcus faecalis,28021607910_A7,S,S,,,R,,,,,,,,,R,,,R,,,S,S,R,S,,,,,,,,,,,,,,,,,,,,,,,,,,,,,,,,,,../data/driams/downloads/DRIAMS-C/id/2018/2018_clean.csv,28021607910_A7,28021607910_A7,1351.0,Enterococcus
Enterococcus faecalis,28021609050_B2,S,S,,,,,,S,,,,I,,,,,R,,,,,R,S,,,,,,,,,,,,,,,,,,,,,,,,,,,,,,,,,,../data/driams/downloads/DRIAMS-C/id/2018/2018_clean.csv,28021609050_B2,28021609050_B2,1351.0,Enterococcus
Enterococcus faecalis,28021609060_A8,S,S,,,R,,,,,,,,,R,,,R,,,S,S,R,S,,,,,,,,,,,,,,,,,,,,,,,,,,,,,,,,,,../data/driams/downloads/DRIAMS-C/id/2018/2018_clean.csv,28021609060_A8,28021609060_A8,1351.0,Enterococcus
Staphylococcus aureus,28021609090_A5,S,S,,S,S,,,,,,,S,S,R,S,S,S,S,S,S,,,,,,,,,,,,,,,,,,,,,,,,,,,,,,,,,,,,,../data/driams/downloads/DRIAMS-C/id/2018/2018_clean.csv,28021609090_A5,28021609090_A5,1280.0,Staphylococcus
Brucella anthropi,28021609170_F6,R,R,R,S,S,R,R,,,,S,S,,,,,,,,,,,R,,,S,R,S,,,,,,,,,,,,,,,,,,,,,,,,,,,,,../data/driams/downloads/DRIAMS-C/id/2018/2018_clean.csv,28021609170_F6,28021609170_F6,529.0,
Klebsiella pneumoniae,28021609810_F4,S,R,S,S,S,S,S,,,,S,S,,,,,,,,,,,S,,,S,S,S,,,,,,,,,,,,,,,,,,,,,,,,,,,,,../data/driams/downloads/DRIAMS-C/id/2018/2018_clean.csv,28021609810_F4,28021609810_F4,573.0,Klebsiella
Klebsiella pneumoniae,28021609810_F5,S,R,S,S,S,S,S,,,,S,S,,,,,,,,,,,S,,,S,S,S,,,,,,,,,,,,,,,,,,,,,,,,,,,,,../data/driams/downloads/DRIAMS-C/id/2018/2018_clean.csv,28021609810_F5,28021609810_F5,573.0,Klebsiella
Escherichia coli,28021609870_F6,R,R,R,R,R,R,R,,,,S,S,,,,,,,,,,,S,,,S,R,S,,,,,,,,,,,,,,,,,,,,,,,,,,,,,../data/driams/downloads/DRIAMS-C/id/2018/2018_clean.csv,28021609870_F6,28021609870_F6,562.0,Escherichia
Morganella morganii,28021611470_B3,R,R,S,S,S,S,R,R,R,S,R,S,,,,,,,,,,,,,,,,,,,,,,,,,,,,,,,,,,,,,,,,,,,,,../data/driams/downloads/DRIAMS-C/id/2018/2018_clean.csv,28021611470_B3,28021611470_B3,582.0,Morganella
Haemophilus influenzae,28021612130_A10,S,R,,S,,S,S,,,,,,I,,,,,R,,,,,,,,,,,,,,,,,,,,,,,,,,,,,,,,,,,,,,,../data/driams/downloads/DRIAMS-C/id/2018/2018_clean.csv,28021612130_A10,28021612130_A10,727.0,Haemophilus
Proteus mirabilis,28021702120_D10,S,S,S,S,S,S,S,,,,R,S,,,,,,,,,,,S,,,S,S,S,,,,,,,,,,,,,,,,,,,,,,,,,,,,,../data/driams/downloads/DRIAMS-C/id/2018/2018_clean.csv,28021702120_D10,28021702120_D10,584.0,Proteus
Staphylococcus aureus,28021702160_C5,S,S,,S,S,,,,,,,S,S,S,S,S,S,S,S,S,,,,,,,,,,,,,,,,,,,,,,,,,,,,,,,,,,,,,../data/driams/downloads/DRIAMS-C/id/2018/2018_clean.csv,28021702160_C5,28021702160_C5,1280.0,Staphylococcus
Citrobacter freundii,28021702160_C6,R,R,S,S,S,S,S,,,,S,S,,,,,,,,,,,S,,,S,S,S,,,,,,,,,,,,,,,,,,,,,,,,,,,,,../data/driams/downloads/DRIAMS-C/id/2018/2018_clean.csv,28021702160_C6,28021702160_C6,546.0,Citrobacter
Escherichia coli,28021702160_C7,S,S,S,S,S,S,S,,,,S,S,,,,,,,,,,,S,,,S,S,S,,,,,,,,,,,,,,,,,,,,,,,,,,,,,../data/driams/downloads/DRIAMS-C/id/2018/2018_clean.csv,28021702160_C7,28021702160_C7,562.0,Escherichia
Enterococcus faecalis,28021703720_C2,S,S,,,,,,S,,,,I,,,,,R,,,,,R,S,,,,,,,,,,,,,,,,,,,,,,,,,,,,,,,,,,../data/driams/downloads/DRIAMS-C/id/2018/2018_clean.csv,28021703720_C2,28021703720_C2,1351.0,Enterococcus
Staphylococcus aureus,28021703920_C12,S,S,,S,S,,,,,,,S,S,S,S,S,S,S,S,S,,,,,,,,,,,,,,,,,,,,,,,,,,,,,,,,,,,,,../data/driams/downloads/DRIAMS-C/id/2018/2018_clean.csv,28021703920_C12,28021703920_C12,1280.0,Staphylococcus
Citrobacter koseri,28021706150_C7,S,R,S,S,S,S,S,S,S,S,S,S,,,,,,,,,,,,,,,,,,,,,,,,,,,,,,,,,,,,,,,,,,,,,../data/driams/downloads/DRIAMS-C/id/2018/2018_clean.csv,28021706150_C7,28021706150_C7,545.0,Citrobacter
Enterococcus faecalis,28021706180_C8,S,S,,,,,,S,,,,I,,,,,R,,,,,R,S,,,,,,,,,,,,,,,,,,,,,,,,,,,,,,,,,,../data/driams/downloads/DRIAMS-C/id/2018/2018_clean.csv,28021706180_C8,28021706180_C8,1351.0,Enterococcus
Staphylococcus aureus,28021803690_D1,S,R,,S,S,,,,,,,S,R,R,S,S,S,R,S,S,,,,,,,,,,,,,,,,,,,,,,,,,,,,,,,,,,,,,../data/driams/downloads/DRIAMS-C/id/2018/2018_clean.csv,28021803690_D1,28021803690_D1,1280.0,Staphylococcus
Klebsiella oxytoca,28021803860_C10,S,R,S,S,S,S,S,S,R,S,S,S,,,,,,,,,,,,,,,,,,,,,,,,,,,,,,,,,,,,,,,,,,,,,../data/driams/downloads/DRIAMS-C/id/2018/2018_clean.csv,28021803860_C10,28021803860_C10,571.0,Klebsiella
Klebsiella oxytoca,28021803860_C11,S,R,S,S,S,S,S,S,R,S,S,S,,,,,,,,,,,,,,,,,,,,,,,,,,,,,,,,,,,,,,,,,,,,,../data/driams/downloads/DRIAMS-C/id/2018/2018_clean.csv,28021803860_C11,28021803860_C11,571.0,Klebsiella
Klebsiella oxytoca,28021803860_C12,S,R,S,S,S,S,S,S,R,S,S,S,,,,,,,,,,,,,,,,,,,,,,,,,,,,,,,,,,,,,,,,,,,,,../data/driams/downloads/DRIAMS-C/id/2018/2018_clean.csv,28021803860_C12,28021803860_C12,571.0,Klebsiella
Klebsiella oxytoca,28021803860_D1,S,R,S,S,S,S,S,S,R,S,S,S,,,,,,,,,,,,,,,,,,,,,,,,,,,,,,,,,,,,,,,,,,,,,../data/driams/downloads/DRIAMS-C/id/2018/2018_clean.csv,28021803860_D1,28021803860_D1,571.0,Klebsiella
Proteus mirabilis,28021904280_D8,S,S,S,S,S,S,S,,,,R,S,,,,,,,,,,,S,,,S,S,S,,,,,,,,,,,,,,,,,,,,,,,,,,,,,../data/driams/downloads/DRIAMS-C/id/2018/2018_clean.csv,28021904280_D8,28021904280_D8,584.0,Proteus
Prevotella disiens,28021904300_A1,S,S,,,,,,,,,,,S,S,,,,S,,,,,,S,,,,,,,,,,,,,,,,,,,,,,,,,,,,,,,,,../data/driams/downloads/DRIAMS-C/id/2018/2018_clean.csv,28021904300_A1,28021904300_A1,28130.0,Prevotella
Escherichia coli,28021904320_D10,S,S,S,S,S,S,S,,,,S,S,,,,,,,,,,,S,,,S,S,S,,,,,,,,,,,,,,,,,,,,,,,,,,,,,../data/driams/downloads/DRIAMS-C/id/2018/2018_clean.csv,28021904320_D10,28021904320_D10,562.0,Escherichia
Klebsiella pneumoniae,28021904320_D9,S,R,S,S,S,S,S,,,,S,S,,,,,,,,,,,S,,,S,S,S,,,,,,,,,,,,,,,,,,,,,,,,,,,,,../data/driams/downloads/DRIAMS-C/id/2018/2018_clean.csv,28021904320_D9,28021904320_D9,573.0,Klebsiella
Enterococcus faecalis,28021907190_D5,S,S,,,,,,S,,,,I,,,,,R,,,,,R,S,,,,,,,,,,,,,,,,,,,,,,,,,,,,,,,,,,../data/driams/downloads/DRIAMS-C/id/2018/2018_clean.csv,28021907190_D5,28021907190_D5,1351.0,Enterococcus
Staphylococcus aureus,28021907500_E3,S,R,,S,S,,,,,,,S,S,S,S,S,S,R,S,S,,,,,,,,,,,,,,,,,,,,,,,,,,,,,,,,,,,,,../data/driams/downloads/DRIAMS-C/id/2018/2018_clean.csv,28021907500_E3,28021907500_E3,1280.0,Staphylococcus
Haemophilus influenzae,28021907500_E4,S,S,,S,,S,S,,,,,,I,,,,,S,,,,,,,,,,,,,,,,,,,,,,,,,,,,,,,,,,,,,,,../data/driams/downloads/DRIAMS-C/id/2018/2018_clean.csv,28021907500_E4,28021907500_E4,727.0,Haemophilus
Haemophilus influenzae,28021907500_E5,S,S,,S,,S,S,,,,,,I,,,,,S,,,,,,,,,,,,,,,,,,,,,,,,,,,,,,,,,,,,,,,../data/driams/downloads/DRIAMS-C/id/2018/2018_clean.csv,28021907500_E5,28021907500_E5,727.0,Haemophilus
Staphylococcus aureus,28021907510_E6,S,R,,S,S,,,,,,,S,S,S,S,S,S,R,S,S,,,,,,,,,,,,,,,,,,,,,,,,,,,,,,,,,,,,,../data/driams/downloads/DRIAMS-C/id/2018/2018_clean.csv,28021907510_E6,28021907510_E6,1280.0,Staphylococcus
Enterococcus faecalis,28021907640_D7,S,S,,,,,,S,,,,I,,,,,R,,,,,R,S,,,,,,,,,,,,,,,,,,,,,,,,,,,,,,,,,,../data/driams/downloads/DRIAMS-C/id/2018/2018_clean.csv,28021907640_D7,28021907640_D7,1351.0,Enterococcus
Citrobacter koseri,28021907670_D10,S,R,S,S,S,S,S,S,S,S,S,S,,,,,,,,,,,,,,,,,,,,,,,,,,,,,,,,,,,,,,,,,,,,,../data/driams/downloads/DRIAMS-C/id/2018/2018_clean.csv,28021907670_D10,28021907670_D10,545.0,Citrobacter
Proteus mirabilis,28021907680_D11,S,R,S,I,R,S,S,R,S,R,R,R,,,,,,,,,,,,,,,,,,,,,,,,,,,,,,,,,,,,,,,,,,,,,../data/driams/downloads/DRIAMS-C/id/2018/2018_clean.csv,28021907680_D11,28021907680_D11,584.0,Proteus
Streptococcus pneumoniae,28021908450_B10,S,S,,,R,,,,,,,S,S,S,S,,S,S,,S,,,,,S,,,,,,,,,,,,,,,,,,,,,,,,,,,,,,,,../data/driams/downloads/DRIAMS-C/id/2018/2018_clean.csv,28021908450_B10,28021908450_B10,1313.0,Streptococcus
Staphylococcus aureus,28021909350_C4,S,R,,S,S,,,,,,,S,S,S,S,S,S,R,S,S,,,,,,,,,,,,,,,,,,,,,,,,,,,,,,,,,,,,,../data/driams/downloads/DRIAMS-C/id/2018/2018_clean.csv,28021909350_C4,28021909350_C4,1280.0,Staphylococcus
Staphylococcus aureus,28021910050_E10,S,S,,S,S,,,,,,,S,S,S,S,S,S,S,S,S,,,,,,,,,,,,,,,,,,,,,,,,,,,,,,,,,,,,,../data/driams/downloads/DRIAMS-C/id/2018/2018_clean.csv,28021910050_E10,28021910050_E10,1280.0,Staphylococcus
Klebsiella aerogenes,28021910050_E11,R,R,S,S,S,S,S,,,,S,S,,,,,,,,,,,S,,,S,S,S,,,,,,,,,,,,,,,,,,,,,,,,,,,,,../data/driams/downloads/DRIAMS-C/id/2018/2018_clean.csv,28021910050_E11,28021910050_E11,548.0,
Klebsiella aerogenes,28021910050_E12,R,R,S,S,S,S,S,,,,S,S,,,,,,,,,,,S,,,S,S,S,,,,,,,,,,,,,,,,,,,,,,,,,,,,,../data/driams/downloads/DRIAMS-C/id/2018/2018_clean.csv,28021910050_E12,28021910050_E12,548.0,
Klebsiella aerogenes,28021910050_F1,R,R,S,S,S,S,S,,,,S,S,,,,,,,,,,,S,,,S,S,S,,,,,,,,,,,,,,,,,,,,,,,,,,,,,../data/driams/downloads/DRIAMS-C/id/2018/2018_clean.csv,28021910050_F1,28021910050_F1,548.0,
Serratia marcescens,28021910090_F3,R,R,S,S,S,S,R,,,,R,S,,,,,,,,,,,S,,,S,S,S,,,,,,,,,,,,,,,,,,,,,,,,,,,,,../data/driams/downloads/DRIAMS-C/id/2018/2018_clean.csv,28021910090_F3,28021910090_F3,615.0,Serratia
Escherichia coli,28021910210_E1,S,S,S,S,S,S,S,S,R,S,S,S,,,,,,,,,,,,,,,,,,,,,,,,,,,,,,,,,,,,,,,,,,,,,../data/driams/downloads/DRIAMS-C/id/2018/2018_clean.csv,28021910210_E1,28021910210_E1,562.0,Escherichia
Escherichia coli,28021911560_F4,S,,,S,S,,,S,S,S,S,S,,,,,,,,,,,S,,,S,R,S,,,,,,,,,,,,,,,,,,,,,,,,,,,,,../data/driams/downloads/DRIAMS-C/id/2018/2018_clean.csv,28021911560_F4,28021911560_F4,562.0,Escherichia
Enterococcus faecalis,28021911620_E4,S,S,,,,,,S,,,,I,,,,,R,,,,,R,S,,,,,,,,,,,,,,,,,,,,,,,,,,,,,,,,,,../data/driams/downloads/DRIAMS-C/id/2018/2018_clean.csv,28021911620_E4,28021911620_E4,1351.0,Enterococcus
Proteus mirabilis,28021911660_E5,S,S,S,S,S,S,S,R,S,S,R,S,,,,,,,,,,,,,,,,,,,,,,,,,,,,,,,,,,,,,,,,,,,,,../data/driams/downloads/DRIAMS-C/id/2018/2018_clean.csv,28021911660_E5,28021911660_E5,584.0,Proteus
Pseudomonas aeruginosa,28021911710_E6,R,R,S,S,S,R,R,,,,S,R,,,,,,,,,,,S,,,S,S,S,,,,,,,,,,,,,,,,,,,,,,,,,,,,,../data/driams/downloads/DRIAMS-C/id/2018/2018_clean.csv,28021911710_E6,28021911710_E6,287.0,Pseudomonas
Enterococcus faecalis,28021911710_E7,S,S,,,,,,S,,,,I,,,,,R,,,,,R,S,,,,,,,,,,,,,,,,,,,,,,,,,,,,,,,,,,../data/driams/downloads/DRIAMS-C/id/2018/2018_clean.csv,28021911710_E7,28021911710_E7,1351.0,Enterococcus
Escherichia coli,28021911710_F2,R,R,S,S,R,S,S,S,R,S,S,R,,,,,,,,,,,S,,,S,S,S,,,,,,,,,,,,,,,,,,,,,,,,,,,,,../data/driams/downloads/DRIAMS-C/id/2018/2018_clean.csv,28021911710_F2,28021911710_F2,562.0,Escherichia
Escherichia coli,28021911710_F3,R,R,S,S,R,S,S,S,R,S,S,R,,,,,,,,,,,S,,,S,S,S,,,,,,,,,,,,,,,,,,,,,,,,,,,,,../data/driams/downloads/DRIAMS-C/id/2018/2018_clean.csv,28021911710_F3,28021911710_F3,562.0,Escherichia
Escherichia coli,28021912180_B2,S,S,S,S,S,S,S,,,,S,R,,,,,,,,,,,S,,,S,S,S,,,,,,,,,,,,,,,,,,,,,,,,,,,,,../data/driams/downloads/DRIAMS-C/id/2018/2018_clean.csv,28021912180_B2,28021912180_B2,562.0,Escherichia
Serratia marcescens,28021913020_E8,R,R,S,S,S,S,R,R,S,S,R,S,,,,,,,,,,,,,,,,,,,,,,,,,,,,,,,,,,,,,,,,,,,,,../data/driams/downloads/DRIAMS-C/id/2018/2018_clean.csv,28021913020_E8,28021913020_E8,615.0,Serratia
Pseudomonas aeruginosa,28021913230_E10,R,R,S,S,S,R,R,,,,S,R,,,,,,,,,,,S,,,S,S,S,,,,,,,,,,,,,,,,,,,,,,,,,,,,,../data/driams/downloads/DRIAMS-C/id/2018/2018_clean.csv,28021913230_E10,28021913230_E10,287.0,Pseudomonas
Escherichia coli,28021913370_E11,S,R,R,S,S,R,R,S,S,S,S,R,,,,,,,,,,,S,,,S,S,S,,,,,,,,,,,,,,,,,,,,,,,,,,,,,../data/driams/downloads/DRIAMS-C/id/2018/2018_clean.csv,28021913370_E11,28021913370_E11,562.0,Escherichia
Enterococcus faecalis,28021913370_F5,S,S,,,,,,S,,,,I,,,,,R,,,,,R,S,,,,,,,,,,,,,,,,,,,,,,,,,,,,,,,,,,../data/driams/downloads/DRIAMS-C/id/2018/2018_clean.csv,28021913370_F5,28021913370_F5,1351.0,Enterococcus
Escherichia coli,28021913420_E12,S,S,S,S,S,S,S,S,S,S,S,S,,,,,,,,,,,,,,,,,,,,,,,,,,,,,,,,,,,,,,,,,,,,,../data/driams/downloads/DRIAMS-C/id/2018/2018_clean.csv,28021913420_E12,28021913420_E12,562.0,Escherichia
Haemophilus influenzae,28021913750_F6,S,S,,S,,S,S,,,,,,I,,,,,S,,,,,,,,,,,,,,,,,,,,,,,,,,,,,,,,,,,,,,,../data/driams/downloads/DRIAMS-C/id/2018/2018_clean.csv,28021913750_F6,28021913750_F6,727.0,Haemophilus
Staphylococcus aureus,28021913820_F8,S,S,,S,S,,,,,,,S,S,S,S,S,S,S,S,S,,,,,,,,,,,,,,,,,,,,,,,,,,,,,,,,,,,,,../data/driams/downloads/DRIAMS-C/id/2018/2018_clean.csv,28021913820_F8,28021913820_F8,1280.0,Staphylococcus
Citrobacter koseri,28021914120_B6,S,R,S,S,S,S,S,,,,S,S,,,,,,,,,,,S,,,S,S,S,,,,,,,,,,,,,,,,,,,,,,,,,,,,,../data/driams/downloads/DRIAMS-C/id/2018/2018_clean.csv,28021914120_B6,28021914120_B6,545.0,Citrobacter
Citrobacter koseri,28021914120_B7,S,R,S,S,S,S,S,,,,S,S,,,,,,,,,,,S,,,S,S,S,,,,,,,,,,,,,,,,,,,,,,,,,,,,,../data/driams/downloads/DRIAMS-C/id/2018/2018_clean.csv,28021914120_B7,28021914120_B7,545.0,Citrobacter
Pseudomonas aeruginosa,28022004520_A12,R,R,S,S,S,R,R,,,,S,R,,,,,,,,,,,S,,,S,S,S,,,,,,,,,,,,,,,,,,,,,,,,,,,,,../data/driams/downloads/DRIAMS-C/id/2018/2018_clean.csv,28022004520_A12,28022004520_A12,287.0,Pseudomonas
Escherichia coli,28022004520_B1,S,S,S,S,S,S,S,,,,S,S,,,,,,,,,,,S,,,S,S,S,,,,,,,,,,,,,,,,,,,,,,,,,,,,,../data/driams/downloads/DRIAMS-C/id/2018/2018_clean.csv,28022004520_B1,28022004520_B1,562.0,Escherichia
Enterobacter cloacae,28022005450_F7,R,R,S,S,S,S,S,S,R,S,S,S,,,,,,,,,,,,,,,,,,,,,,,,,,,,,,,,,,,,,,,,,,,,,../data/driams/downloads/DRIAMS-C/id/2018/2018_clean.csv,28022005450_F7,28022005450_F7,550.0,Enterobacter
Enterobacter cloacae,28022005450_A2,R,R,S,S,S,S,S,S,R,S,S,S,,,,,,,,,,,,,,,,,,,,,,,,,,,,,,,,,,,,,,,,,,,,,../data/driams/downloads/DRIAMS-C/id/2018/2018_clean.csv,28022005450_A2,28022005450_A2,550.0,Enterobacter
Enterobacter cloacae,28022008460_G2,R,R,S,S,S,S,S,S,R,S,S,S,,,,,,,,,,,,,,,,,,,,,,,,,,,,,,,,,,,,,,,,,,,,,../data/driams/downloads/DRIAMS-C/id/2018/2018_clean.csv,28022008460_G2,28022008460_G2,550.0,Enterobacter
Citrobacter freundii,28022008460_G3,R,R,R,S,S,R,R,S,R,S,S,S,,,,,,,,,,,,,,,,,,,,,,,,,,,,,,,,,,,,,,,,,,,,,../data/driams/downloads/DRIAMS-C/id/2018/2018_clean.csv,28022008460_G3,28022008460_G3,546.0,Citrobacter
Escherichia coli,28022008610_G12,R,R,S,R,S,S,S,S,R,R,S,R,,,,,,,,,,,,,,,,,,,,,,,,,,,,,,,,,,,,,,,,,,,,,../data/driams/downloads/DRIAMS-C/id/2018/2018_clean.csv,28022008610_G12,28022008610_G12,562.0,Escherichia
Escherichia coli,28022008610_A8,R,R,S,R,S,S,S,S,R,R,S,R,,,,,,,,,,,,,,,,,,,,,,,,,,,,,,,,,,,,,,,,,,,,,../data/driams/downloads/DRIAMS-C/id/2018/2018_clean.csv,28022008610_A8,28022008610_A8,562.0,Escherichia
Klebsiella pneumoniae,28022008700_G8,S,R,S,S,S,S,S,S,R,S,S,S,,,,,,,,,,,,,,,,,,,,,,,,,,,,,,,,,,,,,,,,,,,,,../data/driams/downloads/DRIAMS-C/id/2018/2018_clean.csv,28022008700_G8,28022008700_G8,573.0,Klebsiella
Klebsiella oxytoca,28022009610_D3,S,R,S,S,S,S,S,,,,S,S,,,,,,,,,,,S,,,S,S,S,,,,,,,,,,,,,,,,,,,,,,,,,,,,,../data/driams/downloads/DRIAMS-C/id/2018/2018_clean.csv,28022009610_D3,28022009610_D3,571.0,Klebsiella
Morganella morganii,28022009610_D4,R,R,S,S,S,S,R,,,,R,S,,,,,,,,,,,S,,,S,S,S,,,,,,,,,,,,,,,,,,,,,,,,,,,,,../data/driams/downloads/DRIAMS-C/id/2018/2018_clean.csv,28022009610_D4,28022009610_D4,582.0,Morganella
Morganella morganii,28022009610_D5,R,R,S,S,S,S,R,,,,R,S,,,,,,,,,,,S,,,S,S,S,,,,,,,,,,,,,,,,,,,,,,,,,,,,,../data/driams/downloads/DRIAMS-C/id/2018/2018_clean.csv,28022009610_D5,28022009610_D5,582.0,Morganella
Acinetobacter baumannii,28022010280_A10,R,R,S,S,S,R,R,R,R,S,S,S,,,,,,,,,,,,,,,,,,,,,,,,,,,,,,,,,,,,,,,,,,,,,../data/driams/downloads/DRIAMS-C/id/2018/2018_clean.csv,28022010280_A10,28022010280_A10,470.0,Acinetobacter
Acinetobacter baumannii,28022010280_A11,R,R,S,S,S,R,R,R,R,S,S,S,,,,,,,,,,,,,,,,,,,,,,,,,,,,,,,,,,,,,,,,,,,,,../data/driams/downloads/DRIAMS-C/id/2018/2018_clean.csv,28022010280_A11,28022010280_A11,470.0,Acinetobacter
Klebsiella pneumoniae,28022010280_A12,S,R,S,S,S,S,S,S,R,S,S,S,,,,,,,,,,,,,,,,,,,,,,,,,,,,,,,,,,,,,,,,,,,,,../data/driams/downloads/DRIAMS-C/id/2018/2018_clean.csv,28022010280_A12,28022010280_A12,573.0,Klebsiella
Klebsiella pneumoniae,28022010280_D5,S,R,S,S,S,S,S,S,R,S,S,S,,,,,,,,,,,,,,,,,,,,,,,,,,,,,,,,,,,,,,,,,,,,,../data/driams/downloads/DRIAMS-C/id/2018/2018_clean.csv,28022010280_D5,28022010280_D5,573.0,Klebsiella
Klebsiella pneumoniae,28022010280_D6,S,R,S,S,S,S,S,S,R,S,S,S,,,,,,,,,,,,,,,,,,,,,,,,,,,,,,,,,,,,,,,,,,,,,../data/driams/downloads/DRIAMS-C/id/2018/2018_clean.csv,28022010280_D6,28022010280_D6,573.0,Klebsiella
Staphylococcus aureus,28022012050_F6,S,R,,S,S,,,,,,,S,S,S,S,S,S,R,S,S,,,,,,,,,,,,,,,,,,,,,,,,,,,,,,,,,,,,,../data/driams/downloads/DRIAMS-C/id/2018/2018_clean.csv,28022012050_F6,28022012050_F6,1280.0,Staphylococcus
Staphylococcus aureus,28022012050_F7,S,R,,S,S,,,,,,,S,S,S,S,S,S,R,S,S,,,,,,,,,,,,,,,,,,,,,,,,,,,,,,,,,,,,,../data/driams/downloads/DRIAMS-C/id/2018/2018_clean.csv,28022012050_F7,28022012050_F7,1280.0,Staphylococcus
Proteus mirabilis,28022012310_H1,S,S,S,S,S,S,S,R,S,S,R,R,,,,,,,,,,,,,,,,,,,,,,,,,,,,,,,,,,,,,,,,,,,,,../data/driams/downloads/DRIAMS-C/id/2018/2018_clean.csv,28022012310_H1,28022012310_H1,584.0,Proteus
Enterococcus faecalis,28022012310_B5,S,S,,,,,,S,,,,I,,,,,R,,,,,R,S,,,,,,,,,,,,,,,,,,,,,,,,,,,,,,,,,,../data/driams/downloads/DRIAMS-C/id/2018/2018_clean.csv,28022012310_B5,28022012310_B5,1351.0,Enterococcus
Proteus mirabilis,28022012310_B6,S,S,S,S,S,S,S,R,S,S,R,R,,,,,,,,,,,,,,,,,,,,,,,,,,,,,,,,,,,,,,,,,,,,,../data/driams/downloads/DRIAMS-C/id/2018/2018_clean.csv,28022012310_B6,28022012310_B6,584.0,Proteus
Escherichia coli,28022103060_F9,S,R,S,S,S,S,S,,,,S,R,,,,,,,,,,,S,,,S,S,S,,,,,,,,,,,,,,,,,,,,,,,,,,,,,../data/driams/downloads/DRIAMS-C/id/2018/2018_clean.csv,28022103060_F9,28022103060_F9,562.0,Escherichia
Citrobacter koseri,28022105510_B11,S,R,S,S,S,S,S,S,S,S,S,S,,,,,,,,,,,,,,,,,,,,,,,,,,,,,,,,,,,,,,,,,,,,,../data/driams/downloads/DRIAMS-C/id/2018/2018_clean.csv,28022105510_B11,28022105510_B11,545.0,Citrobacter
Enterococcus faecalis,28022105510_B12,S,S,,,,,,S,,,,I,,,,,R,,,,,R,S,,,,,,,,,,,,,,,,,,,,,,,,,,,,,,,,,,../data/driams/downloads/DRIAMS-C/id/2018/2018_clean.csv,28022105510_B12,28022105510_B12,1351.0,Enterococcus
Enterococcus faecalis,28022105510_C1,S,S,,,,,,S,,,,I,,,,,R,,,,,R,S,,,,,,,,,,,,,,,,,,,,,,,,,,,,,,,,,,../data/driams/downloads/DRIAMS-C/id/2018/2018_clean.csv,28022105510_C1,28022105510_C1,1351.0,Enterococcus
Escherichia coli,28022109780_D11,S,R,S,S,R,S,S,S,S,S,S,R,,,,,,,,,,,,,,,,,,,,,,,,,,,,,,,,,,,,,,,,,,,,,../data/driams/downloads/DRIAMS-C/id/2018/2018_clean.csv,28022109780_D11,28022109780_D11,562.0,Escherichia
Staphylococcus aureus,28022110330_F10,S,R,,S,S,,,,,,,S,S,S,S,S,S,R,S,S,,,,,,,,,,,,,,,,,,,,,,,,,,,,,,,,,,,,,../data/driams/downloads/DRIAMS-C/id/2018/2018_clean.csv,28022110330_F10,28022110330_F10,1280.0,Staphylococcus
Serratia marcescens,28022110330_F7,R,R,S,S,S,S,R,,,,R,S,,,,,,,,,,,S,,,S,S,S,,,,,,,,,,,,,,,,,,,,,,,,,,,,,../data/driams/downloads/DRIAMS-C/id/2018/2018_clean.csv,28022110330_F7,28022110330_F7,615.0,Serratia
Serratia marcescens,28022110330_F8,R,R,S,S,S,S,R,,,,R,S,,,,,,,,,,,S,,,S,S,S,,,,,,,,,,,,,,,,,,,,,,,,,,,,,../data/driams/downloads/DRIAMS-C/id/2018/2018_clean.csv,28022110330_F8,28022110330_F8,615.0,Serratia
Enterococcus faecalis,28022110330_A8,S,S,,,R,,,,,,,,,R,,,R,,,S,S,R,S,,,,,,,,,,,,,,,,,,,,,,,,,,,,,,,,,,../data/driams/downloads/DRIAMS-C/id/2018/2018_clean.csv,28022110330_A8,28022110330_A8,1351.0,Enterococcus
Klebsiella pneumoniae,28022111800_C5,S,R,S,S,S,S,S,S,R,S,S,S,,,,,,,,,,,,,,,,,,,,,,,,,,,,,,,,,,,,,,,,,,,,,../data/driams/downloads/DRIAMS-C/id/2018/2018_clean.csv,28022111800_C5,28022111800_C5,573.0,Klebsiella
Klebsiella pneumoniae,28022111800_C6,S,R,S,S,S,S,S,S,R,S,S,S,,,,,,,,,,,,,,,,,,,,,,,,,,,,,,,,,,,,,,,,,,,,,../data/driams/downloads/DRIAMS-C/id/2018/2018_clean.csv,28022111800_C6,28022111800_C6,573.0,Klebsiella
Enterococcus faecalis,28022111840_C7,S,S,,,,,,S,,,,I,,,,,R,,,,,R,S,,,,,,,,,,,,,,,,,,,,,,,,,,,,,,,,,,../data/driams/downloads/DRIAMS-C/id/2018/2018_clean.csv,28022111840_C7,28022111840_C7,1351.0,Enterococcus
Enterococcus faecalis,28022111840_C8,S,S,,,,,,S,,,,I,,,,,R,,,,,R,S,,,,,,,,,,,,,,,,,,,,,,,,,,,,,,,,,,../data/driams/downloads/DRIAMS-C/id/2018/2018_clean.csv,28022111840_C8,28022111840_C8,1351.0,Enterococcus
Pseudomonas aeruginosa,28022111900_C9,R,R,S,S,S,R,R,,,,S,R,,,,,,,,,,,S,,,S,S,S,,,,,,,,,,,,,,,,,,,,,,,,,,,,,../data/driams/downloads/DRIAMS-C/id/2018/2018_clean.csv,28022111900_C9,28022111900_C9,287.0,Pseudomonas
Enterococcus faecalis,28022111950_C12,S,S,,,,,,S,,,,I,,,,,R,,,,,R,S,,,,,,,,,,,,,,,,,,,,,,,,,,,,,,,,,,../data/driams/downloads/DRIAMS-C/id/2018/2018_clean.csv,28022111950_C12,28022111950_C12,1351.0,Enterococcus
Enterococcus faecalis,28022111950_E1,S,S,,,,,,S,,,,I,,,,,R,,,,,R,S,,,,,,,,,,,,,,,,,,,,,,,,,,,,,,,,,,../data/driams/downloads/DRIAMS-C/id/2018/2018_clean.csv,28022111950_E1,28022111950_E1,1351.0,Enterococcus
Pseudomonas aeruginosa,28022111950_E4,R,R,S,S,S,R,R,,,,S,R,,,,,,,,,,,S,,,S,S,S,,,,,,,,,,,,,,,,,,,,,,,,,,,,,../data/driams/downloads/DRIAMS-C/id/2018/2018_clean.csv,28022111950_E4,28022111950_E4,287.0,Pseudomonas
Staphylococcus aureus,28022112330_B1,S,R,,S,S,,,,,,,S,S,S,S,S,S,R,S,S,,,,,,,,,,,,,,,,,,,,,,,,,,,,,,,,,,,,,../data/driams/downloads/DRIAMS-C/id/2018/2018_clean.csv,28022112330_B1,28022112330_B1,1280.0,Staphylococcus
Escherichia coli,28022113430_F11,S,R,S,S,S,S,S,,,,S,R,,,,,,,,,,,S,,,S,S,S,,,,,,,,,,,,,,,,,,,,,,,,,,,,,../data/driams/downloads/DRIAMS-C/id/2018/2018_clean.csv,28022113430_F11,28022113430_F11,562.0,Escherichia
Streptococcus gallolyticus,28022205760_A5,,,,,,,,,,,,,,,,,,,,,,,,,,,,,R,,,,,,,,,,,,,,,,,,,,,,,,,,,,../data/driams/downloads/DRIAMS-C/id/2018/2018_clean.csv,28022205760_A5,28022205760_A5,315405.0,Streptococcus
Bacteroides pyogenes,28022207110_B12,S,S,,,,,,,,,,,S,S,,,,S,,,,,,S,,,,,,,,,,,,,,,,,,,,,,,,,,,,,,,,,../data/driams/downloads/DRIAMS-C/id/2018/2018_clean.csv,28022207110_B12,28022207110_B12,310300.0,Bacteroides
Staphylococcus aureus,28022207130_F5,S,R,,S,S,,,,,,,S,S,S,S,S,S,R,S,S,,,,,,,,,,,,,,,,,,,,,,,,,,,,,,,,,,,,,../data/driams/downloads/DRIAMS-C/id/2018/2018_clean.csv,28022207130_F5,28022207130_F5,1280.0,Staphylococcus
Staphylococcus lugdunensis,28022207190_G1,S,R,,S,S,,,,,,,S,S,S,S,S,S,R,S,S,,,,,,,,,,,,,,,,,,,,,,,,,,,,,,,,,,,,,../data/driams/downloads/DRIAMS-C/id/2018/2018_clean.csv,28022207190_G1,28022207190_G1,28035.0,Staphylococcus
Staphylococcus lugdunensis,28022207190_F4,S,R,,S,S,,,,,,,S,S,S,S,S,S,R,S,S,,,,,,,,,,,,,,,,,,,,,,,,,,,,,,,,,,,,,../data/driams/downloads/DRIAMS-C/id/2018/2018_clean.csv,28022207190_F4,28022207190_F4,28035.0,Staphylococcus
Staphylococcus lugdunensis,28022207190_B4,S,R,,S,S,,,,,,,S,S,S,S,S,S,R,S,S,,,,,,,,,,,,,,,,,,,,,,,,,,,,,,,,,,,,,../data/driams/downloads/DRIAMS-C/id/2018/2018_clean.csv,28022207190_B4,28022207190_B4,28035.0,Staphylococcus
Enterococcus gallinarum,28022207190_B6,S,S,,,R,,,,,,,,,R,,,R,,,R,S,S,S,,,,,,,,,,,,,,,,,,,,,,,,,,,,,,,,,,../data/driams/downloads/DRIAMS-C/id/2018/2018_clean.csv,28022207190_B6,28022207190_B6,1353.0,Enterococcus
Pseudomonas aeruginosa,28022207530_B10,R,R,S,S,S,R,R,,,,S,R,,,,,,,,,,,S,,,S,S,S,,,,,,,,,,,,,,,,,,,,,,,,,,,,,../data/driams/downloads/DRIAMS-C/id/2018/2018_clean.csv,28022207530_B10,28022207530_B10,287.0,Pseudomonas
Klebsiella oxytoca,28022207880_E7,S,R,S,S,S,S,S,S,S,S,S,S,,,,,,,,,,,,,,,,,,,,,,,,,,,,,,,,,,,,,,,,,,,,,../data/driams/downloads/DRIAMS-C/id/2018/2018_clean.csv,28022207880_E7,28022207880_E7,571.0,Klebsiella
Serratia marcescens,28022208130_F3,R,R,S,S,S,S,R,R,S,S,R,S,,,,,,,,,,,,,,,,,,,,,,,,,,,,,,,,,,,,,,,,,,,,,../data/driams/downloads/DRIAMS-C/id/2018/2018_clean.csv,28022208130_F3,28022208130_F3,615.0,Serratia
Serratia marcescens,28022208130_F4,R,R,S,S,S,S,R,R,S,S,R,S,,,,,,,,,,,,,,,,,,,,,,,,,,,,,,,,,,,,,,,,,,,,,../data/driams/downloads/DRIAMS-C/id/2018/2018_clean.csv,28022208130_F4,28022208130_F4,615.0,Serratia
Pseudomonas aeruginosa,28022208160_F7,R,R,R,S,R,R,R,,,,S,R,,,,,,,,,,,S,,,R,R,R,,,,,,,,,,,,,,,,,,,,,,,,,,,,,../data/driams/downloads/DRIAMS-C/id/2018/2018_clean.csv,28022208160_F7,28022208160_F7,287.0,Pseudomonas
Enterococcus faecalis,28022208160_F8,S,S,,,,,,S,,,,I,,,,,R,,,,,R,S,,,,,,,,,,,,,,,,,,,,,,,,,,,,,,,,,,../data/driams/downloads/DRIAMS-C/id/2018/2018_clean.csv,28022208160_F8,28022208160_F8,1351.0,Enterococcus
Staphylococcus aureus,28022209310_C12,S,R,,S,S,,,,,,,S,S,S,S,S,S,R,S,S,,,,,,,,,,,,,,,,,,,,,,,,,,,,,,,,,,,,,../data/driams/downloads/DRIAMS-C/id/2018/2018_clean.csv,28022209310_C12,28022209310_C12,1280.0,Staphylococcus
Haemophilus influenzae,28022209320_D2,S,S,,S,,S,S,,,,,,I,,,,,S,,,,,,,,,,,,,,,,,,,,,,,,,,,,,,,,,,,,,,,../data/driams/downloads/DRIAMS-C/id/2018/2018_clean.csv,28022209320_D2,28022209320_D2,727.0,Haemophilus
Staphylococcus aureus,28022209320_D3,S,R,,S,S,,,,,,,S,R,R,S,S,S,R,S,S,,,,,,,,,,,,,,,,,,,,,,,,,,,,,,,,,,,,,../data/driams/downloads/DRIAMS-C/id/2018/2018_clean.csv,28022209320_D3,28022209320_D3,1280.0,Staphylococcus
Escherichia coli,28022209440_D10,R,R,R,R,S,R,R,S,R,R,S,R,,,,,,,,,,,R,,,S,R,S,,,,,,,,,,,,,,,,,,,,,,,,,,,,,../data/driams/downloads/DRIAMS-C/id/2018/2018_clean.csv,28022209440_D10,28022209440_D10,562.0,Escherichia
Escherichia coli,28022209440_D7,R,R,R,R,S,R,R,S,R,R,S,R,,,,,,,,,,,R,,,S,R,S,,,,,,,,,,,,,,,,,,,,,,,,,,,,,../data/driams/downloads/DRIAMS-C/id/2018/2018_clean.csv,28022209440_D7,28022209440_D7,562.0,Escherichia
Morganella morganii,28022209440_A9,R,R,S,S,S,S,R,R,R,S,R,R,,,,,,,,,,,S,,,S,S,S,,,,,,,,,,,,,,,,,,,,,,,,,,,,,../data/driams/downloads/DRIAMS-C/id/2018/2018_clean.csv,28022209440_A9,28022209440_A9,582.0,Morganella
Pseudomonas aeruginosa,28022209620_F10,R,R,S,S,S,R,R,,,,S,R,,,,,,,,,,,S,,,S,S,S,,,,,,,,,,,,,,,,,,,,,,,,,,,,,../data/driams/downloads/DRIAMS-C/id/2018/2018_clean.csv,28022209620_F10,28022209620_F10,287.0,Pseudomonas
Pseudomonas aeruginosa,28022209620_F11,R,R,S,S,S,R,R,,,,S,R,,,,,,,,,,,S,,,S,S,S,,,,,,,,,,,,,,,,,,,,,,,,,,,,,../data/driams/downloads/DRIAMS-C/id/2018/2018_clean.csv,28022209620_F11,28022209620_F11,287.0,Pseudomonas
Pseudomonas aeruginosa,28022209620_F12,R,R,S,S,S,R,R,,,,S,R,,,,,,,,,,,S,,,S,S,S,,,,,,,,,,,,,,,,,,,,,,,,,,,,,../data/driams/downloads/DRIAMS-C/id/2018/2018_clean.csv,28022209620_F12,28022209620_F12,287.0,Pseudomonas
Klebsiella pneumoniae,28022209620_F9,S,R,S,S,S,S,S,S,S,S,S,S,,,,,,,,,,,,,,,,,,,,,,,,,,,,,,,,,,,,,,,,,,,,,../data/driams/downloads/DRIAMS-C/id/2018/2018_clean.csv,28022209620_F9,28022209620_F9,573.0,Klebsiella
Pseudomonas aeruginosa,28022209620_G1,R,R,S,S,S,R,R,,,,S,R,,,,,,,,,,,S,,,S,S,S,,,,,,,,,,,,,,,,,,,,,,,,,,,,,../data/driams/downloads/DRIAMS-C/id/2018/2018_clean.csv,28022209620_G1,28022209620_G1,287.0,Pseudomonas
Klebsiella pneumoniae,28022209620_G2,S,R,S,S,S,S,S,S,S,S,S,S,,,,,,,,,,,,,,,,,,,,,,,,,,,,,,,,,,,,,,,,,,,,,../data/driams/downloads/DRIAMS-C/id/2018/2018_clean.csv,28022209620_G2,28022209620_G2,573.0,Klebsiella
Klebsiella pneumoniae,28022209620_G3,S,R,S,S,S,S,S,S,S,S,S,S,,,,,,,,,,,,,,,,,,,,,,,,,,,,,,,,,,,,,,,,,,,,,../data/driams/downloads/DRIAMS-C/id/2018/2018_clean.csv,28022209620_G3,28022209620_G3,573.0,Klebsiella
Klebsiella pneumoniae,28022209620_G4,S,R,S,S,S,S,S,S,S,S,S,S,,,,,,,,,,,,,,,,,,,,,,,,,,,,,,,,,,,,,,,,,,,,,../data/driams/downloads/DRIAMS-C/id/2018/2018_clean.csv,28022209620_G4,28022209620_G4,573.0,Klebsiella
Enterococcus faecalis,28022209740_G10,S,S,,,,,,S,,,,I,,,,,R,,,,,R,S,,,,,,,,,,,,,,,,,,,,,,,,,,,,,,,,,,../data/driams/downloads/DRIAMS-C/id/2018/2018_clean.csv,28022209740_G10,28022209740_G10,1351.0,Enterococcus
Proteus vulgaris,28022209740_G11,S,R,S,S,S,S,R,R,S,S,R,S,,,,,,,,,,,,,,,,,,,,,,,,,,,,,,,,,,,,,,,,,,,,,../data/driams/downloads/DRIAMS-C/id/2018/2018_clean.csv,28022209740_G11,28022209740_G11,585.0,Proteus
Pseudomonas aeruginosa,28022209740_G12,R,R,S,S,S,R,R,,,,S,R,,,,,,,,,,,S,,,S,S,S,,,,,,,,,,,,,,,,,,,,,,,,,,,,,../data/driams/downloads/DRIAMS-C/id/2018/2018_clean.csv,28022209740_G12,28022209740_G12,287.0,Pseudomonas
Klebsiella aerogenes,28022209740_G8,R,R,S,S,S,S,S,S,R,S,S,S,,,,,,,,,,,,,,,,,,,,,,,,,,,,,,,,,,,,,,,,,,,,,../data/driams/downloads/DRIAMS-C/id/2018/2018_clean.csv,28022209740_G8,28022209740_G8,548.0,
Staphylococcus aureus,28022209900_F3,S,S,,S,S,,,,,,,S,S,S,S,S,S,S,S,S,,,,,,,,,,,,,,,,,,,,,,,,,,,,,,,,,,,,,../data/driams/downloads/DRIAMS-C/id/2018/2018_clean.csv,28022209900_F3,28022209900_F3,1280.0,Staphylococcus
Klebsiella pneumoniae,28022211740_H5,R,R,R,S,S,R,R,S,R,S,S,R,,,,,,,,,,,S,,,S,R,S,,,,,,,,,,,,,,,,,,,,,,,,,,,,,../data/driams/downloads/DRIAMS-C/id/2018/2018_clean.csv,28022211740_H5,28022211740_H5,573.0,Klebsiella
Proteus mirabilis,28022211850_F1,S,S,S,S,S,S,S,,,,R,S,,,,,,,,,,,S,,,S,S,S,,,,,,,,,,,,,,,,,,,,,,,,,,,,,../data/driams/downloads/DRIAMS-C/id/2018/2018_clean.csv,28022211850_F1,28022211850_F1,584.0,Proteus
Proteus mirabilis,28022211850_B1,S,S,S,S,S,S,S,,,,R,S,,,,,,,,,,,S,,,S,S,S,,,,,,,,,,,,,,,,,,,,,,,,,,,,,../data/driams/downloads/DRIAMS-C/id/2018/2018_clean.csv,28022211850_B1,28022211850_B1,584.0,Proteus
Proteus mirabilis,28022211850_B2,S,S,S,S,S,S,S,,,,R,S,,,,,,,,,,,S,,,S,S,S,,,,,,,,,,,,,,,,,,,,,,,,,,,,,../data/driams/downloads/DRIAMS-C/id/2018/2018_clean.csv,28022211850_B2,28022211850_B2,584.0,Proteus
Enterococcus faecalis,28022211910_E12,S,S,,,R,,,,,,,,,R,,,R,,,S,S,R,S,,,,,,,,,,,,,,,,,,,,,,,,,,,,,,,,,,../data/driams/downloads/DRIAMS-C/id/2018/2018_clean.csv,28022211910_E12,28022211910_E12,1351.0,Enterococcus
Pseudomonas aeruginosa,28022211940_D5,R,R,S,S,S,R,R,,,,S,R,,,,,,,,,,,S,,,S,S,S,,,,,,,,,,,,,,,,,,,,,,,,,,,,,../data/driams/downloads/DRIAMS-C/id/2018/2018_clean.csv,28022211940_D5,28022211940_D5,287.0,Pseudomonas
Escherichia coli,28022212150_E7,R,R,R,S,S,S,R,,,,S,S,,,,,,,,,,,S,,,S,S,S,,,,,,,,,,,,,,,,,,,,,,,,,,,,,../data/driams/downloads/DRIAMS-C/id/2018/2018_clean.csv,28022212150_E7,28022212150_E7,562.0,Escherichia
Escherichia coli,28022212150_E8,R,R,R,S,S,S,R,,,,S,S,,,,,,,,,,,S,,,S,S,S,,,,,,,,,,,,,,,,,,,,,,,,,,,,,../data/driams/downloads/DRIAMS-C/id/2018/2018_clean.csv,28022212150_E8,28022212150_E8,562.0,Escherichia
Klebsiella oxytoca,28022212150_E9,R,R,S,S,S,R,R,,,,S,S,,,,,,,,,,,R,,,S,S,S,,,,,,,,,,,,,,,,,,,,,,,,,,,,,../data/driams/downloads/DRIAMS-C/id/2018/2018_clean.csv,28022212150_E9,28022212150_E9,571.0,Klebsiella
Escherichia coli,28022212150_A11,R,R,R,S,S,S,R,,,,S,S,,,,,,,,,,,S,,,S,S,S,,,,,,,,,,,,,,,,,,,,,,,,,,,,,../data/driams/downloads/DRIAMS-C/id/2018/2018_clean.csv,28022212150_A11,28022212150_A11,562.0,Escherichia
Klebsiella oxytoca,28022212150_A12,R,R,S,S,S,R,R,,,,S,S,,,,,,,,,,,R,,,S,S,S,,,,,,,,,,,,,,,,,,,,,,,,,,,,,../data/driams/downloads/DRIAMS-C/id/2018/2018_clean.csv,28022212150_A12,28022212150_A12,571.0,Klebsiella
Escherichia coli,28022212360_B11,S,R,S,S,S,S,S,,,,S,S,,,,,,,,,,,S,,,S,S,S,,,,,,,,,,,,,,,,,,,,,,,,,,,,,../data/driams/downloads/DRIAMS-C/id/2018/2018_clean.csv,28022212360_B11,28022212360_B11,562.0,Escherichia
Escherichia coli,28022212360_B12,S,R,S,S,S,S,S,,,,S,S,,,,,,,,,,,S,,,S,S,S,,,,,,,,,,,,,,,,,,,,,,,,,,,,,../data/driams/downloads/DRIAMS-C/id/2018/2018_clean.csv,28022212360_B12,28022212360_B12,562.0,Escherichia
Escherichia coli,28022212360_C1,S,R,S,S,S,S,S,,,,S,S,,,,,,,,,,,S,,,S,S,S,,,,,,,,,,,,,,,,,,,,,,,,,,,,,../data/driams/downloads/DRIAMS-C/id/2018/2018_clean.csv,28022212360_C1,28022212360_C1,562.0,Escherichia
Stenotrophomonas maltophilia,28022213070_G4,,,,,,,,,,,,S,,,,,,,,,,,,,,,,,,,,,,,,,,,,,,,,,,,,,,,,,,,,,../data/driams/downloads/DRIAMS-C/id/2018/2018_clean.csv,28022213070_G4,28022213070_G4,40324.0,Stenotrophomonas
Haemophilus influenzae,28022214550_C8,S,S,,S,,S,S,,,,,,I,,,,,S,,,,,,,,,,,,,,,,,,,,,,,,,,,,,,,,,,,,,,,../data/driams/downloads/DRIAMS-C/id/2018/2018_clean.csv,28022214550_C8,28022214550_C8,727.0,Haemophilus
Staphylococcus aureus,28022304000_C1,S,R,,S,S,,,,,,,S,S,S,S,S,S,R,R,S,,,,,,,,,,,,,,,,,,,,,,,,,,,,,,,,,,,,,../data/driams/downloads/DRIAMS-C/id/2018/2018_clean.csv,28022304000_C1,28022304000_C1,1280.0,Staphylococcus
Staphylococcus aureus,28022304000_C2,S,R,,S,S,,,,,,,S,S,S,S,S,S,R,R,S,,,,,,,,,,,,,,,,,,,,,,,,,,,,,,,,,,,,,../data/driams/downloads/DRIAMS-C/id/2018/2018_clean.csv,28022304000_C2,28022304000_C2,1280.0,Staphylococcus
Staphylococcus aureus,28022304000_C6,S,R,,S,S,,,,,,,S,S,S,S,S,S,R,R,S,,,,,,,,,,,,,,,,,,,,,,,,,,,,,,,,,,,,,../data/driams/downloads/DRIAMS-C/id/2018/2018_clean.csv,28022304000_C6,28022304000_C6,1280.0,Staphylococcus
Staphylococcus aureus,28022304000_C7,S,R,,S,S,,,,,,,S,S,S,S,S,S,R,R,S,,,,,,,,,,,,,,,,,,,,,,,,,,,,,,,,,,,,,../data/driams/downloads/DRIAMS-C/id/2018/2018_clean.csv,28022304000_C7,28022304000_C7,1280.0,Staphylococcus
Enterococcus faecalis,28022305470_F11,S,S,,,R,,,,,,,,,R,,,R,,,S,S,R,S,,,,,,,,,,,,,,,,,,,,,,,,,,,,,,,,,,../data/driams/downloads/DRIAMS-C/id/2018/2018_clean.csv,28022305470_F11,28022305470_F11,1351.0,Enterococcus
Escherichia coli,28022305470_F9,S,S,S,R,S,S,S,,,,S,S,,,,,,,,,,,S,,,S,S,S,,,,,,,,,,,,,,,,,,,,,,,,,,,,,../data/driams/downloads/DRIAMS-C/id/2018/2018_clean.csv,28022305470_F9,28022305470_F9,562.0,Escherichia
Escherichia coli,28022305580_F12,S,S,S,S,S,S,S,,,,S,S,,,,,,,,,,,S,,,S,S,S,,,,,,,,,,,,,,,,,,,,,,,,,,,,,../data/driams/downloads/DRIAMS-C/id/2018/2018_clean.csv,28022305580_F12,28022305580_F12,562.0,Escherichia
Klebsiella pneumoniae,28022306940_B7,S,R,S,S,S,S,S,S,S,S,S,R,,,,,,,,,,,,,,,,,,,,,,,,,,,,,,,,,,,,,,,,,,,,,../data/driams/downloads/DRIAMS-C/id/2018/2018_clean.csv,28022306940_B7,28022306940_B7,573.0,Klebsiella
Escherichia coli,28022309590_D2,S,S,S,S,S,S,S,,,,S,S,,,,,,,,,,,S,,,S,S,S,,,,,,,,,,,,,,,,,,,,,,,,,,,,,../data/driams/downloads/DRIAMS-C/id/2018/2018_clean.csv,28022309590_D2,28022309590_D2,562.0,Escherichia
Escherichia coli,28022309590_D3,S,S,S,S,S,S,S,,,,S,S,,,,,,,,,,,S,,,S,S,S,,,,,,,,,,,,,,,,,,,,,,,,,,,,,../data/driams/downloads/DRIAMS-C/id/2018/2018_clean.csv,28022309590_D3,28022309590_D3,562.0,Escherichia
Pseudomonas aeruginosa,28022309640_C2,R,R,S,S,S,R,R,,,,S,R,,,,,,,,,,,S,,,S,S,S,,,,,,,,,,,,,,,,,,,,,,,,,,,,,../data/driams/downloads/DRIAMS-C/id/2018/2018_clean.csv,28022309640_C2,28022309640_C2,287.0,Pseudomonas
Pseudomonas aeruginosa,28022309640_C3,R,R,S,S,S,R,R,,,,S,R,,,,,,,,,,,S,,,S,S,S,,,,,,,,,,,,,,,,,,,,,,,,,,,,,../data/driams/downloads/DRIAMS-C/id/2018/2018_clean.csv,28022309640_C3,28022309640_C3,287.0,Pseudomonas
Escherichia coli,28022309860_C5,R,R,R,S,S,R,R,,,,S,S,,,,,,,,,,,R,,,S,S,S,,,,,,,,,,,,,,,,,,,,,,,,,,,,,../data/driams/downloads/DRIAMS-C/id/2018/2018_clean.csv,28022309860_C5,28022309860_C5,562.0,Escherichia
Enterococcus faecalis,28022310070_G1,S,S,,,R,,,,,,,,,R,,,R,,,S,S,R,S,,,,,,,,,,,,,,,,,,,,,,,,,,,,,,,,,,../data/driams/downloads/DRIAMS-C/id/2018/2018_clean.csv,28022310070_G1,28022310070_G1,1351.0,Enterococcus
Enterococcus faecalis,28022310070_G2,S,S,,,R,,,,,,,,,R,,,R,,,S,S,R,S,,,,,,,,,,,,,,,,,,,,,,,,,,,,,,,,,,../data/driams/downloads/DRIAMS-C/id/2018/2018_clean.csv,28022310070_G2,28022310070_G2,1351.0,Enterococcus
Staphylococcus lugdunensis,28022310070_C10,R,R,,S,S,,,,,,,S,S,S,R,S,R,R,S,S,,S,,,,,,,,,,,,,,,,,,,,,,,,,,,,,,,,,,,../data/driams/downloads/DRIAMS-C/id/2018/2018_clean.csv,28022310070_C10,28022310070_C10,28035.0,Staphylococcus
Enterococcus faecalis,28022310070_C8,S,S,,,R,,,,,,,,,R,,,R,,,S,S,R,S,,,,,,,,,,,,,,,,,,,,,,,,,,,,,,,,,,../data/driams/downloads/DRIAMS-C/id/2018/2018_clean.csv,28022310070_C8,28022310070_C8,1351.0,Enterococcus
Staphylococcus lugdunensis,28022310070_C9,R,R,,S,S,,,,,,,S,S,S,R,S,R,R,S,S,,S,,,,,,,,,,,,,,,,,,,,,,,,,,,,,,,,,,,../data/driams/downloads/DRIAMS-C/id/2018/2018_clean.csv,28022310070_C9,28022310070_C9,28035.0,Staphylococcus
Staphylococcus lugdunensis,28022310070_E7,R,R,,S,S,,,,,,,S,S,S,R,S,R,R,S,S,,S,,,,,,,,,,,,,,,,,,,,,,,,,,,,,,,,,,,../data/driams/downloads/DRIAMS-C/id/2018/2018_clean.csv,28022310070_E7,28022310070_E7,28035.0,Staphylococcus
Staphylococcus lugdunensis,28022310070_E8,R,R,,S,S,,,,,,,S,S,S,R,S,R,R,S,S,,S,,,,,,,,,,,,,,,,,,,,,,,,,,,,,,,,,,,../data/driams/downloads/DRIAMS-C/id/2018/2018_clean.csv,28022310070_E8,28022310070_E8,28035.0,Staphylococcus
Staphylococcus lugdunensis,28022310070_G12,R,R,,S,S,,,,,,,S,S,S,R,S,R,R,S,S,,S,,,,,,,,,,,,,,,,,,,,,,,,,,,,,,,,,,,../data/driams/downloads/DRIAMS-C/id/2018/2018_clean.csv,28022310070_G12,28022310070_G12,28035.0,Staphylococcus
Staphylococcus lugdunensis,28022310070_G11,R,R,,S,S,,,,,,,S,S,S,R,S,R,R,S,S,,S,,,,,,,,,,,,,,,,,,,,,,,,,,,,,,,,,,,../data/driams/downloads/DRIAMS-C/id/2018/2018_clean.csv,28022310070_G11,28022310070_G11,28035.0,Staphylococcus
Escherichia coli,28022402130_D6,R,R,S,R,R,S,R,,,,S,R,,,,,,,,,,,R,,,S,R,S,,,,,,,,,,,,,,,,,,,,,,,,,,,,,../data/driams/downloads/DRIAMS-C/id/2018/2018_clean.csv,28022402130_D6,28022402130_D6,562.0,Escherichia
Klebsiella pneumoniae,28022405850_B5,S,R,S,S,S,S,S,S,R,S,S,S,,,,,,,,,,,,,,,,,,,,,,,,,,,,,,,,,,,,,,,,,,,,,../data/driams/downloads/DRIAMS-C/id/2018/2018_clean.csv,28022405850_B5,28022405850_B5,573.0,Klebsiella
Staphylococcus aureus,28022406190_D7,R,R,,S,R,,,,,,,S,S,S,S,R,R,R,S,S,,S,,,,,,,,,,,,,,,,,,,,,,,,,,,,,,,,,,,../data/driams/downloads/DRIAMS-C/id/2018/2018_clean.csv,28022406190_D7,28022406190_D7,1280.0,Staphylococcus
Campylobacter jejuni,28022502540_D6,,,,R,,,,,,,,,S,,,,,,,,,,,,,,,,S,S,R,R,,,,,,,,,,,,,,,,,,,,,,,,,../data/driams/downloads/DRIAMS-C/id/2018/2018_clean.csv,28022502540_D6,28022502540_D6,197.0,Campylobacter
Campylobacter jejuni,28022502540_F4,,,,R,,,,,,,,,S,,,,,,,,,,,,,,,,S,S,R,R,,,,,,,,,,,,,,,,,,,,,,,,,../data/driams/downloads/DRIAMS-C/id/2018/2018_clean.csv,28022502540_F4,28022502540_F4,197.0,Campylobacter
Klebsiella oxytoca,28022503510_E2,S,R,S,S,S,S,S,,,,S,S,,,,,,,,,,,S,,,S,S,S,,,,,,,,,,,,,,,,,,,,,,,,,,,,,../data/driams/downloads/DRIAMS-C/id/2018/2018_clean.csv,28022503510_E2,28022503510_E2,571.0,Klebsiella
Staphylococcus aureus,28022503510_E4,S,R,,S,S,,,,,,,S,S,S,S,S,S,R,S,S,,,,,,,,,,,,,,,,,,,,,,,,,,,,,,,,,,,,,../data/driams/downloads/DRIAMS-C/id/2018/2018_clean.csv,28022503510_E4,28022503510_E4,1280.0,Staphylococcus
Enterococcus faecalis,28022503710_E1,S,S,,,,,,S,,,,I,,,,,R,,,,,R,S,,,,,,,,,,,,,,,,,,,,,,,,,,,,,,,,,,../data/driams/downloads/DRIAMS-C/id/2018/2018_clean.csv,28022503710_E1,28022503710_E1,1351.0,Enterococcus
Enterococcus avium,28022504040_E6,S,S,,,R,,,,,,,,,R,,,R,,,S,S,S,S,,,,,,,,,,,,,,,,,,,,,,,,,,,,,,,,,,../data/driams/downloads/DRIAMS-C/id/2018/2018_clean.csv,28022504040_E6,28022504040_E6,33945.0,Enterococcus
Enterococcus faecium,28022504040_E7,R,R,,,R,,,,,,,,,R,,,R,,,S,S,S,R,,,,,,,,,,,,,,,,,,,,,,,,,,,,,,,,,,../data/driams/downloads/DRIAMS-C/id/2018/2018_clean.csv,28022504040_E7,28022504040_E7,1352.0,Enterococcus
Escherichia coli,28022504170_E1,S,R,S,R,S,S,S,,,,S,S,,,,,,,,,,,S,,,S,S,S,,,,,,,,,,,,,,,,,,,,,,,,,,,,,../data/driams/downloads/DRIAMS-C/id/2018/2018_clean.csv,28022504170_E1,28022504170_E1,562.0,Escherichia
Escherichia coli,28022504170_E2,S,R,S,R,S,S,S,,,,S,S,,,,,,,,,,,S,,,S,S,S,,,,,,,,,,,,,,,,,,,,,,,,,,,,,../data/driams/downloads/DRIAMS-C/id/2018/2018_clean.csv,28022504170_E2,28022504170_E2,562.0,Escherichia
Escherichia coli,28022504170_E8,S,R,S,R,S,S,S,,,,S,S,,,,,,,,,,,S,,,S,S,S,,,,,,,,,,,,,,,,,,,,,,,,,,,,,../data/driams/downloads/DRIAMS-C/id/2018/2018_clean.csv,28022504170_E8,28022504170_E8,562.0,Escherichia
Enterobacter cancerogenus,28022604930_E7,R,R,S,S,S,S,S,,,,S,S,,,,,,,,,,,S,,,S,S,S,,,,,,,,,,,,,,,,,,,,,,,,,,,,,../data/driams/downloads/DRIAMS-C/id/2018/2018_clean.csv,28022604930_E7,28022604930_E7,69218.0,Enterobacter
Enterobacter cloacae,28022604930_A1,R,R,R,S,S,R,R,,,,S,S,,,,,,,,,,,R,,,S,S,S,,,,,,,,,,,,,,,,,,,,,,,,,,,,,../data/driams/downloads/DRIAMS-C/id/2018/2018_clean.csv,28022604930_A1,28022604930_A1,550.0,Enterobacter
Escherichia coli,28022606150_E5,R,R,R,R,R,R,R,S,S,R,S,S,,,,,,,,,,,S,,,S,R,S,,,,,,,,,,,,,,,,,,,,,,,,,,,,,../data/driams/downloads/DRIAMS-C/id/2018/2018_clean.csv,28022606150_E5,28022606150_E5,562.0,Escherichia
Escherichia coli,28022606150_A1,R,R,R,R,R,R,R,S,S,R,S,S,,,,,,,,,,,S,,,S,R,S,,,,,,,,,,,,,,,,,,,,,,,,,,,,,../data/driams/downloads/DRIAMS-C/id/2018/2018_clean.csv,28022606150_A1,28022606150_A1,562.0,Escherichia
Klebsiella aerogenes,28022606210_E7,R,R,R,S,S,R,R,R,R,S,S,S,,,,,,,,,,,R,,,S,S,S,,,,,,,,,,,,,,,,,,,,,,,,,,,,,../data/driams/downloads/DRIAMS-C/id/2018/2018_clean.csv,28022606210_E7,28022606210_E7,548.0,
Enterococcus faecalis,28022606300_E8,S,S,,,,,,S,,,,I,,,,,R,,,,,R,S,,,,,,,,,,,,,,,,,,,,,,,,,,,,,,,,,,../data/driams/downloads/DRIAMS-C/id/2018/2018_clean.csv,28022606300_E8,28022606300_E8,1351.0,Enterococcus
Enterobacter cloacae,28022606820_E11,R,R,R,S,S,R,R,,,,S,S,,,,,,,,,,,R,,,S,S,S,,,,,,,,,,,,,,,,,,,,,,,,,,,,,../data/driams/downloads/DRIAMS-C/id/2018/2018_clean.csv,28022606820_E11,28022606820_E11,550.0,Enterobacter
Escherichia coli,28022609040_G8,S,R,S,S,S,S,S,,,,S,S,,,,,,,,,,,S,,,S,S,S,,,,,,,,,,,,,,,,,,,,,,,,,,,,,../data/driams/downloads/DRIAMS-C/id/2018/2018_clean.csv,28022609040_G8,28022609040_G8,562.0,Escherichia
Escherichia coli,28022609310_E11,S,S,S,S,S,S,S,,,,S,S,,,,,,,,,,,S,,,S,S,S,,,,,,,,,,,,,,,,,,,,,,,,,,,,,../data/driams/downloads/DRIAMS-C/id/2018/2018_clean.csv,28022609310_E11,28022609310_E11,562.0,Escherichia
Staphylococcus aureus,28022609510_F1,S,R,,S,S,,,,,,,S,S,S,S,S,S,R,S,S,,,,,,,,,,,,,,,,,,,,,,,,,,,,,,,,,,,,,../data/driams/downloads/DRIAMS-C/id/2018/2018_clean.csv,28022609510_F1,28022609510_F1,1280.0,Staphylococcus
Haemophilus influenzae,28022609510_F2,S,S,,S,,S,S,,,,,,I,,,,,S,,,,,,,,,,,,,,,,,,,,,,,,,,,,,,,,,,,,,,,../data/driams/downloads/DRIAMS-C/id/2018/2018_clean.csv,28022609510_F2,28022609510_F2,727.0,Haemophilus
Pseudomonas aeruginosa,28022610650_A4,R,R,S,S,S,R,R,,,,S,R,,,,,,,,,,,S,,,S,S,S,,,,,,,,,,,,,,,,,,,,,,,,,,,,,../data/driams/downloads/DRIAMS-C/id/2018/2018_clean.csv,28022610650_A4,28022610650_A4,287.0,Pseudomonas
Escherichia coli,28022611070_A5,R,R,S,R,R,S,S,S,S,R,S,S,,,,,,,,,,,S,,,R,S,S,,,,,,,,,,,,,,,,,,,,,,,,,,,,,../data/driams/downloads/DRIAMS-C/id/2018/2018_clean.csv,28022611070_A5,28022611070_A5,562.0,Escherichia
Enterococcus faecalis,28022611070_A6,S,S,,,,,,S,,,,I,,,,,R,,,,,R,S,,,,,,,,,,,,,,,,,,,,,,,,,,,,,,,,,,../data/driams/downloads/DRIAMS-C/id/2018/2018_clean.csv,28022611070_A6,28022611070_A6,1351.0,Enterococcus
Klebsiella pneumoniae,28022611380_D11,S,R,S,S,S,S,S,,,,S,S,,,,,,,,,,,S,,,S,S,S,,,,,,,,,,,,,,,,,,,,,,,,,,,,,../data/driams/downloads/DRIAMS-C/id/2018/2018_clean.csv,28022611380_D11,28022611380_D11,573.0,Klebsiella
Staphylococcus aureus,28022611380_D12,S,R,,S,S,,,,,,,S,S,S,S,S,S,R,S,S,,,,,,,,,,,,,,,,,,,,,,,,,,,,,,,,,,,,,../data/driams/downloads/DRIAMS-C/id/2018/2018_clean.csv,28022611380_D12,28022611380_D12,1280.0,Staphylococcus
Escherichia coli,28022611720_E3,S,R,S,S,S,S,S,,,,S,S,,,,,,,,,,,S,,,S,S,S,,,,,,,,,,,,,,,,,,,,,,,,,,,,,../data/driams/downloads/DRIAMS-C/id/2018/2018_clean.csv,28022611720_E3,28022611720_E3,562.0,Escherichia
Escherichia coli,28022613560_E6,R,R,S,R,R,S,R,,,,S,R,,,,,,,,,,,R,,,S,R,S,,,,,,,,,,,,,,,,,,,,,,,,,,,,,../data/driams/downloads/DRIAMS-C/id/2018/2018_clean.csv,28022613560_E6,28022613560_E6,562.0,Escherichia
Enterococcus faecalis,28022613980_F4,S,S,,,,,,S,,,,I,,,,,R,,,,,R,S,,,,,,,,,,,,,,,,,,,,,,,,,,,,,,,,,,../data/driams/downloads/DRIAMS-C/id/2018/2018_clean.csv,28022613980_F4,28022613980_F4,1351.0,Enterococcus
Pseudomonas aeruginosa,28022613980_F5,R,R,S,S,S,R,R,,,,S,R,,,,,,,,,,,S,,,S,S,S,,,,,,,,,,,,,,,,,,,,,,,,,,,,,../data/driams/downloads/DRIAMS-C/id/2018/2018_clean.csv,28022613980_F5,28022613980_F5,287.0,Pseudomonas
Pseudomonas aeruginosa,28022613980_F6,R,R,S,S,S,R,R,,,,S,R,,,,,,,,,,,S,,,S,S,S,,,,,,,,,,,,,,,,,,,,,,,,,,,,,../data/driams/downloads/DRIAMS-C/id/2018/2018_clean.csv,28022613980_F6,28022613980_F6,287.0,Pseudomonas
Morganella morganii,28022614090_F8,R,R,S,S,S,S,S,S,R,S,R,S,,,,,,,,,,,,,,,,,,,,,,,,,,,,,,,,,,,,,,,,,,,,,../data/driams/downloads/DRIAMS-C/id/2018/2018_clean.csv,28022614090_F8,28022614090_F8,582.0,Morganella
Proteus mirabilis,28022614090_B12,S,R,S,R,R,S,S,R,S,R,R,R,,,,,,,,,,,,,,,,,,,,,,,,,,,,,,,,,,,,,,,,,,,,,../data/driams/downloads/DRIAMS-C/id/2018/2018_clean.csv,28022614090_B12,28022614090_B12,584.0,Proteus
Morganella morganii,28022614090_C1,R,R,S,S,S,S,S,S,R,S,R,S,,,,,,,,,,,,,,,,,,,,,,,,,,,,,,,,,,,,,,,,,,,,,../data/driams/downloads/DRIAMS-C/id/2018/2018_clean.csv,28022614090_C1,28022614090_C1,582.0,Morganella
Klebsiella pneumoniae,28022706360_A11,S,R,S,S,S,S,S,S,R,S,S,S,,,,,,,,,,,,,,,,,,,,,,,,,,,,,,,,,,,,,,,,,,,,,../data/driams/downloads/DRIAMS-C/id/2018/2018_clean.csv,28022706360_A11,28022706360_A11,573.0,Klebsiella
Enterococcus faecalis,28022708460_B1,S,S,,,,,,S,,,,I,,,,,R,,,,,R,S,,,,,,,,,,,,,,,,,,,,,,,,,,,,,,,,,,../data/driams/downloads/DRIAMS-C/id/2018/2018_clean.csv,28022708460_B1,28022708460_B1,1351.0,Enterococcus
Alcaligenes faecalis,28022709220_G3,S,S,S,R,S,S,R,,,,S,S,,,,,,,,,,,S,,,S,S,S,,,,,,,,,,,,,,,,,,,,,,,,,,,,,../data/driams/downloads/DRIAMS-C/id/2018/2018_clean.csv,28022709220_G3,28022709220_G3,511.0,Alcaligenes
Pseudoglutamicibacter cumminsii,28022709220_G5,,,,R,S,,,,,,,,,S,S,,,S,,S,S,,,,,,,,,,,S,,,,,,,,,,,,,,,,,,,,,,,,,../data/driams/downloads/DRIAMS-C/id/2018/2018_clean.csv,28022709220_G5,28022709220_G5,156979.0,
Alcaligenes faecalis,28022709220_B3,S,S,S,R,S,S,R,,,,S,S,,,,,,,,,,,S,,,S,S,S,,,,,,,,,,,,,,,,,,,,,,,,,,,,,../data/driams/downloads/DRIAMS-C/id/2018/2018_clean.csv,28022709220_B3,28022709220_B3,511.0,Alcaligenes
Alcaligenes faecalis,28022709220_B5,S,S,S,R,S,S,R,,,,S,S,,,,,,,,,,,S,,,S,S,S,,,,,,,,,,,,,,,,,,,,,,,,,,,,,../data/driams/downloads/DRIAMS-C/id/2018/2018_clean.csv,28022709220_B5,28022709220_B5,511.0,Alcaligenes
Alcaligenes faecalis,28022709220_B6,S,S,S,R,S,S,R,,,,S,S,,,,,,,,,,,S,,,S,S,S,,,,,,,,,,,,,,,,,,,,,,,,,,,,,../data/driams/downloads/DRIAMS-C/id/2018/2018_clean.csv,28022709220_B6,28022709220_B6,511.0,Alcaligenes
Alcaligenes faecalis,28022709220_B7,S,S,S,R,S,S,R,,,,S,S,,,,,,,,,,,S,,,S,S,S,,,,,,,,,,,,,,,,,,,,,,,,,,,,,../data/driams/downloads/DRIAMS-C/id/2018/2018_clean.csv,28022709220_B7,28022709220_B7,511.0,Alcaligenes
Alcaligenes faecalis,28022709220_B8,S,S,S,R,S,S,R,,,,S,S,,,,,,,,,,,S,,,S,S,S,,,,,,,,,,,,,,,,,,,,,,,,,,,,,../data/driams/downloads/DRIAMS-C/id/2018/2018_clean.csv,28022709220_B8,28022709220_B8,511.0,Alcaligenes
Proteus mirabilis,28022709710_A5,S,R,S,S,R,S,S,,,,R,R,,,,,,,,,,,S,,,S,S,S,,,,,,,,,,,,,,,,,,,,,,,,,,,,,../data/driams/downloads/DRIAMS-C/id/2018/2018_clean.csv,28022709710_A5,28022709710_A5,584.0,Proteus
Proteus mirabilis,28022709710_A6,S,R,S,S,R,S,S,,,,R,R,,,,,,,,,,,S,,,S,S,S,,,,,,,,,,,,,,,,,,,,,,,,,,,,,../data/driams/downloads/DRIAMS-C/id/2018/2018_clean.csv,28022709710_A6,28022709710_A6,584.0,Proteus
Escherichia coli,28022710780_H1,S,S,S,S,S,S,S,,,,S,S,,,,,,,,,,,S,,,S,S,S,,,,,,,,,,,,,,,,,,,,,,,,,,,,,../data/driams/downloads/DRIAMS-C/id/2018/2018_clean.csv,28022710780_H1,28022710780_H1,562.0,Escherichia
Escherichia coli,28022711420_B7,S,S,S,S,S,S,S,,,,S,S,,,,,,,,,,,S,,,S,S,S,,,,,,,,,,,,,,,,,,,,,,,,,,,,,../data/driams/downloads/DRIAMS-C/id/2018/2018_clean.csv,28022711420_B7,28022711420_B7,562.0,Escherichia
Escherichia coli,28022711420_B8,S,S,S,S,S,S,S,,,,S,S,,,,,,,,,,,S,,,S,S,S,,,,,,,,,,,,,,,,,,,,,,,,,,,,,../data/driams/downloads/DRIAMS-C/id/2018/2018_clean.csv,28022711420_B8,28022711420_B8,562.0,Escherichia
Candida albicans,28022711510_B3,,,,,,,,,,,,,,,,,,,,,,,,,,,,,,,,,,,,,S,S,,,S,,,,,S,,,,,,,,S,,,../data/driams/downloads/DRIAMS-C/id/2018/2018_clean.csv,28022711510_B3,28022711510_B3,5476.0,Candida
Pseudomonas aeruginosa,28022711570_B11,R,R,R,R,R,R,R,,,,S,R,,,,,,,,,,,R,,,S,S,S,,,,,,,,,,,,,,,,,,,,,,,,,,,,,../data/driams/downloads/DRIAMS-C/id/2018/2018_clean.csv,28022711570_B11,28022711570_B11,287.0,Pseudomonas
Enterococcus faecalis,28022711570_C7,S,S,,,,,,S,,,,I,,,,,R,,,,,R,S,,,,,,,,,,,,,,,,,,,,,,,,,,,,,,,,,,../data/driams/downloads/DRIAMS-C/id/2018/2018_clean.csv,28022711570_C7,28022711570_C7,1351.0,Enterococcus
Enterococcus faecalis,28022711620_B6,S,S,,,,,,S,,,,R,,,,,R,,,,,R,S,,,,,,,,,,,,,,,,,,,,,,,,,,,,,,,,,,../data/driams/downloads/DRIAMS-C/id/2018/2018_clean.csv,28022711620_B6,28022711620_B6,1351.0,Enterococcus
Escherichia coli,28022712530_G10,S,S,S,S,S,S,S,,,,S,S,,,,,,,,,,,S,,,S,S,S,,,,,,,,,,,,,,,,,,,,,,,,,,,,,../data/driams/downloads/DRIAMS-C/id/2018/2018_clean.csv,28022712530_G10,28022712530_G10,562.0,Escherichia
Staphylococcus aureus,28022713450_B8,S,R,,S,S,,,S,,S,,S,,,,,S,R,,,,,,,,,,,,,,,S,,,,,,,,,,,,,,,,,,,,,,,,../data/driams/downloads/DRIAMS-C/id/2018/2018_clean.csv,28022713450_B8,28022713450_B8,1280.0,Staphylococcus
Klebsiella pneumoniae,28022809920_C7,S,R,S,S,S,S,S,,,,S,S,,,,,,,,,,,S,,,S,S,S,,,,,,,,,,,,,,,,,,,,,,,,,,,,,../data/driams/downloads/DRIAMS-C/id/2018/2018_clean.csv,28022809920_C7,28022809920_C7,573.0,Klebsiella
Escherichia coli,28022810070_E10,S,S,S,S,S,S,S,,,,S,S,,,,,,,,,,,S,,,S,S,S,,,,,,,,,,,,,,,,,,,,,,,,,,,,,../data/driams/downloads/DRIAMS-C/id/2018/2018_clean.csv,28022810070_E10,28022810070_E10,562.0,Escherichia
Pseudomonas aeruginosa,28022810160_D2,R,R,S,S,S,R,R,,,,S,R,,,,,,,,,,,S,,,S,S,S,,,,,,,,,,,,,,,,,,,,,,,,,,,,,../data/driams/downloads/DRIAMS-C/id/2018/2018_clean.csv,28022810160_D2,28022810160_D2,287.0,Pseudomonas
Enterococcus faecalis,28022810290_D9,S,S,,,R,,,,,,,,,R,,,R,,,S,S,R,S,,,,,,,,,,,,,,,,,,,,,,,,,,,,,,,,,,../data/driams/downloads/DRIAMS-C/id/2018/2018_clean.csv,28022810290_D9,28022810290_D9,1351.0,Enterococcus
Staphylococcus aureus,28022811400_F4,S,R,,S,S,,,,,,,S,S,S,S,S,S,R,S,S,,,,,,,,,,,,,,,,,,,,,,,,,,,,,,,,,,,,,../data/driams/downloads/DRIAMS-C/id/2018/2018_clean.csv,28022811400_F4,28022811400_F4,1280.0,Staphylococcus
Klebsiella pneumoniae,28022812670_D11,S,R,S,S,S,S,S,S,R,S,S,S,,,,,,,,,,,,,,,,,,,,,,,,,,,,,,,,,,,,,,,,,,,,,../data/driams/downloads/DRIAMS-C/id/2018/2018_clean.csv,28022812670_D11,28022812670_D11,573.0,Klebsiella
Staphylococcus aureus,28022813710_F6,S,R,,S,S,,,,,,,S,S,S,R,S,S,R,S,S,,,,,,,,,,,,,,,,,,,,,,,,,,,,,,,,,,,,,../data/driams/downloads/DRIAMS-C/id/2018/2018_clean.csv,28022813710_F6,28022813710_F6,1280.0,Staphylococcus
Staphylococcus aureus,28022813780_E1,S,R,,S,S,,,,,,,S,S,S,S,S,S,R,S,S,,,,,,,,,,,,,,,,,,,,,,,,,,,,,,,,,,,,,../data/driams/downloads/DRIAMS-C/id/2018/2018_clean.csv,28022813780_E1,28022813780_E1,1280.0,Staphylococcus
Escherichia coli,28022814050_F8,S,S,S,S,S,S,S,,,,S,S,,,,,,,,,,,S,,,S,S,S,,,,,,,,,,,,,,,,,,,,,,,,,,,,,../data/driams/downloads/DRIAMS-C/id/2018/2018_clean.csv,28022814050_F8,28022814050_F8,562.0,Escherichia
Escherichia coli,28022814050_F9,S,S,S,S,S,S,S,,,,S,S,,,,,,,,,,,S,,,S,S,S,,,,,,,,,,,,,,,,,,,,,,,,,,,,,../data/driams/downloads/DRIAMS-C/id/2018/2018_clean.csv,28022814050_F9,28022814050_F9,562.0,Escherichia
Staphylococcus aureus,28030110660_G4,S,R,,S,S,,,,,,,S,S,S,S,S,S,R,S,S,,,,,,,,,,,,,,,,,,,,,,,,,,,,,,,,,,,,,../data/driams/downloads/DRIAMS-C/id/2018/2018_clean.csv,28030110660_G4,28030110660_G4,1280.0,Staphylococcus
Escherichia coli,28030110950_B10,R,R,S,S,S,S,S,,,,S,R,,,,,,,,,,,S,,,S,S,S,,,,,,,,,,,,,,,,,,,,,,,,,,,,,../data/driams/downloads/DRIAMS-C/id/2018/2018_clean.csv,28030110950_B10,28030110950_B10,562.0,Escherichia
Staphylococcus aureus,28030110950_B5,S,R,,S,S,,,,,,,S,S,S,S,S,S,R,S,S,,,,,,,,,,,,,,,,,,,,,,,,,,,,,,,,,,,,,../data/driams/downloads/DRIAMS-C/id/2018/2018_clean.csv,28030110950_B5,28030110950_B5,1280.0,Staphylococcus
Klebsiella oxytoca,28030110950_B9,S,R,S,S,S,S,S,,,,S,S,,,,,,,,,,,S,,,S,S,S,,,,,,,,,,,,,,,,,,,,,,,,,,,,,../data/driams/downloads/DRIAMS-C/id/2018/2018_clean.csv,28030110950_B9,28030110950_B9,571.0,Klebsiella
Escherichia coli,28030111400_A11,S,S,S,S,S,S,S,S,S,S,S,S,,,,,,,,,,,,,,,,,,,,,,,,,,,,,,,,,,,,,,,,,,,,,../data/driams/downloads/DRIAMS-C/id/2018/2018_clean.csv,28030111400_A11,28030111400_A11,562.0,Escherichia
Staphylococcus aureus,28030112010_A12,S,R,,R,S,,,S,,R,,S,,,,,S,R,,,,,,,,,,,,,,,S,,,,,,,,,,,,,,,,,,,,,,,,../data/driams/downloads/DRIAMS-C/id/2018/2018_clean.csv,28030112010_A12,28030112010_A12,1280.0,Staphylococcus
Haemophilus influenzae,28030113330_F7,S,S,,S,,S,S,,,,,,I,,,,,R,,,,,,,,,,,,,,,,,,,,,,,,,,,,,,,,,,,,,,,../data/driams/downloads/DRIAMS-C/id/2018/2018_clean.csv,28030113330_F7,28030113330_F7,727.0,Haemophilus
Haemophilus influenzae,28030113330_G10,S,S,,S,,S,S,,,,,,I,,,,,R,,,,,,,,,,,,,,,,,,,,,,,,,,,,,,,,,,,,,,,../data/driams/downloads/DRIAMS-C/id/2018/2018_clean.csv,28030113330_G10,28030113330_G10,727.0,Haemophilus
Escherichia coli,28030202340_D11,S,R,R,R,S,R,R,,,,S,R,,,,,,,,,,,S,,,S,R,S,,,,,,,,,,,,,,,,,,,,,,,,,,,,,../data/driams/downloads/DRIAMS-C/id/2018/2018_clean.csv,28030202340_D11,28030202340_D11,562.0,Escherichia
Escherichia coli,28030202340_D12,S,R,R,R,S,R,R,,,,S,R,,,,,,,,,,,S,,,S,R,S,,,,,,,,,,,,,,,,,,,,,,,,,,,,,../data/driams/downloads/DRIAMS-C/id/2018/2018_clean.csv,28030202340_D12,28030202340_D12,562.0,Escherichia
Enterococcus faecium,28030202660_B12,R,R,,,R,,,,,,,,,R,,,R,,,S,S,S,R,,,,,,,,,,,,,,,,,,,,,,,,,,,,,,,,,,../data/driams/downloads/DRIAMS-C/id/2018/2018_clean.csv,28030202660_B12,28030202660_B12,1352.0,Enterococcus
Escherichia coli,28030202660_C1,R,R,S,R,R,S,R,,,,S,R,,,,,,,,,,,R,,,S,R,S,,,,,,,,,,,,,,,,,,,,,,,,,,,,,../data/driams/downloads/DRIAMS-C/id/2018/2018_clean.csv,28030202660_C1,28030202660_C1,562.0,Escherichia
Enterococcus faecium,28030202760_D6,S,S,,,R,,,,,,,,,R,,,R,,,S,S,S,S,,,,,,,,,,,,,,,,,,,,,,,,,,,,,,,,,,../data/driams/downloads/DRIAMS-C/id/2018/2018_clean.csv,28030202760_D6,28030202760_D6,1352.0,Enterococcus
Escherichia coli,28030208060_D7,S,R,S,S,S,R,R,S,S,S,S,S,,,,,,,,,,,S,,,S,S,S,,,,,,,,,,,,,,,,,,,,,,,,,,,,,../data/driams/downloads/DRIAMS-C/id/2018/2018_clean.csv,28030208060_D7,28030208060_D7,562.0,Escherichia
Enterobacter asburiae,28030208970_C5,R,R,S,S,S,S,S,,,,S,S,,,,,,,,,,,S,,,S,S,S,,,,,,,,,,,,,,,,,,,,,,,,,,,,,../data/driams/downloads/DRIAMS-C/id/2018/2018_clean.csv,28030208970_C5,28030208970_C5,61645.0,Enterobacter
Enterobacter cancerogenus,28030208970_C6,R,R,,S,S,,,,,,S,S,,,,,,,,,,,,,,S,S,S,,,,,,,,,,,,,,,,,,,,,,,,,,,,,../data/driams/downloads/DRIAMS-C/id/2018/2018_clean.csv,28030208970_C6,28030208970_C6,69218.0,Enterobacter
Enterococcus faecalis,28030208990_D5,S,S,,,R,,,,,,,,,R,,,R,,,S,S,R,S,,,,,,,,,,,,,,,,,,,,,,,,,,,,,,,,,,../data/driams/downloads/DRIAMS-C/id/2018/2018_clean.csv,28030208990_D5,28030208990_D5,1351.0,Enterococcus
Staphylococcus aureus,28030208990_C7,S,R,,S,S,,,,,,,S,S,S,S,S,S,R,S,S,,,,,,,,,,,,,,,,,,,,,,,,,,,,,,,,,,,,,../data/driams/downloads/DRIAMS-C/id/2018/2018_clean.csv,28030208990_C7,28030208990_C7,1280.0,Staphylococcus
Streptococcus pneumoniae,28030209160_D8,S,S,,,R,,,,,,,S,S,S,S,,S,S,,S,,,,,S,,,,,,,,,,,,,,,,,,,,,,,,,,,,,,,,../data/driams/downloads/DRIAMS-C/id/2018/2018_clean.csv,28030209160_D8,28030209160_D8,1313.0,Streptococcus
Enterococcus faecalis,28030209740_B5,S,S,,,,,,S,,,,I,,,,,R,,,,,R,S,,,,,,,,,,,,,,,,,,,,,,,,,,,,,,,,,,../data/driams/downloads/DRIAMS-C/id/2018/2018_clean.csv,28030209740_B5,28030209740_B5,1351.0,Enterococcus
Enterococcus faecalis,28030209740_D8,S,S,,,,,,S,,,,I,,,,,R,,,,,R,S,,,,,,,,,,,,,,,,,,,,,,,,,,,,,,,,,,../data/driams/downloads/DRIAMS-C/id/2018/2018_clean.csv,28030209740_D8,28030209740_D8,1351.0,Enterococcus
Enterococcus faecalis,28030210860_B12,S,S,,,,,,S,,,,I,,,,,R,,,,,R,S,,,,,,,,,,,,,,,,,,,,,,,,,,,,,,,,,,../data/driams/downloads/DRIAMS-C/id/2018/2018_clean.csv,28030210860_B12,28030210860_B12,1351.0,Enterococcus
Proteus mirabilis,28030210870_C2,S,S,S,S,S,S,S,R,S,S,R,S,,,,,,,,,,,,,,,,,,,,,,,,,,,,,,,,,,,,,,,,,,,,,../data/driams/downloads/DRIAMS-C/id/2018/2018_clean.csv,28030210870_C2,28030210870_C2,584.0,Proteus
Staphylococcus aureus,28030210960_C5,S,R,,S,S,,,S,,S,,S,,,,,S,R,,,,,,,,,,,,,,,S,,,,,,,,,,,,,,,,,,,,,,,,../data/driams/downloads/DRIAMS-C/id/2018/2018_clean.csv,28030210960_C5,28030210960_C5,1280.0,Staphylococcus
Staphylococcus aureus,28030210960_D10,S,R,,S,S,,,S,,S,,S,,,,,S,R,,,,,,,,,,,,,,,S,,,,,,,,,,,,,,,,,,,,,,,,../data/driams/downloads/DRIAMS-C/id/2018/2018_clean.csv,28030210960_D10,28030210960_D10,1280.0,Staphylococcus
Escherichia coli,28030212240_A3,S,S,S,S,S,S,S,S,S,S,S,S,,,,,,,,,,,,,,,,,,,,,,,,,,,,,,,,,,,,,,,,,,,,,../data/driams/downloads/DRIAMS-C/id/2018/2018_clean.csv,28030212240_A3,28030212240_A3,562.0,Escherichia
Citrobacter freundii,28030212240_D11,R,R,S,S,S,S,S,S,S,S,S,S,,,,,,,,,,,,,,,,,,,,,,,,,,,,,,,,,,,,,,,,,,,,,../data/driams/downloads/DRIAMS-C/id/2018/2018_clean.csv,28030212240_D11,28030212240_D11,546.0,Citrobacter
Citrobacter koseri,28030213700_C11,S,R,S,S,S,S,S,S,S,S,S,S,,,,,,,,,,,,,,,,,,,,,,,,,,,,,,,,,,,,,,,,,,,,,../data/driams/downloads/DRIAMS-C/id/2018/2018_clean.csv,28030213700_C11,28030213700_C11,545.0,Citrobacter
Staphylococcus aureus,28030213700_C12,S,R,,S,S,,,S,,S,,S,,,,,S,R,,,,,,,,,,,,,,,S,,,,,,,,,,,,,,,,,,,,,,,,../data/driams/downloads/DRIAMS-C/id/2018/2018_clean.csv,28030213700_C12,28030213700_C12,1280.0,Staphylococcus
Citrobacter koseri,28030213700_E1,S,R,S,S,S,S,S,S,S,S,S,S,,,,,,,,,,,,,,,,,,,,,,,,,,,,,,,,,,,,,,,,,,,,,../data/driams/downloads/DRIAMS-C/id/2018/2018_clean.csv,28030213700_E1,28030213700_E1,545.0,Citrobacter
Escherichia coli,28030213710_D1,S,S,S,S,S,S,S,S,S,S,S,S,,,,,,,,,,,,,,,,,,,,,,,,,,,,,,,,,,,,,,,,,,,,,../data/driams/downloads/DRIAMS-C/id/2018/2018_clean.csv,28030213710_D1,28030213710_D1,562.0,Escherichia
Escherichia coli,28030213710_D2,S,S,S,S,S,S,S,S,S,S,S,S,,,,,,,,,,,,,,,,,,,,,,,,,,,,,,,,,,,,,,,,,,,,,../data/driams/downloads/DRIAMS-C/id/2018/2018_clean.csv,28030213710_D2,28030213710_D2,562.0,Escherichia
Enterococcus faecalis,28030213710_E5,S,S,,,,,,S,,,,R,,,,,R,,,,,R,S,,,,,,,,,,,,,,,,,,,,,,,,,,,,,,,,,,../data/driams/downloads/DRIAMS-C/id/2018/2018_clean.csv,28030213710_E5,28030213710_E5,1351.0,Enterococcus
Klebsiella oxytoca,28030213740_D3,R,R,S,S,S,R,R,R,R,S,S,S,,,,,,,,,,,R,,,S,S,S,,,,,,,,,,,,,,,,,,,,,,,,,,,,,../data/driams/downloads/DRIAMS-C/id/2018/2018_clean.csv,28030213740_D3,28030213740_D3,571.0,Klebsiella
Pseudomonas aeruginosa,28030213740_E3,R,R,S,S,S,R,R,,,,S,R,,,,,,,,,,,S,,,S,S,S,,,,,,,,,,,,,,,,,,,,,,,,,,,,,../data/driams/downloads/DRIAMS-C/id/2018/2018_clean.csv,28030213740_E3,28030213740_E3,287.0,Pseudomonas
Enterococcus faecalis,28030213740_E4,S,S,,,,,,S,,,,I,,,,,R,,,,,R,S,,,,,,,,,,,,,,,,,,,,,,,,,,,,,,,,,,../data/driams/downloads/DRIAMS-C/id/2018/2018_clean.csv,28030213740_E4,28030213740_E4,1351.0,Enterococcus
Pseudomonas aeruginosa,28030213740_C6,R,R,S,S,S,R,R,,,,S,R,,,,,,,,,,,S,,,S,S,S,,,,,,,,,,,,,,,,,,,,,,,,,,,,,../data/driams/downloads/DRIAMS-C/id/2018/2018_clean.csv,28030213740_C6,28030213740_C6,287.0,Pseudomonas
Pseudomonas aeruginosa,28030213740_C7,R,R,S,S,S,R,R,,,,S,R,,,,,,,,,,,S,,,S,S,S,,,,,,,,,,,,,,,,,,,,,,,,,,,,,../data/driams/downloads/DRIAMS-C/id/2018/2018_clean.csv,28030213740_C7,28030213740_C7,287.0,Pseudomonas
Klebsiella oxytoca,28030213740_A2,R,R,S,S,S,R,R,R,R,S,S,S,,,,,,,,,,,R,,,S,S,S,,,,,,,,,,,,,,,,,,,,,,,,,,,,,../data/driams/downloads/DRIAMS-C/id/2018/2018_clean.csv,28030213740_A2,28030213740_A2,571.0,Klebsiella
Pseudomonas aeruginosa,28030213740_A3,R,R,S,S,S,R,R,,,,S,R,,,,,,,,,,,S,,,S,S,S,,,,,,,,,,,,,,,,,,,,,,,,,,,,,../data/driams/downloads/DRIAMS-C/id/2018/2018_clean.csv,28030213740_A3,28030213740_A3,287.0,Pseudomonas
Klebsiella oxytoca,28030301540_E6,S,R,S,S,S,S,S,S,R,S,S,S,,,,,,,,,,,,,,,,,,,,,,,,,,,,,,,,,,,,,,,,,,,,,../data/driams/downloads/DRIAMS-C/id/2018/2018_clean.csv,28030301540_E6,28030301540_E6,571.0,Klebsiella
Citrobacter freundii,28030302230_E8,R,R,S,S,S,S,S,S,S,S,S,S,,,,,,,,,,,,,,,,,,,,,,,,,,,,,,,,,,,,,,,,,,,,,../data/driams/downloads/DRIAMS-C/id/2018/2018_clean.csv,28030302230_E8,28030302230_E8,546.0,Citrobacter
Serratia marcescens,28030303120_E9,R,R,S,S,S,S,R,,,,R,S,,,,,,,,,,,S,,,S,S,S,,,,,,,,,,,,,,,,,,,,,,,,,,,,,../data/driams/downloads/DRIAMS-C/id/2018/2018_clean.csv,28030303120_E9,28030303120_E9,615.0,Serratia
[Clostridium] innocuum,28030303340_E5,S,S,,,,,,,,,,,S,S,,,,R,,,,,,S,,,,,,,,,,,,,,,,,,,,,,,,,,,,,,,,,../data/driams/downloads/DRIAMS-C/id/2018/2018_clean.csv,28030303340_E5,28030303340_E5,1522.0,
Bacteroides ovatus,28030303340_E6,S,R,,,,,,,,,,,S,S,,,,R,,,,,,S,,,,,,,,,,,,,,,,,,,,,,,,,,,,,,,,,../data/driams/downloads/DRIAMS-C/id/2018/2018_clean.csv,28030303340_E6,28030303340_E6,28116.0,Bacteroides
Proteus mirabilis,28030303350_E11,S,S,S,S,S,S,S,,,,R,S,,,,,,,,,,,S,,,S,S,S,,,,,,,,,,,,,,,,,,,,,,,,,,,,,../data/driams/downloads/DRIAMS-C/id/2018/2018_clean.csv,28030303350_E11,28030303350_E11,584.0,Proteus
Citrobacter freundii,28030303840_E10,R,R,S,S,S,S,S,S,S,S,S,S,,,,,,,,,,,,,,,,,,,,,,,,,,,,,,,,,,,,,,,,,,,,,../data/driams/downloads/DRIAMS-C/id/2018/2018_clean.csv,28030303840_E10,28030303840_E10,546.0,Citrobacter
Enterococcus faecalis,28030303840_E11,S,S,,,,,,S,,,,I,,,,,R,,,,,R,S,,,,,,,,,,,,,,,,,,,,,,,,,,,,,,,,,,../data/driams/downloads/DRIAMS-C/id/2018/2018_clean.csv,28030303840_E11,28030303840_E11,1351.0,Enterococcus
Escherichia coli,28030304030_F11,S,S,S,S,S,S,S,S,S,S,S,S,,,,,,,,,,,,,,,,,,,,,,,,,,,,,,,,,,,,,,,,,,,,,../data/driams/downloads/DRIAMS-C/id/2018/2018_clean.csv,28030304030_F11,28030304030_F11,562.0,Escherichia
Escherichia coli,28030304080_A3,R,R,S,S,S,S,S,,,,S,R,,,,,,,,,,,S,,,S,S,S,,,,,,,,,,,,,,,,,,,,,,,,,,,,,../data/driams/downloads/DRIAMS-C/id/2018/2018_clean.csv,28030304080_A3,28030304080_A3,562.0,Escherichia
Citrobacter koseri,28030304120_E10,S,R,S,S,S,S,S,,,,S,S,,,,,,,,,,,S,,,S,S,S,,,,,,,,,,,,,,,,,,,,,,,,,,,,,../data/driams/downloads/DRIAMS-C/id/2018/2018_clean.csv,28030304120_E10,28030304120_E10,545.0,Citrobacter
Klebsiella aerogenes,28030304120_E9,R,R,S,S,S,S,S,,,,S,S,,,,,,,,,,,S,,,S,S,S,,,,,,,,,,,,,,,,,,,,,,,,,,,,,../data/driams/downloads/DRIAMS-C/id/2018/2018_clean.csv,28030304120_E9,28030304120_E9,548.0,
Proteus mirabilis,28030304120_G12,S,S,S,S,S,S,S,,,,R,S,,,,,,,,,,,S,,,S,S,S,,,,,,,,,,,,,,,,,,,,,,,,,,,,,../data/driams/downloads/DRIAMS-C/id/2018/2018_clean.csv,28030304120_G12,28030304120_G12,584.0,Proteus
Staphylococcus lugdunensis,28030304130_H1,S,S,,S,S,,,,,,,S,S,S,S,S,S,S,S,S,,,,,,,,,,,,,,,,,,,,,,,,,,,,,,,,,,,,,../data/driams/downloads/DRIAMS-C/id/2018/2018_clean.csv,28030304130_H1,28030304130_H1,28035.0,Staphylococcus
Staphylococcus lugdunensis,28030304130_H2,S,S,,S,S,,,,,,,S,S,S,S,S,S,S,S,S,,,,,,,,,,,,,,,,,,,,,,,,,,,,,,,,,,,,,../data/driams/downloads/DRIAMS-C/id/2018/2018_clean.csv,28030304130_H2,28030304130_H2,28035.0,Staphylococcus
Enterococcus faecalis,28030304410_F3,S,S,,,,,,S,,,,I,,,,,R,,,,,R,S,,,,,,,,,,,,,,,,,,,,,,,,,,,,,,,,,,../data/driams/downloads/DRIAMS-C/id/2018/2018_clean.csv,28030304410_F3,28030304410_F3,1351.0,Enterococcus
Raoultella ornithinolytica,28030306420_F4,S,R,S,S,S,S,S,S,R,S,S,S,,,,,,,,,,,,,,,,,,,,,,,,,,,,,,,,,,,,,,,,,,,,,../data/driams/downloads/DRIAMS-C/id/2018/2018_clean.csv,28030306420_F4,28030306420_F4,54291.0,Raoultella
Klebsiella pneumoniae,28030306480_F5,S,R,R,R,S,R,R,R,R,R,S,R,,,,,,,,,,,S,,,S,R,S,,,,,,,,,,,,,,,,,,,,,,,,,,,,,../data/driams/downloads/DRIAMS-C/id/2018/2018_clean.csv,28030306480_F5,28030306480_F5,573.0,Klebsiella
Pseudomonas aeruginosa,28030306480_F6,R,R,R,S,S,R,R,,,,S,R,,,,,,,,,,,R,,,S,S,R,,,,,,,,,,,,,,,,,,,,,,,,,,,,,../data/driams/downloads/DRIAMS-C/id/2018/2018_clean.csv,28030306480_F6,28030306480_F6,287.0,Pseudomonas
Enterococcus faecalis,28030306480_F7,S,S,,,,,,S,,,,S,,,,,R,,,,,R,S,,,,,,,,,,,,,,,,,,,,,,,,,,,,,,,,,,../data/driams/downloads/DRIAMS-C/id/2018/2018_clean.csv,28030306480_F7,28030306480_F7,1351.0,Enterococcus
Klebsiella pneumoniae,28030306480_A6,S,R,R,R,S,R,R,R,R,R,S,R,,,,,,,,,,,S,,,S,R,S,,,,,,,,,,,,,,,,,,,,,,,,,,,,,../data/driams/downloads/DRIAMS-C/id/2018/2018_clean.csv,28030306480_A6,28030306480_A6,573.0,Klebsiella
Enterococcus faecalis,28030306480_A7,S,S,,,,,,S,,,,S,,,,,R,,,,,R,S,,,,,,,,,,,,,,,,,,,,,,,,,,,,,,,,,,../data/driams/downloads/DRIAMS-C/id/2018/2018_clean.csv,28030306480_A7,28030306480_A7,1351.0,Enterococcus
Haemophilus influenzae,28030306560_F2,S,S,,S,,S,R,,,,,,I,,,,,R,,,,,,,,,,,,,,,,,,,,,,,,,,,,,,,,,,,,,,,../data/driams/downloads/DRIAMS-C/id/2018/2018_clean.csv,28030306560_F2,28030306560_F2,727.0,Haemophilus
Escherichia coli,28030306620_F2,S,S,S,S,S,S,S,,,,S,S,,,,,,,,,,,S,,,S,S,S,,,,,,,,,,,,,,,,,,,,,,,,,,,,,../data/driams/downloads/DRIAMS-C/id/2018/2018_clean.csv,28030306620_F2,28030306620_F2,562.0,Escherichia
Enterobacter ludwigii,28030306620_F3,R,R,S,S,S,S,S,,,,S,S,,,,,,,,,,,S,,,S,S,S,,,,,,,,,,,,,,,,,,,,,,,,,,,,,../data/driams/downloads/DRIAMS-C/id/2018/2018_clean.csv,28030306620_F3,28030306620_F3,299767.0,Enterobacter
Escherichia coli,28030403530_B3,R,R,S,R,S,S,S,,,,S,S,,,,,,,,,,,S,,,S,S,S,,,,,,,,,,,,,,,,,,,,,,,,,,,,,../data/driams/downloads/DRIAMS-C/id/2018/2018_clean.csv,28030403530_B3,28030403530_B3,562.0,Escherichia
Klebsiella pneumoniae,28030405100_F8,S,R,S,S,S,S,S,R,R,S,S,R,,,,,,,,,,,,,,,,,,,,,,,,,,,,,,,,,,,,,,,,,,,,,../data/driams/downloads/DRIAMS-C/id/2018/2018_clean.csv,28030405100_F8,28030405100_F8,573.0,Klebsiella
Enterococcus faecium,28030405230_A9,R,R,,,S,,,,,,,,,R,,,R,,,S,S,S,R,,,,,,,,,,,,,,,,,,,,,,,,,,,,,,,,,,../data/driams/downloads/DRIAMS-C/id/2018/2018_clean.csv,28030405230_A9,28030405230_A9,1352.0,Enterococcus
Clostridium cadaveris,28030506610_E8,S,S,,,,,,,,,,,S,S,,,,S,,,,,,S,,,,,,,,,,,,,,,,,,,,,,,,,,,,,,,,,../data/driams/downloads/DRIAMS-C/id/2018/2018_clean.csv,28030506610_E8,28030506610_E8,1529.0,Clostridium
Citrobacter koseri,28030508400_A10,S,R,S,S,S,S,S,S,S,S,S,S,,,,,,,,,,,,,,,,,,,,,,,,,,,,,,,,,,,,,,,,,,,,,../data/driams/downloads/DRIAMS-C/id/2018/2018_clean.csv,28030508400_A10,28030508400_A10,545.0,Citrobacter
Staphylococcus aureus,28030508420_A11,S,S,,S,S,,,S,,S,,S,,,,,S,S,,,,,,,,,,,,,,,S,,,,,,,,,,,,,,,,,,,,,,,,../data/driams/downloads/DRIAMS-C/id/2018/2018_clean.csv,28030508420_A11,28030508420_A11,1280.0,Staphylococcus
Escherichia coli,28030508460_B1,S,R,S,R,S,S,S,S,S,R,S,S,,,,,,,,,,,,,,,,,,,,,,,,,,,,,,,,,,,,,,,,,,,,,../data/driams/downloads/DRIAMS-C/id/2018/2018_clean.csv,28030508460_B1,28030508460_B1,562.0,Escherichia
Enterococcus faecalis,28030508670_B3,S,S,,,,,,S,,,,I,,,,,R,,,,,R,S,,,,,,,,,,,,,,,,,,,,,,,,,,,,,,,,,,../data/driams/downloads/DRIAMS-C/id/2018/2018_clean.csv,28030508670_B3,28030508670_B3,1351.0,Enterococcus
Enterococcus avium,28030508670_D4,S,S,,,S,,,,,,,,,R,,,R,,,S,S,S,S,,,,,,,,,,,,,,,,,,,,,,,,,,,,,,,,,,../data/driams/downloads/DRIAMS-C/id/2018/2018_clean.csv,28030508670_D4,28030508670_D4,33945.0,Enterococcus
Proteus mirabilis,28030508680_B4,S,R,S,S,R,S,S,R,S,S,R,R,,,,,,,,,,,,,,,,,,,,,,,,,,,,,,,,,,,,,,,,,,,,,../data/driams/downloads/DRIAMS-C/id/2018/2018_clean.csv,28030508680_B4,28030508680_B4,584.0,Proteus
Enterococcus faecalis,28030508680_B5,S,S,,,,,,S,,,,I,,,,,R,,,,,R,S,,,,,,,,,,,,,,,,,,,,,,,,,,,,,,,,,,../data/driams/downloads/DRIAMS-C/id/2018/2018_clean.csv,28030508680_B5,28030508680_B5,1351.0,Enterococcus
Klebsiella pneumoniae,28030508760_B9,S,R,S,S,S,S,S,S,S,S,S,S,,,,,,,,,,,,,,,,,,,,,,,,,,,,,,,,,,,,,,,,,,,,,../data/driams/downloads/DRIAMS-C/id/2018/2018_clean.csv,28030508760_B9,28030508760_B9,573.0,Klebsiella
Citrobacter koseri,28030508840_C11,S,R,S,S,S,S,S,S,S,S,S,S,,,,,,,,,,,,,,,,,,,,,,,,,,,,,,,,,,,,,,,,,,,,,../data/driams/downloads/DRIAMS-C/id/2018/2018_clean.csv,28030508840_C11,28030508840_C11,545.0,Citrobacter
Enterococcus avium,28030508840_D5,S,S,,,R,,,,,,,,,R,,,R,,,S,S,S,S,,,,,,,,,,,,,,,,,,,,,,,,,,,,,,,,,,../data/driams/downloads/DRIAMS-C/id/2018/2018_clean.csv,28030508840_D5,28030508840_D5,33945.0,Enterococcus
Enterococcus faecalis,28030508900_A12,S,S,,,R,,,,,,,,,R,,,R,,,S,S,R,S,,,,,,,,,,,,,,,,,,,,,,,,,,,,,,,,,,../data/driams/downloads/DRIAMS-C/id/2018/2018_clean.csv,28030508900_A12,28030508900_A12,1351.0,Enterococcus
Staphylococcus aureus,28030508930_B1,S,S,,S,S,,,,,,,S,S,S,S,S,S,S,S,S,,,,,,,,,,,,,,,,,,,,,,,,,,,,,,,,,,,,,../data/driams/downloads/DRIAMS-C/id/2018/2018_clean.csv,28030508930_B1,28030508930_B1,1280.0,Staphylococcus
Staphylococcus aureus,28030508930_C9,S,S,,S,S,,,,,,,S,S,S,S,S,S,S,S,S,,,,,,,,,,,,,,,,,,,,,,,,,,,,,,,,,,,,,../data/driams/downloads/DRIAMS-C/id/2018/2018_clean.csv,28030508930_C9,28030508930_C9,1280.0,Staphylococcus
Enterococcus faecalis,28030509670_A10,S,S,,,R,,,,,,,,,R,,,R,,,S,S,R,S,,,,,,,,,,,,,,,,,,,,,,,,,,,,,,,,,,../data/driams/downloads/DRIAMS-C/id/2018/2018_clean.csv,28030509670_A10,28030509670_A10,1351.0,Enterococcus
Enterococcus faecalis,28030509670_A11,S,S,,,R,,,,,,,,,R,,,R,,,S,S,R,S,,,,,,,,,,,,,,,,,,,,,,,,,,,,,,,,,,../data/driams/downloads/DRIAMS-C/id/2018/2018_clean.csv,28030509670_A11,28030509670_A11,1351.0,Enterococcus
Enterococcus faecalis,28030509670_C11,S,S,,,R,,,,,,,,,R,,,R,,,S,S,R,S,,,,,,,,,,,,,,,,,,,,,,,,,,,,,,,,,,../data/driams/downloads/DRIAMS-C/id/2018/2018_clean.csv,28030509670_C11,28030509670_C11,1351.0,Enterococcus
Enterococcus faecalis,28030509670_E6,S,S,,,R,,,,,,,,,R,,,R,,,S,S,R,S,,,,,,,,,,,,,,,,,,,,,,,,,,,,,,,,,,../data/driams/downloads/DRIAMS-C/id/2018/2018_clean.csv,28030509670_E6,28030509670_E6,1351.0,Enterococcus
Pseudomonas aeruginosa,28030510040_B10,R,R,S,S,S,R,R,,,,S,R,,,,,,,,,,,S,,,S,S,S,,,,,,,,,,,,,,,,,,,,,,,,,,,,,../data/driams/downloads/DRIAMS-C/id/2018/2018_clean.csv,28030510040_B10,28030510040_B10,287.0,Pseudomonas
Klebsiella pneumoniae,28030510040_B8,S,R,S,S,S,S,S,,,,S,S,,,,,,,,,,,S,,,S,S,S,,,,,,,,,,,,,,,,,,,,,,,,,,,,,../data/driams/downloads/DRIAMS-C/id/2018/2018_clean.csv,28030510040_B8,28030510040_B8,573.0,Klebsiella
Citrobacter koseri,28030510040_B9,S,R,S,S,S,S,S,,,,S,S,,,,,,,,,,,S,,,S,S,S,,,,,,,,,,,,,,,,,,,,,,,,,,,,,../data/driams/downloads/DRIAMS-C/id/2018/2018_clean.csv,28030510040_B9,28030510040_B9,545.0,Citrobacter
Pseudomonas aeruginosa,28030510130_B12,R,R,S,S,S,R,R,,,,S,R,,,,,,,,,,,S,,,S,S,S,,,,,,,,,,,,,,,,,,,,,,,,,,,,,../data/driams/downloads/DRIAMS-C/id/2018/2018_clean.csv,28030510130_B12,28030510130_B12,287.0,Pseudomonas
Proteus vulgaris,28030510130_E10,S,R,S,S,S,S,R,,,,R,S,,,,,,,,,,,S,,,S,S,S,,,,,,,,,,,,,,,,,,,,,,,,,,,,,../data/driams/downloads/DRIAMS-C/id/2018/2018_clean.csv,28030510130_E10,28030510130_E10,585.0,Proteus
Pseudomonas aeruginosa,28030510130_A11,R,R,S,S,S,R,R,,,,S,R,,,,,,,,,,,S,,,S,S,S,,,,,,,,,,,,,,,,,,,,,,,,,,,,,../data/driams/downloads/DRIAMS-C/id/2018/2018_clean.csv,28030510130_A11,28030510130_A11,287.0,Pseudomonas
Pseudomonas aeruginosa,28030510130_A12,R,R,S,S,S,R,R,,,,S,R,,,,,,,,,,,S,,,S,S,S,,,,,,,,,,,,,,,,,,,,,,,,,,,,,../data/driams/downloads/DRIAMS-C/id/2018/2018_clean.csv,28030510130_A12,28030510130_A12,287.0,Pseudomonas
Pseudomonas aeruginosa,28030510130_B1,R,R,S,S,S,R,R,,,,S,R,,,,,,,,,,,S,,,S,S,S,,,,,,,,,,,,,,,,,,,,,,,,,,,,,../data/driams/downloads/DRIAMS-C/id/2018/2018_clean.csv,28030510130_B1,28030510130_B1,287.0,Pseudomonas
Staphylococcus aureus,28030510540_B10,S,S,,S,S,,,,,,,S,S,S,S,S,S,S,S,S,,,,,,,,,,,,,,,,,,,,,,,,,,,,,,,,,,,,,../data/driams/downloads/DRIAMS-C/id/2018/2018_clean.csv,28030510540_B10,28030510540_B10,1280.0,Staphylococcus
Staphylococcus aureus,28030510540_B9,S,S,,S,S,,,,,,,S,S,S,S,S,S,S,S,S,,,,,,,,,,,,,,,,,,,,,,,,,,,,,,,,,,,,,../data/driams/downloads/DRIAMS-C/id/2018/2018_clean.csv,28030510540_B9,28030510540_B9,1280.0,Staphylococcus
Escherichia coli,28030511040_C1,S,R,R,S,S,R,R,S,S,S,S,S,,,,,,,,,,,S,,,S,R,S,,,,,,,,,,,,,,,,,,,,,,,,,,,,,../data/driams/downloads/DRIAMS-C/id/2018/2018_clean.csv,28030511040_C1,28030511040_C1,562.0,Escherichia
Staphylococcus aureus,28030511090_C1,S,R,,S,S,,,,,,,S,S,S,S,S,S,R,S,S,,,,,,,,,,,,,,,,,,,,,,,,,,,,,,,,,,,,,../data/driams/downloads/DRIAMS-C/id/2018/2018_clean.csv,28030511090_C1,28030511090_C1,1280.0,Staphylococcus
Staphylococcus aureus,28030511090_C2,S,R,,S,S,,,,,,,S,S,S,S,S,S,R,S,S,,,,,,,,,,,,,,,,,,,,,,,,,,,,,,,,,,,,,../data/driams/downloads/DRIAMS-C/id/2018/2018_clean.csv,28030511090_C2,28030511090_C2,1280.0,Staphylococcus
Staphylococcus aureus,28030511090_C3,S,R,,S,S,,,,,,,S,S,S,S,S,S,R,S,S,,,,,,,,,,,,,,,,,,,,,,,,,,,,,,,,,,,,,../data/driams/downloads/DRIAMS-C/id/2018/2018_clean.csv,28030511090_C3,28030511090_C3,1280.0,Staphylococcus
Staphylococcus aureus,28030511090_C4,S,R,,S,S,,,,,,,S,S,S,S,S,S,R,S,S,,,,,,,,,,,,,,,,,,,,,,,,,,,,,,,,,,,,,../data/driams/downloads/DRIAMS-C/id/2018/2018_clean.csv,28030511090_C4,28030511090_C4,1280.0,Staphylococcus
Enterococcus faecalis,28030511170_H1,S,S,,,R,,,,,,,,,R,,,R,,,S,S,R,S,,,,,,,,,,,,,,,,,,,,,,,,,,,,S,,,,,,../data/driams/downloads/DRIAMS-C/id/2018/2018_clean.csv,28030511170_H1,28030511170_H1,1351.0,Enterococcus
Enterococcus faecalis,28030511170_H2,S,S,,,R,,,,,,,,,R,,,R,,,S,S,R,S,,,,,,,,,,,,,,,,,,,,,,,,,,,,S,,,,,,../data/driams/downloads/DRIAMS-C/id/2018/2018_clean.csv,28030511170_H2,28030511170_H2,1351.0,Enterococcus
Enterococcus faecalis,28030511170_H3,S,S,,,R,,,,,,,,,R,,,R,,,S,S,R,S,,,,,,,,,,,,,,,,,,,,,,,,,,,,S,,,,,,../data/driams/downloads/DRIAMS-C/id/2018/2018_clean.csv,28030511170_H3,28030511170_H3,1351.0,Enterococcus
Staphylococcus aureus,28030511270_C10,S,R,,S,S,,,,,,,S,S,S,S,S,S,R,S,S,,,,,,,,,,,,,,,,,,,,,,,,,,,,,,,,,,,,,../data/driams/downloads/DRIAMS-C/id/2018/2018_clean.csv,28030511270_C10,28030511270_C10,1280.0,Staphylococcus
Staphylococcus aureus,28030511270_C11,S,R,,S,S,,,,,,,S,S,S,S,S,S,R,S,S,,,,,,,,,,,,,,,,,,,,,,,,,,,,,,,,,,,,,../data/driams/downloads/DRIAMS-C/id/2018/2018_clean.csv,28030511270_C11,28030511270_C11,1280.0,Staphylococcus
Staphylococcus aureus,28030511270_C12,S,R,,S,S,,,,,,,S,S,S,S,S,S,R,S,S,,,,,,,,,,,,,,,,,,,,,,,,,,,,,,,,,,,,,../data/driams/downloads/DRIAMS-C/id/2018/2018_clean.csv,28030511270_C12,28030511270_C12,1280.0,Staphylococcus
Staphylococcus aureus,28030511270_D1,S,R,,S,S,,,,,,,S,S,S,S,S,S,R,S,S,,,,,,,,,,,,,,,,,,,,,,,,,,,,,,,,,,,,,../data/driams/downloads/DRIAMS-C/id/2018/2018_clean.csv,28030511270_D1,28030511270_D1,1280.0,Staphylococcus
Staphylococcus aureus,28030511270_D2,S,R,,S,S,,,,,,,S,S,S,S,S,S,R,S,S,,,,,,,,,,,,,,,,,,,,,,,,,,,,,,,,,,,,,../data/driams/downloads/DRIAMS-C/id/2018/2018_clean.csv,28030511270_D2,28030511270_D2,1280.0,Staphylococcus
Staphylococcus aureus,28030511270_D3,S,R,,S,S,,,,,,,S,S,S,S,S,S,R,S,S,,,,,,,,,,,,,,,,,,,,,,,,,,,,,,,,,,,,,../data/driams/downloads/DRIAMS-C/id/2018/2018_clean.csv,28030511270_D3,28030511270_D3,1280.0,Staphylococcus
Staphylococcus aureus,28030511270_D4,S,R,,S,S,,,,,,,S,S,S,S,S,S,R,S,S,,,,,,,,,,,,,,,,,,,,,,,,,,,,,,,,,,,,,../data/driams/downloads/DRIAMS-C/id/2018/2018_clean.csv,28030511270_D4,28030511270_D4,1280.0,Staphylococcus
Staphylococcus aureus,28030511270_D5,S,R,,S,S,,,,,,,S,S,S,S,S,S,R,S,S,,,,,,,,,,,,,,,,,,,,,,,,,,,,,,,,,,,,,../data/driams/downloads/DRIAMS-C/id/2018/2018_clean.csv,28030511270_D5,28030511270_D5,1280.0,Staphylococcus
Staphylococcus aureus,28030511270_A6,S,R,,S,S,,,,,,,S,S,S,S,S,S,R,S,S,,,,,,,,,,,,,,,,,,,,,,,,,,,,,,,,,,,,,../data/driams/downloads/DRIAMS-C/id/2018/2018_clean.csv,28030511270_A6,28030511270_A6,1280.0,Staphylococcus
Escherichia coli,28030511330_D6,R,R,S,S,S,S,S,,,,S,R,,,,,,,,,,,S,,,S,S,S,,,,,,,,,,,,,,,,,,,,,,,,,,,,,../data/driams/downloads/DRIAMS-C/id/2018/2018_clean.csv,28030511330_D6,28030511330_D6,562.0,Escherichia
Staphylococcus lugdunensis,28030511330_D7,S,S,,S,S,,,,,,,S,S,S,S,S,S,S,S,S,,,,,,,,,,,,,,,,,,,,,,,,,,,,,,,,,,,,,../data/driams/downloads/DRIAMS-C/id/2018/2018_clean.csv,28030511330_D7,28030511330_D7,28035.0,Staphylococcus
Staphylococcus lugdunensis,28030511330_D8,S,S,,S,S,,,,,,,S,S,S,S,S,S,S,S,S,,,,,,,,,,,,,,,,,,,,,,,,,,,,,,,,,,,,,../data/driams/downloads/DRIAMS-C/id/2018/2018_clean.csv,28030511330_D8,28030511330_D8,28035.0,Staphylococcus
Staphylococcus lugdunensis,28030511580_D11,S,S,,S,S,,,,,,,S,S,S,S,S,S,S,S,S,,,,,,,,,,,,,,,,,,,,,,,,,,,,,,,,,,,,,../data/driams/downloads/DRIAMS-C/id/2018/2018_clean.csv,28030511580_D11,28030511580_D11,28035.0,Staphylococcus
Staphylococcus lugdunensis,28030511580_D12,S,S,,S,S,,,,,,,S,S,S,S,S,S,S,S,S,,,,,,,,,,,,,,,,,,,,,,,,,,,,,,,,,,,,,../data/driams/downloads/DRIAMS-C/id/2018/2018_clean.csv,28030511580_D12,28030511580_D12,28035.0,Staphylococcus
Enterobacter cloacae,28030511650_B12,R,R,R,S,S,R,R,S,R,S,S,S,,,,,,,,,,,R,,,S,S,S,,,,,,,,,,,,,,,,,,,,,,,,,,,,,../data/driams/downloads/DRIAMS-C/id/2018/2018_clean.csv,28030511650_B12,28030511650_B12,550.0,Enterobacter
Enterobacter cloacae,28030511650_F10,R,R,R,S,S,R,R,S,R,S,S,S,,,,,,,,,,,R,,,S,S,S,,,,,,,,,,,,,,,,,,,,,,,,,,,,,../data/driams/downloads/DRIAMS-C/id/2018/2018_clean.csv,28030511650_F10,28030511650_F10,550.0,Enterobacter
Escherichia coli,28030514900_C6,S,S,S,S,S,S,S,S,S,S,S,S,,,,,,,,,,,,,,,,,,,,,,,,,,,,,,,,,,,,,,,,,,,,,../data/driams/downloads/DRIAMS-C/id/2018/2018_clean.csv,28030514900_C6,28030514900_C6,562.0,Escherichia
Enterobacter asburiae,28030602930_B2,R,R,S,S,S,S,S,,,,S,S,,,,,,,,,,,S,,,S,S,S,,,,,,,,,,,,,,,,,,,,,,,,,,,,,../data/driams/downloads/DRIAMS-C/id/2018/2018_clean.csv,28030602930_B2,28030602930_B2,61645.0,Enterobacter
Staphylococcus capitis,28030603820_E12,S,S,,S,S,,,,,,,S,S,S,S,S,S,S,S,S,,,,,,,,,,,,,,,,,,,,,,,,,,,,,,,,,,,,,../data/driams/downloads/DRIAMS-C/id/2018/2018_clean.csv,28030603820_E12,28030603820_E12,29388.0,Staphylococcus
Enterobacter cloacae,28030603860_F1,R,R,S,S,S,S,S,,,,S,S,,,,,,,,,,,S,,,S,S,S,,,,,,,,,,,,,,,,,,,,,,,,,,,,,../data/driams/downloads/DRIAMS-C/id/2018/2018_clean.csv,28030603860_F1,28030603860_F1,550.0,Enterobacter
Enterobacter cloacae,28030603860_F2,R,R,S,S,S,S,S,,,,S,S,,,,,,,,,,,S,,,S,S,S,,,,,,,,,,,,,,,,,,,,,,,,,,,,,../data/driams/downloads/DRIAMS-C/id/2018/2018_clean.csv,28030603860_F2,28030603860_F2,550.0,Enterobacter
Enterobacter cloacae,28030603860_F3,R,R,S,S,S,S,S,,,,S,S,,,,,,,,,,,S,,,S,S,S,,,,,,,,,,,,,,,,,,,,,,,,,,,,,../data/driams/downloads/DRIAMS-C/id/2018/2018_clean.csv,28030603860_F3,28030603860_F3,550.0,Enterobacter
Enterobacter cloacae,28030603860_B6,R,R,S,S,S,S,S,,,,S,S,,,,,,,,,,,S,,,S,S,S,,,,,,,,,,,,,,,,,,,,,,,,,,,,,../data/driams/downloads/DRIAMS-C/id/2018/2018_clean.csv,28030603860_B6,28030603860_B6,550.0,Enterobacter
Enterobacter cloacae,28030603860_B7,R,R,S,S,S,S,S,,,,S,S,,,,,,,,,,,S,,,S,S,S,,,,,,,,,,,,,,,,,,,,,,,,,,,,,../data/driams/downloads/DRIAMS-C/id/2018/2018_clean.csv,28030603860_B7,28030603860_B7,550.0,Enterobacter
Enterobacter asburiae,28030603910_F4,R,R,S,S,S,S,S,,,,S,S,,,,,,,,,,,S,,,S,S,S,,,,,,,,,,,,,,,,,,,,,,,,,,,,,../data/driams/downloads/DRIAMS-C/id/2018/2018_clean.csv,28030603910_F4,28030603910_F4,61645.0,Enterobacter
Enterobacter asburiae,28030603910_F5,R,R,S,S,S,S,S,,,,S,S,,,,,,,,,,,S,,,S,S,S,,,,,,,,,,,,,,,,,,,,,,,,,,,,,../data/driams/downloads/DRIAMS-C/id/2018/2018_clean.csv,28030603910_F5,28030603910_F5,61645.0,Enterobacter
Enterobacter asburiae,28030603910_B8,R,R,S,S,S,S,S,,,,S,S,,,,,,,,,,,S,,,S,S,S,,,,,,,,,,,,,,,,,,,,,,,,,,,,,../data/driams/downloads/DRIAMS-C/id/2018/2018_clean.csv,28030603910_B8,28030603910_B8,61645.0,Enterobacter
Staphylococcus aureus,28030603940_F7,S,R,,S,S,,,,,,,S,S,S,S,S,S,R,S,S,,,,,,,,,,,,,,,,,,,,,,,,,,,,,,,,,,,,,../data/driams/downloads/DRIAMS-C/id/2018/2018_clean.csv,28030603940_F7,28030603940_F7,1280.0,Staphylococcus
Citrobacter freundii,28030603940_B10,R,R,S,S,S,S,S,,,,S,S,,,,,,,,,,,S,,,S,S,S,,,,,,,,,,,,,,,,,,,,,,,,,,,,,../data/driams/downloads/DRIAMS-C/id/2018/2018_clean.csv,28030603940_B10,28030603940_B10,546.0,Citrobacter
Klebsiella oxytoca,28030603960_F11,R,R,S,S,S,S,S,,,,S,S,,,,,,,,,,,R,,,S,S,S,,,,,,,,,,,,,,,,,,,,,,,,,,,,,../data/driams/downloads/DRIAMS-C/id/2018/2018_clean.csv,28030603960_F11,28030603960_F11,571.0,Klebsiella
Escherichia coli,28030606990_E7,S,S,S,S,S,S,S,,,,S,S,,,,,,,,,,,S,,,S,S,S,,,,,,,,,,,,,,,,,,,,,,,,,,,,,../data/driams/downloads/DRIAMS-C/id/2018/2018_clean.csv,28030606990_E7,28030606990_E7,562.0,Escherichia
Enterococcus faecalis,28030607030_A4,S,S,,,R,,,,,,,,,R,,,R,,S,S,S,R,S,,,,,,,,,,,,,,,,,,,,,,,,,,,,,,,,,,../data/driams/downloads/DRIAMS-C/id/2018/2018_clean.csv,28030607030_A4,28030607030_A4,1351.0,Enterococcus
Enterococcus faecalis,28030607030_A5,S,S,,,R,,,,,,,,,R,,,R,,S,S,S,R,S,,,,,,,,,,,,,,,,,,,,,,,,,,,,,,,,,,../data/driams/downloads/DRIAMS-C/id/2018/2018_clean.csv,28030607030_A5,28030607030_A5,1351.0,Enterococcus
Enterococcus faecalis,28030609760_E3,S,S,,,,,,S,,,,I,,,,,R,,,,,R,S,,,,,,,,,,,,,,,,,,,,,,,,,,,,,,,,,,../data/driams/downloads/DRIAMS-C/id/2018/2018_clean.csv,28030609760_E3,28030609760_E3,1351.0,Enterococcus
Enterobacter cloacae,28030609760_E4,R,R,S,S,S,S,S,S,R,S,S,R,,,,,,,,,,,,,,,,,,,,,,,,,,,,,,,,,,,,,,,,,,,,,../data/driams/downloads/DRIAMS-C/id/2018/2018_clean.csv,28030609760_E4,28030609760_E4,550.0,Enterobacter
Escherichia coli,28030609790_E5,S,S,S,S,S,S,S,S,S,S,S,S,,,,,,,,,,,,,,,,,,,,,,,,,,,,,,,,,,,,,,,,,,,,,../data/driams/downloads/DRIAMS-C/id/2018/2018_clean.csv,28030609790_E5,28030609790_E5,562.0,Escherichia
Proteus mirabilis,28030609790_E6,S,R,S,S,S,S,S,R,R,S,R,R,,,,,,,,,,,,,,,,,,,,,,,,,,,,,,,,,,,,,,,,,,,,,../data/driams/downloads/DRIAMS-C/id/2018/2018_clean.csv,28030609790_E6,28030609790_E6,584.0,Proteus
Enterococcus faecium,28030609910_E8,R,R,,,R,,,,,,,,,R,,,R,,,S,S,S,R,,,,,,,,,,,,,,,,,,,,,,,,,,,,,,,,,,../data/driams/downloads/DRIAMS-C/id/2018/2018_clean.csv,28030609910_E8,28030609910_E8,1352.0,Enterococcus
Citrobacter koseri,28030610400_F12,S,R,S,S,S,S,S,,,,S,S,,,,,,,,,,,S,,,S,S,S,,,,,,,,,,,,,,,,,,,,,,,,,,,,,../data/driams/downloads/DRIAMS-C/id/2018/2018_clean.csv,28030610400_F12,28030610400_F12,545.0,Citrobacter
Haemophilus parainfluenzae,28030610400_G2,S,S,,S,,S,S,,,,,,I,,,,,S,,,,,,,,,,,,,,,,,,,,,,,,,,,,,,,,,,,,,,,../data/driams/downloads/DRIAMS-C/id/2018/2018_clean.csv,28030610400_G2,28030610400_G2,729.0,Haemophilus
Klebsiella pneumoniae,28030610500_F1,S,R,S,S,S,S,S,S,S,S,S,S,,,,,,,,,,,,,,,,,,,,,,,,,,,,,,,,,,,,,,,,,,,,,../data/driams/downloads/DRIAMS-C/id/2018/2018_clean.csv,28030610500_F1,28030610500_F1,573.0,Klebsiella
Providencia stuartii,28030610500_F2,R,R,S,S,S,S,R,R,R,S,R,S,,,,,,,,,,,,,,,,,,,,,,,,,,,,,,,,,,,,,,,,,,,,,../data/driams/downloads/DRIAMS-C/id/2018/2018_clean.csv,28030610500_F2,28030610500_F2,588.0,Providencia
Enterobacter cloacae,28030610610_G4,R,R,S,S,S,S,S,,,,S,S,,,,,,,,,,,S,,,S,S,S,,,,,,,,,,,,,,,,,,,,,,,,,,,,,../data/driams/downloads/DRIAMS-C/id/2018/2018_clean.csv,28030610610_G4,28030610610_G4,550.0,Enterobacter
Enterobacter cloacae,28030610610_G5,R,R,S,S,S,S,S,,,,S,S,,,,,,,,,,,S,,,S,S,S,,,,,,,,,,,,,,,,,,,,,,,,,,,,,../data/driams/downloads/DRIAMS-C/id/2018/2018_clean.csv,28030610610_G5,28030610610_G5,550.0,Enterobacter
Pseudomonas aeruginosa,28030610610_G6,R,R,S,S,S,R,R,,,,S,R,,,,,,,,,,,S,,,S,S,S,,,,,,,,,,,,,,,,,,,,,,,,,,,,,../data/driams/downloads/DRIAMS-C/id/2018/2018_clean.csv,28030610610_G6,28030610610_G6,287.0,Pseudomonas
Corynebacterium diphtheriae,28030610940_F3,,,,S,S,,,,,,,,,S,S,,,S,S,S,S,,,,,,,,,,,,,,,,,,,,,,,,,,,,,,,,,,,,../data/driams/downloads/DRIAMS-C/id/2018/2018_clean.csv,28030610940_F3,28030610940_F3,1717.0,Corynebacterium
Klebsiella pneumoniae,28030610940_F6,S,R,S,S,S,S,S,,,,S,S,,,,,,,,,,,S,,,S,S,S,,,,,,,,,,,,,,,,,,,,,,,,,,,,,../data/driams/downloads/DRIAMS-C/id/2018/2018_clean.csv,28030610940_F6,28030610940_F6,573.0,Klebsiella
Klebsiella pneumoniae,28030610940_F7,S,R,S,S,S,S,S,,,,S,S,,,,,,,,,,,S,,,S,S,S,,,,,,,,,,,,,,,,,,,,,,,,,,,,,../data/driams/downloads/DRIAMS-C/id/2018/2018_clean.csv,28030610940_F7,28030610940_F7,573.0,Klebsiella
Pseudomonas aeruginosa,28030611450_F4,R,R,S,S,S,R,R,,,,S,R,,,,,,,,,,,S,,,S,S,S,,,,,,,,,,,,,,,,,,,,,,,,,,,,,../data/driams/downloads/DRIAMS-C/id/2018/2018_clean.csv,28030611450_F4,28030611450_F4,287.0,Pseudomonas
Escherichia coli,28030611470_F5,S,R,S,S,S,R,R,S,S,S,S,R,,,,,,,,,,,S,,,S,S,S,,,,,,,,,,,,,,,,,,,,,,,,,,,,,../data/driams/downloads/DRIAMS-C/id/2018/2018_clean.csv,28030611470_F5,28030611470_F5,562.0,Escherichia
Staphylococcus aureus,28030611750_G10,S,S,,S,S,,,,,,,S,S,S,S,S,S,S,S,S,,,,,,,,,,,,,,,,,,,,,,,,,,,,,,,,,,,,,../data/driams/downloads/DRIAMS-C/id/2018/2018_clean.csv,28030611750_G10,28030611750_G10,1280.0,Staphylococcus
Staphylococcus aureus,28030611750_G11,S,S,,S,S,,,,,,,S,S,S,S,S,S,S,S,S,,,,,,,,,,,,,,,,,,,,,,,,,,,,,,,,,,,,,../data/driams/downloads/DRIAMS-C/id/2018/2018_clean.csv,28030611750_G11,28030611750_G11,1280.0,Staphylococcus
Staphylococcus aureus,28030611750_C3,S,S,,S,S,,,,,,,S,S,S,S,S,S,S,S,S,,,,,,,,,,,,,,,,,,,,,,,,,,,,,,,,,,,,,../data/driams/downloads/DRIAMS-C/id/2018/2018_clean.csv,28030611750_C3,28030611750_C3,1280.0,Staphylococcus
Staphylococcus aureus,28030611750_C4,S,S,,S,S,,,,,,,S,S,S,S,S,S,S,S,S,,,,,,,,,,,,,,,,,,,,,,,,,,,,,,,,,,,,,../data/driams/downloads/DRIAMS-C/id/2018/2018_clean.csv,28030611750_C4,28030611750_C4,1280.0,Staphylococcus
Staphylococcus aureus,28030611820_H3,S,S,,S,S,,,,,,,S,S,S,S,S,S,S,S,S,,,,,,,,,,,,,,,,,,,,,,,,,,,,,,,,,,,,,../data/driams/downloads/DRIAMS-C/id/2018/2018_clean.csv,28030611820_H3,28030611820_H3,1280.0,Staphylococcus
Staphylococcus aureus,28030611820_C5,S,S,,S,S,,,,,,,S,S,S,S,S,S,S,S,S,,,,,,,,,,,,,,,,,,,,,,,,,,,,,,,,,,,,,../data/driams/downloads/DRIAMS-C/id/2018/2018_clean.csv,28030611820_C5,28030611820_C5,1280.0,Staphylococcus
Kingella kingae,28030705070_E2,,R,,,,S,,,,,,,,,,,,,,,,,,,,,,,,R,,,,,S,,,,,,,,,,,,,,,,,,,,,,../data/driams/downloads/DRIAMS-C/id/2018/2018_clean.csv,28030705070_E2,28030705070_E2,504.0,Kingella
Kingella kingae,28030705070_C10,,R,,,,S,,,,,,,,,,,,,,,,,,,,,,,,R,,,,,S,,,,,,,,,,,,,,,,,,,,,,../data/driams/downloads/DRIAMS-C/id/2018/2018_clean.csv,28030705070_C10,28030705070_C10,504.0,Kingella
Klebsiella pneumoniae,28030705460_D2,S,R,S,S,S,S,S,,,,S,S,,,,,,,,,,,S,,,S,S,S,,,,,,,,,,,,,,,,,,,,,,,,,,,,,../data/driams/downloads/DRIAMS-C/id/2018/2018_clean.csv,28030705460_D2,28030705460_D2,573.0,Klebsiella
Pseudomonas aeruginosa,28030707660_D2,R,R,S,S,S,R,R,,,,S,R,,,,,,,,,,,S,,,S,S,S,,,,,,,,,,,,,,,,,,,,,,,,,,,,,../data/driams/downloads/DRIAMS-C/id/2018/2018_clean.csv,28030707660_D2,28030707660_D2,287.0,Pseudomonas
Enterobacter cloacae,28030707660_D4,R,R,S,S,S,S,S,,,,S,S,,,,,,,,,,,S,,,S,S,S,,,,,,,,,,,,,,,,,,,,,,,,,,,,,../data/driams/downloads/DRIAMS-C/id/2018/2018_clean.csv,28030707660_D4,28030707660_D4,550.0,Enterobacter
Enterobacter cloacae,28030707660_D5,R,R,S,S,S,S,S,,,,S,S,,,,,,,,,,,S,,,S,S,S,,,,,,,,,,,,,,,,,,,,,,,,,,,,,../data/driams/downloads/DRIAMS-C/id/2018/2018_clean.csv,28030707660_D5,28030707660_D5,550.0,Enterobacter
Pseudomonas aeruginosa,28030707660_D6,R,R,S,S,S,R,R,,,,S,R,,,,,,,,,,,S,,,S,S,S,,,,,,,,,,,,,,,,,,,,,,,,,,,,,../data/driams/downloads/DRIAMS-C/id/2018/2018_clean.csv,28030707660_D6,28030707660_D6,287.0,Pseudomonas
Enterobacter cloacae,28030707660_D7,R,R,S,S,S,S,S,,,,S,S,,,,,,,,,,,S,,,S,S,S,,,,,,,,,,,,,,,,,,,,,,,,,,,,,../data/driams/downloads/DRIAMS-C/id/2018/2018_clean.csv,28030707660_D7,28030707660_D7,550.0,Enterobacter
Staphylococcus aureus,28030709850_B4,S,S,,S,S,,,,,,,S,S,S,S,S,S,S,S,S,,,,,,,,,,,,,,,,,,,,,,,,,,,,,,,,,,,,,../data/driams/downloads/DRIAMS-C/id/2018/2018_clean.csv,28030709850_B4,28030709850_B4,1280.0,Staphylococcus
Escherichia coli,28030710720_A12,S,S,S,S,S,S,S,S,S,S,S,S,,,,,,,,,,,,,,,,,,,,,,,,,,,,,,,,,,,,,,,,,,,,,../data/driams/downloads/DRIAMS-C/id/2018/2018_clean.csv,28030710720_A12,28030710720_A12,562.0,Escherichia
Klebsiella pneumoniae,28030710720_B1,S,R,S,S,S,S,S,S,R,S,S,S,,,,,,,,,,,,,,,,,,,,,,,,,,,,,,,,,,,,,,,,,,,,,../data/driams/downloads/DRIAMS-C/id/2018/2018_clean.csv,28030710720_B1,28030710720_B1,573.0,Klebsiella
Escherichia coli,28030711310_E1,S,S,S,S,S,S,S,,,,S,S,,,,,,,,,,,S,,,S,S,S,,,,,,,,,,,,,,,,,,,,,,,,,,,,,../data/driams/downloads/DRIAMS-C/id/2018/2018_clean.csv,28030711310_E1,28030711310_E1,562.0,Escherichia
Staphylococcus aureus,28030711870_A2,S,R,,S,S,,,,,,,S,S,S,S,S,S,R,S,S,,,,,,,,,,,,,,,,,,,,,,,,,,,,,,,,,,,,,../data/driams/downloads/DRIAMS-C/id/2018/2018_clean.csv,28030711870_A2,28030711870_A2,1280.0,Staphylococcus
Enterococcus faecalis,28030713200_D10,S,S,,,R,,,,,,,,,R,,,R,S,,S,S,R,S,,,,,,,,,,,,,,,,,,,,,,,,,,,,,,,,,,../data/driams/downloads/DRIAMS-C/id/2018/2018_clean.csv,28030713200_D10,28030713200_D10,1351.0,Enterococcus
Escherichia coli,28030713200_D11,S,,S,,S,S,S,,,,S,S,,,,,,,,,,,S,,,S,S,S,,,,,,,,,,,,,,,,,,,,,,,,,,,,,../data/driams/downloads/DRIAMS-C/id/2018/2018_clean.csv,28030713200_D11,28030713200_D11,562.0,Escherichia
Escherichia coli,28030713200_D12,S,,S,,S,S,S,,,,S,S,,,,,,,,,,,S,,,S,S,S,,,,,,,,,,,,,,,,,,,,,,,,,,,,,../data/driams/downloads/DRIAMS-C/id/2018/2018_clean.csv,28030713200_D12,28030713200_D12,562.0,Escherichia
Staphylococcus aureus,28030713200_D9,S,R,,R,S,,,,,,,S,S,S,S,S,S,R,S,S,,,,,,,,,,,,,,,,,,,,,,,,,,,,,,,,,,,,,../data/driams/downloads/DRIAMS-C/id/2018/2018_clean.csv,28030713200_D9,28030713200_D9,1280.0,Staphylococcus
Escherichia coli,28030713200_A10,S,,S,,S,S,S,,,,S,S,,,,,,,,,,,S,,,S,S,S,,,,,,,,,,,,,,,,,,,,,,,,,,,,,../data/driams/downloads/DRIAMS-C/id/2018/2018_clean.csv,28030713200_A10,28030713200_A10,562.0,Escherichia
Escherichia coli,28030713200_A11,S,,S,,S,S,S,,,,S,S,,,,,,,,,,,S,,,S,S,S,,,,,,,,,,,,,,,,,,,,,,,,,,,,,../data/driams/downloads/DRIAMS-C/id/2018/2018_clean.csv,28030713200_A11,28030713200_A11,562.0,Escherichia
Enterococcus faecalis,28030714460_E2,S,S,,,R,,,,,,,,,R,,,R,,,S,S,R,S,,,,,,,,,,,,,,,,,,,,,,,,,,,,,,,,,,../data/driams/downloads/DRIAMS-C/id/2018/2018_clean.csv,28030714460_E2,28030714460_E2,1351.0,Enterococcus
Enterococcus faecalis,28030714460_E4,S,S,,,R,,,,,,,,,R,,,R,,,S,S,R,S,,,,,,,,,,,,,,,,,,,,,,,,,,,,,,,,,,../data/driams/downloads/DRIAMS-C/id/2018/2018_clean.csv,28030714460_E4,28030714460_E4,1351.0,Enterococcus
Escherichia coli,28030714460_E5,R,R,S,S,S,S,S,,,,S,S,,,,,,,,,,,S,,,S,S,S,,,,,,,,,,,,,,,,,,,,,,,,,,,,,../data/driams/downloads/DRIAMS-C/id/2018/2018_clean.csv,28030714460_E5,28030714460_E5,562.0,Escherichia
Klebsiella pneumoniae,28030714460_E6,S,R,S,S,S,S,S,,,,S,S,,,,,,,,,,,S,,,S,S,S,,,,,,,,,,,,,,,,,,,,,,,,,,,,,../data/driams/downloads/DRIAMS-C/id/2018/2018_clean.csv,28030714460_E6,28030714460_E6,573.0,Klebsiella
Citrobacter freundii,28030714460_B1,R,R,R,S,S,R,R,,,,S,S,,,,,,,,,,,R,,,S,S,S,,,,,,,,,,,,,,,,,,,,,,,,,,,,,../data/driams/downloads/DRIAMS-C/id/2018/2018_clean.csv,28030714460_B1,28030714460_B1,546.0,Citrobacter
Enterococcus faecalis,28030714460_B3,S,S,,,R,,,,,,,,,R,,,R,,,S,S,R,S,,,,,,,,,,,,,,,,,,,,,,,,,,,,,,,,,,../data/driams/downloads/DRIAMS-C/id/2018/2018_clean.csv,28030714460_B3,28030714460_B3,1351.0,Enterococcus
Staphylococcus aureus,28030714930_A1,S,R,,S,S,,,,,,,S,S,S,S,S,S,R,S,S,,,,,,,,,,,,,,,,,,,,,,,,,,,,,,,,,,,,,../data/driams/downloads/DRIAMS-C/id/2018/2018_clean.csv,28030714930_A1,28030714930_A1,1280.0,Staphylococcus
Staphylococcus aureus,28030805700_D12,S,R,,S,S,,,,,,,S,S,S,S,S,S,R,S,S,,,,,,,,,,,,,,,,,,,,,,,,,,,,,,,,,,,,,../data/driams/downloads/DRIAMS-C/id/2018/2018_clean.csv,28030805700_D12,28030805700_D12,1280.0,Staphylococcus
Staphylococcus aureus,28030810270_C1,S,S,,S,S,,,,,,,S,S,S,S,S,S,S,S,S,,,,,,,,,,,,,,,,,,,,,,,,,,,,,,,,,,,,,../data/driams/downloads/DRIAMS-C/id/2018/2018_clean.csv,28030810270_C1,28030810270_C1,1280.0,Staphylococcus
Klebsiella pneumoniae,28030810500_C3,S,R,S,S,S,S,S,S,R,S,S,S,,,,,,,,,,,,,,,,,,,,,,,,,,,,,,,,,,,,,,,,,,,,,../data/driams/downloads/DRIAMS-C/id/2018/2018_clean.csv,28030810500_C3,28030810500_C3,573.0,Klebsiella
Staphylococcus aureus,28030811580_C12,S,R,,S,S,,,,,,,S,S,S,S,S,S,R,S,S,,,,,,,,,,,,,,,,,,,,,,,,,,,,,,,,,,,,,../data/driams/downloads/DRIAMS-C/id/2018/2018_clean.csv,28030811580_C12,28030811580_C12,1280.0,Staphylococcus
Staphylococcus aureus,28030811580_D1,S,R,,S,S,,,,,,,S,S,S,S,S,S,R,S,S,,,,,,,,,,,,,,,,,,,,,,,,,,,,,,,,,,,,,../data/driams/downloads/DRIAMS-C/id/2018/2018_clean.csv,28030811580_D1,28030811580_D1,1280.0,Staphylococcus
Pseudomonas aeruginosa,28030811610_C2,R,R,S,S,S,R,R,,,,S,R,,,,,,,,,,,S,,,S,S,S,,,,,,,,,,,,,,,,,,,,,,,,,,,,,../data/driams/downloads/DRIAMS-C/id/2018/2018_clean.csv,28030811610_C2,28030811610_C2,287.0,Pseudomonas
Klebsiella pneumoniae,28030811610_C3,S,R,S,S,S,S,S,,,,S,S,,,,,,,,,,,S,,,S,S,S,,,,,,,,,,,,,,,,,,,,,,,,,,,,,../data/driams/downloads/DRIAMS-C/id/2018/2018_clean.csv,28030811610_C3,28030811610_C3,573.0,Klebsiella
Staphylococcus aureus,28030812580_C4,S,R,,S,S,,,,,,,S,S,S,S,S,S,R,S,S,,,,,,,,,,,,,,,,,,,,,,,,,,,,,,,,,,,,,../data/driams/downloads/DRIAMS-C/id/2018/2018_clean.csv,28030812580_C4,28030812580_C4,1280.0,Staphylococcus
Escherichia coli,28030812920_E1,S,R,R,R,S,R,R,S,S,R,S,R,,,,,,,,,,,S,,,S,R,S,,,,,,,,,,,,,,,,,,,,,,,,,,,,,../data/driams/downloads/DRIAMS-C/id/2018/2018_clean.csv,28030812920_E1,28030812920_E1,562.0,Escherichia
Enterobacter cloacae,28030904900_A8,R,R,S,S,S,S,S,,,,S,S,,,,,,,,,,,S,,,S,S,S,,,,,,,,,,,,,,,,,,,,,,,,,,,,,../data/driams/downloads/DRIAMS-C/id/2018/2018_clean.csv,28030904900_A8,28030904900_A8,550.0,Enterobacter
Proteus vulgaris,28030906860_C6,S,R,S,S,S,S,R,R,S,S,R,S,,,,,,,,,,,,,,,,,,,,,,,,,,,,,,,,,,,,,,,,,,,,,../data/driams/downloads/DRIAMS-C/id/2018/2018_clean.csv,28030906860_C6,28030906860_C6,585.0,Proteus
Enterococcus faecalis,28030907040_C9,S,S,,,,,,S,,,,I,,,,,R,,,,,R,S,,,,,,,,,,,,,,,,,,,,,,,,,,,,,,,,,,../data/driams/downloads/DRIAMS-C/id/2018/2018_clean.csv,28030907040_C9,28030907040_C9,1351.0,Enterococcus
Enterococcus faecalis,28030907240_C10,S,S,,,,,,S,,,,I,,,,,R,,,,,R,S,,,,,,,,,,,,,,,,,,,,,,,,,,,,,,,,,,../data/driams/downloads/DRIAMS-C/id/2018/2018_clean.csv,28030907240_C10,28030907240_C10,1351.0,Enterococcus
Escherichia coli,28030907600_B4,S,R,S,S,S,S,S,,,,S,S,,,,,,,,,,,S,,,S,S,S,,,,,,,,,,,,,,,,,,,,,,,,,,,,,../data/driams/downloads/DRIAMS-C/id/2018/2018_clean.csv,28030907600_B4,28030907600_B4,562.0,Escherichia
Staphylococcus aureus,28030910210_H2,S,R,,S,S,,,S,,S,,S,,,,,S,R,,,,,,,,,,,,,,,S,,,,,,,,,,,,,,,,,,,,,,,,../data/driams/downloads/DRIAMS-C/id/2018/2018_clean.csv,28030910210_H2,28030910210_H2,1280.0,Staphylococcus
Staphylococcus aureus,28030910210_H3,S,R,,S,S,,,S,,S,,S,,,,,S,R,,,,,,,,,,,,,,,S,,,,,,,,,,,,,,,,,,,,,,,,../data/driams/downloads/DRIAMS-C/id/2018/2018_clean.csv,28030910210_H3,28030910210_H3,1280.0,Staphylococcus
Proteus vulgaris,28030910440_C12,R,R,S,S,S,S,R,R,S,S,R,S,,,,,,,,,,,,,,,,,,,,,,,,,,,,,,,,,,,,,,,,,,,,,../data/driams/downloads/DRIAMS-C/id/2018/2018_clean.csv,28030910440_C12,28030910440_C12,585.0,Proteus
Pseudomonas aeruginosa,28030911540_G11,R,R,S,S,S,R,R,,,,S,R,,,,,,,,,,,S,,,S,S,S,,,,,,,,,,,,,,,,,,,,,,,,,,,,,../data/driams/downloads/DRIAMS-C/id/2018/2018_clean.csv,28030911540_G11,28030911540_G11,287.0,Pseudomonas
Proteus mirabilis,28030911540_G12,S,S,S,S,S,S,S,R,R,S,R,S,,,,,,,,,,,S,,,S,S,S,,,,,,,,,,,,,,,,,,,,,,,,,,,,,../data/driams/downloads/DRIAMS-C/id/2018/2018_clean.csv,28030911540_G12,28030911540_G12,584.0,Proteus
Klebsiella pneumoniae,28030911710_E7,S,R,S,S,S,S,S,,,,S,S,,,,,,,,,,,S,,,S,S,S,,,,,,,,,,,,,,,,,,,,,,,,,,,,,../data/driams/downloads/DRIAMS-C/id/2018/2018_clean.csv,28030911710_E7,28030911710_E7,573.0,Klebsiella
Escherichia coli,28030911710_F8,S,R,S,S,S,R,R,,,,S,S,,,,,,,,,,,S,,,S,R,S,,,,,,,,,,,,,,,,,,,,,,,,,,,,,../data/driams/downloads/DRIAMS-C/id/2018/2018_clean.csv,28030911710_F8,28030911710_F8,562.0,Escherichia
Escherichia coli,28030911710_B3,S,R,S,S,S,R,R,,,,S,S,,,,,,,,,,,S,,,S,R,S,,,,,,,,,,,,,,,,,,,,,,,,,,,,,../data/driams/downloads/DRIAMS-C/id/2018/2018_clean.csv,28030911710_B3,28030911710_B3,562.0,Escherichia
Staphylococcus aureus,28030912710_E3,S,R,,S,S,,,,,,,S,S,S,S,S,S,R,S,S,,,,,,,,,,,,,,,,,,,,,,,,,,,,,,,,,,,,,../data/driams/downloads/DRIAMS-C/id/2018/2018_clean.csv,28030912710_E3,28030912710_E3,1280.0,Staphylococcus
Staphylococcus aureus,28030912750_B11,S,R,,S,S,,,,,,,S,S,S,S,S,S,R,S,S,,,,,,,,,,,,,,,,,,,,,,,,,,,,,,,,,,,,,../data/driams/downloads/DRIAMS-C/id/2018/2018_clean.csv,28030912750_B11,28030912750_B11,1280.0,Staphylococcus
Staphylococcus aureus,28030912750_E7,S,R,,S,S,,,,,,,S,S,S,S,S,S,R,S,S,,,,,,,,,,,,,,,,,,,,,,,,,,,,,,,,,,,,,../data/driams/downloads/DRIAMS-C/id/2018/2018_clean.csv,28030912750_E7,28030912750_E7,1280.0,Staphylococcus
Enterobacter cloacae,28030913550_F6,R,R,S,S,S,S,S,,,,S,S,,,,,,,,,,,S,,,S,S,S,,,,,,,,,,,,,,,,,,,,,,,,,,,,,../data/driams/downloads/DRIAMS-C/id/2018/2018_clean.csv,28030913550_F6,28030913550_F6,550.0,Enterobacter
Enterobacter cloacae,28030913550_B7,R,R,S,S,S,S,S,,,,S,S,,,,,,,,,,,S,,,S,S,S,,,,,,,,,,,,,,,,,,,,,,,,,,,,,../data/driams/downloads/DRIAMS-C/id/2018/2018_clean.csv,28030913550_B7,28030913550_B7,550.0,Enterobacter
Enterobacter cloacae,28030913550_B8,R,R,S,S,S,S,S,,,,S,S,,,,,,,,,,,S,,,S,S,S,,,,,,,,,,,,,,,,,,,,,,,,,,,,,../data/driams/downloads/DRIAMS-C/id/2018/2018_clean.csv,28030913550_B8,28030913550_B8,550.0,Enterobacter
Enterococcus faecalis,28030913560_D11,S,S,,,R,,,,,,,,,R,,,R,,,S,S,R,S,,,,,,,,,,,,,,,,,,,,,,,,,,,,,,,,,,../data/driams/downloads/DRIAMS-C/id/2018/2018_clean.csv,28030913560_D11,28030913560_D11,1351.0,Enterococcus
Enterococcus faecalis,28030913560_D12,S,S,,,R,,,,,,,,,R,,,R,,,S,S,R,S,,,,,,,,,,,,,,,,,,,,,,,,,,,,,,,,,,../data/driams/downloads/DRIAMS-C/id/2018/2018_clean.csv,28030913560_D12,28030913560_D12,1351.0,Enterococcus
Citrobacter amalonaticus,28030914060_D8,R,R,S,S,S,R,R,R,S,S,S,S,,,,,,,,,,,S,,,S,S,S,,,,,,,,,,,,,,,,,,,,,,,,,,,,,../data/driams/downloads/DRIAMS-C/id/2018/2018_clean.csv,28030914060_D8,28030914060_D8,35703.0,Citrobacter
Enterococcus faecalis,28030914060_G4,S,S,,,,,,S,,,,I,,,,,R,,,,,R,S,,,,,,,,,,,,,,,,,,,,,,,,,,,,,,,,,,../data/driams/downloads/DRIAMS-C/id/2018/2018_clean.csv,28030914060_G4,28030914060_G4,1351.0,Enterococcus
Citrobacter amalonaticus,28030914060_G5,R,R,S,S,S,R,R,R,S,S,S,S,,,,,,,,,,,S,,,S,S,S,,,,,,,,,,,,,,,,,,,,,,,,,,,,,../data/driams/downloads/DRIAMS-C/id/2018/2018_clean.csv,28030914060_G5,28030914060_G5,35703.0,Citrobacter
Morganella morganii,28030914200_D9,R,R,S,S,S,S,R,R,R,S,R,S,,,,,,,,,,,,,,,,,,,,,,,,,,,,,,,,,,,,,,,,,,,,,../data/driams/downloads/DRIAMS-C/id/2018/2018_clean.csv,28030914200_D9,28030914200_D9,582.0,Morganella
Morganella morganii,28030914200_G2,R,R,S,S,S,S,R,R,R,S,R,S,,,,,,,,,,,,,,,,,,,,,,,,,,,,,,,,,,,,,,,,,,,,,../data/driams/downloads/DRIAMS-C/id/2018/2018_clean.csv,28030914200_G2,28030914200_G2,582.0,Morganella
Enterobacter asburiae,28030914200_H8,R,R,S,S,S,S,S,S,R,S,S,S,,,,,,,,,,,,,,,,,,,,,,,,,,,,,,,,,,,,,,,,,,,,,../data/driams/downloads/DRIAMS-C/id/2018/2018_clean.csv,28030914200_H8,28030914200_H8,61645.0,Enterobacter
Morganella morganii,28030914200_A1,R,R,S,S,S,S,R,R,R,S,R,S,,,,,,,,,,,,,,,,,,,,,,,,,,,,,,,,,,,,,,,,,,,,,../data/driams/downloads/DRIAMS-C/id/2018/2018_clean.csv,28030914200_A1,28030914200_A1,582.0,Morganella
Morganella morganii,28030914200_C11,R,R,S,S,S,S,R,R,R,S,R,S,,,,,,,,,,,,,,,,,,,,,,,,,,,,,,,,,,,,,,,,,,,,,../data/driams/downloads/DRIAMS-C/id/2018/2018_clean.csv,28030914200_C11,28030914200_C11,582.0,Morganella
Enterobacter asburiae,28030914200_C12,R,R,S,S,S,S,S,S,R,S,S,S,,,,,,,,,,,,,,,,,,,,,,,,,,,,,,,,,,,,,,,,,,,,,../data/driams/downloads/DRIAMS-C/id/2018/2018_clean.csv,28030914200_C12,28030914200_C12,61645.0,Enterobacter
Enterococcus faecium,28031002770_C7,R,R,,,R,,,,,,,,,R,,,R,,,S,S,S,R,,,,,,,,,,,,,,,,,,,,,,,,,,,,,,,,,,../data/driams/downloads/DRIAMS-C/id/2018/2018_clean.csv,28031002770_C7,28031002770_C7,1352.0,Enterococcus
Enterococcus faecium,28031002770_C8,R,R,,,R,,,,,,,,,R,,,R,,,S,S,S,R,,,,,,,,,,,,,,,,,,,,,,,,,,,,,,,,,,../data/driams/downloads/DRIAMS-C/id/2018/2018_clean.csv,28031002770_C8,28031002770_C8,1352.0,Enterococcus
Enterococcus faecalis,28031003450_C12,S,S,,,R,,,,,,,,,R,,,R,,,S,S,R,S,,,,,,,,,,,,,,,,,,,,,,,,,,,,,,,,,,../data/driams/downloads/DRIAMS-C/id/2018/2018_clean.csv,28031003450_C12,28031003450_C12,1351.0,Enterococcus
Staphylococcus aureus,28031003450_D1,S,S,,S,S,,,,,,,S,S,S,S,S,S,S,S,S,,,,,,,,,,,,,,,,,,,,,,,,,,,,,,,,,,,,,../data/driams/downloads/DRIAMS-C/id/2018/2018_clean.csv,28031003450_D1,28031003450_D1,1280.0,Staphylococcus
Staphylococcus aureus,28031003450_D2,S,S,,S,S,,,,,,,S,S,S,S,S,S,S,S,S,,,,,,,,,,,,,,,,,,,,,,,,,,,,,,,,,,,,,../data/driams/downloads/DRIAMS-C/id/2018/2018_clean.csv,28031003450_D2,28031003450_D2,1280.0,Staphylococcus
Staphylococcus aureus,28031003450_D12,S,S,,S,S,,,,,,,S,S,S,S,S,S,S,S,S,,,,,,,,,,,,,,,,,,,,,,,,,,,,,,,,,,,,,../data/driams/downloads/DRIAMS-C/id/2018/2018_clean.csv,28031003450_D12,28031003450_D12,1280.0,Staphylococcus
Staphylococcus aureus,28031003450_A1,S,S,,S,S,,,,,,,S,S,S,S,S,S,S,S,S,,,,,,,,,,,,,,,,,,,,,,,,,,,,,,,,,,,,,../data/driams/downloads/DRIAMS-C/id/2018/2018_clean.csv,28031003450_A1,28031003450_A1,1280.0,Staphylococcus
Staphylococcus aureus,28031003670_D7,S,R,,S,S,,,,,,,S,S,S,S,S,S,R,S,S,,,,,,,,,,,,,,,,,,,,,,,,,,,,,,,,,,,,,../data/driams/downloads/DRIAMS-C/id/2018/2018_clean.csv,28031003670_D7,28031003670_D7,1280.0,Staphylococcus
Escherichia coli,28031003990_A2,R,R,R,S,S,R,R,S,S,S,S,R,,,,,,,,,,,R,,,S,S,S,,,,,,,,,,,,,,,,,,,,,,,,,,,,,../data/driams/downloads/DRIAMS-C/id/2018/2018_clean.csv,28031003990_A2,28031003990_A2,562.0,Escherichia
Escherichia coli,28031003990_D1,R,R,R,S,S,R,R,S,S,S,S,R,,,,,,,,,,,R,,,S,S,S,,,,,,,,,,,,,,,,,,,,,,,,,,,,,../data/driams/downloads/DRIAMS-C/id/2018/2018_clean.csv,28031003990_D1,28031003990_D1,562.0,Escherichia
Escherichia coli,28031003990_D2,R,R,R,S,S,R,R,S,S,S,S,R,,,,,,,,,,,R,,,S,S,S,,,,,,,,,,,,,,,,,,,,,,,,,,,,,../data/driams/downloads/DRIAMS-C/id/2018/2018_clean.csv,28031003990_D2,28031003990_D2,562.0,Escherichia
Escherichia coli,28031003990_D3,R,R,R,S,S,R,R,S,S,S,S,R,,,,,,,,,,,R,,,S,S,S,,,,,,,,,,,,,,,,,,,,,,,,,,,,,../data/driams/downloads/DRIAMS-C/id/2018/2018_clean.csv,28031003990_D3,28031003990_D3,562.0,Escherichia
Escherichia coli,28031003990_D4,R,R,R,S,S,R,R,S,S,S,S,R,,,,,,,,,,,R,,,S,S,S,,,,,,,,,,,,,,,,,,,,,,,,,,,,,../data/driams/downloads/DRIAMS-C/id/2018/2018_clean.csv,28031003990_D4,28031003990_D4,562.0,Escherichia
Escherichia coli,28031004420_A9,S,S,S,S,S,S,S,,,,S,S,,,,,,,,,,,S,,,S,S,S,,,,,,,,,,,,,,,,,,,,,,,,,,,,,../data/driams/downloads/DRIAMS-C/id/2018/2018_clean.csv,28031004420_A9,28031004420_A9,562.0,Escherichia
Escherichia coli,28031004420_D2,S,S,S,S,S,S,S,,,,S,S,,,,,,,,,,,S,,,S,S,S,,,,,,,,,,,,,,,,,,,,,,,,,,,,,../data/driams/downloads/DRIAMS-C/id/2018/2018_clean.csv,28031004420_D2,28031004420_D2,562.0,Escherichia
Enterococcus faecium,28031004430_A12,S,S,,,R,,,,,,,,,R,,,R,,,S,S,S,S,,,,,,,,,,,,,,,,,,,,,,,,,,,,,,,,,,../data/driams/downloads/DRIAMS-C/id/2018/2018_clean.csv,28031004430_A12,28031004430_A12,1352.0,Enterococcus
Escherichia coli,28031004430_B9,S,R,R,R,S,R,R,,,,S,R,,,,,,,,,,,S,,,S,R,S,,,,,,,,,,,,,,,,,,,,,,,,,,,,,../data/driams/downloads/DRIAMS-C/id/2018/2018_clean.csv,28031004430_B9,28031004430_B9,562.0,Escherichia
Escherichia coli,28031004430_D10,S,R,R,R,S,R,R,,,,S,R,,,,,,,,,,,S,,,S,R,S,,,,,,,,,,,,,,,,,,,,,,,,,,,,,../data/driams/downloads/DRIAMS-C/id/2018/2018_clean.csv,28031004430_D10,28031004430_D10,562.0,Escherichia
Escherichia coli,28031004430_D11,S,R,R,R,S,R,R,,,,S,R,,,,,,,,,,,S,,,S,R,S,,,,,,,,,,,,,,,,,,,,,,,,,,,,,../data/driams/downloads/DRIAMS-C/id/2018/2018_clean.csv,28031004430_D11,28031004430_D11,562.0,Escherichia
Escherichia coli,28031004430_D9,S,R,R,R,S,R,R,,,,S,R,,,,,,,,,,,S,,,S,R,S,,,,,,,,,,,,,,,,,,,,,,,,,,,,,../data/driams/downloads/DRIAMS-C/id/2018/2018_clean.csv,28031004430_D9,28031004430_D9,562.0,Escherichia
Escherichia coli,28031004430_E10,S,R,R,R,S,R,R,,,,S,R,,,,,,,,,,,S,,,S,R,S,,,,,,,,,,,,,,,,,,,,,,,,,,,,,../data/driams/downloads/DRIAMS-C/id/2018/2018_clean.csv,28031004430_E10,28031004430_E10,562.0,Escherichia
Escherichia coli,28031004430_E4,S,R,R,R,S,R,R,,,,S,R,,,,,,,,,,,S,,,S,R,S,,,,,,,,,,,,,,,,,,,,,,,,,,,,,../data/driams/downloads/DRIAMS-C/id/2018/2018_clean.csv,28031004430_E4,28031004430_E4,562.0,Escherichia
Escherichia coli,28031004430_E5,S,R,R,R,S,R,R,,,,S,R,,,,,,,,,,,S,,,S,R,S,,,,,,,,,,,,,,,,,,,,,,,,,,,,,../data/driams/downloads/DRIAMS-C/id/2018/2018_clean.csv,28031004430_E5,28031004430_E5,562.0,Escherichia
Escherichia coli,28031004430_E6,S,R,R,R,S,R,R,,,,S,R,,,,,,,,,,,S,,,S,R,S,,,,,,,,,,,,,,,,,,,,,,,,,,,,,../data/driams/downloads/DRIAMS-C/id/2018/2018_clean.csv,28031004430_E6,28031004430_E6,562.0,Escherichia
Escherichia coli,28031004430_E9,S,R,R,R,S,R,R,,,,S,R,,,,,,,,,,,S,,,S,R,S,,,,,,,,,,,,,,,,,,,,,,,,,,,,,../data/driams/downloads/DRIAMS-C/id/2018/2018_clean.csv,28031004430_E9,28031004430_E9,562.0,Escherichia
Klebsiella pneumoniae,28031004570_F8,S,R,S,S,S,S,S,S,R,S,S,S,,,,,,,,,,,,,,,,,,,,,,,,,,,,,,,,,,,,,,,,,,,,,../data/driams/downloads/DRIAMS-C/id/2018/2018_clean.csv,28031004570_F8,28031004570_F8,573.0,Klebsiella
Escherichia coli,28031004600_F3,S,,S,S,S,,,S,S,S,S,S,,,,,,,,,,,S,,,S,S,S,,,,,,,,,,,,,,,,,,,,,,,,,,,,,../data/driams/downloads/DRIAMS-C/id/2018/2018_clean.csv,28031004600_F3,28031004600_F3,562.0,Escherichia
Escherichia coli,28031004600_F6,S,,S,S,S,,,S,S,S,S,S,,,,,,,,,,,S,,,S,S,S,,,,,,,,,,,,,,,,,,,,,,,,,,,,,../data/driams/downloads/DRIAMS-C/id/2018/2018_clean.csv,28031004600_F6,28031004600_F6,562.0,Escherichia
Escherichia coli,28031004600_F7,S,,S,S,S,,,S,S,S,S,S,,,,,,,,,,,S,,,S,S,S,,,,,,,,,,,,,,,,,,,,,,,,,,,,,../data/driams/downloads/DRIAMS-C/id/2018/2018_clean.csv,28031004600_F7,28031004600_F7,562.0,Escherichia
Escherichia coli,28031004600_H7,S,,S,S,S,,,S,S,S,S,S,,,,,,,,,,,S,,,S,S,S,,,,,,,,,,,,,,,,,,,,,,,,,,,,,../data/driams/downloads/DRIAMS-C/id/2018/2018_clean.csv,28031004600_H7,28031004600_H7,562.0,Escherichia
Escherichia coli,28031004600_A3,S,,S,S,S,,,S,S,S,S,S,,,,,,,,,,,S,,,S,S,S,,,,,,,,,,,,,,,,,,,,,,,,,,,,,../data/driams/downloads/DRIAMS-C/id/2018/2018_clean.csv,28031004600_A3,28031004600_A3,562.0,Escherichia
Escherichia coli,28031004600_A4,S,,S,S,S,,,S,S,S,S,S,,,,,,,,,,,S,,,S,S,S,,,,,,,,,,,,,,,,,,,,,,,,,,,,,../data/driams/downloads/DRIAMS-C/id/2018/2018_clean.csv,28031004600_A4,28031004600_A4,562.0,Escherichia
Enterococcus faecalis,28031006620_D12,S,S,,,R,,,,,,,,,R,,,R,,,S,S,R,S,,,,,,,,,,,,,,,,,,,,,,,,,,,,,,,,,,../data/driams/downloads/DRIAMS-C/id/2018/2018_clean.csv,28031006620_D12,28031006620_D12,1351.0,Enterococcus
Enterococcus faecium,28031006620_E1,S,S,,,R,,,,,,,,,R,,,R,,,S,S,S,S,,,,,,,,,,,,,,,,,,,,,,,,,,,,,,,,,,../data/driams/downloads/DRIAMS-C/id/2018/2018_clean.csv,28031006620_E1,28031006620_E1,1352.0,Enterococcus
Klebsiella oxytoca,28031006620_E2,S,R,S,S,S,S,S,,,,S,S,,,,,,,,,,,S,,,S,S,S,,,,,,,,,,,,,,,,,,,,,,,,,,,,,../data/driams/downloads/DRIAMS-C/id/2018/2018_clean.csv,28031006620_E2,28031006620_E2,571.0,Klebsiella
Escherichia coli,28031006620_E3,S,S,S,S,S,S,S,,,,S,S,,,,,,,,,,,S,,,S,S,S,,,,,,,,,,,,,,,,,,,,,,,,,,,,,../data/driams/downloads/DRIAMS-C/id/2018/2018_clean.csv,28031006620_E3,28031006620_E3,562.0,Escherichia
Enterococcus faecium,28031007030_E11,R,R,,,R,,,,,,,,,R,,,R,,,S,S,S,R,,,,,,,,,,,,,,,,,,,,,,,,,,,,,,,,,,../data/driams/downloads/DRIAMS-C/id/2018/2018_clean.csv,28031007030_E11,28031007030_E11,1352.0,Enterococcus
Escherichia coli,28031007030_E12,S,S,S,S,S,S,S,S,S,S,S,S,,,,,,,,,,,,,,,,,,,,,,,,,,,,,,,,,,,,,,,,,,,,,../data/driams/downloads/DRIAMS-C/id/2018/2018_clean.csv,28031007030_E12,28031007030_E12,562.0,Escherichia
Enterobacter cancerogenus,28031103040_E7,R,R,S,S,S,S,S,,,,S,S,,,,,,,,,,,S,,,S,S,S,,,,,,,,,,,,,,,,,,,,,,,,,,,,,../data/driams/downloads/DRIAMS-C/id/2018/2018_clean.csv,28031103040_E7,28031103040_E7,69218.0,Enterobacter
Enterobacter cancerogenus,28031103040_A6,R,R,S,S,S,S,S,,,,S,S,,,,,,,,,,,S,,,S,S,S,,,,,,,,,,,,,,,,,,,,,,,,,,,,,../data/driams/downloads/DRIAMS-C/id/2018/2018_clean.csv,28031103040_A6,28031103040_A6,69218.0,Enterobacter
Staphylococcus aureus,28031103360_C9,S,R,,S,S,,,,,,,S,S,S,S,S,S,R,S,S,,,,,,,,,,,,,,,,,,,,,,,,,,,,,,,,,,,,,../data/driams/downloads/DRIAMS-C/id/2018/2018_clean.csv,28031103360_C9,28031103360_C9,1280.0,Staphylococcus
Enterobacter asburiae,28031104820_E10,R,R,S,S,S,S,S,S,S,S,S,S,,,,,,,,,,,,,,,,,,,,,,,,,,,,,,,,,,,,,,,,,,,,,../data/driams/downloads/DRIAMS-C/id/2018/2018_clean.csv,28031104820_E10,28031104820_E10,61645.0,Enterobacter
Morganella morganii,28031104820_E9,R,R,S,S,S,S,R,R,R,S,R,S,,,,,,,,,,,,,,,,,,,,,,,,,,,,,,,,,,,,,,,,,,,,,../data/driams/downloads/DRIAMS-C/id/2018/2018_clean.csv,28031104820_E9,28031104820_E9,582.0,Morganella
Morganella morganii,28031104820_A6,R,R,S,S,S,S,R,R,R,S,R,S,,,,,,,,,,,,,,,,,,,,,,,,,,,,,,,,,,,,,,,,,,,,,../data/driams/downloads/DRIAMS-C/id/2018/2018_clean.csv,28031104820_A6,28031104820_A6,582.0,Morganella
Enterococcus faecalis,28031104870_E6,S,S,,,,,,S,,,,I,,,,,R,,,,,R,S,,,,,,,,,,,,,,,,,,,,,,,,,,,,,,,,,,../data/driams/downloads/DRIAMS-C/id/2018/2018_clean.csv,28031104870_E6,28031104870_E6,1351.0,Enterococcus
Escherichia coli,28031104870_E7,S,R,S,R,R,S,S,S,S,R,S,S,,,,,,,,,,,,,,,,,,,,,,,,,,,,,,,,,,,,,,,,,,,,,../data/driams/downloads/DRIAMS-C/id/2018/2018_clean.csv,28031104870_E7,28031104870_E7,562.0,Escherichia
Proteus mirabilis,28031104870_E8,S,S,S,S,S,S,S,R,S,S,R,S,,,,,,,,,,,,,,,,,,,,,,,,,,,,,,,,,,,,,,,,,,,,,../data/driams/downloads/DRIAMS-C/id/2018/2018_clean.csv,28031104870_E8,28031104870_E8,584.0,Proteus
Escherichia coli,28031104870_A8,S,R,S,R,R,S,S,S,S,R,S,S,,,,,,,,,,,,,,,,,,,,,,,,,,,,,,,,,,,,,,,,,,,,,../data/driams/downloads/DRIAMS-C/id/2018/2018_clean.csv,28031104870_A8,28031104870_A8,562.0,Escherichia
Proteus mirabilis,28031104870_A9,S,S,S,S,S,S,S,R,S,S,R,S,,,,,,,,,,,,,,,,,,,,,,,,,,,,,,,,,,,,,,,,,,,,,../data/driams/downloads/DRIAMS-C/id/2018/2018_clean.csv,28031104870_A9,28031104870_A9,584.0,Proteus
Escherichia coli,28031104870_C10,S,R,S,R,R,S,S,S,S,R,S,S,,,,,,,,,,,,,,,,,,,,,,,,,,,,,,,,,,,,,,,,,,,,,../data/driams/downloads/DRIAMS-C/id/2018/2018_clean.csv,28031104870_C10,28031104870_C10,562.0,Escherichia
Escherichia coli,28031105460_A4,S,S,S,S,S,S,S,,,,S,S,,,,,,,,,,,S,,,S,S,S,,,,,,,,,,,,,,,,,,,,,,,,,,,,,../data/driams/downloads/DRIAMS-C/id/2018/2018_clean.csv,28031105460_A4,28031105460_A4,562.0,Escherichia
Escherichia coli,28031202460_G3,S,S,S,S,S,S,S,,,,S,S,,,,,,,,,,,S,,,S,S,S,,,,,,,,,,,,,,,,,,,,,,,,,,,,,../data/driams/downloads/DRIAMS-C/id/2018/2018_clean.csv,28031202460_G3,28031202460_G3,562.0,Escherichia
Escherichia coli,28031202460_B2,S,S,S,S,S,S,S,,,,S,S,,,,,,,,,,,S,,,S,S,S,,,,,,,,,,,,,,,,,,,,,,,,,,,,,../data/driams/downloads/DRIAMS-C/id/2018/2018_clean.csv,28031202460_B2,28031202460_B2,562.0,Escherichia
Escherichia coli,28031203220_A9,S,S,S,S,S,S,S,,,,S,S,,,,,,,,,,,S,,,S,S,S,,,,,,,,,,,,,,,,,,,,,,,,,,,,,../data/driams/downloads/DRIAMS-C/id/2018/2018_clean.csv,28031203220_A9,28031203220_A9,562.0,Escherichia
Escherichia coli,28031203220_E8,S,S,S,S,S,S,S,,,,S,S,,,,,,,,,,,S,,,S,S,S,,,,,,,,,,,,,,,,,,,,,,,,,,,,,../data/driams/downloads/DRIAMS-C/id/2018/2018_clean.csv,28031203220_E8,28031203220_E8,562.0,Escherichia
Escherichia coli,28031211060_F1,R,R,S,S,S,S,S,,,,S,R,,,,,,,,,,,S,,,S,S,S,,,,,,,,,,,,,,,,,,,,,,,,,,,,,../data/driams/downloads/DRIAMS-C/id/2018/2018_clean.csv,28031211060_F1,28031211060_F1,562.0,Escherichia
Escherichia coli,28031211060_F2,R,R,S,S,S,S,S,,,,S,R,,,,,,,,,,,S,,,S,S,S,,,,,,,,,,,,,,,,,,,,,,,,,,,,,../data/driams/downloads/DRIAMS-C/id/2018/2018_clean.csv,28031211060_F2,28031211060_F2,562.0,Escherichia
Nakaseomyces glabratus,28031211070_A9,,,,,,,,,,,,,,,,,,,,,,,,,,,,,,,,,,,,,S,S,,,S,,,,,S,,,,,,,,S,,,../data/driams/downloads/DRIAMS-C/id/2018/2018_clean.csv,28031211070_A9,28031211070_A9,5478.0,
Staphylococcus aureus,28031212010_B4,S,R,,R,S,,,S,,R,,S,,,,,S,R,,,,,,,,,,,,,,,S,,,,,,,,,,,,,,,,,,,,,,,,../data/driams/downloads/DRIAMS-C/id/2018/2018_clean.csv,28031212010_B4,28031212010_B4,1280.0,Staphylococcus
Escherichia coli,28031212020_B5,R,R,S,R,S,S,S,S,S,R,S,S,,,,,,,,,,,,,,,,,,,,,,,,,,,,,,,,,,,,,,,,,,,,,../data/driams/downloads/DRIAMS-C/id/2018/2018_clean.csv,28031212020_B5,28031212020_B5,562.0,Escherichia
Providencia rettgeri,28031212020_B6,R,R,S,S,S,S,R,R,R,S,R,S,,,,,,,,,,,,,,,,,,,,,,,,,,,,,,,,,,,,,,,,,,,,,../data/driams/downloads/DRIAMS-C/id/2018/2018_clean.csv,28031212020_B6,28031212020_B6,587.0,Providencia
Enterococcus faecalis,28031212020_B7,S,S,,,,,,S,,,,I,,,,,R,,,,,R,S,,,,,,,,,,,,,,,,,,,,,,,,,,,,,,,,,,../data/driams/downloads/DRIAMS-C/id/2018/2018_clean.csv,28031212020_B7,28031212020_B7,1351.0,Enterococcus
Escherichia coli,28031212020_D10,R,R,S,R,S,S,S,S,S,R,S,S,,,,,,,,,,,,,,,,,,,,,,,,,,,,,,,,,,,,,,,,,,,,,../data/driams/downloads/DRIAMS-C/id/2018/2018_clean.csv,28031212020_D10,28031212020_D10,562.0,Escherichia
Enterobacter cloacae,28031212420_C6,R,R,S,S,S,S,S,S,S,S,S,S,,,,,,,,,,,,,,,,,,,,,,,,,,,,,,,,,,,,,,,,,,,,,../data/driams/downloads/DRIAMS-C/id/2018/2018_clean.csv,28031212420_C6,28031212420_C6,550.0,Enterobacter
Proteus mirabilis,28031214150_B1,S,S,S,S,S,S,S,,,,R,S,,,,,,,,,,,S,,,S,S,S,,,,,,,,,,,,,,,,,,,,,,,,,,,,,../data/driams/downloads/DRIAMS-C/id/2018/2018_clean.csv,28031214150_B1,28031214150_B1,584.0,Proteus
Staphylococcus aureus,28031214150_B2,S,S,,S,S,,,,,,,S,S,S,S,S,S,S,S,S,,,,,,,,,,,,,,,,,,,,,,,,,,,,,,,,,,,,,../data/driams/downloads/DRIAMS-C/id/2018/2018_clean.csv,28031214150_B2,28031214150_B2,1280.0,Staphylococcus
Escherichia coli,28031214150_B3,S,R,S,S,S,S,S,,,,S,I,,,,,,,,,,,S,,,S,S,S,,,,,,,,,,,,,,,,,,,,,,,,,,,,,../data/driams/downloads/DRIAMS-C/id/2018/2018_clean.csv,28031214150_B3,28031214150_B3,562.0,Escherichia
Proteus mirabilis,28031214150_F10,S,S,S,S,S,S,S,,,,R,S,,,,,,,,,,,S,,,S,S,S,,,,,,,,,,,,,,,,,,,,,,,,,,,,,../data/driams/downloads/DRIAMS-C/id/2018/2018_clean.csv,28031214150_F10,28031214150_F10,584.0,Proteus
Escherichia coli,28031214150_F11,S,R,S,S,S,S,S,,,,S,I,,,,,,,,,,,S,,,S,S,S,,,,,,,,,,,,,,,,,,,,,,,,,,,,,../data/driams/downloads/DRIAMS-C/id/2018/2018_clean.csv,28031214150_F11,28031214150_F11,562.0,Escherichia
Enterococcus faecalis,28031214150_F7,S,S,,,R,,,,,,,,,R,,,R,,,S,S,R,S,,,,,,,,,,,,,,,,,,,,,,,,,,,,,,,,,,../data/driams/downloads/DRIAMS-C/id/2018/2018_clean.csv,28031214150_F7,28031214150_F7,1351.0,Enterococcus
Proteus mirabilis,28031214150_F8,S,S,S,S,S,S,S,,,,R,S,,,,,,,,,,,S,,,S,S,S,,,,,,,,,,,,,,,,,,,,,,,,,,,,,../data/driams/downloads/DRIAMS-C/id/2018/2018_clean.csv,28031214150_F8,28031214150_F8,584.0,Proteus
Proteus mirabilis,28031214150_F9,S,S,S,S,S,S,S,,,,R,S,,,,,,,,,,,S,,,S,S,S,,,,,,,,,,,,,,,,,,,,,,,,,,,,,../data/driams/downloads/DRIAMS-C/id/2018/2018_clean.csv,28031214150_F9,28031214150_F9,584.0,Proteus
Enterococcus faecium,28031214570_D12,R,R,,,R,,,,,,,,,R,,,R,,,S,S,S,R,,,,,,,,,,,,,,,,,,,,,,,,,,,,,,,,,,../data/driams/downloads/DRIAMS-C/id/2018/2018_clean.csv,28031214570_D12,28031214570_D12,1352.0,Enterococcus
Pasteurella multocida,28031304080_B8,S,S,,S,,,,,,,,S,,,S,,,S,,,,,,,,,,,,,,,,,,,,,,,,,,S,,,,,,,,,,,,,../data/driams/downloads/DRIAMS-C/id/2018/2018_clean.csv,28031304080_B8,28031304080_B8,747.0,Pasteurella
Staphylococcus aureus,28031304230_B10,R,R,,S,S,,,,,,,S,S,S,S,S,R,R,S,S,,S,,,,,,,,,,,,,,,,,,,,,,,,,,,,,,,,,,,../data/driams/downloads/DRIAMS-C/id/2018/2018_clean.csv,28031304230_B10,28031304230_B10,1280.0,Staphylococcus
Staphylococcus aureus,28031304380_B12,S,R,,S,S,,,,,,,S,S,S,S,S,S,R,S,S,,,,,,,,,,,,,,,,,,,,,,,,,,,,,,,,,,,,,../data/driams/downloads/DRIAMS-C/id/2018/2018_clean.csv,28031304380_B12,28031304380_B12,1280.0,Staphylococcus
Pseudomonas aeruginosa,28031304380_C1,R,R,R,S,S,R,S,,,,S,R,,,,,,,,,,,S,,,S,S,S,,,,,,,,,,,,,,,,,,,,,,,,,,,,,../data/driams/downloads/DRIAMS-C/id/2018/2018_clean.csv,28031304380_C1,28031304380_C1,287.0,Pseudomonas
Haemophilus influenzae,28031304390_C3,S,S,,S,,S,S,,,,,,I,,,,,S,,,,,,,,,,,,,,,,,,,,,,,,,,,,,,,,,,,,,,,../data/driams/downloads/DRIAMS-C/id/2018/2018_clean.csv,28031304390_C3,28031304390_C3,727.0,Haemophilus
Haemophilus influenzae,28031304390_C4,S,S,,S,,S,S,,,,,,I,,,,,S,,,,,,,,,,,,,,,,,,,,,,,,,,,,,,,,,,,,,,,../data/driams/downloads/DRIAMS-C/id/2018/2018_clean.csv,28031304390_C4,28031304390_C4,727.0,Haemophilus
Klebsiella aerogenes,28031304390_C6,R,R,S,S,S,S,S,,,,S,S,,,,,,,,,,,S,,,S,S,S,,,,,,,,,,,,,,,,,,,,,,,,,,,,,../data/driams/downloads/DRIAMS-C/id/2018/2018_clean.csv,28031304390_C6,28031304390_C6,548.0,
Haemophilus influenzae,28031304390_C9,S,S,,S,,S,S,,,,,,I,,,,,S,,,,,,,,,,,,,,,,,,,,,,,,,,,,,,,,,,,,,,,../data/driams/downloads/DRIAMS-C/id/2018/2018_clean.csv,28031304390_C9,28031304390_C9,727.0,Haemophilus
Escherichia coli,28031304400_C11,S,S,S,S,S,S,S,,,,S,S,,,,,,,,,,,S,,,S,S,S,,,,,,,,,,,,,,,,,,,,,,,,,,,,,../data/driams/downloads/DRIAMS-C/id/2018/2018_clean.csv,28031304400_C11,28031304400_C11,562.0,Escherichia
Escherichia coli,28031304400_C12,S,S,S,S,S,S,S,,,,S,S,,,,,,,,,,,S,,,S,S,S,,,,,,,,,,,,,,,,,,,,,,,,,,,,,../data/driams/downloads/DRIAMS-C/id/2018/2018_clean.csv,28031304400_C12,28031304400_C12,562.0,Escherichia
Hafnia alvei,28031309210_D10,R,R,S,S,S,S,S,,,,S,S,,,,,,,,,,,S,,,S,S,S,,,,,,,,,,,,,,,,,,,,,,,,,,,,,../data/driams/downloads/DRIAMS-C/id/2018/2018_clean.csv,28031309210_D10,28031309210_D10,569.0,Hafnia
Staphylococcus aureus,28031309210_D11,S,R,,S,S,,,,,,,S,S,S,S,S,S,R,S,S,,,,,,,,,,,,,,,,,,,,,,,,,,,,,,,,,,,,,../data/driams/downloads/DRIAMS-C/id/2018/2018_clean.csv,28031309210_D11,28031309210_D11,1280.0,Staphylococcus
Stenotrophomonas maltophilia,28031309210_D8,,,,,,,,,,,,S,,,,,,,,,,,,,,,,,,,,,,,,,,,,,,,,,,,,,,,,,,,,,../data/driams/downloads/DRIAMS-C/id/2018/2018_clean.csv,28031309210_D8,28031309210_D8,40324.0,Stenotrophomonas
Klebsiella oxytoca,28031309210_D9,S,R,S,S,S,S,S,,,,S,S,,,,,,,,,,,S,,,S,S,S,,,,,,,,,,,,,,,,,,,,,,,,,,,,,../data/driams/downloads/DRIAMS-C/id/2018/2018_clean.csv,28031309210_D9,28031309210_D9,571.0,Klebsiella
Proteus mirabilis,28031309470_E3,S,S,S,S,S,S,S,R,S,S,R,S,,,,,,,,,,,,,,,,,,,,,,,,,,,,,,,,,,,,,,,,,,,,,../data/driams/downloads/DRIAMS-C/id/2018/2018_clean.csv,28031309470_E3,28031309470_E3,584.0,Proteus
Serratia marcescens,28031309580_E5,R,R,S,S,S,S,R,R,S,S,R,S,,,,,,,,,,,,,,,,,,,,,,,,,,,,,,,,,,,,,,,,,,,,,../data/driams/downloads/DRIAMS-C/id/2018/2018_clean.csv,28031309580_E5,28031309580_E5,615.0,Serratia
Enterococcus faecalis,28031309580_E6,S,S,,,,,,S,,,,I,,,,,R,,,,,R,S,,,,,,,,,,,,,,,,,,,,,,,,,,,,,,,,,,../data/driams/downloads/DRIAMS-C/id/2018/2018_clean.csv,28031309580_E6,28031309580_E6,1351.0,Enterococcus
Enterococcus faecalis,28031309580_F9,S,S,,,,,,S,,,,I,,,,,R,,,,,R,S,,,,,,,,,,,,,,,,,,,,,,,,,,,,,,,,,,../data/driams/downloads/DRIAMS-C/id/2018/2018_clean.csv,28031309580_F9,28031309580_F9,1351.0,Enterococcus
Escherichia coli,28031309700_E7,R,R,S,S,S,S,R,S,R,S,S,S,,,,,,,,,,,,,,,,,,,,,,,,,,,,,,,,,,,,,,,,,,,,,../data/driams/downloads/DRIAMS-C/id/2018/2018_clean.csv,28031309700_E7,28031309700_E7,562.0,Escherichia
Proteus mirabilis,28031309700_E8,S,S,S,S,S,S,S,R,R,S,R,S,,,,,,,,,,,,,,,,,,,,,,,,,,,,,,,,,,,,,,,,,,,,,../data/driams/downloads/DRIAMS-C/id/2018/2018_clean.csv,28031309700_E8,28031309700_E8,584.0,Proteus
Enterococcus faecalis,28031309700_E9,S,S,,,,,,S,R,,,I,,,,,R,,,,,R,S,,,,,,,,,,,,,,,,,,,,,,,,,,,,,,,,,,../data/driams/downloads/DRIAMS-C/id/2018/2018_clean.csv,28031309700_E9,28031309700_E9,1351.0,Enterococcus
Klebsiella pneumoniae,28031309720_E10,S,R,S,S,S,S,S,R,S,S,S,S,,,,,,,,,,,,,,,,,,,,,,,,,,,,,,,,,,,,,,,,,,,,,../data/driams/downloads/DRIAMS-C/id/2018/2018_clean.csv,28031309720_E10,28031309720_E10,573.0,Klebsiella
Klebsiella pneumoniae,28031309720_F10,S,R,S,S,S,S,S,R,S,S,S,S,,,,,,,,,,,,,,,,,,,,,,,,,,,,,,,,,,,,,,,,,,,,,../data/driams/downloads/DRIAMS-C/id/2018/2018_clean.csv,28031309720_F10,28031309720_F10,573.0,Klebsiella
Enterococcus faecalis,28031309770_E11,S,S,,,,,,S,,,,I,,,,,R,,,,,R,S,,,,,,,,,,,,,,,,,,,,,,,,,,,,,,,,,,../data/driams/downloads/DRIAMS-C/id/2018/2018_clean.csv,28031309770_E11,28031309770_E11,1351.0,Enterococcus
Klebsiella aerogenes,28031309800_E2,R,R,S,S,S,S,S,,,,S,S,,,,,,,,,,,S,,,S,S,S,,,,,,,,,,,,,,,,,,,,,,,,,,,,,../data/driams/downloads/DRIAMS-C/id/2018/2018_clean.csv,28031309800_E2,28031309800_E2,548.0,
Enterococcus faecalis,28031311370_E3,S,S,,,R,,,,,,,,,R,,,R,,,S,S,R,S,,,,,,,,,,,,,,,,,,,,,,,,,,,,,,,,,,../data/driams/downloads/DRIAMS-C/id/2018/2018_clean.csv,28031311370_E3,28031311370_E3,1351.0,Enterococcus
Escherichia coli,28031311370_E5,S,S,S,S,S,S,S,,,,S,S,,,,,,,,,,,S,,,S,S,S,,,,,,,,,,,,,,,,,,,,,,,,,,,,,../data/driams/downloads/DRIAMS-C/id/2018/2018_clean.csv,28031311370_E5,28031311370_E5,562.0,Escherichia
Enterococcus faecalis,28031311370_A1,S,S,,,R,,,,,,,,,R,,,R,,,S,S,R,S,,,,,,,,,,,,,,,,,,,,,,,,,,,,,,,,,,../data/driams/downloads/DRIAMS-C/id/2018/2018_clean.csv,28031311370_A1,28031311370_A1,1351.0,Enterococcus
Escherichia coli,28031311370_A3,S,S,S,S,S,S,S,,,,S,S,,,,,,,,,,,S,,,S,S,S,,,,,,,,,,,,,,,,,,,,,,,,,,,,,../data/driams/downloads/DRIAMS-C/id/2018/2018_clean.csv,28031311370_A3,28031311370_A3,562.0,Escherichia
Enterococcus faecalis,28031311370_B5,S,S,,,R,,,,,,,,,R,,,R,,,S,S,R,S,,,,,,,,,,,,,,,,,,,,,,,,,,,,,,,,,,../data/driams/downloads/DRIAMS-C/id/2018/2018_clean.csv,28031311370_B5,28031311370_B5,1351.0,Enterococcus
Bacteroides fragilis,28031311370_B6,S,R,,,,,,,,,,,I,S,,,,R,,,,,,S,,,,,,,,,,,,,,,,,,,,,,,,,,,,,,,,,../data/driams/downloads/DRIAMS-C/id/2018/2018_clean.csv,28031311370_B6,28031311370_B6,817.0,Bacteroides
Citrobacter koseri,28031311990_E12,S,R,S,S,S,S,S,,,,S,S,,,,,,,,,,,S,,,S,S,S,,,,,,,,,,,,,,,,,,,,,,,,,,,,,../data/driams/downloads/DRIAMS-C/id/2018/2018_clean.csv,28031311990_E12,28031311990_E12,545.0,Citrobacter
Escherichia coli,28031313970_F2,S,R,S,S,S,S,S,S,R,S,S,S,,,,,,,,,,,,,,,,,,,,,,,,,,,,,,,,,,,,,,,,,,,,,../data/driams/downloads/DRIAMS-C/id/2018/2018_clean.csv,28031313970_F2,28031313970_F2,562.0,Escherichia
Escherichia coli,28031313970_F3,S,R,S,S,S,S,S,S,R,S,S,S,,,,,,,,,,,,,,,,,,,,,,,,,,,,,,,,,,,,,,,,,,,,,../data/driams/downloads/DRIAMS-C/id/2018/2018_clean.csv,28031313970_F3,28031313970_F3,562.0,Escherichia
Klebsiella pneumoniae,28031314070_F7,S,R,S,S,S,S,S,S,R,S,S,S,,,,,,,,,,,,,,,,,,,,,,,,,,,,,,,,,,,,,,,,,,,,,../data/driams/downloads/DRIAMS-C/id/2018/2018_clean.csv,28031314070_F7,28031314070_F7,573.0,Klebsiella
Staphylococcus aureus,28031314780_F5,S,S,,S,S,,,,,,,S,S,S,S,S,S,S,S,S,,,,,,,,,,,,,,,,,,,,,,,,,,,,,,,,,,,,,../data/driams/downloads/DRIAMS-C/id/2018/2018_clean.csv,28031314780_F5,28031314780_F5,1280.0,Staphylococcus
Escherichia coli,28031404450_B11,S,S,S,S,S,S,S,,,,S,S,,,,,,,,,,,S,,,S,S,S,,,,,,,,,,,,,,,,,,,,,,,,,,,,,../data/driams/downloads/DRIAMS-C/id/2018/2018_clean.csv,28031404450_B11,28031404450_B11,562.0,Escherichia
Haemophilus influenzae,28031404450_B12,S,S,,S,,S,S,,,,,,I,,,,,S,,,,,,,,,,,,,,,,,,,,,,,,,,,,,,,,,,,,,,,../data/driams/downloads/DRIAMS-C/id/2018/2018_clean.csv,28031404450_B12,28031404450_B12,727.0,Haemophilus
Enterococcus faecium,28031405730_G1,R,R,,,R,,,,,,,,,R,,,R,,,S,S,S,R,,,,,,,,,,,,,,,,,,,,,,,,,,,,,,,,,,../data/driams/downloads/DRIAMS-C/id/2018/2018_clean.csv,28031405730_G1,28031405730_G1,1352.0,Enterococcus
Enterococcus faecalis,28031410630_G12,S,S,,,,,,S,,,,I,,,,,R,,,,,R,S,,,,,,,,,,,,,,,,,,,,,,,,,,,,,,,,,,../data/driams/downloads/DRIAMS-C/id/2018/2018_clean.csv,28031410630_G12,28031410630_G12,1351.0,Enterococcus
Proteus mirabilis,28031410630_H1,S,R,S,S,S,S,S,R,S,S,R,R,,,,,,,,,,,,,,,,,,,,,,,,,,,,,,,,,,,,,,,,,,,,,../data/driams/downloads/DRIAMS-C/id/2018/2018_clean.csv,28031410630_H1,28031410630_H1,584.0,Proteus
Proteus mirabilis,28031410630_H2,S,R,S,S,S,S,S,R,S,S,R,R,,,,,,,,,,,,,,,,,,,,,,,,,,,,,,,,,,,,,,,,,,,,,../data/driams/downloads/DRIAMS-C/id/2018/2018_clean.csv,28031410630_H2,28031410630_H2,584.0,Proteus
Proteus mirabilis,28031410630_H3,S,R,S,S,S,S,S,R,S,S,R,R,,,,,,,,,,,,,,,,,,,,,,,,,,,,,,,,,,,,,,,,,,,,,../data/driams/downloads/DRIAMS-C/id/2018/2018_clean.csv,28031410630_H3,28031410630_H3,584.0,Proteus
Klebsiella oxytoca,28031410700_G8,S,R,S,S,S,S,S,S,S,S,S,S,,,,,,,,,,,,,,,,,,,,,,,,,,,,,,,,,,,,,,,,,,,,,../data/driams/downloads/DRIAMS-C/id/2018/2018_clean.csv,28031410700_G8,28031410700_G8,571.0,Klebsiella
Klebsiella pneumoniae,28031410750_G2,S,R,S,S,S,S,S,S,R,S,S,S,,,,,,,,,,,,,,,,,,,,,,,,,,,,,,,,,,,,,,,,,,,,,../data/driams/downloads/DRIAMS-C/id/2018/2018_clean.csv,28031410750_G2,28031410750_G2,573.0,Klebsiella
Enterococcus gallinarum,28031410750_A8,S,S,,,R,,,,,,,,,R,,,R,,,S,S,S,S,,,,,,,,,,,,,,,,,,,,,,,,,,,,,,,,,,../data/driams/downloads/DRIAMS-C/id/2018/2018_clean.csv,28031410750_A8,28031410750_A8,1353.0,Enterococcus
Citrobacter koseri,28031410770_G3,S,R,S,S,S,S,S,S,S,S,S,S,,,,,,,,,,,,,,,,,,,,,,,,,,,,,,,,,,,,,,,,,,,,,../data/driams/downloads/DRIAMS-C/id/2018/2018_clean.csv,28031410770_G3,28031410770_G3,545.0,Citrobacter
Pseudoglutamicibacter cumminsii,28031410980_E5,,,,S,,,,,,,,,,S,S,,,S,S,S,S,,,,,,,,,,,,,,,,,,,,,,,,,,,,,,,,,,,,../data/driams/downloads/DRIAMS-C/id/2018/2018_clean.csv,28031410980_E5,28031410980_E5,156979.0,
Pseudoglutamicibacter cumminsii,28031410980_C3,,,,S,,,,,,,,,,S,S,,,S,S,S,S,,,,,,,,,,,,,,,,,,,,,,,,,,,,,,,,,,,,../data/driams/downloads/DRIAMS-C/id/2018/2018_clean.csv,28031410980_C3,28031410980_C3,156979.0,
Citrobacter koseri,28031414370_D5,S,R,S,S,S,S,S,,,,S,S,,,,,,,,,,,S,,,S,S,S,,,,,,,,,,,,,,,,,,,,,,,,,,,,,../data/driams/downloads/DRIAMS-C/id/2018/2018_clean.csv,28031414370_D5,28031414370_D5,545.0,Citrobacter
Citrobacter koseri,28031414370_D6,S,R,S,S,S,S,S,,,,S,S,,,,,,,,,,,S,,,S,S,S,,,,,,,,,,,,,,,,,,,,,,,,,,,,,../data/driams/downloads/DRIAMS-C/id/2018/2018_clean.csv,28031414370_D6,28031414370_D6,545.0,Citrobacter
Proteus vulgaris,28031503710_G3,S,R,S,S,S,S,R,,,,R,S,,,,,,,,,,,S,,,S,S,S,,,,,,,,,,,,,,,,,,,,,,,,,,,,,../data/driams/downloads/DRIAMS-C/id/2018/2018_clean.csv,28031503710_G3,28031503710_G3,585.0,Proteus
Pseudomonas aeruginosa,28031503710_G4,R,R,S,S,S,R,R,,,,S,R,,,,,,,,,,,S,,,S,S,S,,,,,,,,,,,,,,,,,,,,,,,,,,,,,../data/driams/downloads/DRIAMS-C/id/2018/2018_clean.csv,28031503710_G4,28031503710_G4,287.0,Pseudomonas
Proteus vulgaris,28031503710_G5,S,R,S,S,S,S,R,,,,R,S,,,,,,,,,,,S,,,S,S,S,,,,,,,,,,,,,,,,,,,,,,,,,,,,,../data/driams/downloads/DRIAMS-C/id/2018/2018_clean.csv,28031503710_G5,28031503710_G5,585.0,Proteus
Proteus vulgaris,28031503710_G6,S,R,S,S,S,S,R,,,,R,S,,,,,,,,,,,S,,,S,S,S,,,,,,,,,,,,,,,,,,,,,,,,,,,,,../data/driams/downloads/DRIAMS-C/id/2018/2018_clean.csv,28031503710_G6,28031503710_G6,585.0,Proteus
Klebsiella pneumoniae,28031505420_B6,R,R,R,R,R,R,R,R,R,R,S,R,,,,,,,,,,,R,,,R,R,S,,,,,,,S,,,,,,,R,S,,S,,,,,,,,,,,,../data/driams/downloads/DRIAMS-C/id/2018/2018_clean.csv,28031505420_B6,28031505420_B6,573.0,Klebsiella
Klebsiella pneumoniae,28031506060_C10,R,R,R,R,R,R,R,,,,S,R,,,,,,,,,,,S,,,R,R,S,,,,,,,,,,,,,,,,,,,,,,,,,,,,,../data/driams/downloads/DRIAMS-C/id/2018/2018_clean.csv,28031506060_C10,28031506060_C10,573.0,Klebsiella
Escherichia coli,28031506060_C11,S,S,S,S,S,S,S,,,,S,S,,,,,,,,,,,S,,,S,S,S,,,,,,,,,,,,,,,,,,,,,,,,,,,,,../data/driams/downloads/DRIAMS-C/id/2018/2018_clean.csv,28031506060_C11,28031506060_C11,562.0,Escherichia
Enterococcus faecium,28031506060_C9,R,R,,,R,,,,,,,,,R,,,R,,,S,S,S,R,,,,,,,,,,,,,,,,,,,,,,,,,,,,,,,,,,../data/driams/downloads/DRIAMS-C/id/2018/2018_clean.csv,28031506060_C9,28031506060_C9,1352.0,Enterococcus
Klebsiella pneumoniae,28031506060_A6,R,R,R,R,R,R,R,,,,S,R,,,,,,,,,,,S,,,R,R,S,,,,,,,,,,,,,,,,,,,,,,,,,,,,,../data/driams/downloads/DRIAMS-C/id/2018/2018_clean.csv,28031506060_A6,28031506060_A6,573.0,Klebsiella
Enterococcus faecium,28031506060_A7,R,R,,,R,,,,,,,,,R,,,R,,,S,S,S,R,,,,,,,,,,,,,,,,,,,,,,,,,,,,,,,,,,../data/driams/downloads/DRIAMS-C/id/2018/2018_clean.csv,28031506060_A7,28031506060_A7,1352.0,Enterococcus
Enterococcus faecium,28031506060_E2,R,R,,,R,,,,,,,,,R,,,R,,,S,S,S,R,,,,,,,,,,,,,,,,,,,,,,,,,,,,,,,,,,../data/driams/downloads/DRIAMS-C/id/2018/2018_clean.csv,28031506060_E2,28031506060_E2,1352.0,Enterococcus
Enterococcus faecalis,28031506920_D2,S,S,,,,,,S,,,,I,,,,,R,,,,,R,S,,,,,,,,,,,,,,,,,,,,,,,,,,,,,,,,,,../data/driams/downloads/DRIAMS-C/id/2018/2018_clean.csv,28031506920_D2,28031506920_D2,1351.0,Enterococcus
Escherichia coli,28031506920_D3,R,R,R,S,S,R,R,,,S,S,S,,,,,,,,,,,S,,,S,R,S,,,,,,,,,,,,,,,,,,,,,,,,,,,,,../data/driams/downloads/DRIAMS-C/id/2018/2018_clean.csv,28031506920_D3,28031506920_D3,562.0,Escherichia
Pseudomonas aeruginosa,28031506920_D4,R,R,S,S,S,R,R,,,S,S,R,,,,,,,,,,,S,,,S,S,S,,,,,,,,,,,,,,,,,,,,,,,,,,,,,../data/driams/downloads/DRIAMS-C/id/2018/2018_clean.csv,28031506920_D4,28031506920_D4,287.0,Pseudomonas
Escherichia coli,28031506920_D5,R,R,R,S,S,R,R,,,S,S,S,,,,,,,,,,,S,,,S,R,S,,,,,,,,,,,,,,,,,,,,,,,,,,,,,../data/driams/downloads/DRIAMS-C/id/2018/2018_clean.csv,28031506920_D5,28031506920_D5,562.0,Escherichia
Escherichia coli,28031507630_G2,S,R,S,S,S,S,S,,,,S,S,,,,,,,,,,,S,,,S,S,S,,,,,,,,,,,,,,,,,,,,,,,,,,,,,../data/driams/downloads/DRIAMS-C/id/2018/2018_clean.csv,28031507630_G2,28031507630_G2,562.0,Escherichia
Enterobacter cloacae,28031507630_G3,R,R,R,S,S,R,R,,,,S,S,,,,,,,,,,,R,,,S,R,S,,,,,,,,,,,,,,,,,,,,,,,,,,,,,../data/driams/downloads/DRIAMS-C/id/2018/2018_clean.csv,28031507630_G3,28031507630_G3,550.0,Enterobacter
Enterobacter cloacae,28031507630_G4,R,R,R,S,S,R,R,,,,S,S,,,,,,,,,,,R,,,S,R,S,,,,,,,,,,,,,,,,,,,,,,,,,,,,,../data/driams/downloads/DRIAMS-C/id/2018/2018_clean.csv,28031507630_G4,28031507630_G4,550.0,Enterobacter
Streptococcus pneumoniae,28031509430_C4,S,S,,,R,,,,,,,S,S,S,S,,S,S,,S,,,,,S,,,,,,,,,,,,,,,,,,,,,,,,,,,,,,,,../data/driams/downloads/DRIAMS-C/id/2018/2018_clean.csv,28031509430_C4,28031509430_C4,1313.0,Streptococcus
Streptococcus pneumoniae,28031509430_C5,S,S,,,R,,,,,,,S,S,S,S,,S,S,,S,,,,,S,,,,,,,,,,,,,,,,,,,,,,,,,,,,,,,,../data/driams/downloads/DRIAMS-C/id/2018/2018_clean.csv,28031509430_C5,28031509430_C5,1313.0,Streptococcus
Staphylococcus aureus,28031509560_F5,S,S,,S,S,,,,,,,S,S,S,S,S,S,S,S,S,,,,,,,,,,,,,,,,,,,,,,,,,,,,,,,,,,,,,../data/driams/downloads/DRIAMS-C/id/2018/2018_clean.csv,28031509560_F5,28031509560_F5,1280.0,Staphylococcus
Enterococcus faecalis,28031509650_B7,S,S,,,,,,S,,,,I,,,,,R,,,,,R,S,,,,,,,,,,,,,,,,,,,,,,,,,,,,,,,,,,../data/driams/downloads/DRIAMS-C/id/2018/2018_clean.csv,28031509650_B7,28031509650_B7,1351.0,Enterococcus
Enterococcus faecalis,28031509650_B8,S,S,,,,,,S,,,,I,,,,,R,,,,,R,S,,,,,,,,,,,,,,,,,,,,,,,,,,,,,,,,,,../data/driams/downloads/DRIAMS-C/id/2018/2018_clean.csv,28031509650_B8,28031509650_B8,1351.0,Enterococcus
Proteus mirabilis,28031509650_G7,S,S,S,S,S,S,S,R,S,S,R,S,,,,,,,,,,,,,,,,,,,,,,,,,,,,,,,,,,,,,,,,,,,,,../data/driams/downloads/DRIAMS-C/id/2018/2018_clean.csv,28031509650_G7,28031509650_G7,584.0,Proteus
Klebsiella pneumoniae,28031511050_E11,R,R,R,S,S,S,R,,,,S,S,,,,,,,,,,,R,,,S,S,S,,,,,,,,,,,,,,,,,,,,,,,,,,,,,../data/driams/downloads/DRIAMS-C/id/2018/2018_clean.csv,28031511050_E11,28031511050_E11,573.0,Klebsiella
Pseudomonas aeruginosa,28031511050_E12,R,R,R,S,S,R,R,,,,S,R,,,,,,,,,,,R,,,S,R,S,,,,,,,,,,,,,,,,,,,,,,,,,,,,,../data/driams/downloads/DRIAMS-C/id/2018/2018_clean.csv,28031511050_E12,28031511050_E12,287.0,Pseudomonas
Klebsiella pneumoniae,28031511050_A1,R,R,R,S,S,S,R,,,,S,S,,,,,,,,,,,R,,,S,S,S,,,,,,,,,,,,,,,,,,,,,,,,,,,,,../data/driams/downloads/DRIAMS-C/id/2018/2018_clean.csv,28031511050_A1,28031511050_A1,573.0,Klebsiella
Corynebacterium pseudodiphtheriticum,28031511750_C1,,S,,,S,,,,,,,,,R,S,,,S,S,S,S,,,,,,,,,,,,,,,,,,,,,,,,,,,,,,,,,,,,../data/driams/downloads/DRIAMS-C/id/2018/2018_clean.csv,28031511750_C1,28031511750_C1,37637.0,Corynebacterium
Corynebacterium pseudodiphtheriticum,28031511750_C2,,S,,,S,,,,,,,,,R,S,,,S,S,S,S,,,,,,,,,,,,,,,,,,,,,,,,,,,,,,,,,,,,../data/driams/downloads/DRIAMS-C/id/2018/2018_clean.csv,28031511750_C2,28031511750_C2,37637.0,Corynebacterium
Schaalia meyeri,28031603600_C5,,S,,,,S,,,,,,,,,S,,,S,,,,,,,,,,,,,,,,,,,,,,,,,,,,,,,,,,,,,,,../data/driams/downloads/DRIAMS-C/id/2018/2018_clean.csv,28031603600_C5,28031603600_C5,52773.0,
Schaalia meyeri,28031603600_D5,,S,,,,S,,,,,,,,,S,,,S,,,,,,,,,,,,,,,,,,,,,,,,,,,,,,,,,,,,,,,../data/driams/downloads/DRIAMS-C/id/2018/2018_clean.csv,28031603600_D5,28031603600_D5,52773.0,
Enterobacter cloacae,28031603620_A10,R,R,R,S,S,R,R,,,,S,S,,,,,,,,,,,R,,,S,S,S,,,,,,,,,,,,,,,,,,,,,,,,,,,,,../data/driams/downloads/DRIAMS-C/id/2018/2018_clean.csv,28031603620_A10,28031603620_A10,550.0,Enterobacter
Enterococcus faecalis,28031603620_A8,S,S,,,R,,,,,,,,,R,,,R,R,,S,S,R,S,,,,,,,,,,,,,,,,,,,,,,,,,,,,,,,,,,../data/driams/downloads/DRIAMS-C/id/2018/2018_clean.csv,28031603620_A8,28031603620_A8,1351.0,Enterococcus
Enterobacter cloacae,28031603620_A9,R,R,R,S,S,R,R,,,,S,S,,,,,,,,,,,R,,,S,S,S,,,,,,,,,,,,,,,,,,,,,,,,,,,,,../data/driams/downloads/DRIAMS-C/id/2018/2018_clean.csv,28031603620_A9,28031603620_A9,550.0,Enterobacter
Staphylococcus aureus,28031603630_A11,S,R,,S,S,,,,,,,S,S,S,S,S,S,R,S,S,,,,,,,,,,,,,,,,,,,,,,,,,,,,,,,,,,,,,../data/driams/downloads/DRIAMS-C/id/2018/2018_clean.csv,28031603630_A11,28031603630_A11,1280.0,Staphylococcus
Serratia marcescens,28031604950_A12,R,R,S,S,S,S,R,,,,R,S,,,,,,,,,,,S,,,S,S,S,,,,,,,,,,,,,,,,,,,,,,,,,,,,,../data/driams/downloads/DRIAMS-C/id/2018/2018_clean.csv,28031604950_A12,28031604950_A12,615.0,Serratia
Serratia marcescens,28031604950_B1,R,R,S,S,S,S,R,,,,R,S,,,,,,,,,,,S,,,S,S,S,,,,,,,,,,,,,,,,,,,,,,,,,,,,,../data/driams/downloads/DRIAMS-C/id/2018/2018_clean.csv,28031604950_B1,28031604950_B1,615.0,Serratia
Enterococcus faecalis,28031606410_C10,S,S,,,R,,,,,,,,,R,,,R,,,S,S,R,S,,,,,,,,,,,,,,,,,,,,,,,,,,,,,,,,,,../data/driams/downloads/DRIAMS-C/id/2018/2018_clean.csv,28031606410_C10,28031606410_C10,1351.0,Enterococcus
Klebsiella oxytoca,28031606410_C1,R,R,S,S,S,R,R,,,,S,S,,,,,,,,,,,R,,,S,S,S,,,,,,,,,,,,,,,,,,,,,,,,,,,,,../data/driams/downloads/DRIAMS-C/id/2018/2018_clean.csv,28031606410_C1,28031606410_C1,571.0,Klebsiella
Klebsiella oxytoca,28031606410_C2,R,R,S,S,S,R,R,,,,S,S,,,,,,,,,,,R,,,S,S,S,,,,,,,,,,,,,,,,,,,,,,,,,,,,,../data/driams/downloads/DRIAMS-C/id/2018/2018_clean.csv,28031606410_C2,28031606410_C2,571.0,Klebsiella
Klebsiella oxytoca,28031606410_D1,R,R,S,S,S,R,R,,,,S,S,,,,,,,,,,,R,,,S,S,S,,,,,,,,,,,,,,,,,,,,,,,,,,,,,../data/driams/downloads/DRIAMS-C/id/2018/2018_clean.csv,28031606410_D1,28031606410_D1,571.0,Klebsiella
Enterobacter cloacae,28031608650_D9,R,R,S,S,S,S,R,S,R,S,S,S,,,,,,,,,,,,,,,,,,,,,,,,,,,,,,,,,,,,,,,,,,,,,../data/driams/downloads/DRIAMS-C/id/2018/2018_clean.csv,28031608650_D9,28031608650_D9,550.0,Enterobacter
Proteus mirabilis,28031609420_E1,S,S,S,S,S,S,S,R,R,S,R,S,,,,,,,,,,,,,,,,,,,,,,,,,,,,,,,,,,,,,,,,,,,,,../data/driams/downloads/DRIAMS-C/id/2018/2018_clean.csv,28031609420_E1,28031609420_E1,584.0,Proteus
Aerococcus urinae,28031611560_F5,S,S,,,,,,,,,,,,,,,,R,S,S,,,,,,,,,,,,,,,,,,,,,,,,,,,,,,,,,,,,,../data/driams/downloads/DRIAMS-C/id/2018/2018_clean.csv,28031611560_F5,28031611560_F5,1376.0,Aerococcus
Proteus mirabilis,28031611580_D5,S,R,S,S,S,S,S,,,,R,R,,,,,,,,,,,S,,,S,S,S,,,,,,,,,,,,,,,,,,,,,,,,,,,,,../data/driams/downloads/DRIAMS-C/id/2018/2018_clean.csv,28031611580_D5,28031611580_D5,584.0,Proteus
Klebsiella oxytoca,28031611580_D6,S,R,S,S,S,S,S,,,,S,S,,,,,,,,,,,S,,,S,S,S,,,,,,,,,,,,,,,,,,,,,,,,,,,,,../data/driams/downloads/DRIAMS-C/id/2018/2018_clean.csv,28031611580_D6,28031611580_D6,571.0,Klebsiella
Klebsiella oxytoca,28031611580_D7,S,R,S,S,S,S,S,,,,S,S,,,,,,,,,,,S,,,S,S,S,,,,,,,,,,,,,,,,,,,,,,,,,,,,,../data/driams/downloads/DRIAMS-C/id/2018/2018_clean.csv,28031611580_D7,28031611580_D7,571.0,Klebsiella
Proteus mirabilis,28031611580_D8,S,R,S,S,S,S,S,,,,R,R,,,,,,,,,,,S,,,S,S,S,,,,,,,,,,,,,,,,,,,,,,,,,,,,,../data/driams/downloads/DRIAMS-C/id/2018/2018_clean.csv,28031611580_D8,28031611580_D8,584.0,Proteus
Achromobacter xylosoxidans,28031611580_F8,S,R,R,R,R,R,R,,,,S,S,,,,,,,,,,,S,,,R,R,S,,,,,,,,,,,,,,,,,,,,,,,,,,,,,../data/driams/downloads/DRIAMS-C/id/2018/2018_clean.csv,28031611580_F8,28031611580_F8,85698.0,Achromobacter
Achromobacter xylosoxidans,28031611580_F9,S,R,R,R,R,R,R,,,,S,S,,,,,,,,,,,S,,,R,R,S,,,,,,,,,,,,,,,,,,,,,,,,,,,,,../data/driams/downloads/DRIAMS-C/id/2018/2018_clean.csv,28031611580_F9,28031611580_F9,85698.0,Achromobacter
Staphylococcus aureus,28031611780_D1,S,S,,S,S,,,,,,,S,S,S,S,S,S,S,S,S,,,,,,,,,,,,,,,,,,,,,,,,,,,,,,,,,,,,,../data/driams/downloads/DRIAMS-C/id/2018/2018_clean.csv,28031611780_D1,28031611780_D1,1280.0,Staphylococcus
Staphylococcus aureus,28031611780_D2,S,S,,S,S,,,,,,,S,S,S,S,S,S,S,S,S,,,,,,,,,,,,,,,,,,,,,,,,,,,,,,,,,,,,,../data/driams/downloads/DRIAMS-C/id/2018/2018_clean.csv,28031611780_D2,28031611780_D2,1280.0,Staphylococcus
Streptococcus pneumoniae,28031611980_B4,S,S,,,R,S,,,,,,S,S,S,S,,S,S,,S,,,,,S,,,,,,,,,,,,,,,,,,,,,,,,,,,,,,,,../data/driams/downloads/DRIAMS-C/id/2018/2018_clean.csv,28031611980_B4,28031611980_B4,1313.0,Streptococcus
Streptococcus pneumoniae,28031611980_B5,S,S,,,R,S,,,,,,S,S,S,S,,S,S,,S,,,,,S,,,,,,,,,,,,,,,,,,,,,,,,,,,,,,,,../data/driams/downloads/DRIAMS-C/id/2018/2018_clean.csv,28031611980_B5,28031611980_B5,1313.0,Streptococcus
Pseudomonas aeruginosa,28031613690_D7,R,R,S,S,S,R,R,,,,S,R,,,,,,,,,,,S,,,S,S,S,,,,,,,,,,,,,,,,,,,,,,,,,,,,,../data/driams/downloads/DRIAMS-C/id/2018/2018_clean.csv,28031613690_D7,28031613690_D7,287.0,Pseudomonas
Escherichia coli,28031702170_F6,S,S,S,S,S,S,S,S,S,S,S,S,,,,,,,,,,,,,,,,,,,,,,,,,,,,,,,,,,,,,,,,,,,,,../data/driams/downloads/DRIAMS-C/id/2018/2018_clean.csv,28031702170_F6,28031702170_F6,562.0,Escherichia
Escherichia coli,28031702170_F7,S,S,S,S,S,S,S,S,S,S,S,S,,,,,,,,,,,,,,,,,,,,,,,,,,,,,,,,,,,,,,,,,,,,,../data/driams/downloads/DRIAMS-C/id/2018/2018_clean.csv,28031702170_F7,28031702170_F7,562.0,Escherichia
Staphylococcus aureus,28031702960_D12,S,R,,S,S,,,,,,,S,S,S,S,S,S,R,S,S,,,,,,,,,,,,,,,,,,,,,,,,,,,,,,,,,,,,,../data/driams/downloads/DRIAMS-C/id/2018/2018_clean.csv,28031702960_D12,28031702960_D12,1280.0,Staphylococcus
Staphylococcus aureus,28031702960_E1,S,R,,S,S,,,,,,,S,S,S,S,S,S,R,S,S,,,,,,,,,,,,,,,,,,,,,,,,,,,,,,,,,,,,,../data/driams/downloads/DRIAMS-C/id/2018/2018_clean.csv,28031702960_E1,28031702960_E1,1280.0,Staphylococcus
Staphylococcus aureus,28031702960_E2,S,R,,S,S,,,,,,,S,S,S,S,S,S,R,S,S,,,,,,,,,,,,,,,,,,,,,,,,,,,,,,,,,,,,,../data/driams/downloads/DRIAMS-C/id/2018/2018_clean.csv,28031702960_E2,28031702960_E2,1280.0,Staphylococcus
Staphylococcus aureus,28031702960_E3,S,R,,S,S,,,,,,,S,S,S,S,S,S,R,S,S,,,,,,,,,,,,,,,,,,,,,,,,,,,,,,,,,,,,,../data/driams/downloads/DRIAMS-C/id/2018/2018_clean.csv,28031702960_E3,28031702960_E3,1280.0,Staphylococcus
Staphylococcus aureus,28031702960_E4,S,R,,S,S,,,,,,,S,S,S,S,S,S,R,S,S,,,,,,,,,,,,,,,,,,,,,,,,,,,,,,,,,,,,,../data/driams/downloads/DRIAMS-C/id/2018/2018_clean.csv,28031702960_E4,28031702960_E4,1280.0,Staphylococcus
Morganella morganii,28031703460_F11,R,R,S,S,S,S,R,,,,R,S,,,,,,,,,,,S,,,S,S,S,,,,,,,,,,,,,,,,,,,,,,,,,,,,,../data/driams/downloads/DRIAMS-C/id/2018/2018_clean.csv,28031703460_F11,28031703460_F11,582.0,Morganella
Staphylococcus aureus,28031703480_G1,S,R,,S,S,,,,,,,S,S,S,S,S,S,R,S,S,,,,,,,,,,,,,,,,,,,,,,,,,,,,,,,,,,,,,../data/driams/downloads/DRIAMS-C/id/2018/2018_clean.csv,28031703480_G1,28031703480_G1,1280.0,Staphylococcus
Campylobacter jejuni,28031704060_D11,,,,R,,,,,,,,,S,,,,,,,,,,,,,,,,S,S,R,R,,,,,,,,,,,,,,,,,,,,,,,,,../data/driams/downloads/DRIAMS-C/id/2018/2018_clean.csv,28031704060_D11,28031704060_D11,197.0,Campylobacter
Escherichia coli,28031805020_C10,R,R,R,R,R,R,R,S,S,R,S,R,,,,,,,,,,,S,,,S,R,S,,,,,,,,,,,,,,,,,,,,,,,,,,,,,../data/driams/downloads/DRIAMS-C/id/2018/2018_clean.csv,28031805020_C10,28031805020_C10,562.0,Escherichia
Corynebacterium otitidis,28031805320_A2,,,,S,S,,,,,,,,,S,,,,S,S,S,S,,,,,,,,,,,S,,,,,,,,,,,,,,,,,,,,,,,,,../data/driams/downloads/DRIAMS-C/id/2018/2018_clean.csv,28031805320_A2,28031805320_A2,29321.0,
Escherichia coli,28031805810_G10,S,R,R,S,R,R,R,S,S,S,S,S,,,,,,,,,,,S,,,S,R,S,,,,,,,,,,,,,,,,,,,,,,,,,,,,,../data/driams/downloads/DRIAMS-C/id/2018/2018_clean.csv,28031805810_G10,28031805810_G10,562.0,Escherichia
Escherichia coli,28031805810_B1,S,R,R,S,R,R,R,S,S,S,S,S,,,,,,,,,,,S,,,S,R,S,,,,,,,,,,,,,,,,,,,,,,,,,,,,,../data/driams/downloads/DRIAMS-C/id/2018/2018_clean.csv,28031805810_B1,28031805810_B1,562.0,Escherichia
Enterobacter cloacae,28031805810_B2,R,R,S,S,S,S,S,S,R,S,S,S,,,,,,,,,,,S,,,S,S,S,,,,,,,,,,,,,,,,,,,,,,,,,,,,,../data/driams/downloads/DRIAMS-C/id/2018/2018_clean.csv,28031805810_B2,28031805810_B2,550.0,Enterobacter
Escherichia coli,28031805840_E12,R,R,S,R,S,S,S,,,,S,S,,,,,,,,,,,I,,,S,S,S,,,,,,,,,,,,,,,,,,,,,,,,,,,,,../data/driams/downloads/DRIAMS-C/id/2018/2018_clean.csv,28031805840_E12,28031805840_E12,562.0,Escherichia
Escherichia coli,28031805840_F1,R,R,S,R,S,S,S,,,,S,S,,,,,,,,,,,I,,,S,S,S,,,,,,,,,,,,,,,,,,,,,,,,,,,,,../data/driams/downloads/DRIAMS-C/id/2018/2018_clean.csv,28031805840_F1,28031805840_F1,562.0,Escherichia
Citrobacter koseri,28031805860_F3,S,R,S,S,S,S,S,,,,S,S,,,,,,,,,,,S,,,S,S,S,,,,,,,,,,,,,,,,,,,,,,,,,,,,,../data/driams/downloads/DRIAMS-C/id/2018/2018_clean.csv,28031805860_F3,28031805860_F3,545.0,Citrobacter
Citrobacter koseri,28031805860_F4,S,R,S,S,S,S,S,,,,S,S,,,,,,,,,,,S,,,S,S,S,,,,,,,,,,,,,,,,,,,,,,,,,,,,,../data/driams/downloads/DRIAMS-C/id/2018/2018_clean.csv,28031805860_F4,28031805860_F4,545.0,Citrobacter
Escherichia coli,28031806010_F6,R,R,S,S,S,S,S,,,,S,S,,,,,,,,,,,S,,,S,S,S,,,,,,,,,,,,,,,,,,,,,,,,,,,,,../data/driams/downloads/DRIAMS-C/id/2018/2018_clean.csv,28031806010_F6,28031806010_F6,562.0,Escherichia
Escherichia coli,28031806010_F7,R,R,S,S,S,S,S,,,,S,S,,,,,,,,,,,S,,,S,S,S,,,,,,,,,,,,,,,,,,,,,,,,,,,,,../data/driams/downloads/DRIAMS-C/id/2018/2018_clean.csv,28031806010_F7,28031806010_F7,562.0,Escherichia
Escherichia coli,28031806010_F8,R,R,S,S,S,S,S,,,,S,S,,,,,,,,,,,S,,,S,S,S,,,,,,,,,,,,,,,,,,,,,,,,,,,,,../data/driams/downloads/DRIAMS-C/id/2018/2018_clean.csv,28031806010_F8,28031806010_F8,562.0,Escherichia
Campylobacter jejuni,28031907030_F5,,,,R,,,,,,,,,S,,,,,,,,,,,,,,,,S,S,R,R,,,,,,,,,,,,,,,,,,,,,,,,,../data/driams/downloads/DRIAMS-C/id/2018/2018_clean.csv,28031907030_F5,28031907030_F5,197.0,Campylobacter
Escherichia coli,28031908470_B10,R,R,S,S,S,S,S,,,,S,S,,,,,,,,,,,S,,,S,S,S,,,,,,,,,,,,,,,,,,,,,,,,,,,,,../data/driams/downloads/DRIAMS-C/id/2018/2018_clean.csv,28031908470_B10,28031908470_B10,562.0,Escherichia
Klebsiella pneumoniae,28031909380_B10,S,R,S,S,S,S,S,S,S,S,S,S,,,,,,,,,,,S,,,S,S,S,,,,,,,,,,,,,,,,,,,,,,,,,,,,,../data/driams/downloads/DRIAMS-C/id/2018/2018_clean.csv,28031909380_B10,28031909380_B10,573.0,Klebsiella
Klebsiella pneumoniae,28031909380_B11,S,R,S,S,S,S,S,S,S,S,S,S,,,,,,,,,,,S,,,S,S,S,,,,,,,,,,,,,,,,,,,,,,,,,,,,,../data/driams/downloads/DRIAMS-C/id/2018/2018_clean.csv,28031909380_B11,28031909380_B11,573.0,Klebsiella
Pseudomonas aeruginosa,28031909380_B9,R,R,S,S,S,R,R,R,R,S,S,R,,,,,,,,,,,S,,,S,S,S,,,,,,,,,,,,,,,,,,,,,,,,,,,,,../data/driams/downloads/DRIAMS-C/id/2018/2018_clean.csv,28031909380_B9,28031909380_B9,287.0,Pseudomonas
Pseudomonas aeruginosa,28031910080_H10,R,R,S,S,S,R,R,,,,S,R,,,,,,,,,,,S,,,S,S,R,,,,,,,,,,,,,,,,,,,,,,,,,,,,,../data/driams/downloads/DRIAMS-C/id/2018/2018_clean.csv,28031910080_H10,28031910080_H10,287.0,Pseudomonas
Enterococcus faecium,28031910080_H11,R,R,,,R,,,,,,,,,R,,,R,,,S,S,S,R,,,,,,,,,,,,,,,,,,,,,,,,,,,,,,,,,,../data/driams/downloads/DRIAMS-C/id/2018/2018_clean.csv,28031910080_H11,28031910080_H11,1352.0,Enterococcus
Campylobacter jejuni,28031912290_F11,,,,R,,,,,,,,,S,,,,,,,,,,,,,,,,S,S,R,R,,,,,,,,,,,,,,,,,,,,,,,,,../data/driams/downloads/DRIAMS-C/id/2018/2018_clean.csv,28031912290_F11,28031912290_F11,197.0,Campylobacter
Campylobacter jejuni,28031912290_F12,,,,R,,,,,,,,,S,,,,,,,,,,,,,,,,S,S,R,R,,,,,,,,,,,,,,,,,,,,,,,,,../data/driams/downloads/DRIAMS-C/id/2018/2018_clean.csv,28031912290_F12,28031912290_F12,197.0,Campylobacter
Staphylococcus lugdunensis,28031912400_E2,S,R,,S,S,,,,,,,S,S,S,S,S,S,R,S,S,,,,,,,,,,,,,,,,,,,,,,,,,,,,,,,,,,,,,../data/driams/downloads/DRIAMS-C/id/2018/2018_clean.csv,28031912400_E2,28031912400_E2,28035.0,Staphylococcus
Enterococcus faecalis,28031912450_A11,S,S,,,,,,S,,,,I,,,,,R,,,,,R,S,,,,,,,,,,,,,,,,,,,,,,,,,,,,,,,,,,../data/driams/downloads/DRIAMS-C/id/2018/2018_clean.csv,28031912450_A11,28031912450_A11,1351.0,Enterococcus
Enterobacter cloacae,28031912480_A12,R,R,S,S,S,S,S,S,S,S,S,S,,,,,,,,,,,,,,,,,,,,,,,,,,,,,,,,,,,,,,,,,,,,,../data/driams/downloads/DRIAMS-C/id/2018/2018_clean.csv,28031912480_A12,28031912480_A12,550.0,Enterobacter
Staphylococcus aureus,28031913540_H12,S,S,,S,S,,,,,,,S,S,S,S,S,S,S,S,S,,,,,,,,,,,,,,,,,,,,,,,,,,,,,,,,,,,,,../data/driams/downloads/DRIAMS-C/id/2018/2018_clean.csv,28031913540_H12,28031913540_H12,1280.0,Staphylococcus
Staphylococcus aureus,28032002900_A11,S,R,,S,S,,,,,,,S,S,S,S,S,S,R,S,S,,,,,,,,,,,,,,,,,,,,,,,,,,,,,,,,,,,,,../data/driams/downloads/DRIAMS-C/id/2018/2018_clean.csv,28032002900_A11,28032002900_A11,1280.0,Staphylococcus
Staphylococcus aureus,28032002900_A12,S,R,,S,S,,,,,,,S,S,S,S,S,S,R,S,S,,,,,,,,,,,,,,,,,,,,,,,,,,,,,,,,,,,,,../data/driams/downloads/DRIAMS-C/id/2018/2018_clean.csv,28032002900_A12,28032002900_A12,1280.0,Staphylococcus
Staphylococcus aureus,28032006150_E3,S,R,,S,S,,,,,,,S,S,S,S,S,S,R,S,S,,,,,,,,,,,,,,,,,,,,,,,,,,,,,,,,,,,,,../data/driams/downloads/DRIAMS-C/id/2018/2018_clean.csv,28032006150_E3,28032006150_E3,1280.0,Staphylococcus
Escherichia coli,28032006390_G4,R,R,S,R,S,S,R,S,S,R,S,R,,,,,,,,,,,,,,,,,,,,,,,,,,,,,,,,,,,,,,,,,,,,,../data/driams/downloads/DRIAMS-C/id/2018/2018_clean.csv,28032006390_G4,28032006390_G4,562.0,Escherichia
Escherichia coli,28032006390_A2,R,R,S,R,S,S,R,S,S,R,S,R,,,,,,,,,,,,,,,,,,,,,,,,,,,,,,,,,,,,,,,,,,,,,../data/driams/downloads/DRIAMS-C/id/2018/2018_clean.csv,28032006390_A2,28032006390_A2,562.0,Escherichia
Escherichia coli,28032006390_C9,R,R,S,R,S,S,R,S,S,R,S,R,,,,,,,,,,,,,,,,,,,,,,,,,,,,,,,,,,,,,,,,,,,,,../data/driams/downloads/DRIAMS-C/id/2018/2018_clean.csv,28032006390_C9,28032006390_C9,562.0,Escherichia
Enterococcus faecalis,28032006950_E9,S,S,,,,,,S,,,,I,,,,,R,,,,,R,S,,,,,,,,,,,,,,,,,,,,,,,,,,,,,,,,,,../data/driams/downloads/DRIAMS-C/id/2018/2018_clean.csv,28032006950_E9,28032006950_E9,1351.0,Enterococcus
Pseudomonas aeruginosa,28032007380_B12,R,R,S,S,S,R,R,,,,S,R,,,,,,,,,,,S,,,S,S,S,,,,,,,,,,,,,,,,,,,,,,,,,,,,,../data/driams/downloads/DRIAMS-C/id/2018/2018_clean.csv,28032007380_B12,28032007380_B12,287.0,Pseudomonas
Pseudomonas aeruginosa,28032007380_D2,R,R,S,S,S,R,R,,,,S,R,,,,,,,,,,,S,,,S,S,S,,,,,,,,,,,,,,,,,,,,,,,,,,,,,../data/driams/downloads/DRIAMS-C/id/2018/2018_clean.csv,28032007380_D2,28032007380_D2,287.0,Pseudomonas
Bacteroides fragilis,28032013520_G8,S,R,,,,,,,,,,,S,S,,,,R,,,,,,S,,,,,,,,,,,,,,,,,,,,,,,,,,,,,,,,,../data/driams/downloads/DRIAMS-C/id/2018/2018_clean.csv,28032013520_G8,28032013520_G8,817.0,Bacteroides
Bacteroides fragilis,28032013520_G9,S,R,,,,,,,,,,,S,S,,,,R,,,,,,S,,,,,,,,,,,,,,,,,,,,,,,,,,,,,,,,,../data/driams/downloads/DRIAMS-C/id/2018/2018_clean.csv,28032013520_G9,28032013520_G9,817.0,Bacteroides
Enterococcus faecalis,28032103030_E12,S,S,,,,,,S,,,,I,,,,,R,,,,,R,S,,,,,,,,,,,,,,,,,,,,,,,,,,,,,,,,,,../data/driams/downloads/DRIAMS-C/id/2018/2018_clean.csv,28032103030_E12,28032103030_E12,1351.0,Enterococcus
Escherichia coli,28032103030_F2,S,R,S,S,S,R,R,S,S,S,S,S,,,,,,,,,,,S,,,S,S,S,,,,,,,,,,,,,,,,,,,,,,,,,,,,,../data/driams/downloads/DRIAMS-C/id/2018/2018_clean.csv,28032103030_F2,28032103030_F2,562.0,Escherichia
Klebsiella oxytoca,28032103030_F3,S,R,S,S,S,S,S,S,R,S,S,S,,,,,,,,,,,S,,,S,S,S,,,,,,,,,,,,,,,,,,,,,,,,,,,,,../data/driams/downloads/DRIAMS-C/id/2018/2018_clean.csv,28032103030_F3,28032103030_F3,571.0,Klebsiella
Escherichia coli,28032103250_G6,S,R,S,S,S,S,S,S,S,S,S,R,,,,,,,,,,,,,,,,,,,,,,,,,,,,,,,,,,,,,,,,,,,,,../data/driams/downloads/DRIAMS-C/id/2018/2018_clean.csv,28032103250_G6,28032103250_G6,562.0,Escherichia
Proteus mirabilis,28032103260_A6,S,R,S,S,S,S,S,R,S,S,R,S,,,,,,,,,,,,,,,,,,,,,,,,,,,,,,,,,,,,,,,,,,,,,../data/driams/downloads/DRIAMS-C/id/2018/2018_clean.csv,28032103260_A6,28032103260_A6,584.0,Proteus
Citrobacter koseri,28032106160_B1,S,R,S,S,S,S,S,S,S,S,S,S,,,,,,,,,,,,,,,,,,,,,,,,,,,,,,,,,,,,,,,,,,,,,../data/driams/downloads/DRIAMS-C/id/2018/2018_clean.csv,28032106160_B1,28032106160_B1,545.0,Citrobacter
Morganella morganii,28032106250_C12,R,R,S,S,S,S,R,,,,R,S,,,,,,,,,,,S,,,S,S,S,,,,,,,,,,,,,,,,,,,,,,,,,,,,,../data/driams/downloads/DRIAMS-C/id/2018/2018_clean.csv,28032106250_C12,28032106250_C12,582.0,Morganella
Enterococcus faecalis,28032106250_D1,S,S,,,,,,S,,,,I,,,,,R,,,,,R,S,,,,,,,,,,,,,,,,,,,,,,,,,,,,,,,,,,../data/driams/downloads/DRIAMS-C/id/2018/2018_clean.csv,28032106250_D1,28032106250_D1,1351.0,Enterococcus
Escherichia coli,28032106250_F4,R,R,S,S,S,S,S,S,S,S,S,S,,,,,,,,,,,S,,,S,S,S,,,,,,,,,,,,,,,,,,,,,,,,,,,,,../data/driams/downloads/DRIAMS-C/id/2018/2018_clean.csv,28032106250_F4,28032106250_F4,562.0,Escherichia
Enterobacter kobei,28032106300_B7,R,R,R,S,S,R,R,S,R,S,S,S,,,,,,,,,,,,,,,,,,,,,,,,,,,,,,,,,,,,,,,,,,,,,../data/driams/downloads/DRIAMS-C/id/2018/2018_clean.csv,28032106300_B7,28032106300_B7,208224.0,Enterobacter
Staphylococcus aureus,28032106890_H2,S,S,,S,S,,,,,,,S,S,S,S,R,S,S,S,S,,,,,,,,,,,,,,,,,,,,,,,,,,,,,,,,,,,,,../data/driams/downloads/DRIAMS-C/id/2018/2018_clean.csv,28032106890_H2,28032106890_H2,1280.0,Staphylococcus
Staphylococcus lugdunensis,28032109510_A10,S,S,,S,S,,,,,,,S,S,S,S,S,S,S,S,S,,,,,,,,,,,,,,,,,,,,,,,,,,,,,,,,,,,,,../data/driams/downloads/DRIAMS-C/id/2018/2018_clean.csv,28032109510_A10,28032109510_A10,28035.0,Staphylococcus
Enterococcus faecalis,28032109540_H4,S,S,,,R,,,,,,,,,R,,,R,,,S,S,R,S,,,,,,,,,,,,,,,,,,,,,,,,,,,,,,,,,,../data/driams/downloads/DRIAMS-C/id/2018/2018_clean.csv,28032109540_H4,28032109540_H4,1351.0,Enterococcus
Staphylococcus aureus,28032109660_B8,S,S,,S,S,,,S,,S,,S,,,,,S,S,,,,,,,,,,,,,,,S,,,,,,,,,,,,,,,,,,,,,,,,../data/driams/downloads/DRIAMS-C/id/2018/2018_clean.csv,28032109660_B8,28032109660_B8,1280.0,Staphylococcus
Staphylococcus aureus,28032111110_B12,S,R,,S,S,,,S,,S,,S,,,,,S,R,,,,,,,,,,,,,,,S,,,,,,,,,,,,,,,,,,,,,,,,../data/driams/downloads/DRIAMS-C/id/2018/2018_clean.csv,28032111110_B12,28032111110_B12,1280.0,Staphylococcus
Klebsiella pneumoniae,28032111200_C4,S,R,S,S,S,S,S,S,R,S,S,S,,,,,,,,,,,,,,,,,,,,,,,,,,,,,,,,,,,,,,,,,,,,,../data/driams/downloads/DRIAMS-C/id/2018/2018_clean.csv,28032111200_C4,28032111200_C4,573.0,Klebsiella
Klebsiella oxytoca,28032112420_C5,S,R,S,S,S,S,S,S,S,S,S,S,,,,,,,,,,,,,,,,,,,,,,,,,,,,,,,,,,,,,,,,,,,,,../data/driams/downloads/DRIAMS-C/id/2018/2018_clean.csv,28032112420_C5,28032112420_C5,571.0,Klebsiella
Staphylococcus aureus,28032113270_H12,S,R,,S,S,,,,,,,S,S,S,S,S,S,R,S,S,,,,,,,,,,,,,,,,,,,,,,,,,,,,,,,,,,,,,../data/driams/downloads/DRIAMS-C/id/2018/2018_clean.csv,28032113270_H12,28032113270_H12,1280.0,Staphylococcus
Enterococcus faecium,28032113780_D11,R,R,,,R,,,,,,,,,R,,,R,,,S,S,S,R,,,,,,,,,,,,,,,,,,,,,,,,,,,,,,,,,,../data/driams/downloads/DRIAMS-C/id/2018/2018_clean.csv,28032113780_D11,28032113780_D11,1352.0,Enterococcus
Enterococcus faecalis,28032114480_A10,S,S,,,,,,S,,,,I,,,,,R,,,,,R,S,,,,,,,,,,,,,,,,,,,,,,,,,,,,,,,,,,../data/driams/downloads/DRIAMS-C/id/2018/2018_clean.csv,28032114480_A10,28032114480_A10,1351.0,Enterococcus
Raoultella ornithinolytica,28032114480_A12,S,R,S,S,S,S,S,S,R,S,S,S,,,,,,,,,,,,,,,,,,,,,,,,,,,,,,,,,,,,,,,,,,,,,../data/driams/downloads/DRIAMS-C/id/2018/2018_clean.csv,28032114480_A12,28032114480_A12,54291.0,Raoultella
Enterococcus faecalis,28032114560_C6,S,S,,,,,,S,,,,I,,,,,R,,,,,R,S,,,,,,,,,,,,,,,,,,,,,,,,,,,,,,,,,,../data/driams/downloads/DRIAMS-C/id/2018/2018_clean.csv,28032114560_C6,28032114560_C6,1351.0,Enterococcus
Proteus mirabilis,28032202810_D5,S,S,S,S,S,S,S,,,,R,S,,,,,,,,,,,S,,,S,S,S,,,,,,,,,,,,,,,,,,,,,,,,,,,,,../data/driams/downloads/DRIAMS-C/id/2018/2018_clean.csv,28032202810_D5,28032202810_D5,584.0,Proteus
Proteus mirabilis,28032202810_D6,S,S,S,S,S,S,S,,,,R,S,,,,,,,,,,,S,,,S,S,S,,,,,,,,,,,,,,,,,,,,,,,,,,,,,../data/driams/downloads/DRIAMS-C/id/2018/2018_clean.csv,28032202810_D6,28032202810_D6,584.0,Proteus
Enterococcus faecalis,28032202810_D7,S,S,,,R,,,,,,,,,R,,,R,,,S,S,R,S,,,,,,,,,,,,,,,,,,,,,,,,,,,,,,,,,,../data/driams/downloads/DRIAMS-C/id/2018/2018_clean.csv,28032202810_D7,28032202810_D7,1351.0,Enterococcus
Escherichia coli,28032202820_A7,R,R,S,S,S,S,S,,,,S,R,,,,,,,,,,,I,,,S,S,S,,,,,,,,,,,,,,,,,,,,,,,,,,,,,../data/driams/downloads/DRIAMS-C/id/2018/2018_clean.csv,28032202820_A7,28032202820_A7,562.0,Escherichia
Escherichia coli,28032202820_E6,R,R,S,S,S,S,S,,,,S,R,,,,,,,,,,,I,,,S,S,S,,,,,,,,,,,,,,,,,,,,,,,,,,,,,../data/driams/downloads/DRIAMS-C/id/2018/2018_clean.csv,28032202820_E6,28032202820_E6,562.0,Escherichia
Escherichia coli,28032202820_E7,R,R,S,S,S,S,S,,,,S,R,,,,,,,,,,,I,,,S,S,S,,,,,,,,,,,,,,,,,,,,,,,,,,,,,../data/driams/downloads/DRIAMS-C/id/2018/2018_clean.csv,28032202820_E7,28032202820_E7,562.0,Escherichia
Escherichia coli,28032202820_E8,R,R,S,S,S,S,S,,,,S,R,,,,,,,,,,,I,,,S,S,S,,,,,,,,,,,,,,,,,,,,,,,,,,,,,../data/driams/downloads/DRIAMS-C/id/2018/2018_clean.csv,28032202820_E8,28032202820_E8,562.0,Escherichia
Escherichia coli,28032206190_D5,S,S,S,S,S,S,S,S,S,S,S,S,,,,,,,,,,,,,,,,,,,,,,,,,,,,,,,,,,,,,,,,,,,,,../data/driams/downloads/DRIAMS-C/id/2018/2018_clean.csv,28032206190_D5,28032206190_D5,562.0,Escherichia
Campylobacter jejuni,28032208620_B12,,,,S,,,,,,,,,S,,,,,,,,,,,,,,,,S,S,R,S,,,,,,,,,,,,,,,,,,,,,,,,,../data/driams/downloads/DRIAMS-C/id/2018/2018_clean.csv,28032208620_B12,28032208620_B12,197.0,Campylobacter
Campylobacter jejuni,28032208620_C1,,,,S,,,,,,,,,S,,,,,,,,,,,,,,,,S,S,R,S,,,,,,,,,,,,,,,,,,,,,,,,,../data/driams/downloads/DRIAMS-C/id/2018/2018_clean.csv,28032208620_C1,28032208620_C1,197.0,Campylobacter
Klebsiella pneumoniae,28032208860_A10,S,R,S,S,S,S,S,,,,S,S,,,,,,,,,,,S,,,S,S,S,,,,,,,,,,,,,,,,,,,,,,,,,,,,,../data/driams/downloads/DRIAMS-C/id/2018/2018_clean.csv,28032208860_A10,28032208860_A10,573.0,Klebsiella
Escherichia coli,28032208860_A11,S,R,S,R,S,S,S,,,,S,R,,,,,,,,,,,S,,,S,S,S,,,,,,,,,,,,,,,,,,,,,,,,,,,,,../data/driams/downloads/DRIAMS-C/id/2018/2018_clean.csv,28032208860_A11,28032208860_A11,562.0,Escherichia
Staphylococcus aureus,28032209810_D4,S,R,,S,S,,,,,,,S,S,S,S,S,S,R,S,S,,,,,,,,,,,,,,,,,,,,,,,,,,,,,,,,,,,,,../data/driams/downloads/DRIAMS-C/id/2018/2018_clean.csv,28032209810_D4,28032209810_D4,1280.0,Staphylococcus
Klebsiella pneumoniae,28032211470_E7,S,R,S,S,S,S,S,S,R,S,S,S,,,,,,,,,,,,,,,,,,,,,,,,,,,,,,,,,,,,,,,,,,,,,../data/driams/downloads/DRIAMS-C/id/2018/2018_clean.csv,28032211470_E7,28032211470_E7,573.0,Klebsiella
Proteus vulgaris,28032211470_E8,S,R,S,S,S,S,R,R,S,S,R,S,,,,,,,,,,,,,,,,,,,,,,,,,,,,,,,,,,,,,,,,,,,,,../data/driams/downloads/DRIAMS-C/id/2018/2018_clean.csv,28032211470_E8,28032211470_E8,585.0,Proteus
Escherichia coli,28032211470_E9,S,S,S,S,S,S,S,S,S,S,S,S,,,,,,,,,,,,,,,,,,,,,,,,,,,,,,,,,,,,,,,,,,,,,../data/driams/downloads/DRIAMS-C/id/2018/2018_clean.csv,28032211470_E9,28032211470_E9,562.0,Escherichia
Enterococcus faecalis,28032211500_E10,S,S,,,,,,S,,,,I,,,,,R,,,,,R,S,,,,,,,,,,,,,,,,,,,,,,,,,,,,,,,,,,../data/driams/downloads/DRIAMS-C/id/2018/2018_clean.csv,28032211500_E10,28032211500_E10,1351.0,Enterococcus
Proteus mirabilis,28032211630_E11,S,S,S,S,S,S,S,R,S,S,R,S,,,,,,,,,,,,,,,,,,,,,,,,,,,,,,,,,,,,,,,,,,,,,../data/driams/downloads/DRIAMS-C/id/2018/2018_clean.csv,28032211630_E11,28032211630_E11,584.0,Proteus
Citrobacter koseri,28032212420_D3,S,R,S,S,S,S,S,,,,S,S,,,,,,,,,,,S,,,S,S,S,,,,,,,,,,,,,,,,,,,,,,,,,,,,,../data/driams/downloads/DRIAMS-C/id/2018/2018_clean.csv,28032212420_D3,28032212420_D3,545.0,Citrobacter
Rahnella aquatilis,28032212420_D4,S,R,S,S,S,S,R,,,,S,S,,,,,,,,,,,S,,,S,S,S,,,,,,,,,,,,,,,,,,,,,,,,,,,,,../data/driams/downloads/DRIAMS-C/id/2018/2018_clean.csv,28032212420_D4,28032212420_D4,34038.0,Rahnella
Staphylococcus aureus,28032213510_C8,S,R,,S,S,,,,,,,S,S,S,S,S,S,R,S,S,,,,,,,,,,,,,,,,,,,,,,,,,,,,,,,,,,,,,../data/driams/downloads/DRIAMS-C/id/2018/2018_clean.csv,28032213510_C8,28032213510_C8,1280.0,Staphylococcus
Candida tropicalis,28032213900_F1,,,,,,,,,,,,,,,,,,,,,,,,,,,,,,,,,,,,,S,S,,,S,,,,,S,,,,,,,,S,,,../data/driams/downloads/DRIAMS-C/id/2018/2018_clean.csv,28032213900_F1,28032213900_F1,5482.0,Candida
Candida tropicalis,28032213900_H3,,,,,,,,,,,,,,,,,,,,,,,,,,,,,,,,,,,,,S,S,,,S,,,,,S,,,,,,,,S,,,../data/driams/downloads/DRIAMS-C/id/2018/2018_clean.csv,28032213900_H3,28032213900_H3,5482.0,Candida
Escherichia coli,28032304970_G11,S,S,S,S,S,S,S,,,,S,S,,,,,,,,,,,S,,,S,S,S,,,,,,,,,,,,,,,,,,,,,,,,,,,,,../data/driams/downloads/DRIAMS-C/id/2018/2018_clean.csv,28032304970_G11,28032304970_G11,562.0,Escherichia
Klebsiella pneumoniae,28032304970_G12,S,R,S,S,S,S,S,,,,S,S,,,,,,,,,,,S,,,S,S,S,,,,,,,,,,,,,,,,,,,,,,,,,,,,,../data/driams/downloads/DRIAMS-C/id/2018/2018_clean.csv,28032304970_G12,28032304970_G12,573.0,Klebsiella
Pseudomonas aeruginosa,28032304970_H1,R,R,S,S,S,R,R,,,,S,R,,,,,,,,,,,S,,,S,S,R,,,,,,,,,,,,,,,,,,,,,,,,,,,,,../data/driams/downloads/DRIAMS-C/id/2018/2018_clean.csv,28032304970_H1,28032304970_H1,287.0,Pseudomonas
Enterococcus faecalis,28032304970_H2,S,S,,,R,,,,,,,,,R,,,R,,,S,S,R,S,,,,,,,,,,,,,,,,,,,,,,,,,,,,,,,,,,../data/driams/downloads/DRIAMS-C/id/2018/2018_clean.csv,28032304970_H2,28032304970_H2,1351.0,Enterococcus
Haemophilus parainfluenzae,28032305050_G7,S,S,,S,,S,S,,,,,,I,,,,,R,,,,,,,,,,,,,,,,,,,,,,,,,,,,,,,,,,,,,,,../data/driams/downloads/DRIAMS-C/id/2018/2018_clean.csv,28032305050_G7,28032305050_G7,729.0,Haemophilus
Enterococcus faecalis,28032305110_G6,S,S,,,R,,,,,,,,,R,S,,R,,,S,S,R,S,,,,,,,,,,,,,,,,,,,,,,,,,,,,,,,,,,../data/driams/downloads/DRIAMS-C/id/2018/2018_clean.csv,28032305110_G6,28032305110_G6,1351.0,Enterococcus
Citrobacter koseri,28032306360_F9,S,R,S,S,S,S,S,S,S,S,S,S,,,,,,,,,,,,,,,,,,,,,,,,,,,,,,,,,,,,,,,,,,,,,../data/driams/downloads/DRIAMS-C/id/2018/2018_clean.csv,28032306360_F9,28032306360_F9,545.0,Citrobacter
Escherichia coli,28032308520_F11,S,S,S,S,S,S,S,,,,S,S,,,,,,,,,,,S,,,S,S,S,,,,,,,,,,,,,,,,,,,,,,,,,,,,,../data/driams/downloads/DRIAMS-C/id/2018/2018_clean.csv,28032308520_F11,28032308520_F11,562.0,Escherichia
Staphylococcus aureus,28032309530_D5,S,R,,S,S,,,,,,,S,S,S,S,S,S,R,S,S,,,,,,,,,,,,,,,,,,,,,,,,,,,,,,,,,,,,,../data/driams/downloads/DRIAMS-C/id/2018/2018_clean.csv,28032309530_D5,28032309530_D5,1280.0,Staphylococcus
Enterococcus faecalis,28032309830_F10,S,S,,,,,,S,,,,I,,,,,R,,,,,R,S,,,,,,,,,,,,,,,,,,,,,,,,,,,,,,,,,,../data/driams/downloads/DRIAMS-C/id/2018/2018_clean.csv,28032309830_F10,28032309830_F10,1351.0,Enterococcus
Escherichia coli,28032310130_F11,S,R,S,S,R,S,S,S,S,S,S,R,,,,,,,,,,,,,,,,,,,,,,,,,,,,,,,,,,,,,,,,,,,,,../data/driams/downloads/DRIAMS-C/id/2018/2018_clean.csv,28032310130_F11,28032310130_F11,562.0,Escherichia
Escherichia coli,28032310130_F12,S,R,S,S,R,S,S,S,S,S,S,R,,,,,,,,,,,,,,,,,,,,,,,,,,,,,,,,,,,,,,,,,,,,,../data/driams/downloads/DRIAMS-C/id/2018/2018_clean.csv,28032310130_F12,28032310130_F12,562.0,Escherichia
Escherichia coli,28032310130_G1,S,R,S,S,R,S,S,S,S,S,S,R,,,,,,,,,,,,,,,,,,,,,,,,,,,,,,,,,,,,,,,,,,,,,../data/driams/downloads/DRIAMS-C/id/2018/2018_clean.csv,28032310130_G1,28032310130_G1,562.0,Escherichia
Escherichia coli,28032310560_G4,S,R,S,S,R,S,S,S,S,S,S,R,,,,,,,,,,,,,,,,,,,,,,,,,,,,,,,,,,,,,,,,,,,,,../data/driams/downloads/DRIAMS-C/id/2018/2018_clean.csv,28032310560_G4,28032310560_G4,562.0,Escherichia
Klebsiella pneumoniae,28032310560_G5,S,R,S,S,S,S,S,S,R,S,S,S,,,,,,,,,,,,,,,,,,,,,,,,,,,,,,,,,,,,,,,,,,,,,../data/driams/downloads/DRIAMS-C/id/2018/2018_clean.csv,28032310560_G5,28032310560_G5,573.0,Klebsiella
Proteus mirabilis,28032310560_G6,S,S,S,S,S,S,S,R,S,S,R,S,,,,,,,,,,,,,,,,,,,,,,,,,,,,,,,,,,,,,,,,,,,,,../data/driams/downloads/DRIAMS-C/id/2018/2018_clean.csv,28032310560_G6,28032310560_G6,584.0,Proteus
Pseudomonas aeruginosa,28032310560_A2,R,R,S,S,S,R,R,,,,S,R,,,,,,,,,,,S,,,S,S,S,,,,,,,,,,,,,,,,,,,,,,,,,,,,,../data/driams/downloads/DRIAMS-C/id/2018/2018_clean.csv,28032310560_A2,28032310560_A2,287.0,Pseudomonas
Escherichia coli,28032310560_A3,S,R,S,S,R,S,S,S,S,S,S,R,,,,,,,,,,,,,,,,,,,,,,,,,,,,,,,,,,,,,,,,,,,,,../data/driams/downloads/DRIAMS-C/id/2018/2018_clean.csv,28032310560_A3,28032310560_A3,562.0,Escherichia
Pseudomonas aeruginosa,28032310560_A4,R,R,S,S,S,R,R,,,,S,R,,,,,,,,,,,S,,,S,S,S,,,,,,,,,,,,,,,,,,,,,,,,,,,,,../data/driams/downloads/DRIAMS-C/id/2018/2018_clean.csv,28032310560_A4,28032310560_A4,287.0,Pseudomonas
Pseudomonas aeruginosa,28032310560_A5,R,R,S,S,S,R,R,,,,S,R,,,,,,,,,,,S,,,S,S,S,,,,,,,,,,,,,,,,,,,,,,,,,,,,,../data/driams/downloads/DRIAMS-C/id/2018/2018_clean.csv,28032310560_A5,28032310560_A5,287.0,Pseudomonas
Proteus vulgaris,28032310610_G10,S,R,S,S,S,S,R,R,R,S,R,S,,,,,,,,,,,,,,,,,,,,,,,,,,,,,,,,,,,,,,,,,,,,,../data/driams/downloads/DRIAMS-C/id/2018/2018_clean.csv,28032310610_G10,28032310610_G10,585.0,Proteus
Escherichia coli,28032310610_G11,S,,S,,S,S,S,S,S,,S,S,,,,,,,,,,,,,,,,,,,,,,,,,,,,,,,,,,,,,,,,,,,,,../data/driams/downloads/DRIAMS-C/id/2018/2018_clean.csv,28032310610_G11,28032310610_G11,562.0,Escherichia
Klebsiella pneumoniae,28032310610_G9,S,R,S,S,S,S,S,S,R,S,S,S,,,,,,,,,,,,,,,,,,,,,,,,,,,,,,,,,,,,,,,,,,,,,../data/driams/downloads/DRIAMS-C/id/2018/2018_clean.csv,28032310610_G9,28032310610_G9,573.0,Klebsiella
Escherichia coli,28032310610_A10,S,,S,,S,S,S,S,S,,S,S,,,,,,,,,,,,,,,,,,,,,,,,,,,,,,,,,,,,,,,,,,,,,../data/driams/downloads/DRIAMS-C/id/2018/2018_clean.csv,28032310610_A10,28032310610_A10,562.0,Escherichia
Escherichia coli,28032310610_A11,S,,S,,S,S,S,S,S,,S,S,,,,,,,,,,,,,,,,,,,,,,,,,,,,,,,,,,,,,,,,,,,,,../data/driams/downloads/DRIAMS-C/id/2018/2018_clean.csv,28032310610_A11,28032310610_A11,562.0,Escherichia
Escherichia coli,28032310610_A6,S,,S,,S,S,S,S,S,,S,S,,,,,,,,,,,,,,,,,,,,,,,,,,,,,,,,,,,,,,,,,,,,,../data/driams/downloads/DRIAMS-C/id/2018/2018_clean.csv,28032310610_A6,28032310610_A6,562.0,Escherichia
Escherichia coli,28032310610_A7,S,,S,,S,S,S,S,S,,S,S,,,,,,,,,,,,,,,,,,,,,,,,,,,,,,,,,,,,,,,,,,,,,../data/driams/downloads/DRIAMS-C/id/2018/2018_clean.csv,28032310610_A7,28032310610_A7,562.0,Escherichia
Escherichia coli,28032310610_A8,S,,S,,S,S,S,S,S,,S,S,,,,,,,,,,,,,,,,,,,,,,,,,,,,,,,,,,,,,,,,,,,,,../data/driams/downloads/DRIAMS-C/id/2018/2018_clean.csv,28032310610_A8,28032310610_A8,562.0,Escherichia
Escherichia coli,28032310610_A9,S,,S,,S,S,S,S,S,,S,S,,,,,,,,,,,,,,,,,,,,,,,,,,,,,,,,,,,,,,,,,,,,,../data/driams/downloads/DRIAMS-C/id/2018/2018_clean.csv,28032310610_A9,28032310610_A9,562.0,Escherichia
Enterococcus faecium,28032310670_H5,R,R,,,R,,,,,,,,S,R,,,R,,,S,S,S,R,,,,,,,,,,,,,,,,,,,,,,,,,,,,,,,,,,../data/driams/downloads/DRIAMS-C/id/2018/2018_clean.csv,28032310670_H5,28032310670_H5,1352.0,Enterococcus
Escherichia coli,28032310670_H7,R,R,S,S,S,S,S,,,,S,S,,,,,,,,,,,S,,,S,S,S,,,,,,,,,,,,,,,,,,,,,,,,,,,,,../data/driams/downloads/DRIAMS-C/id/2018/2018_clean.csv,28032310670_H7,28032310670_H7,562.0,Escherichia
Pseudomonas aeruginosa,28032310670_F8,R,R,I,S,S,R,R,,,,S,R,,,,,,,,,,,R,,,S,R,R,,,,,,,,,,,,,,,S,,,,,,,,,,,,,,../data/driams/downloads/DRIAMS-C/id/2018/2018_clean.csv,28032310670_F8,28032310670_F8,287.0,Pseudomonas
Escherichia coli,28032311280_B6,S,S,S,R,S,S,S,,,,S,S,,,,,,,,,,,S,,,S,S,S,,,,,,,,,,,,,,,,,,,,,,,,,,,,,../data/driams/downloads/DRIAMS-C/id/2018/2018_clean.csv,28032311280_B6,28032311280_B6,562.0,Escherichia
Haemophilus parainfluenzae,28032311470_A11,S,S,,S,,S,S,,,,,,I,,,,,R,,,,,,,,,,,,,,,,,,,,,,,,,,,,,,,,,,,,,,,../data/driams/downloads/DRIAMS-C/id/2018/2018_clean.csv,28032311470_A11,28032311470_A11,729.0,Haemophilus
Haemophilus parainfluenzae,28032311470_A12,S,S,,S,,S,S,,,,,,I,,,,,R,,,,,,,,,,,,,,,,,,,,,,,,,,,,,,,,,,,,,,,../data/driams/downloads/DRIAMS-C/id/2018/2018_clean.csv,28032311470_A12,28032311470_A12,729.0,Haemophilus
Haemophilus parainfluenzae,28032311470_A9,S,S,,S,,S,S,,,,,,I,,,,,R,,,,,,,,,,,,,,,,,,,,,,,,,,,,,,,,,,,,,,,../data/driams/downloads/DRIAMS-C/id/2018/2018_clean.csv,28032311470_A9,28032311470_A9,729.0,Haemophilus
Enterococcus faecalis,28032313410_H5,S,S,,,,,,S,,,,I,,,,,R,,,,,R,S,,,,,,,,,,,,,,,,,,,,,,,,,,,,,,,,,,../data/driams/downloads/DRIAMS-C/id/2018/2018_clean.csv,28032313410_H5,28032313410_H5,1351.0,Enterococcus
Escherichia coli,28032313920_H6,S,S,S,S,S,S,S,S,S,S,S,S,,,,,,,,,,,,,,,,,,,,,,,,,,,,,,,,,,,,,,,,,,,,,../data/driams/downloads/DRIAMS-C/id/2018/2018_clean.csv,28032313920_H6,28032313920_H6,562.0,Escherichia
Enterococcus faecalis,28032402180_E7,S,S,,,R,,,,,,,,,R,,,R,,,S,S,R,S,,,,,,,,,,,,,,,,,,,,,,,,,,,,,,,,,,../data/driams/downloads/DRIAMS-C/id/2018/2018_clean.csv,28032402180_E7,28032402180_E7,1351.0,Enterococcus
Enterococcus faecalis,28032402180_E8,S,S,,,R,,,,,,,,,R,,,R,,,S,S,R,S,,,,,,,,,,,,,,,,,,,,,,,,,,,,,,,,,,../data/driams/downloads/DRIAMS-C/id/2018/2018_clean.csv,28032402180_E8,28032402180_E8,1351.0,Enterococcus
Enterococcus faecalis,28032402180_E9,S,S,,,R,,,,,,,,,R,,,R,,,S,S,R,S,,,,,,,,,,,,,,,,,,,,,,,,,,,,,,,,,,../data/driams/downloads/DRIAMS-C/id/2018/2018_clean.csv,28032402180_E9,28032402180_E9,1351.0,Enterococcus
Enterococcus faecalis,28032402180_A8,S,S,,,R,,,,,,,,,R,,,R,,,S,S,R,S,,,,,,,,,,,,,,,,,,,,,,,,,,,,,,,,,,../data/driams/downloads/DRIAMS-C/id/2018/2018_clean.csv,28032402180_A8,28032402180_A8,1351.0,Enterococcus
Staphylococcus aureus,28032402630_B4,S,R,,S,S,,,,,,,S,R,R,S,S,S,R,S,S,,,,,,,,,,,,,,,,,,,,,,,,,,,,,,,,,,,,,../data/driams/downloads/DRIAMS-C/id/2018/2018_clean.csv,28032402630_B4,28032402630_B4,1280.0,Staphylococcus
Staphylococcus aureus,28032405410_B6,S,R,,S,S,,,,,,,S,S,S,S,S,S,R,S,S,,,,,,,,,,,,,,,,,,,,,,,,,,,,,,,,,,,,,../data/driams/downloads/DRIAMS-C/id/2018/2018_clean.csv,28032405410_B6,28032405410_B6,1280.0,Staphylococcus
Staphylococcus aureus,28032405410_B7,S,R,,S,S,,,,,,,S,S,S,S,S,S,R,S,S,,,,,,,,,,,,,,,,,,,,,,,,,,,,,,,,,,,,,../data/driams/downloads/DRIAMS-C/id/2018/2018_clean.csv,28032405410_B7,28032405410_B7,1280.0,Staphylococcus
Escherichia coli,28032405420_E11,S,R,S,S,S,S,S,,,,S,R,,,,,,,,,,,S,,,S,S,S,,,,,,,,,,,,,,,,,,,,,,,,,,,,,../data/driams/downloads/DRIAMS-C/id/2018/2018_clean.csv,28032405420_E11,28032405420_E11,562.0,Escherichia
Klebsiella oxytoca,28032405550_B8,S,R,S,S,S,S,S,,,,S,S,,,,,,,,,,,S,,,S,S,S,,,,,,,,,,,,,,,,,,,,,,,,,,,,,../data/driams/downloads/DRIAMS-C/id/2018/2018_clean.csv,28032405550_B8,28032405550_B8,571.0,Klebsiella
Escherichia coli,28032603930_D3,S,R,S,S,S,S,S,,,,S,R,,,,,,,,,,,S,,,S,S,S,,,,,,,,,,,,,,,,,,,,,,,,,,,,,../data/driams/downloads/DRIAMS-C/id/2018/2018_clean.csv,28032603930_D3,28032603930_D3,562.0,Escherichia
Escherichia coli,28032604420_C5,S,S,S,S,S,S,S,,,,S,S,,,,,,,,,,,S,,,S,S,S,,,,,,,,,,,,,,,,,,,,,,,,,,,,,../data/driams/downloads/DRIAMS-C/id/2018/2018_clean.csv,28032604420_C5,28032604420_C5,562.0,Escherichia
Escherichia coli,28032604420_C6,S,S,S,S,S,S,S,,,,S,S,,,,,,,,,,,S,,,S,S,S,,,,,,,,,,,,,,,,,,,,,,,,,,,,,../data/driams/downloads/DRIAMS-C/id/2018/2018_clean.csv,28032604420_C6,28032604420_C6,562.0,Escherichia
Pseudomonas aeruginosa,28032605100_D4,R,R,S,S,S,R,R,,,,S,R,,,,,,,,,,,S,,,S,S,S,,,,,,,,,,,,,,,,,,,,,,,,,,,,,../data/driams/downloads/DRIAMS-C/id/2018/2018_clean.csv,28032605100_D4,28032605100_D4,287.0,Pseudomonas
Klebsiella oxytoca,28032607320_C6,S,R,S,S,S,S,S,S,R,S,S,S,,,,,,,,,,,,,,,,,,,,,,,,,,,,,,,,,,,,,,,,,,,,,../data/driams/downloads/DRIAMS-C/id/2018/2018_clean.csv,28032607320_C6,28032607320_C6,571.0,Klebsiella
Enterobacter cloacae,28032607880_D3,R,R,R,S,S,R,R,,,,S,S,,,,,,,,,,,R,,,S,I,S,,,,,,,,,,,,,,,,,,,,,,,,,,,,,../data/driams/downloads/DRIAMS-C/id/2018/2018_clean.csv,28032607880_D3,28032607880_D3,550.0,Enterobacter
Enterococcus faecalis,28032607880_D4,S,S,,,R,,,,,,,,,R,,,R,,,S,S,R,S,,,,,,,,,,,,,,,,,,,,,,,,,,,,,,,,,,../data/driams/downloads/DRIAMS-C/id/2018/2018_clean.csv,28032607880_D4,28032607880_D4,1351.0,Enterococcus
Enterococcus faecium,28032607880_D5,S,S,,,R,,,,,,,,,R,,,R,,,S,S,S,S,,,,,,,,,,,,,,,,,,,,,,,,,,,,,,,,,,../data/driams/downloads/DRIAMS-C/id/2018/2018_clean.csv,28032607880_D5,28032607880_D5,1352.0,Enterococcus
Aerococcus urinae,28032609000_A2,S,S,,,R,S,,,,,,,,,S,,,S,S,S,,,,,,,,,,,,,,,S,,,,,,,,,,,,,,,,,,,,,,../data/driams/downloads/DRIAMS-C/id/2018/2018_clean.csv,28032609000_A2,28032609000_A2,1376.0,Aerococcus
Aerococcus urinae,28032609000_A3,S,S,,,R,S,,,,,,,,,S,,,S,S,S,,,,,,,,,,,,,,,S,,,,,,,,,,,,,,,,,,,,,,../data/driams/downloads/DRIAMS-C/id/2018/2018_clean.csv,28032609000_A3,28032609000_A3,1376.0,Aerococcus
Escherichia coli,28032609630_C10,S,S,S,S,S,S,S,S,S,S,S,R,,,,,,,,,,,S,,,S,S,S,,,,,,,,,,,,,,,,,,,,,,,,,,,,,../data/driams/downloads/DRIAMS-C/id/2018/2018_clean.csv,28032609630_C10,28032609630_C10,562.0,Escherichia
Escherichia coli,28032609630_C11,S,S,S,S,S,S,S,S,S,S,S,R,,,,,,,,,,,S,,,S,S,S,,,,,,,,,,,,,,,,,,,,,,,,,,,,,../data/driams/downloads/DRIAMS-C/id/2018/2018_clean.csv,28032609630_C11,28032609630_C11,562.0,Escherichia
Pseudomonas aeruginosa,28032609630_C12,R,R,S,R,S,R,R,,,,S,R,,,,,,,,,,,S,,,S,R,S,,,,,,,,,,,,,,,,,,,,,,,,,,,,,../data/driams/downloads/DRIAMS-C/id/2018/2018_clean.csv,28032609630_C12,28032609630_C12,287.0,Pseudomonas
Escherichia coli,28032609660_D1,S,S,S,S,S,S,S,S,S,S,S,S,,,,,,,,,,,,,,,,,,,,,,,,,,,,,,,,,,,,,,,,,,,,,../data/driams/downloads/DRIAMS-C/id/2018/2018_clean.csv,28032609660_D1,28032609660_D1,562.0,Escherichia
Klebsiella pneumoniae,28032609660_D2,S,R,S,S,S,S,S,S,R,S,S,S,,,,,,,,,,,,,,,,,,,,,,,,,,,,,,,,,,,,,,,,,,,,,../data/driams/downloads/DRIAMS-C/id/2018/2018_clean.csv,28032609660_D2,28032609660_D2,573.0,Klebsiella
Klebsiella pneumoniae,28032609660_D3,S,R,S,S,S,S,S,S,R,S,S,S,,,,,,,,,,,,,,,,,,,,,,,,,,,,,,,,,,,,,,,,,,,,,../data/driams/downloads/DRIAMS-C/id/2018/2018_clean.csv,28032609660_D3,28032609660_D3,573.0,Klebsiella
Klebsiella pneumoniae,28032609690_D4,S,R,S,S,S,S,S,S,S,S,S,S,,,,,,,,,,,,,,,,,,,,,,,,,,,,,,,,,,,,,,,,,,,,,../data/driams/downloads/DRIAMS-C/id/2018/2018_clean.csv,28032609690_D4,28032609690_D4,573.0,Klebsiella
Proteus mirabilis,28032609690_D5,S,S,S,S,S,S,S,R,S,S,R,S,,,,,,,,,,,,,,,,,,,,,,,,,,,,,,,,,,,,,,,,,,,,,../data/driams/downloads/DRIAMS-C/id/2018/2018_clean.csv,28032609690_D5,28032609690_D5,584.0,Proteus
Klebsiella pneumoniae,28032609690_D6,S,R,S,S,S,S,S,S,S,S,S,S,,,,,,,,,,,,,,,,,,,,,,,,,,,,,,,,,,,,,,,,,,,,,../data/driams/downloads/DRIAMS-C/id/2018/2018_clean.csv,28032609690_D6,28032609690_D6,573.0,Klebsiella
Enterococcus faecium,28032609780_D8,R,R,,,R,,,,,,,,,R,,,R,,,S,S,S,R,,,,,,,,,,,,,,,,,,,,,,,,,,,,,,,,,,../data/driams/downloads/DRIAMS-C/id/2018/2018_clean.csv,28032609780_D8,28032609780_D8,1352.0,Enterococcus
Escherichia coli,28032611760_G4,S,R,S,S,S,S,S,S,S,S,S,S,,,,,,,,,,,S,,,S,S,S,,,,,,,,,,,,,,,,,,,,,,,,,,,,,../data/driams/downloads/DRIAMS-C/id/2018/2018_clean.csv,28032611760_G4,28032611760_G4,562.0,Escherichia
Escherichia coli,28032611760_G5,S,R,S,S,S,S,S,S,S,S,S,S,,,,,,,,,,,S,,,S,S,S,,,,,,,,,,,,,,,,,,,,,,,,,,,,,../data/driams/downloads/DRIAMS-C/id/2018/2018_clean.csv,28032611760_G5,28032611760_G5,562.0,Escherichia
Staphylococcus aureus,28032611870_E2,S,R,,S,S,,,S,,S,,S,,,,,S,R,,,,,,,,,,,,,,,S,,,,,,,,,,,,,,,,,,,,,,,,../data/driams/downloads/DRIAMS-C/id/2018/2018_clean.csv,28032611870_E2,28032611870_E2,1280.0,Staphylococcus
Escherichia coli,28032612920_B8,S,S,S,S,S,S,S,,,,S,S,,,,,,,,,,,S,,,S,S,S,,,,,,,,,,,,,,,,,,,,,,,,,,,,,../data/driams/downloads/DRIAMS-C/id/2018/2018_clean.csv,28032612920_B8,28032612920_B8,562.0,Escherichia
Escherichia coli,28032612990_B10,R,R,S,S,S,S,S,,,,S,S,,,,,,,,,,,S,,,S,S,S,,,,,,,,,,,,,,,,,,,,,,,,,,,,,../data/driams/downloads/DRIAMS-C/id/2018/2018_clean.csv,28032612990_B10,28032612990_B10,562.0,Escherichia
Escherichia coli,28032612990_B9,R,R,S,S,S,S,S,,,,S,S,,,,,,,,,,,S,,,S,S,S,,,,,,,,,,,,,,,,,,,,,,,,,,,,,../data/driams/downloads/DRIAMS-C/id/2018/2018_clean.csv,28032612990_B9,28032612990_B9,562.0,Escherichia
Staphylococcus epidermidis,28032613490_F3,S,R,,S,S,,,,,,,S,S,S,S,S,S,R,S,S,,,,,,,,,,,,,,,,,,,,,,,,,,,,,,,,,,,,,../data/driams/downloads/DRIAMS-C/id/2018/2018_clean.csv,28032613490_F3,28032613490_F3,1282.0,Staphylococcus
Staphylococcus epidermidis,28032613490_B7,S,R,,S,S,,,,,,,S,S,S,S,S,S,R,S,S,,,,,,,,,,,,,,,,,,,,,,,,,,,,,,,,,,,,,../data/driams/downloads/DRIAMS-C/id/2018/2018_clean.csv,28032613490_B7,28032613490_B7,1282.0,Staphylococcus
Staphylococcus pettenkoferi,28032613490_B8,R,R,,S,S,,,,,,,S,S,S,S,S,R,R,S,S,,,,,,,,,,,,,,,,,,,,,,,,,,,,,,,,,,,,,../data/driams/downloads/DRIAMS-C/id/2018/2018_clean.csv,28032613490_B8,28032613490_B8,170573.0,Staphylococcus
Staphylococcus hominis,28032613490_B9,S,R,,S,S,,,,,,,S,S,S,S,R,S,R,S,S,,,,,,,,,,,,,,,,,,,,,,,,,,,,,,,,,,,,,../data/driams/downloads/DRIAMS-C/id/2018/2018_clean.csv,28032613490_B9,28032613490_B9,1290.0,Staphylococcus
Staphylococcus epidermidis,28032613490_E6,S,R,,S,S,,,,,,,S,S,S,S,S,S,R,S,S,,,,,,,,,,,,,,,,,,,,,,,,,,,,,,,,,,,,,../data/driams/downloads/DRIAMS-C/id/2018/2018_clean.csv,28032613490_E6,28032613490_E6,1282.0,Staphylococcus
Staphylococcus epidermidis,28032613490_A10,S,R,,S,S,,,,,,,S,S,S,S,S,S,R,S,S,,,,,,,,,,,,,,,,,,,,,,,,,,,,,,,,,,,,,../data/driams/downloads/DRIAMS-C/id/2018/2018_clean.csv,28032613490_A10,28032613490_A10,1282.0,Staphylococcus
Staphylococcus epidermidis,28032613490_A11,S,R,,S,S,,,,,,,S,S,S,S,S,S,R,S,S,,,,,,,,,,,,,,,,,,,,,,,,,,,,,,,,,,,,,../data/driams/downloads/DRIAMS-C/id/2018/2018_clean.csv,28032613490_A11,28032613490_A11,1282.0,Staphylococcus
Staphylococcus hominis,28032613490_B1,S,R,,S,S,,,,,,,S,S,S,S,R,S,R,S,S,,,,,,,,,,,,,,,,,,,,,,,,,,,,,,,,,,,,,../data/driams/downloads/DRIAMS-C/id/2018/2018_clean.csv,28032613490_B1,28032613490_B1,1290.0,Staphylococcus
Staphylococcus hominis,28032613490_B2,S,R,,S,S,,,,,,,S,S,S,S,R,S,R,S,S,,,,,,,,,,,,,,,,,,,,,,,,,,,,,,,,,,,,,../data/driams/downloads/DRIAMS-C/id/2018/2018_clean.csv,28032613490_B2,28032613490_B2,1290.0,Staphylococcus
Staphylococcus epidermidis,28032613490_B3,S,R,,S,S,,,,,,,S,S,S,S,S,S,R,S,S,,,,,,,,,,,,,,,,,,,,,,,,,,,,,,,,,,,,,../data/driams/downloads/DRIAMS-C/id/2018/2018_clean.csv,28032613490_B3,28032613490_B3,1282.0,Staphylococcus
Staphylococcus epidermidis,28032613490_B4,S,R,,S,S,,,,,,,S,S,S,S,S,S,R,S,S,,,,,,,,,,,,,,,,,,,,,,,,,,,,,,,,,,,,,../data/driams/downloads/DRIAMS-C/id/2018/2018_clean.csv,28032613490_B4,28032613490_B4,1282.0,Staphylococcus
Staphylococcus epidermidis,28032613490_B5,S,R,,S,S,,,,,,,S,S,S,S,S,S,R,S,S,,,,,,,,,,,,,,,,,,,,,,,,,,,,,,,,,,,,,../data/driams/downloads/DRIAMS-C/id/2018/2018_clean.csv,28032613490_B5,28032613490_B5,1282.0,Staphylococcus
Enterococcus gallinarum,28032614310_F7,S,S,,,R,,,,,,,,,R,,,R,,,R,S,S,S,,,,,,,,,,,,,,,,,,,,,,,,,,,,,,,,,,../data/driams/downloads/DRIAMS-C/id/2018/2018_clean.csv,28032614310_F7,28032614310_F7,1353.0,Enterococcus
Escherichia coli,28032614310_F8,S,R,S,S,S,S,S,,,,S,S,,,,,,,,,,,S,,,S,S,S,,,,,,,,,,,,,,,,,,,,,,,,,,,,,../data/driams/downloads/DRIAMS-C/id/2018/2018_clean.csv,28032614310_F8,28032614310_F8,562.0,Escherichia
Proteus mirabilis,28032614310_B10,S,S,S,S,S,S,S,,,,R,S,,,,,,,,,,,S,,,S,S,S,,,,,,,,,,,,,,,,,,,,,,,,,,,,,../data/driams/downloads/DRIAMS-C/id/2018/2018_clean.csv,28032614310_B10,28032614310_B10,584.0,Proteus
Escherichia coli,28032614340_E4,S,R,S,S,S,S,S,S,S,S,S,S,,,,,,,,,,,,,,,,,,,,,,,,,,,,,,,,,,,,,,,,,,,,,../data/driams/downloads/DRIAMS-C/id/2018/2018_clean.csv,28032614340_E4,28032614340_E4,562.0,Escherichia
Staphylococcus lugdunensis,28032701410_C4,S,R,,S,S,,,,,,,S,S,S,S,S,S,R,S,S,,,,,,,,,,,,,,,,,,,,,,,,,,,,,,,,,,,,,../data/driams/downloads/DRIAMS-C/id/2018/2018_clean.csv,28032701410_C4,28032701410_C4,28035.0,Staphylococcus
Staphylococcus lugdunensis,28032701410_C5,S,R,,S,S,,,,,,,S,S,S,S,S,S,R,S,S,,,,,,,,,,,,,,,,,,,,,,,,,,,,,,,,,,,,,../data/driams/downloads/DRIAMS-C/id/2018/2018_clean.csv,28032701410_C5,28032701410_C5,28035.0,Staphylococcus
Staphylococcus aureus,28032703550_C1,S,R,,S,S,,,,,,,S,S,S,S,S,S,R,S,S,,,,,,,,,,,,,,,,,,,,,,,,,,,,,,,,,,,,,../data/driams/downloads/DRIAMS-C/id/2018/2018_clean.csv,28032703550_C1,28032703550_C1,1280.0,Staphylococcus
Pasteurella multocida,28032705320_E7,S,S,,S,,,,,,,,S,,,S,,,S,,,,,,,,,,,,,,,,,,,,,,,,,,S,,,,,,,,,,,,,../data/driams/downloads/DRIAMS-C/id/2018/2018_clean.csv,28032705320_E7,28032705320_E7,747.0,Pasteurella
Klebsiella aerogenes,28032705390_C10,R,R,S,S,S,S,S,,,,S,S,,,,,,,,,,,S,,,S,S,S,,,,,,,,,,,,,,,,,,,,,,,,,,,,,../data/driams/downloads/DRIAMS-C/id/2018/2018_clean.csv,28032705390_C10,28032705390_C10,548.0,
Klebsiella pneumoniae,28032705390_C11,S,R,S,S,S,S,S,,,,S,S,,,,,,,,,,,S,,,S,S,S,,,,,,,,,,,,,,,,,,,,,,,,,,,,,../data/driams/downloads/DRIAMS-C/id/2018/2018_clean.csv,28032705390_C11,28032705390_C11,573.0,Klebsiella
Klebsiella oxytoca,28032705500_D2,S,R,S,S,S,S,S,,,,S,S,,,,,,,,,,,S,,,S,S,S,,,,,,,,,,,,,,,,,,,,,,,,,,,,,../data/driams/downloads/DRIAMS-C/id/2018/2018_clean.csv,28032705500_D2,28032705500_D2,571.0,Klebsiella
Enterobacter cloacae,28032705500_D3,R,R,R,S,S,R,R,,,,S,S,,,,,,,,,,,R,,,S,S,S,,,,,,,,,,,,,,,,,,,,,,,,,,,,,../data/driams/downloads/DRIAMS-C/id/2018/2018_clean.csv,28032705500_D3,28032705500_D3,550.0,Enterobacter
Proteus mirabilis,28032707960_F3,S,R,S,S,S,S,S,R,S,S,R,R,,,,,,,,,,,,,,,,,,,,,,,,,,,,,,,,,,,,,,,,,,,,,../data/driams/downloads/DRIAMS-C/id/2018/2018_clean.csv,28032707960_F3,28032707960_F3,584.0,Proteus
Morganella morganii,28032708110_D6,R,R,S,S,S,S,R,,,,R,S,,,,,,,,,,,S,,,S,S,,,,,,,,,,,,,,,,,,,,,,,,,,,,,,../data/driams/downloads/DRIAMS-C/id/2018/2018_clean.csv,28032708110_D6,28032708110_D6,582.0,Morganella
Morganella morganii,28032708110_D7,R,R,S,S,S,S,R,,,,R,S,,,,,,,,,,,S,,,S,S,,,,,,,,,,,,,,,,,,,,,,,,,,,,,,../data/driams/downloads/DRIAMS-C/id/2018/2018_clean.csv,28032708110_D7,28032708110_D7,582.0,Morganella
Haemophilus influenzae,28032709280_D10,S,S,,S,,S,S,,,,,,I,,,,,S,,,,,,,,,,,,,,,,,,,,,,,,,,,,,,,,,,,,,,,../data/driams/downloads/DRIAMS-C/id/2018/2018_clean.csv,28032709280_D10,28032709280_D10,727.0,Haemophilus
Staphylococcus aureus,28032709510_D4,S,R,,S,S,,,,,,,S,S,S,S,S,S,R,S,S,,,,,,,,,,,,,,,,,,,,,,,,,,,,,,,,,,,,,../data/driams/downloads/DRIAMS-C/id/2018/2018_clean.csv,28032709510_D4,28032709510_D4,1280.0,Staphylococcus
Staphylococcus aureus,28032709680_E10,S,R,,S,S,,,,,,,S,S,S,S,S,S,R,S,S,,,,,,,,,,,,,,,,,,,,,,,,,,,,,,,,,,,,,../data/driams/downloads/DRIAMS-C/id/2018/2018_clean.csv,28032709680_E10,28032709680_E10,1280.0,Staphylococcus
Pseudomonas aeruginosa,28032712090_F10,R,R,S,S,S,R,R,,,,S,R,,,,,,,,,,,S,,,S,S,S,,,,,,,,,,,,,,,,,,,,,,,,,,,,,../data/driams/downloads/DRIAMS-C/id/2018/2018_clean.csv,28032712090_F10,28032712090_F10,287.0,Pseudomonas
Escherichia coli,28032712120_F12,S,S,S,S,S,S,S,S,S,S,S,S,,,,,,,,,,,,,,,,,,,,,,,,,,,,,,,,,,,,,,,,,,,,,../data/driams/downloads/DRIAMS-C/id/2018/2018_clean.csv,28032712120_F12,28032712120_F12,562.0,Escherichia
Enterococcus faecalis,28032712120_G1,S,S,,,,,,S,,,,I,,,,,R,,,,,R,S,,,,,,,,,,,,,,,,,,,,,,,,,,,,,,,,,,../data/driams/downloads/DRIAMS-C/id/2018/2018_clean.csv,28032712120_G1,28032712120_G1,1351.0,Enterococcus
Klebsiella pneumoniae,28032713640_D10,S,R,S,S,S,S,S,,,,S,S,,,,,,,,,,,S,,,S,S,S,,,,,,,,,,,,,,,,,,,,,,,,,,,,,../data/driams/downloads/DRIAMS-C/id/2018/2018_clean.csv,28032713640_D10,28032713640_D10,573.0,Klebsiella
Escherichia coli,28032713640_D11,S,S,S,S,S,S,S,,,,S,S,,,,,,,,,,,S,,,S,S,S,,,,,,,,,,,,,,,,,,,,,,,,,,,,,../data/driams/downloads/DRIAMS-C/id/2018/2018_clean.csv,28032713640_D11,28032713640_D11,562.0,Escherichia
Escherichia coli,28032713640_D9,S,S,S,S,S,S,S,,,,S,S,,,,,,,,,,,S,,,S,S,S,,,,,,,,,,,,,,,,,,,,,,,,,,,,,../data/driams/downloads/DRIAMS-C/id/2018/2018_clean.csv,28032713640_D9,28032713640_D9,562.0,Escherichia
Staphylococcus capitis,28032802190_D5,R,R,,S,S,,,,,,,S,S,S,S,R,R,R,S,S,,,,,,,,,,,,,,,,,,,,,,,,,,,,,,,,,,,,,../data/driams/downloads/DRIAMS-C/id/2018/2018_clean.csv,28032802190_D5,28032802190_D5,29388.0,Staphylococcus
Pseudomonas aeruginosa,28032804170_G11,R,R,S,S,S,R,R,,,,S,R,,,,,,,,,,,S,,,S,S,S,,,,,,,,,,,,,,,,,,,,,,,,,,,,,../data/driams/downloads/DRIAMS-C/id/2018/2018_clean.csv,28032804170_G11,28032804170_G11,287.0,Pseudomonas
Staphylococcus aureus,28032805800_G2,S,R,,S,S,,,,,,,S,S,S,S,S,S,R,S,S,,,,,,,,,,,,,,,,,,,,,,,,,,,,,,,,,,,,,../data/driams/downloads/DRIAMS-C/id/2018/2018_clean.csv,28032805800_G2,28032805800_G2,1280.0,Staphylococcus
Staphylococcus aureus,28032805850_G4,S,R,,S,S,,,,,,,S,S,S,S,S,S,R,S,S,,,,,,,,,,,,,,,,,,,,,,,,,,,,,,,,,,,,,../data/driams/downloads/DRIAMS-C/id/2018/2018_clean.csv,28032805850_G4,28032805850_G4,1280.0,Staphylococcus
Klebsiella pneumoniae,28032806340_G3,S,R,S,S,S,S,S,,,,S,S,,,,,,,,,,,S,,,S,S,S,,,,,,,,,,,,,,,,,,,,,,,,,,,,,../data/driams/downloads/DRIAMS-C/id/2018/2018_clean.csv,28032806340_G3,28032806340_G3,573.0,Klebsiella
Klebsiella pneumoniae,28032806340_G4,S,R,S,S,S,S,S,,,,S,S,,,,,,,,,,,S,,,S,S,S,,,,,,,,,,,,,,,,,,,,,,,,,,,,,../data/driams/downloads/DRIAMS-C/id/2018/2018_clean.csv,28032806340_G4,28032806340_G4,573.0,Klebsiella
Klebsiella oxytoca,28032808120_H1,S,R,S,S,S,S,S,S,S,S,S,S,,,,,,,,,,,,,,,,,,,,,,,,,,,,,,,,,,,,,,,,,,,,,../data/driams/downloads/DRIAMS-C/id/2018/2018_clean.csv,28032808120_H1,28032808120_H1,571.0,Klebsiella
Enterococcus faecium,28032808310_B10,R,R,,,R,,,R,,,,R,,R,,,R,,,S,R,S,R,,,,,,,,,S,,,,,,,,,,,,,,,,S,,R,S,,,,,,../data/driams/downloads/DRIAMS-C/id/2018/2018_clean.csv,28032808310_B10,28032808310_B10,1352.0,Enterococcus
Enterococcus faecium,28032808310_B11,R,R,,,R,,,R,,,,R,,R,,,R,,,S,R,S,R,,,,,,,,,S,,,,,,,,,,,,,,,,S,,R,S,,,,,,../data/driams/downloads/DRIAMS-C/id/2018/2018_clean.csv,28032808310_B11,28032808310_B11,1352.0,Enterococcus
Enterococcus faecium,28032808310_B12,R,R,,,R,,,R,,,,R,,R,,,R,,,S,R,S,R,,,,,,,,,S,,,,,,,,,,,,,,,,S,,R,S,,,,,,../data/driams/downloads/DRIAMS-C/id/2018/2018_clean.csv,28032808310_B12,28032808310_B12,1352.0,Enterococcus
Escherichia coli,28032808560_G8,S,S,S,S,S,S,S,,,,S,S,,,,,,,,,,,S,,,S,S,S,,,,,,,,,,,,,,,,,,,,,,,,,,,,,../data/driams/downloads/DRIAMS-C/id/2018/2018_clean.csv,28032808560_G8,28032808560_G8,562.0,Escherichia
Klebsiella pneumoniae,28032808560_A10,R,R,R,R,S,R,R,,,,S,R,,,,,,,,,,,R,,,S,R,S,,,,,,,,,,,,,,,,,,,,,,,,,,,,,../data/driams/downloads/DRIAMS-C/id/2018/2018_clean.csv,28032808560_A10,28032808560_A10,573.0,Klebsiella
Enterococcus faecalis,28032808770_G10,S,S,,,R,,,,,,,,,R,,,R,,,S,S,R,S,,,,,,,,,,,,,,,,,,,,,,,,,,,,,,,,,,../data/driams/downloads/DRIAMS-C/id/2018/2018_clean.csv,28032808770_G10,28032808770_G10,1351.0,Enterococcus
Serratia marcescens,28032808770_G9,R,R,S,S,S,S,R,,,,R,S,,,,,,,,,,,S,,,S,S,S,,,,,,,,,,,,,,,,,,,,,,,,,,,,,../data/driams/downloads/DRIAMS-C/id/2018/2018_clean.csv,28032808770_G9,28032808770_G9,615.0,Serratia
Staphylococcus capitis,28032810570_A11,S,R,,S,S,,,,,,,S,S,S,S,S,S,R,S,S,,,,,,,,,,,,,,,,,,,,,,,,,,,,,,,,,,,,,../data/driams/downloads/DRIAMS-C/id/2018/2018_clean.csv,28032810570_A11,28032810570_A11,29388.0,Staphylococcus
Staphylococcus aureus,28032810820_G7,S,R,,S,S,,,,,,,S,S,S,S,S,S,R,S,S,,,,,,,,,,,,,,,,,,,,,,,,,,,,,,,,,,,,,../data/driams/downloads/DRIAMS-C/id/2018/2018_clean.csv,28032810820_G7,28032810820_G7,1280.0,Staphylococcus
Staphylococcus aureus,28032810840_G12,S,S,,S,S,,,,,,,S,S,S,S,S,S,S,S,S,,,,,,,,,,,,,,,,,,,,,,,,,,,,,,,,,,,,,../data/driams/downloads/DRIAMS-C/id/2018/2018_clean.csv,28032810840_G12,28032810840_G12,1280.0,Staphylococcus
Staphylococcus aureus,28032810930_H3,S,R,,S,S,,,S,,S,,S,,,,,S,R,,,,,,,,,,,,,,,S,,,,,,,,,,,,,,,,,,,,,,,,../data/driams/downloads/DRIAMS-C/id/2018/2018_clean.csv,28032810930_H3,28032810930_H3,1280.0,Staphylococcus
Citrobacter koseri,28032810970_H5,S,R,S,S,S,S,S,S,S,S,S,S,,,,,,,,,,,,,,,,,,,,,,,,,,,,,,,,,,,,,,,,,,,,,../data/driams/downloads/DRIAMS-C/id/2018/2018_clean.csv,28032810970_H5,28032810970_H5,545.0,Citrobacter
Proteus vulgaris,28032810970_H6,S,R,S,S,S,S,R,R,S,S,R,S,,,,,,,,,,,,,,,,,,,,,,,,,,,,,,,,,,,,,,,,,,,,,../data/driams/downloads/DRIAMS-C/id/2018/2018_clean.csv,28032810970_H6,28032810970_H6,585.0,Proteus
Klebsiella oxytoca,28032811080_H3,S,R,S,S,S,S,S,,,,S,S,,,,,,,,,,,S,,,S,S,S,,,,,,,,,,,,,,,,,,,,,,,,,,,,,../data/driams/downloads/DRIAMS-C/id/2018/2018_clean.csv,28032811080_H3,28032811080_H3,571.0,Klebsiella
Klebsiella oxytoca,28032811080_H4,S,R,S,S,S,S,S,,,,S,S,,,,,,,,,,,S,,,S,S,S,,,,,,,,,,,,,,,,,,,,,,,,,,,,,../data/driams/downloads/DRIAMS-C/id/2018/2018_clean.csv,28032811080_H4,28032811080_H4,571.0,Klebsiella
Enterococcus faecalis,28032811740_B2,S,S,,,,,,S,,,,I,,,,,R,,,,,R,S,,,,,,,,,,,,,,,,,,,,,,,,,,,,,,,,,,../data/driams/downloads/DRIAMS-C/id/2018/2018_clean.csv,28032811740_B2,28032811740_B2,1351.0,Enterococcus
Staphylococcus aureus,28032813400_G11,S,R,,S,S,,,,,,,S,S,S,S,S,S,R,S,S,,,,,,,,,,,,,,,,,,,,,,,,,,,,,,,,,,,,,../data/driams/downloads/DRIAMS-C/id/2018/2018_clean.csv,28032813400_G11,28032813400_G11,1280.0,Staphylococcus
Staphylococcus aureus,28032813440_H2,S,S,,S,S,,,,,,,S,S,S,S,S,S,S,S,S,,,,,,,,,,,,,,,,,,,,,,,,,,,,,,,,,,,,,../data/driams/downloads/DRIAMS-C/id/2018/2018_clean.csv,28032813440_H2,28032813440_H2,1280.0,Staphylococcus
Klebsiella pneumoniae,28032813520_D12,S,R,S,S,S,S,S,S,R,S,S,S,,,,,,,,,,,,,,,,,,,,,,,,,,,,,,,,,,,,,,,,,,,,,../data/driams/downloads/DRIAMS-C/id/2018/2018_clean.csv,28032813520_D12,28032813520_D12,573.0,Klebsiella
Klebsiella aerogenes,28032813550_H9,R,R,S,S,S,S,S,S,R,S,S,S,,,,,,,,,,,,,,,,,,,,,,,,,,,,,,,,,,,,,,,,,,,,,../data/driams/downloads/DRIAMS-C/id/2018/2018_clean.csv,28032813550_H9,28032813550_H9,548.0,
Klebsiella pneumoniae,28032813570_H10,S,R,S,S,S,S,S,S,R,S,S,S,,,,,,,,,,,,,,,,,,,,,,,,,,,,,,,,,,,,,,,,,,,,,../data/driams/downloads/DRIAMS-C/id/2018/2018_clean.csv,28032813570_H10,28032813570_H10,573.0,Klebsiella
Enterobacter asburiae,28032813580_H11,R,R,S,S,S,S,S,S,R,S,S,S,,,,,,,,,,,,,,,,,,,,,,,,,,,,,,,,,,,,,,,,,,,,,../data/driams/downloads/DRIAMS-C/id/2018/2018_clean.csv,28032813580_H11,28032813580_H11,61645.0,Enterobacter
Staphylococcus aureus,28032906350_C1,S,S,,S,S,,,,,,,S,S,S,S,S,S,S,S,S,,,,,,,,,,,,,,,,,,,,,,,,,,,,,,,,,,,,,../data/driams/downloads/DRIAMS-C/id/2018/2018_clean.csv,28032906350_C1,28032906350_C1,1280.0,Staphylococcus
Enterococcus faecalis,28032908570_B7,S,S,,,,,,S,,,,I,,,,,R,,,,,R,S,,,,,,,,,,,,,,,,,,,,,,,,,,,,,,,,,,../data/driams/downloads/DRIAMS-C/id/2018/2018_clean.csv,28032908570_B7,28032908570_B7,1351.0,Enterococcus
Escherichia coli,28032909670_B9,R,R,S,S,S,S,S,,,,S,S,,,,,,,,,,,S,,,S,S,S,,,,,,,,,,,,,,,,,,,,,,,,,,,,,../data/driams/downloads/DRIAMS-C/id/2018/2018_clean.csv,28032909670_B9,28032909670_B9,562.0,Escherichia
Staphylococcus aureus,28032909670_E3,S,R,,S,S,,,,,,,S,S,S,S,S,S,R,S,S,,,,,,,,,,,,,,,,,,,,,,,,,,,,,,,,,,,,,../data/driams/downloads/DRIAMS-C/id/2018/2018_clean.csv,28032909670_E3,28032909670_E3,1280.0,Staphylococcus
Enterococcus faecalis,28032910370_B12,S,S,,,,,,S,,,,I,,,,,R,,,,,R,S,,,,,,,,,,,,,,,,,,,,,,,,,,,,,,,,,,../data/driams/downloads/DRIAMS-C/id/2018/2018_clean.csv,28032910370_B12,28032910370_B12,1351.0,Enterococcus
Enterococcus faecalis,28032910490_A1,S,S,,,,,,S,,,,I,,,,,R,,,,,R,S,,,,,,,,,,,,,,,,,,,,,,,,,,,,,,,,,,../data/driams/downloads/DRIAMS-C/id/2018/2018_clean.csv,28032910490_A1,28032910490_A1,1351.0,Enterococcus
Enterobacter cloacae,28032910570_A2,R,R,S,S,S,S,R,S,S,S,S,S,,,,,,,,,,,,,,,,,,,,,,,,,,,,,,,,,,,,,,,,,,,,,../data/driams/downloads/DRIAMS-C/id/2018/2018_clean.csv,28032910570_A2,28032910570_A2,550.0,Enterobacter
Enterococcus faecalis,28032910630_A3,S,S,,,,,,S,,,,I,,,,,R,,,,,R,S,,,,,,,,,,,,,,,,,,,,,,,,,,,,,,,,,,../data/driams/downloads/DRIAMS-C/id/2018/2018_clean.csv,28032910630_A3,28032910630_A3,1351.0,Enterococcus
Capnocytophaga sputigena,28032911070_C10,,S,,,,S,,,,,,,,,,,,,,,,,,,,,,,,,,,,,S,,,,,,,,,,,,,,,,,,,,,,../data/driams/downloads/DRIAMS-C/id/2018/2018_clean.csv,28032911070_C10,28032911070_C10,1019.0,Capnocytophaga
Capnocytophaga sputigena,28032911070_C11,,S,,,,S,,,,,,,,,,,,,,,,,,,,,,,,,,,,,S,,,,,,,,,,,,,,,,,,,,,,../data/driams/downloads/DRIAMS-C/id/2018/2018_clean.csv,28032911070_C11,28032911070_C11,1019.0,Capnocytophaga
Capnocytophaga sputigena,28032911070_C12,,S,,,,S,,,,,,,,,,,,,,,,,,,,,,,,,,,,,S,,,,,,,,,,,,,,,,,,,,,,../data/driams/downloads/DRIAMS-C/id/2018/2018_clean.csv,28032911070_C12,28032911070_C12,1019.0,Capnocytophaga
Aerococcus urinae,28032911450_A5,S,S,,S,,,,S,,,,,,,,,,,,,,,,,,,,,,,,,,,,,,,,,,,,,,,,,,,,,,,,,../data/driams/downloads/DRIAMS-C/id/2018/2018_clean.csv,28032911450_A5,28032911450_A5,1376.0,Aerococcus
Klebsiella pneumoniae,28032913110_A6,S,R,S,S,S,S,S,S,R,S,S,S,,,,,,,,,,,,,,,,,,,,,,,,,,,,,,,,,,,,,,,,,,,,,../data/driams/downloads/DRIAMS-C/id/2018/2018_clean.csv,28032913110_A6,28032913110_A6,573.0,Klebsiella
Providencia rettgeri,28032913110_A7,R,R,S,S,S,S,S,R,S,S,R,S,,,,,,,,,,,,,,,,,,,,,,,,,,,,,,,,,,,,,,,,,,,,,../data/driams/downloads/DRIAMS-C/id/2018/2018_clean.csv,28032913110_A7,28032913110_A7,587.0,Providencia
Staphylococcus lugdunensis,28032914770_C7,S,R,,S,S,,,,,,,S,S,S,S,S,S,R,S,S,,,,,,,,,,,,,,,,,,,,,,,,,,,,,,,,,,,,,../data/driams/downloads/DRIAMS-C/id/2018/2018_clean.csv,28032914770_C7,28032914770_C7,28035.0,Staphylococcus
Staphylococcus aureus,28033003410_F11,S,S,,S,S,,,,,,,S,S,S,S,S,S,S,S,S,,,,,,,,,,,,,,,,,,,,,,,,,,,,,,,,,,,,,../data/driams/downloads/DRIAMS-C/id/2018/2018_clean.csv,28033003410_F11,28033003410_F11,1280.0,Staphylococcus
Escherichia coli,28033004960_C10,S,R,S,S,S,S,S,,,,S,S,,,,,,,,,,,S,,,S,S,S,,,,,,,,,,,,,,,,,,,,,,,,,,,,,../data/driams/downloads/DRIAMS-C/id/2018/2018_clean.csv,28033004960_C10,28033004960_C10,562.0,Escherichia
Enterococcus faecium,28033004960_C11,R,R,,,R,,,,,,,,,R,,,R,,,S,S,S,R,,,,,,,,,,,,,,,,,,,,,,,,,,,,,,,,,,../data/driams/downloads/DRIAMS-C/id/2018/2018_clean.csv,28033004960_C11,28033004960_C11,1352.0,Enterococcus
Enterococcus faecium,28033004960_C12,R,R,,,R,,,,,,,,,R,,,R,,,S,S,S,R,,,,,,,,,,,,,,,,,,,,,,,,,,,,,,,,,,../data/driams/downloads/DRIAMS-C/id/2018/2018_clean.csv,28033004960_C12,28033004960_C12,1352.0,Enterococcus
Pseudomonas aeruginosa,28033004960_E4,R,R,S,S,S,R,R,,,,S,R,,,,,,,,,,,S,,,S,S,S,,,,,,,,,,,,,,,,,,,,,,,,,,,,,../data/driams/downloads/DRIAMS-C/id/2018/2018_clean.csv,28033004960_E4,28033004960_E4,287.0,Pseudomonas
Klebsiella oxytoca,28033005320_A9,S,R,S,S,S,S,S,S,R,S,S,S,,,,,,,,,,,,,,,,,,,,,,,,,,,,,,,,,,,,,,,,,,,,,../data/driams/downloads/DRIAMS-C/id/2018/2018_clean.csv,28033005320_A9,28033005320_A9,571.0,Klebsiella
Enterococcus avium,28033005510_D2,S,S,,,R,,,,,,,,,R,,,R,,,S,S,S,S,,,,,,,,,,,,,,,,,,,,,,,,,,,,,,,,,,../data/driams/downloads/DRIAMS-C/id/2018/2018_clean.csv,28033005510_D2,28033005510_D2,33945.0,Enterococcus
Enterococcus faecium,28033101720_E11,R,R,,,R,,,,,,,,,R,,,R,,,S,S,S,R,,,,,,,,,,,,,,,,,,,,,,,,,,,,,,,,,,../data/driams/downloads/DRIAMS-C/id/2018/2018_clean.csv,28033101720_E11,28033101720_E11,1352.0,Enterococcus
Enterobacter cloacae,28033104710_F3,R,R,R,S,S,R,R,,,,S,S,,,,,,,,,,,R,,,S,I,S,,,,,,,,,,,,,,,,,,,,,,,,,,,,,../data/driams/downloads/DRIAMS-C/id/2018/2018_clean.csv,28033104710_F3,28033104710_F3,550.0,Enterobacter
Staphylococcus aureus,28033104720_F5,S,S,,S,S,,,,,,,S,S,S,S,S,S,S,S,S,,,,,,,,,,,,,,,,,,,,,,,,,,,,,,,,,,,,,../data/driams/downloads/DRIAMS-C/id/2018/2018_clean.csv,28033104720_F5,28033104720_F5,1280.0,Staphylococcus
Citrobacter koseri,28033104720_F6,S,R,S,S,S,S,S,,,,S,S,,,,,,,,,,,S,,,S,S,S,,,,,,,,,,,,,,,,,,,,,,,,,,,,,../data/driams/downloads/DRIAMS-C/id/2018/2018_clean.csv,28033104720_F6,28033104720_F6,545.0,Citrobacter
Pseudomonas aeruginosa,28033104720_F7,R,R,S,S,S,R,R,,,,S,R,,,,,,,,,,,S,,,S,R,S,,,,,,,,,,,,,,,,,,,,,,,,,,,,,../data/driams/downloads/DRIAMS-C/id/2018/2018_clean.csv,28033104720_F7,28033104720_F7,287.0,Pseudomonas
Enterococcus faecalis,28033105140_D11,S,S,,,,,,S,,,,I,,,,,R,,,,,R,S,,,,,,,,,,,,,,,,,,,,,,,,,,,,,,,,,,../data/driams/downloads/DRIAMS-C/id/2018/2018_clean.csv,28033105140_D11,28033105140_D11,1351.0,Enterococcus
Staphylococcus aureus,28033106500_F11,S,R,,S,S,,,,,,,S,S,S,S,S,S,R,S,S,,,,,,,,,,,,,,,,,,,,,,,,,,,,,,,,,,,,,../data/driams/downloads/DRIAMS-C/id/2018/2018_clean.csv,28033106500_F11,28033106500_F11,1280.0,Staphylococcus
Serratia marcescens,28040102710_F7,R,R,S,S,S,S,R,,,,R,S,,,,,,,,,,,I,,,S,S,S,,,,,,,,,,,,,,,,,,,,,,,,,,,,,../data/driams/downloads/DRIAMS-C/id/2018/2018_clean.csv,28040102710_F7,28040102710_F7,615.0,Serratia
Raoultella ornithinolytica,28040102710_F8,S,R,S,S,S,S,S,,,,S,S,,,,,,,,,,,S,,,S,S,S,,,,,,,,,,,,,,,,,,,,,,,,,,,,,../data/driams/downloads/DRIAMS-C/id/2018/2018_clean.csv,28040102710_F8,28040102710_F8,54291.0,Raoultella
Haemophilus parainfluenzae,28040105210_G1,S,S,,S,,S,S,,,,,,I,,,,,R,,,,,,,,,,,,,,,,,,,,,,,,,,,,,,,,,,,,,,,../data/driams/downloads/DRIAMS-C/id/2018/2018_clean.csv,28040105210_G1,28040105210_G1,729.0,Haemophilus
Staphylococcus aureus,28040105490_A6,S,R,,S,S,,,,,,,S,R,R,S,S,S,R,S,S,,,,,,,,,,,,,,,,,,,,,,,,,,,,,,,,,,,,,../data/driams/downloads/DRIAMS-C/id/2018/2018_clean.csv,28040105490_A6,28040105490_A6,1280.0,Staphylococcus
Staphylococcus aureus,28040203260_B1,S,R,,S,S,,,,,,,S,S,S,S,S,S,R,S,S,,,,,,,,,,,,,,,,,,,,,,,,,,,,,,,,,,,,,../data/driams/downloads/DRIAMS-C/id/2018/2018_clean.csv,28040203260_B1,28040203260_B1,1280.0,Staphylococcus
Staphylococcus aureus,28040203260_B2,S,R,,S,S,,,,,,,S,S,S,S,S,S,R,S,S,,,,,,,,,,,,,,,,,,,,,,,,,,,,,,,,,,,,,../data/driams/downloads/DRIAMS-C/id/2018/2018_clean.csv,28040203260_B2,28040203260_B2,1280.0,Staphylococcus
Staphylococcus aureus,28040203260_B3,S,R,,S,S,,,,,,,S,S,S,S,S,S,R,S,S,,,,,,,,,,,,,,,,,,,,,,,,,,,,,,,,,,,,,../data/driams/downloads/DRIAMS-C/id/2018/2018_clean.csv,28040203260_B3,28040203260_B3,1280.0,Staphylococcus
Escherichia coli,28040203900_F1,R,R,I,S,S,S,R,S,S,S,S,S,,,,,,,,,,,S,,,S,S,S,,,,,,,S,,,,,,,,,,,,,,,,,,,,,,../data/driams/downloads/DRIAMS-C/id/2018/2018_clean.csv,28040203900_F1,28040203900_F1,562.0,Escherichia
Escherichia coli,28040203900_F2,R,R,I,S,S,S,R,S,S,S,S,S,,,,,,,,,,,S,,,S,S,S,,,,,,,S,,,,,,,,,,,,,,,,,,,,,,../data/driams/downloads/DRIAMS-C/id/2018/2018_clean.csv,28040203900_F2,28040203900_F2,562.0,Escherichia
Proteus mirabilis,28040206070_E7,S,S,S,S,S,S,S,R,S,S,R,R,,,,,,,,,,,,,,,,,,,,,,,,,,,,,,,,,,,,,,,,,,,,,../data/driams/downloads/DRIAMS-C/id/2018/2018_clean.csv,28040206070_E7,28040206070_E7,584.0,Proteus
Escherichia coli,28040301350_D4,R,R,S,S,S,S,S,,,,S,S,,,,,,,,,,,S,,,S,S,S,,,,,,,,,,,,,,,,,,,,,,,,,,,,,../data/driams/downloads/DRIAMS-C/id/2018/2018_clean.csv,28040301350_D4,28040301350_D4,562.0,Escherichia
Escherichia coli,28040301350_D5,R,R,S,S,S,S,S,,,,S,S,,,,,,,,,,,S,,,S,S,S,,,,,,,,,,,,,,,,,,,,,,,,,,,,,../data/driams/downloads/DRIAMS-C/id/2018/2018_clean.csv,28040301350_D5,28040301350_D5,562.0,Escherichia
Escherichia coli,28040301350_D6,R,R,S,S,S,S,S,,,,S,S,,,,,,,,,,,S,,,S,S,S,,,,,,,,,,,,,,,,,,,,,,,,,,,,,../data/driams/downloads/DRIAMS-C/id/2018/2018_clean.csv,28040301350_D6,28040301350_D6,562.0,Escherichia
Escherichia coli,28040301350_D7,R,R,S,S,S,S,S,,,,S,S,,,,,,,,,,,S,,,S,S,S,,,,,,,,,,,,,,,,,,,,,,,,,,,,,../data/driams/downloads/DRIAMS-C/id/2018/2018_clean.csv,28040301350_D7,28040301350_D7,562.0,Escherichia
Bacteroides fragilis,28040302430_E5,S,R,,,,,,,,,,,S,S,,,,R,,,,,,S,,,,,,,,,,,,,,,,,,,,,,,,,,,,,,,,,../data/driams/downloads/DRIAMS-C/id/2018/2018_clean.csv,28040302430_E5,28040302430_E5,817.0,Bacteroides
Campylobacter jejuni,28040303120_E5,,,,R,,,,,,,,,S,,,,,,,,,,,,,,,,S,S,R,R,,,,,,,,,,,,,,,,,,,,,,,,,../data/driams/downloads/DRIAMS-C/id/2018/2018_clean.csv,28040303120_E5,28040303120_E5,197.0,Campylobacter
Prevotella bivia,28040304830_E10,S,R,,,,,,,,,,,S,S,,,,R,,,,,,S,,,,,,,,,,,,,,,,,,,,,,,,,,,,,,,,,../data/driams/downloads/DRIAMS-C/id/2018/2018_clean.csv,28040304830_E10,28040304830_E10,28125.0,Prevotella
Prevotella bivia,28040304830_E11,S,R,,,,,,,,,,,S,S,,,,R,,,,,,S,,,,,,,,,,,,,,,,,,,,,,,,,,,,,,,,,../data/driams/downloads/DRIAMS-C/id/2018/2018_clean.csv,28040304830_E11,28040304830_E11,28125.0,Prevotella
Enterococcus faecalis,28040304830_E8,S,S,,,R,,,,,,,,,R,,,R,,,S,S,R,S,,,,,,,,,,,,,,,,,,,,,,,,,,,,,,,,,,../data/driams/downloads/DRIAMS-C/id/2018/2018_clean.csv,28040304830_E8,28040304830_E8,1351.0,Enterococcus
Escherichia coli,28040305650_A9,S,S,S,S,S,S,S,,,,S,S,,,,,,,,,,,S,,,S,S,S,,,,,,,,,,,,,,,,,,,,,,,,,,,,,../data/driams/downloads/DRIAMS-C/id/2018/2018_clean.csv,28040305650_A9,28040305650_A9,562.0,Escherichia
Stenotrophomonas maltophilia,28040308220_F9,,,,,,,,,,,,S,,,,,,,,,,,,,,,,,,,,,,,,,,,,,,,,,,,,,,,,,,,,,../data/driams/downloads/DRIAMS-C/id/2018/2018_clean.csv,28040308220_F9,28040308220_F9,40324.0,Stenotrophomonas
Stenotrophomonas maltophilia,28040310130_A2,,,,,,,,,,,,S,,,,,,,,,,,,,,,,,,,,,,,,,,,,,,,,,,,,,,,,,,,,,../data/driams/downloads/DRIAMS-C/id/2018/2018_clean.csv,28040310130_A2,28040310130_A2,40324.0,Stenotrophomonas
Klebsiella oxytoca,28040310200_F11,S,R,S,S,S,S,S,S,R,S,S,R,,,,,,,,,,,,,,,,,,,,,,,,,,,,,,,,,,,,,,,,,,,,,../data/driams/downloads/DRIAMS-C/id/2018/2018_clean.csv,28040310200_F11,28040310200_F11,571.0,Klebsiella
Klebsiella oxytoca,28040310200_F12,S,R,S,S,S,S,S,S,R,S,S,R,,,,,,,,,,,,,,,,,,,,,,,,,,,,,,,,,,,,,,,,,,,,,../data/driams/downloads/DRIAMS-C/id/2018/2018_clean.csv,28040310200_F12,28040310200_F12,571.0,Klebsiella
Raoultella ornithinolytica,28040311780_G5,S,R,S,S,S,S,S,S,R,S,S,S,,,,,,,,,,,,,,,,,,,,,,,,,,,,,,,,,,,,,,,,,,,,,../data/driams/downloads/DRIAMS-C/id/2018/2018_clean.csv,28040311780_G5,28040311780_G5,54291.0,Raoultella
Escherichia coli,28040311790_G8,S,S,S,S,S,S,S,S,S,S,S,S,,,,,,,,,,,,,,,,,,,,,,,,,,,,,,,,,,,,,,,,,,,,,../data/driams/downloads/DRIAMS-C/id/2018/2018_clean.csv,28040311790_G8,28040311790_G8,562.0,Escherichia
Klebsiella pneumoniae,28040311790_G9,S,R,S,S,S,S,S,S,R,S,S,S,,,,,,,,,,,,,,,,,,,,,,,,,,,,,,,,,,,,,,,,,,,,,../data/driams/downloads/DRIAMS-C/id/2018/2018_clean.csv,28040311790_G9,28040311790_G9,573.0,Klebsiella
Enterobacter kobei,28040402940_E12,R,R,S,S,S,S,S,,,,S,S,,,,,,,,,,,S,,,S,S,S,,,,,,,,,,,,,,,,,,,,,,,,,,,,,../data/driams/downloads/DRIAMS-C/id/2018/2018_clean.csv,28040402940_E12,28040402940_E12,208224.0,Enterobacter
Enterobacter asburiae,28040402940_F1,R,R,S,S,S,S,S,,,,S,R,,,,,,,,,,,S,,,S,S,S,,,,,,,,,,,,,,,,,,,,,,,,,,,,,../data/driams/downloads/DRIAMS-C/id/2018/2018_clean.csv,28040402940_F1,28040402940_F1,61645.0,Enterobacter
Enterobacter asburiae,28040402940_F7,R,R,S,S,S,S,S,,,,S,R,,,,,,,,,,,S,,,S,S,S,,,,,,,,,,,,,,,,,,,,,,,,,,,,,../data/driams/downloads/DRIAMS-C/id/2018/2018_clean.csv,28040402940_F7,28040402940_F7,61645.0,Enterobacter
Serratia marcescens,28040403600_G10,R,R,R,S,I,R,R,,,,R,R,,,,,,,,,,,R,,,S,R,S,,,,,,,,,,,,,,,,,,,,,,,,,,,,,../data/driams/downloads/DRIAMS-C/id/2018/2018_clean.csv,28040403600_G10,28040403600_G10,615.0,Serratia
Serratia marcescens,28040403600_G11,R,R,R,S,I,R,R,,,,R,R,,,,,,,,,,,R,,,S,R,S,,,,,,,,,,,,,,,,,,,,,,,,,,,,,../data/driams/downloads/DRIAMS-C/id/2018/2018_clean.csv,28040403600_G11,28040403600_G11,615.0,Serratia
Pseudomonas aeruginosa,28040403600_G5,R,R,S,S,S,R,R,,,,S,R,,,,,,,,,,,S,,,S,S,S,,,,,,,,,,,,,,,,,,,,,,,,,,,,,../data/driams/downloads/DRIAMS-C/id/2018/2018_clean.csv,28040403600_G5,28040403600_G5,287.0,Pseudomonas
Serratia marcescens,28040403600_G6,R,R,R,S,I,R,R,,,,R,R,,,,,,,,,,,R,,,S,R,S,,,,,,,,,,,,,,,,,,,,,,,,,,,,,../data/driams/downloads/DRIAMS-C/id/2018/2018_clean.csv,28040403600_G6,28040403600_G6,615.0,Serratia
Pseudomonas aeruginosa,28040403600_G7,R,R,S,S,S,R,R,,,,S,R,,,,,,,,,,,S,,,S,S,S,,,,,,,,,,,,,,,,,,,,,,,,,,,,,../data/driams/downloads/DRIAMS-C/id/2018/2018_clean.csv,28040403600_G7,28040403600_G7,287.0,Pseudomonas
Serratia marcescens,28040403600_G8,R,R,R,S,I,R,R,,,,R,R,,,,,,,,,,,R,,,S,R,S,,,,,,,,,,,,,,,,,,,,,,,,,,,,,../data/driams/downloads/DRIAMS-C/id/2018/2018_clean.csv,28040403600_G8,28040403600_G8,615.0,Serratia
Pseudomonas aeruginosa,28040403600_G9,R,R,S,S,S,R,R,,,,S,R,,,,,,,,,,,S,,,S,S,S,,,,,,,,,,,,,,,,,,,,,,,,,,,,,../data/driams/downloads/DRIAMS-C/id/2018/2018_clean.csv,28040403600_G9,28040403600_G9,287.0,Pseudomonas
Serratia marcescens,28040403710_H6,R,R,S,S,S,S,R,,,,R,S,,,,,,,,,,,S,,,S,S,S,,,,,,,,,,,,,,,,,,,,,,,,,,,,,../data/driams/downloads/DRIAMS-C/id/2018/2018_clean.csv,28040403710_H6,28040403710_H6,615.0,Serratia
Citrobacter freundii,28040403710_H7,R,R,S,S,S,S,S,,,,S,S,,,,,,,,,,,S,,,S,S,S,,,,,,,,,,,,,,,,,,,,,,,,,,,,,../data/driams/downloads/DRIAMS-C/id/2018/2018_clean.csv,28040403710_H7,28040403710_H7,546.0,Citrobacter
Escherichia coli,28040406350_E8,R,R,S,R,R,S,S,,,,S,S,,,,,,,,,,,R,,,R,S,S,,,,,,,,,,,,,,,,,,,,,,,,,,,,,../data/driams/downloads/DRIAMS-C/id/2018/2018_clean.csv,28040406350_E8,28040406350_E8,562.0,Escherichia
Klebsiella oxytoca,28040407440_D4,S,R,S,S,S,S,S,,,,S,S,,,,,,,,,,,S,,,S,S,S,,,,,,,,,,,,,,,,,,,,,,,,,,,,,../data/driams/downloads/DRIAMS-C/id/2018/2018_clean.csv,28040407440_D4,28040407440_D4,571.0,Klebsiella
Klebsiella oxytoca,28040407440_D5,S,R,S,S,S,S,S,,,,S,S,,,,,,,,,,,S,,,S,S,S,,,,,,,,,,,,,,,,,,,,,,,,,,,,,../data/driams/downloads/DRIAMS-C/id/2018/2018_clean.csv,28040407440_D5,28040407440_D5,571.0,Klebsiella
Acinetobacter ursingii,28040407470_D7,R,R,R,S,S,R,R,,,,S,S,,,,,,,,,,,R,,,S,S,S,,,,,,,,,,,,,,,,,,,,,,,,,,,,,../data/driams/downloads/DRIAMS-C/id/2018/2018_clean.csv,28040407470_D7,28040407470_D7,108980.0,Acinetobacter
Acinetobacter ursingii,28040407470_A11,R,R,R,S,S,R,R,,,,S,S,,,,,,,,,,,R,,,S,S,S,,,,,,,,,,,,,,,,,,,,,,,,,,,,,../data/driams/downloads/DRIAMS-C/id/2018/2018_clean.csv,28040407470_A11,28040407470_A11,108980.0,Acinetobacter
Stenotrophomonas maltophilia,28040407470_A12,,,,,,,,,,,,S,,,,,,,,,,,,,,,,,,,,,,,,,,,,,,,,,,,,,,,,,,,,,../data/driams/downloads/DRIAMS-C/id/2018/2018_clean.csv,28040407470_A12,28040407470_A12,40324.0,Stenotrophomonas
Staphylococcus aureus,28040412450_D12,S,S,,S,S,,,,,,,S,R,R,S,S,S,S,S,S,,,,,,,,,,,,,,,,,,,,,,,,,,,,,,,,,,,,,../data/driams/downloads/DRIAMS-C/id/2018/2018_clean.csv,28040412450_D12,28040412450_D12,1280.0,Staphylococcus
Escherichia coli,28040414100_C2,R,R,S,S,S,S,S,S,S,S,S,R,,,,,,,,,,,,,,,,,,,,,,,,,,,,,,,,,,,,,,,,,,,,,../data/driams/downloads/DRIAMS-C/id/2018/2018_clean.csv,28040414100_C2,28040414100_C2,562.0,Escherichia
Enterococcus faecalis,28040414100_E4,S,S,,,,,,S,,,,I,,,,,R,,,,,R,S,,,,,,,,,,,,,,,,,,,,,,,,,,,,,,,,,,../data/driams/downloads/DRIAMS-C/id/2018/2018_clean.csv,28040414100_E4,28040414100_E4,1351.0,Enterococcus
Enterococcus faecium,28040414100_E5,R,R,,,R,,,,,,,,,R,,,R,,,S,S,S,R,,,,,,,,,,,,,,,,,,,,,,,,,,,,,,,,,,../data/driams/downloads/DRIAMS-C/id/2018/2018_clean.csv,28040414100_E5,28040414100_E5,1352.0,Enterococcus
Enterococcus faecalis,28040414160_C5,S,S,,,,,,S,,,,I,,,,,R,,,,,R,S,,,,,,,,,,,,,,,,,,,,,,,,,,,,,,,,,,../data/driams/downloads/DRIAMS-C/id/2018/2018_clean.csv,28040414160_C5,28040414160_C5,1351.0,Enterococcus
Pseudomonas aeruginosa,28040414160_E7,R,R,S,S,S,R,R,,,,S,R,,,,,,,,,,,S,,,S,S,I,,,,,,,,,,,,,,,,,,,,,,,,,,,,,../data/driams/downloads/DRIAMS-C/id/2018/2018_clean.csv,28040414160_E7,28040414160_E7,287.0,Pseudomonas
Escherichia coli,28040502180_F8,S,S,S,S,S,S,S,,,,S,S,,,,,,,,,,,S,,,S,S,S,,,,,,,,,,,,,,,,,,,,,,,,,,,,,../data/driams/downloads/DRIAMS-C/id/2018/2018_clean.csv,28040502180_F8,28040502180_F8,562.0,Escherichia
Staphylococcus aureus,28040502370_C5,S,S,,S,S,,,,,,,S,S,S,S,S,S,S,S,S,,,,,,,,,,,,,,,,,,,,,,,,,,,,,,,,,,,,,../data/driams/downloads/DRIAMS-C/id/2018/2018_clean.csv,28040502370_C5,28040502370_C5,1280.0,Staphylococcus
Staphylococcus aureus,28040506610_F3,S,R,,S,S,,,,,,,S,S,S,S,S,S,R,S,S,,,,,,,,,,,,,,,,,,,,,,,,,,,,,,,,,,,,,../data/driams/downloads/DRIAMS-C/id/2018/2018_clean.csv,28040506610_F3,28040506610_F3,1280.0,Staphylococcus
Escherichia coli,28040506610_F4,S,R,S,S,S,S,S,,,,S,R,,,,,,,,,,,S,,,S,S,S,,,,,,,,,,,,,,,,,,,,,,,,,,,,,../data/driams/downloads/DRIAMS-C/id/2018/2018_clean.csv,28040506610_F4,28040506610_F4,562.0,Escherichia
Staphylococcus aureus,28040506890_F6,S,R,,S,S,,,,,,,S,R,R,S,S,S,R,S,S,,,,,,,,,,,,,,,,,,,,,,,,,,,,,,,,,,,,,../data/driams/downloads/DRIAMS-C/id/2018/2018_clean.csv,28040506890_F6,28040506890_F6,1280.0,Staphylococcus
Staphylococcus aureus,28040507850_F11,S,S,,S,S,,,,,,,S,S,S,S,S,S,S,S,S,,,,,,,,,,,,,,,,,,,,,,,,,,,,,,,,,,,,,../data/driams/downloads/DRIAMS-C/id/2018/2018_clean.csv,28040507850_F11,28040507850_F11,1280.0,Staphylococcus
Staphylococcus aureus,28040508710_B6,S,R,,S,S,,,,,,,S,R,R,S,S,S,R,S,S,,,,,,,,,,,,,,,,,,,,,,,,,,,,,,,,,,,,,../data/driams/downloads/DRIAMS-C/id/2018/2018_clean.csv,28040508710_B6,28040508710_B6,1280.0,Staphylococcus
Klebsiella pneumoniae,28040508760_B7,S,R,R,S,S,R,R,,,,S,R,,,,,,,,,,,S,,,S,R,S,,,,,,,,,,,,,,,,,,,,,,,,,,,,,../data/driams/downloads/DRIAMS-C/id/2018/2018_clean.csv,28040508760_B7,28040508760_B7,573.0,Klebsiella
Klebsiella pneumoniae,28040508760_B8,S,R,R,S,S,R,R,,,,S,R,,,,,,,,,,,S,,,S,R,S,,,,,,,,,,,,,,,,,,,,,,,,,,,,,../data/driams/downloads/DRIAMS-C/id/2018/2018_clean.csv,28040508760_B8,28040508760_B8,573.0,Klebsiella
Staphylococcus aureus,28040508760_C8,S,S,,S,S,,,,,,,S,S,S,S,S,S,S,S,S,,,,,,,,,,,,,,,,,,,,,,,,,,,,,,,,,,,,,../data/driams/downloads/DRIAMS-C/id/2018/2018_clean.csv,28040508760_C8,28040508760_C8,1280.0,Staphylococcus
Proteus vulgaris,28040508760_C9,S,R,S,S,S,S,R,,,,R,S,,,,,,,,,,,S,,,S,S,S,,,,,,,,,,,,,,,,,,,,,,,,,,,,,../data/driams/downloads/DRIAMS-C/id/2018/2018_clean.csv,28040508760_C9,28040508760_C9,585.0,Proteus
Enterococcus avium,28040509680_E11,S,S,,,R,,,,,,,,,R,,,R,,,S,S,S,S,,,,,,,,,,,,,,,,,,,,,,,,,,,,,,,,,,../data/driams/downloads/DRIAMS-C/id/2018/2018_clean.csv,28040509680_E11,28040509680_E11,33945.0,Enterococcus
Escherichia coli,28040509680_E12,R,R,S,S,S,S,S,S,S,S,S,R,,,,,,,,,,,,,,,,,,,,,,,,,,,,,,,,,,,,,,,,,,,,,../data/driams/downloads/DRIAMS-C/id/2018/2018_clean.csv,28040509680_E12,28040509680_E12,562.0,Escherichia
Klebsiella pneumoniae,28040509680_F1,S,R,S,S,S,S,S,S,R,S,S,S,,,,,,,,,,,,,,,,,,,,,,,,,,,,,,,,,,,,,,,,,,,,,../data/driams/downloads/DRIAMS-C/id/2018/2018_clean.csv,28040509680_F1,28040509680_F1,573.0,Klebsiella
Enterococcus faecalis,28040510380_F12,S,S,,,R,,,,,,,,,R,,,R,,,S,S,R,S,,,,,,,,,,,,,,,,,,,,,,,,,,,,,,,,,,../data/driams/downloads/DRIAMS-C/id/2018/2018_clean.csv,28040510380_F12,28040510380_F12,1351.0,Enterococcus
Enterococcus faecalis,28040510380_A5,S,S,,,R,,,,,,,,,R,,,R,,,S,S,R,S,,,,,,,,,,,,,,,,,,,,,,,,,,,,,,,,,,../data/driams/downloads/DRIAMS-C/id/2018/2018_clean.csv,28040510380_A5,28040510380_A5,1351.0,Enterococcus
Enterococcus faecalis,28040510380_B12,S,S,,,R,,,,,,,,,R,,,R,,,S,S,R,S,,,,,,,,,,,,,,,,,,,,,,,,,,,,,,,,,,../data/driams/downloads/DRIAMS-C/id/2018/2018_clean.csv,28040510380_B12,28040510380_B12,1351.0,Enterococcus
Enterococcus faecalis,28040510380_C4,S,S,,,R,,,,,,,,,R,,,R,,,S,S,R,S,,,,,,,,,,,,,,,,,,,,,,,,,,,,,,,,,,../data/driams/downloads/DRIAMS-C/id/2018/2018_clean.csv,28040510380_C4,28040510380_C4,1351.0,Enterococcus
Enterococcus faecalis,28040510380_C5,S,S,,,R,,,,,,,,,R,,,R,,,S,S,R,S,,,,,,,,,,,,,,,,,,,,,,,,,,,,,,,,,,../data/driams/downloads/DRIAMS-C/id/2018/2018_clean.csv,28040510380_C5,28040510380_C5,1351.0,Enterococcus
Staphylococcus lugdunensis,28040510500_B10,S,S,,S,S,,,,,,,S,S,S,S,S,S,S,S,S,,,,,,,,,,,,,,,,,,,,,,,,,,,,,,,,,,,,,../data/driams/downloads/DRIAMS-C/id/2018/2018_clean.csv,28040510500_B10,28040510500_B10,28035.0,Staphylococcus
Staphylococcus aureus,28040510520_C11,S,S,,S,S,,,,,,,S,R,R,S,S,S,S,S,S,,,,,,,,,,,,,,,,,,,,,,,,,,,,,,,,,,,,,../data/driams/downloads/DRIAMS-C/id/2018/2018_clean.csv,28040510520_C11,28040510520_C11,1280.0,Staphylococcus
Staphylococcus aureus,28040512300_B11,S,R,,S,S,,,,,,,S,R,R,S,S,S,R,S,S,,,,,,,,,,,,,,,,,,,,,,,,,,,,,,,,,,,,,../data/driams/downloads/DRIAMS-C/id/2018/2018_clean.csv,28040512300_B11,28040512300_B11,1280.0,Staphylococcus
Staphylococcus aureus,28040514190_G4,S,R,,S,S,,,,,,,S,S,S,S,S,S,R,S,S,,,,,,,,,,,,,,,,,,,,,,,,,,,,,,,,,,,,,../data/driams/downloads/DRIAMS-C/id/2018/2018_clean.csv,28040514190_G4,28040514190_G4,1280.0,Staphylococcus
Enterococcus faecalis,28040514740_G2,S,S,,,,,,S,,,,I,,,,,R,,,,,R,S,,,,,,,,,,,,,,,,,,,,,,,,,,,,,,,,,,../data/driams/downloads/DRIAMS-C/id/2018/2018_clean.csv,28040514740_G2,28040514740_G2,1351.0,Enterococcus
Staphylococcus aureus,28040606810_E8,S,R,,S,S,,,,,,,S,S,S,S,S,S,R,S,S,,,,,,,,,,,,,,,,,,,,,,,,,,,,,,,,,,,,,../data/driams/downloads/DRIAMS-C/id/2018/2018_clean.csv,28040606810_E8,28040606810_E8,1280.0,Staphylococcus
Escherichia coli,28040608560_B8,S,R,S,R,S,S,S,S,S,R,S,R,,,,,,,,,,,,,,,,,,,,,,,,,,,,,,,,,,,,,,,,,,,,,../data/driams/downloads/DRIAMS-C/id/2018/2018_clean.csv,28040608560_B8,28040608560_B8,562.0,Escherichia
Enterococcus faecalis,28040608760_A2,S,S,,,,,,S,,,,I,,,,,R,,,,,R,S,,,,,,,,,,,,,,,,,,,,,,,,,,,,,,,,,,../data/driams/downloads/DRIAMS-C/id/2018/2018_clean.csv,28040608760_A2,28040608760_A2,1351.0,Enterococcus
Escherichia coli,28040609510_A9,S,R,S,R,S,S,S,S,S,R,S,S,,,,,,,,,,,,,,,,,,,,,,,,,,,,,,,,,,,,,,,,,,,,,../data/driams/downloads/DRIAMS-C/id/2018/2018_clean.csv,28040609510_A9,28040609510_A9,562.0,Escherichia
Escherichia coli,28040609510_B9,S,R,S,R,S,S,S,S,S,R,S,S,,,,,,,,,,,,,,,,,,,,,,,,,,,,,,,,,,,,,,,,,,,,,../data/driams/downloads/DRIAMS-C/id/2018/2018_clean.csv,28040609510_B9,28040609510_B9,562.0,Escherichia
Citrobacter koseri,28040609710_A10,S,R,S,S,S,S,S,S,S,S,S,S,,,,,,,,,,,,,,,,,,,,,,,,,,,,,,,,,,,,,,,,,,,,,../data/driams/downloads/DRIAMS-C/id/2018/2018_clean.csv,28040609710_A10,28040609710_A10,545.0,Citrobacter
Citrobacter koseri,28040609710_A11,S,R,S,S,S,S,S,S,S,S,S,S,,,,,,,,,,,,,,,,,,,,,,,,,,,,,,,,,,,,,,,,,,,,,../data/driams/downloads/DRIAMS-C/id/2018/2018_clean.csv,28040609710_A11,28040609710_A11,545.0,Citrobacter
Enterococcus faecalis,28040610010_A12,S,S,,,,,,S,,,,I,,,,,R,,,,,R,S,,,,,,,,,,,,,,,,,,,,,,,,,,,,,,,,,,../data/driams/downloads/DRIAMS-C/id/2018/2018_clean.csv,28040610010_A12,28040610010_A12,1351.0,Enterococcus
Pseudomonas aeruginosa,28040610010_B10,R,R,S,R,S,R,R,,,,S,R,,,,,,,,,,,S,,,S,R,I,,,,,,,,,,,,,,,,,,,,,,,,,,,,,../data/driams/downloads/DRIAMS-C/id/2018/2018_clean.csv,28040610010_B10,28040610010_B10,287.0,Pseudomonas
Pseudomonas aeruginosa,28040610010_B11,R,R,S,R,S,R,R,,,,S,R,,,,,,,,,,,S,,,S,R,I,,,,,,,,,,,,,,,,,,,,,,,,,,,,,../data/driams/downloads/DRIAMS-C/id/2018/2018_clean.csv,28040610010_B11,28040610010_B11,287.0,Pseudomonas
Enterobacter cloacae,28040611000_D12,R,R,R,S,S,R,R,,,,S,S,,,,,,,,,,,R,,,S,R,S,,,,,,,,,,,,,,,,,,,,,,,,,,,,,../data/driams/downloads/DRIAMS-C/id/2018/2018_clean.csv,28040611000_D12,28040611000_D12,550.0,Enterobacter
Enterobacter cloacae,28040611000_F5,R,R,R,S,S,R,R,,,,S,S,,,,,,,,,,,R,,,S,R,S,,,,,,,,,,,,,,,,,,,,,,,,,,,,,../data/driams/downloads/DRIAMS-C/id/2018/2018_clean.csv,28040611000_F5,28040611000_F5,550.0,Enterobacter
Escherichia coli,28040612020_A3,S,S,S,S,S,S,S,S,S,S,S,S,,,,,,,,,,,,,,,,,,,,,,,,,,,,,,,,,,,,,,,,,,,,,../data/driams/downloads/DRIAMS-C/id/2018/2018_clean.csv,28040612020_A3,28040612020_A3,562.0,Escherichia
Klebsiella pneumoniae,28040612350_E2,S,R,S,S,S,S,S,,,,S,S,,,,,,,,,,,S,,,S,S,S,,,,,,,,,,,,,,,,,,,,,,,,,,,,,../data/driams/downloads/DRIAMS-C/id/2018/2018_clean.csv,28040612350_E2,28040612350_E2,573.0,Klebsiella
Staphylococcus aureus,28040702990_H1,S,R,,S,S,,,,,,,S,S,S,S,S,S,R,S,S,,,,,,,,,,,,,,,,,,,,,,,,,,,,,,,,,,,,,../data/driams/downloads/DRIAMS-C/id/2018/2018_clean.csv,28040702990_H1,28040702990_H1,1280.0,Staphylococcus
Staphylococcus aureus,28040702990_H2,S,R,,S,S,,,,,,,S,S,S,S,S,S,R,S,S,,,,,,,,,,,,,,,,,,,,,,,,,,,,,,,,,,,,,../data/driams/downloads/DRIAMS-C/id/2018/2018_clean.csv,28040702990_H2,28040702990_H2,1280.0,Staphylococcus
Staphylococcus aureus,28040702990_H7,S,R,,S,S,,,,,,,S,S,S,S,S,S,R,S,S,,,,,,,,,,,,,,,,,,,,,,,,,,,,,,,,,,,,,../data/driams/downloads/DRIAMS-C/id/2018/2018_clean.csv,28040702990_H7,28040702990_H7,1280.0,Staphylococcus
Staphylococcus aureus,28040702990_E4,S,R,,S,S,,,,,,,S,S,S,S,S,S,R,S,S,,,,,,,,,,,,,,,,,,,,,,,,,,,,,,,,,,,,,../data/driams/downloads/DRIAMS-C/id/2018/2018_clean.csv,28040702990_E4,28040702990_E4,1280.0,Staphylococcus
Staphylococcus aureus,28040703580_E5,S,S,,S,S,,,,,,,S,S,S,S,S,S,S,S,S,,,,,,,,,,,,,,,,,,,,,,,,,,,,,,,,,,,,,../data/driams/downloads/DRIAMS-C/id/2018/2018_clean.csv,28040703580_E5,28040703580_E5,1280.0,Staphylococcus
Klebsiella oxytoca,28040703580_E7,S,R,S,S,S,S,S,,,,S,S,,,,,,,,,,,S,,,S,S,S,,,,,,,,,,,,,,,,,,,,,,,,,,,,,../data/driams/downloads/DRIAMS-C/id/2018/2018_clean.csv,28040703580_E7,28040703580_E7,571.0,Klebsiella
Escherichia coli,28040703820_C1,S,S,S,S,S,S,S,S,S,S,S,S,,,,,,,,,,,,,,,,,,,,,,,,,,,,,,,,,,,,,,,,,,,,,../data/driams/downloads/DRIAMS-C/id/2018/2018_clean.csv,28040703820_C1,28040703820_C1,562.0,Escherichia
Klebsiella oxytoca,28040703840_C3,S,R,S,S,S,S,S,S,R,S,S,S,,,,,,,,,,,,,,,,,,,,,,,,,,,,,,,,,,,,,,,,,,,,,../data/driams/downloads/DRIAMS-C/id/2018/2018_clean.csv,28040703840_C3,28040703840_C3,571.0,Klebsiella
Klebsiella pneumoniae,28040910880_D12,S,R,S,S,S,S,S,,,,S,S,,,,,,,,,,,S,,,S,S,S,,,,,,,,,,,,,,,,,,,,,,,,,,,,,../data/driams/downloads/DRIAMS-C/id/2018/2018_clean.csv,28040910880_D12,28040910880_D12,573.0,Klebsiella
Escherichia coli,28040910880_E1,R,R,R,S,S,R,R,,,,S,R,,,,,,,,,,,R,,,S,I,S,,,,,,,,,,,,,,,,,,,,,,,,,,,,,../data/driams/downloads/DRIAMS-C/id/2018/2018_clean.csv,28040910880_E1,28040910880_E1,562.0,Escherichia
Staphylococcus aureus,28040911050_C1,S,R,,S,S,,,,,,,S,S,S,S,S,S,R,S,S,,,,,,,,,,,,,,,,,,,,,,,,,,,,,,,,,,,,,../data/driams/downloads/DRIAMS-C/id/2018/2018_clean.csv,28040911050_C1,28040911050_C1,1280.0,Staphylococcus
Aeromonas caviae,28040911240_B12,R,R,S,S,S,S,S,,,,S,S,,,,,,,,,,,S,,,S,S,S,,,,,,,,,,,,,,,,,,,,,,,,,,,,,../data/driams/downloads/DRIAMS-C/id/2018/2018_clean.csv,28040911240_B12,28040911240_B12,648.0,Aeromonas
Enterococcus faecium,28041002320_F2,S,S,,,R,,,,,,,,,R,,,R,,,S,S,R,S,,,,,,,,,,,,,,,,,,,,,,,,,,,,,,,,,,../data/driams/downloads/DRIAMS-C/id/2018/2018_clean.csv,28041002320_F2,28041002320_F2,1352.0,Enterococcus
Klebsiella oxytoca,28041002320_F10,R,R,S,S,S,R,R,,,,S,S,,,,,,,,,,,I,,,S,S,S,,,,,,,,,,,,,,,,,,,,,,,,,,,,,../data/driams/downloads/DRIAMS-C/id/2018/2018_clean.csv,28041002320_F10,28041002320_F10,571.0,Klebsiella
Staphylococcus aureus,28041005720_F1,S,R,,S,S,,,,,,,S,R,R,S,S,S,R,S,S,,,,,,,,,,,,,,,,,,,,,,,,,,,,,,,,,,,,,../data/driams/downloads/DRIAMS-C/id/2018/2018_clean.csv,28041005720_F1,28041005720_F1,1280.0,Staphylococcus
Escherichia coli,28041008750_F4,S,S,S,S,S,S,S,S,S,S,S,S,,,,,,,,,,,,,,,,,,,,,,,,,,,,,,,,,,,,,,,,,,,,,../data/driams/downloads/DRIAMS-C/id/2018/2018_clean.csv,28041008750_F4,28041008750_F4,562.0,Escherichia
Escherichia coli,28041008750_F5,S,S,S,S,S,S,S,S,S,S,S,S,,,,,,,,,,,,,,,,,,,,,,,,,,,,,,,,,,,,,,,,,,,,,../data/driams/downloads/DRIAMS-C/id/2018/2018_clean.csv,28041008750_F5,28041008750_F5,562.0,Escherichia
Klebsiella pneumoniae,28041008810_F3,S,R,S,S,S,S,S,,,,S,S,,,,,,,,,,,S,,,S,S,S,,,,,,,,,,,,,,,,,,,,,,,,,,,,,../data/driams/downloads/DRIAMS-C/id/2018/2018_clean.csv,28041008810_F3,28041008810_F3,573.0,Klebsiella
Klebsiella pneumoniae,28041008810_F4,S,R,S,S,S,S,S,,,,S,S,,,,,,,,,,,S,,,S,S,S,,,,,,,,,,,,,,,,,,,,,,,,,,,,,../data/driams/downloads/DRIAMS-C/id/2018/2018_clean.csv,28041008810_F4,28041008810_F4,573.0,Klebsiella
Morganella morganii,28041008810_B2,R,R,S,S,S,S,R,,,,R,R,,,,,,,,,,,S,,,S,S,S,,,,,,,,,,,,,,,,,,,,,,,,,,,,,../data/driams/downloads/DRIAMS-C/id/2018/2018_clean.csv,28041008810_B2,28041008810_B2,582.0,Morganella
Proteus mirabilis,28041008900_F5,S,R,S,S,S,S,S,,,,R,S,,,,,,,,,,,S,,,S,S,S,,,,,,,,,,,,,,,,,,,,,,,,,,,,,../data/driams/downloads/DRIAMS-C/id/2018/2018_clean.csv,28041008900_F5,28041008900_F5,584.0,Proteus
Staphylococcus aureus,28041008900_F6,S,R,,S,S,,,,,,,S,S,S,S,S,S,R,S,S,,,,,,,,,,,,,,,,,,,,,,,,,,,,,,,,,,,,,../data/driams/downloads/DRIAMS-C/id/2018/2018_clean.csv,28041008900_F6,28041008900_F6,1280.0,Staphylococcus
Proteus mirabilis,28041008900_F7,S,R,S,S,S,S,S,,,,R,S,,,,,,,,,,,S,,,S,S,S,,,,,,,,,,,,,,,,,,,,,,,,,,,,,../data/driams/downloads/DRIAMS-C/id/2018/2018_clean.csv,28041008900_F7,28041008900_F7,584.0,Proteus
Citrobacter koseri,28041008940_F8,S,R,S,S,S,S,R,,,,S,S,,,,,,,,,,,S,,,S,S,S,,,,,,,,,,,,,,,,,,,,,,,,,,,,,../data/driams/downloads/DRIAMS-C/id/2018/2018_clean.csv,28041008940_F8,28041008940_F8,545.0,Citrobacter
Enterococcus faecalis,28041008940_F9,S,S,,,R,,,,,,,,,R,,,R,,,S,S,R,S,,,,,,,,,,,,,,,,,,,,,,,,,,,,,,,,,,../data/driams/downloads/DRIAMS-C/id/2018/2018_clean.csv,28041008940_F9,28041008940_F9,1351.0,Enterococcus
Pseudomonas aeruginosa,28041008940_A12,R,R,S,S,S,R,R,,,,S,R,,,,,,,,,,,S,,,S,S,R,,,,,,,,,,,,,,,,,,,,,,,,,,,,,../data/driams/downloads/DRIAMS-C/id/2018/2018_clean.csv,28041008940_A12,28041008940_A12,287.0,Pseudomonas
Pseudomonas aeruginosa,28041008940_B1,R,R,S,S,S,R,R,,,,S,R,,,,,,,,,,,S,,,S,S,R,,,,,,,,,,,,,,,,,,,,,,,,,,,,,../data/driams/downloads/DRIAMS-C/id/2018/2018_clean.csv,28041008940_B1,28041008940_B1,287.0,Pseudomonas
Serratia marcescens,28041012350_A2,R,R,S,S,S,S,R,,,,R,S,,,,,,,,,,,S,,,S,S,S,,,,,,,,,,,,,,,,,,,,,,,,,,,,,../data/driams/downloads/DRIAMS-C/id/2018/2018_clean.csv,28041012350_A2,28041012350_A2,615.0,Serratia
Serratia marcescens,28041012390_F12,R,R,S,S,S,S,R,R,S,S,R,S,,,,,,,,,,,,,,,,,,,,,,,,,,,,,,,,,,,,,,,,,,,,,../data/driams/downloads/DRIAMS-C/id/2018/2018_clean.csv,28041012390_F12,28041012390_F12,615.0,Serratia
Enterococcus faecalis,28041013460_G1,S,S,,,,,,S,,,,I,,,,,R,,,,,R,S,,,,,,,,,,,,,,,,,,,,,,,,,,,,,,,,,,../data/driams/downloads/DRIAMS-C/id/2018/2018_clean.csv,28041013460_G1,28041013460_G1,1351.0,Enterococcus
Escherichia coli,28041013460_G2,S,R,S,R,S,S,S,S,S,R,S,R,,,,,,,,,,,,,,,,,,,,,,,,,,,,,,,,,,,,,,,,,,,,,../data/driams/downloads/DRIAMS-C/id/2018/2018_clean.csv,28041013460_G2,28041013460_G2,562.0,Escherichia
Enterococcus faecalis,28041014480_G4,S,S,,,,,,S,,,,I,,,,,R,,,,,R,S,,,,,,,,,,,,,,,,,,,,,,,,,,,,,,,,,,../data/driams/downloads/DRIAMS-C/id/2018/2018_clean.csv,28041014480_G4,28041014480_G4,1351.0,Enterococcus
Staphylococcus aureus,28041014490_G5,S,R,,R,S,,,S,,R,,S,,,,,S,R,,,,,,,,,,,,,,,S,,,,,,,,,,,,,,,,,,,,,,,,../data/driams/downloads/DRIAMS-C/id/2018/2018_clean.csv,28041014490_G5,28041014490_G5,1280.0,Staphylococcus
Staphylococcus aureus,28041014510_D6,S,R,,S,S,,,,,,,S,S,S,S,S,S,R,S,S,,,,,,,,,,,,,,,,,,,,,,,,,,,,,,,,,,,,,../data/driams/downloads/DRIAMS-C/id/2018/2018_clean.csv,28041014510_D6,28041014510_D6,1280.0,Staphylococcus
Staphylococcus aureus,28041014510_D7,S,R,,S,S,,,,,,,S,S,S,S,S,S,R,S,S,,,,,,,,,,,,,,,,,,,,,,,,,,,,,,,,,,,,,../data/driams/downloads/DRIAMS-C/id/2018/2018_clean.csv,28041014510_D7,28041014510_D7,1280.0,Staphylococcus
Staphylococcus aureus,28041014540_D1,S,R,,R,S,,,,,,,S,S,S,S,S,S,R,S,S,,,,,,,,,,,,,,,,,,,,,,,,,,,,,,,,,,,,,../data/driams/downloads/DRIAMS-C/id/2018/2018_clean.csv,28041014540_D1,28041014540_D1,1280.0,Staphylococcus
Staphylococcus aureus,28041102460_E5,S,R,,S,S,,,,,,,S,S,S,S,S,S,R,S,S,,,,,,,,,,,,,,,,,,,,,,,,,,,,,,,,,,,,,../data/driams/downloads/DRIAMS-C/id/2018/2018_clean.csv,28041102460_E5,28041102460_E5,1280.0,Staphylococcus
Staphylococcus aureus,28041102460_E6,S,R,,S,S,,,,,,,S,S,S,S,S,S,R,S,S,,,,,,,,,,,,,,,,,,,,,,,,,,,,,,,,,,,,,../data/driams/downloads/DRIAMS-C/id/2018/2018_clean.csv,28041102460_E6,28041102460_E6,1280.0,Staphylococcus
Staphylococcus aureus,28041107020_B7,S,R,,S,S,,,,,,,S,S,S,S,R,S,R,S,S,,,,,,,,,,,,,,,,,,,,,,,,,,,,,,,,,,,,,../data/driams/downloads/DRIAMS-C/id/2018/2018_clean.csv,28041107020_B7,28041107020_B7,1280.0,Staphylococcus
Staphylococcus aureus,28041107120_B9,S,R,,S,S,,,,,,,S,R,R,S,S,S,R,S,S,,,,,,,,,,,,,,,,,,,,,,,,,,,,,,,,,,,,,../data/driams/downloads/DRIAMS-C/id/2018/2018_clean.csv,28041107120_B9,28041107120_B9,1280.0,Staphylococcus
Bifidobacterium breve,28041109070_F5,S,S,,R,R,,,,,,,,,S,R,,,R,S,S,S,,,,,,,,,,,,,,,,,,,,,,,,,,,,,,,,,,,,../data/driams/downloads/DRIAMS-C/id/2018/2018_clean.csv,28041109070_F5,28041109070_F5,1685.0,Bifidobacterium
Bifidobacterium breve,28041109070_F6,S,S,,R,R,,,,,,,,,S,R,,,R,S,S,S,,,,,,,,,,,,,,,,,,,,,,,,,,,,,,,,,,,,../data/driams/downloads/DRIAMS-C/id/2018/2018_clean.csv,28041109070_F6,28041109070_F6,1685.0,Bifidobacterium
Bifidobacterium breve,28041109070_F7,S,S,,R,R,,,,,,,,,S,R,,,R,S,S,S,,,,,,,,,,,,,,,,,,,,,,,,,,,,,,,,,,,,../data/driams/downloads/DRIAMS-C/id/2018/2018_clean.csv,28041109070_F7,28041109070_F7,1685.0,Bifidobacterium
Bifidobacterium breve,28041109070_F8,S,S,,R,R,,,,,,,,,S,R,,,R,S,S,S,,,,,,,,,,,,,,,,,,,,,,,,,,,,,,,,,,,,../data/driams/downloads/DRIAMS-C/id/2018/2018_clean.csv,28041109070_F8,28041109070_F8,1685.0,Bifidobacterium
Klebsiella pneumoniae,28041111620_B3,S,R,S,S,S,S,S,S,R,S,S,S,,,,,,,,,,,,,,,,,,,,,,,,,,,,,,,,,,,,,,,,,,,,,../data/driams/downloads/DRIAMS-C/id/2018/2018_clean.csv,28041111620_B3,28041111620_B3,573.0,Klebsiella
Proteus mirabilis,28041111620_E8,S,S,S,S,S,S,S,R,R,S,R,S,,,,,,,,,,,,,,,,,,,,,,,,,,,,,,,,,,,,,,,,,,,,,../data/driams/downloads/DRIAMS-C/id/2018/2018_clean.csv,28041111620_E8,28041111620_E8,584.0,Proteus
Klebsiella pneumoniae,28041111620_A4,S,R,S,S,S,S,S,S,R,S,S,S,,,,,,,,,,,,,,,,,,,,,,,,,,,,,,,,,,,,,,,,,,,,,../data/driams/downloads/DRIAMS-C/id/2018/2018_clean.csv,28041111620_A4,28041111620_A4,573.0,Klebsiella
Citrobacter koseri,28041112220_B5,S,R,S,S,S,S,S,S,R,S,S,S,,,,,,,,,,,,,,,,,,,,,,,,,,,,,,,,,,,,,,,,,,,,,../data/driams/downloads/DRIAMS-C/id/2018/2018_clean.csv,28041112220_B5,28041112220_B5,545.0,Citrobacter
Citrobacter koseri,28041112220_B6,S,R,S,S,S,S,S,S,R,S,S,S,,,,,,,,,,,,,,,,,,,,,,,,,,,,,,,,,,,,,,,,,,,,,../data/driams/downloads/DRIAMS-C/id/2018/2018_clean.csv,28041112220_B6,28041112220_B6,545.0,Citrobacter
Staphylococcus aureus,28041112590_F9,R,R,,S,S,,,,,,,S,R,S,R,S,R,R,S,S,,S,,,,,,,,,,,,,,,,,,,,,,,,,,,,,,,,,,,../data/driams/downloads/DRIAMS-C/id/2018/2018_clean.csv,28041112590_F9,28041112590_F9,1280.0,Staphylococcus
Escherichia coli,28041112900_C11,S,S,S,S,S,S,S,,,,S,S,,,,,,,,,,,S,,,S,S,S,,,,,,,,,,,,,,,,,,,,,,,,,,,,,../data/driams/downloads/DRIAMS-C/id/2018/2018_clean.csv,28041112900_C11,28041112900_C11,562.0,Escherichia
Escherichia coli,28041112900_C12,S,S,S,S,S,S,S,,,,S,S,,,,,,,,,,,S,,,S,S,S,,,,,,,,,,,,,,,,,,,,,,,,,,,,,../data/driams/downloads/DRIAMS-C/id/2018/2018_clean.csv,28041112900_C12,28041112900_C12,562.0,Escherichia
Pseudomonas aeruginosa,28041114040_C3,R,R,S,S,S,R,R,,,,S,R,,,,,,,,,,,S,,,S,S,S,,,,,,,,,,,,,,,,,,,,,,,,,,,,,../data/driams/downloads/DRIAMS-C/id/2018/2018_clean.csv,28041114040_C3,28041114040_C3,287.0,Pseudomonas
Pseudomonas aeruginosa,28041114040_D8,R,R,S,S,S,R,R,,,,S,R,,,,,,,,,,,S,,,S,S,S,,,,,,,,,,,,,,,,,,,,,,,,,,,,,../data/driams/downloads/DRIAMS-C/id/2018/2018_clean.csv,28041114040_D8,28041114040_D8,287.0,Pseudomonas
Serratia marcescens,28041114390_B7,R,R,S,S,S,S,R,R,S,S,R,S,,,,,,,,,,,,,,,,,,,,,,,,,,,,,,,,,,,,,,,,,,,,,../data/driams/downloads/DRIAMS-C/id/2018/2018_clean.csv,28041114390_B7,28041114390_B7,615.0,Serratia
Serratia marcescens,28041114390_C2,R,R,S,S,S,S,R,R,S,S,R,S,,,,,,,,,,,,,,,,,,,,,,,,,,,,,,,,,,,,,,,,,,,,,../data/driams/downloads/DRIAMS-C/id/2018/2018_clean.csv,28041114390_C2,28041114390_C2,615.0,Serratia
Serratia marcescens,28041114390_C3,R,R,S,S,S,S,R,R,S,S,R,S,,,,,,,,,,,,,,,,,,,,,,,,,,,,,,,,,,,,,,,,,,,,,../data/driams/downloads/DRIAMS-C/id/2018/2018_clean.csv,28041114390_C3,28041114390_C3,615.0,Serratia
Serratia marcescens,28041114390_C4,R,R,S,S,S,S,R,R,S,S,R,S,,,,,,,,,,,,,,,,,,,,,,,,,,,,,,,,,,,,,,,,,,,,,../data/driams/downloads/DRIAMS-C/id/2018/2018_clean.csv,28041114390_C4,28041114390_C4,615.0,Serratia
Haemophilus influenzae,28041202020_G5,S,S,,S,,S,S,,,,,,I,,,,,S,,,,,,,,,,,,,,,,,,,,,,,,,,,,,,,,,,,,,,,../data/driams/downloads/DRIAMS-C/id/2018/2018_clean.csv,28041202020_G5,28041202020_G5,727.0,Haemophilus
Staphylococcus aureus,28041202130_G6,S,R,,S,S,,,,,,,S,S,S,S,S,S,R,S,S,,,,,,,,,,,,,,,,,,,,,,,,,,,,,,,,,,,,,../data/driams/downloads/DRIAMS-C/id/2018/2018_clean.csv,28041202130_G6,28041202130_G6,1280.0,Staphylococcus
Escherichia coli,28041205970_D11,S,S,S,S,S,S,S,,,,S,S,,,,,,,,,,,S,,,S,S,S,,,,,,,,,,,,,,,,,,,,,,,,,,,,,../data/driams/downloads/DRIAMS-C/id/2018/2018_clean.csv,28041205970_D11,28041205970_D11,562.0,Escherichia
Staphylococcus aureus,28041206030_E3,S,S,,S,S,,,,,,,S,S,S,S,S,S,S,S,S,,,,,,,,,,,,,,,,,,,,,,,,,,,,,,,,,,,,,../data/driams/downloads/DRIAMS-C/id/2018/2018_clean.csv,28041206030_E3,28041206030_E3,1280.0,Staphylococcus
Pseudomonas aeruginosa,28041207670_C10,R,R,S,S,S,R,R,S,S,S,S,R,,,,,,,,,,,S,,,S,S,S,,,,,,,,,,,,,,,,,,,,,,,,,,,,,../data/driams/downloads/DRIAMS-C/id/2018/2018_clean.csv,28041207670_C10,28041207670_C10,287.0,Pseudomonas
Escherichia coli,28041207670_C8,S,S,S,S,S,S,S,S,S,S,S,S,,,,,,,,,,,,,,,,,,,,,,,,,,,,,,,,,,,,,,,,,,,,,../data/driams/downloads/DRIAMS-C/id/2018/2018_clean.csv,28041207670_C8,28041207670_C8,562.0,Escherichia
Proteus vulgaris,28041207670_C9,S,R,S,S,S,S,R,R,S,S,R,S,,,,,,,,,,,,,,,,,,,,,,,,,,,,,,,,,,,,,,,,,,,,,../data/driams/downloads/DRIAMS-C/id/2018/2018_clean.csv,28041207670_C9,28041207670_C9,585.0,Proteus
Escherichia coli,28041207750_A5,S,R,S,R,S,R,R,S,S,R,S,S,,,,,,,,,,,S,,,S,S,S,,,,,,,,,,,,,,,,,,,,,,,,,,,,,../data/driams/downloads/DRIAMS-C/id/2018/2018_clean.csv,28041207750_A5,28041207750_A5,562.0,Escherichia
Enterococcus faecalis,28041207760_C11,S,S,,,,,,S,,,,I,,,,,R,,,,,R,S,,,,,,,,,,,,,,,,,,,,,,,,,,,,,,,,,,../data/driams/downloads/DRIAMS-C/id/2018/2018_clean.csv,28041207760_C11,28041207760_C11,1351.0,Enterococcus
Escherichia coli,28041207930_E7,S,S,S,R,S,S,S,,,,S,S,,,,,,,,,,,S,,,S,S,S,,,,,,,,,,,,,,,,,,,,,,,,,,,,,../data/driams/downloads/DRIAMS-C/id/2018/2018_clean.csv,28041207930_E7,28041207930_E7,562.0,Escherichia
Enterococcus faecalis,28041207950_D4,S,S,,,R,,,S,,,,I,,,,,R,,,,,R,S,,,,,,,,,,,,,,,,,,,,,,,,,,,,,,,,,,../data/driams/downloads/DRIAMS-C/id/2018/2018_clean.csv,28041207950_D4,28041207950_D4,1351.0,Enterococcus
Staphylococcus aureus,28041208030_E8,S,S,,S,S,,,,,,,S,S,S,S,S,S,S,,S,,,,,,,,,,,,,,,,,,,,,,,,,,,,,,,,,,,,,../data/driams/downloads/DRIAMS-C/id/2018/2018_clean.csv,28041208030_E8,28041208030_E8,1280.0,Staphylococcus
Staphylococcus aureus,28041208030_A9,S,S,,S,S,,,,,,,S,S,S,S,S,S,S,,S,,,,,,,,,,,,,,,,,,,,,,,,,,,,,,,,,,,,,../data/driams/downloads/DRIAMS-C/id/2018/2018_clean.csv,28041208030_A9,28041208030_A9,1280.0,Staphylococcus
Staphylococcus aureus,28041208590_H7,S,R,,S,S,,,,,,,S,S,S,S,S,S,R,S,S,,,,,,,,,,,,,,,,,,,,,,,,,,,,,,,,,,,,,../data/driams/downloads/DRIAMS-C/id/2018/2018_clean.csv,28041208590_H7,28041208590_H7,1280.0,Staphylococcus
Klebsiella oxytoca,28041208900_D9,S,R,S,S,S,S,S,S,S,S,S,S,,,,,,,,,,,,,,,,,,,,,,,,,,,,,,,,,,,,,,,,,,,,,../data/driams/downloads/DRIAMS-C/id/2018/2018_clean.csv,28041208900_D9,28041208900_D9,571.0,Klebsiella
Pseudomonas aeruginosa,28041209820_G11,R,R,S,S,S,R,R,,,,S,R,,,,,,,,,,,S,,,S,S,S,,,,,,,,,,,,,,,,,,,,,,,,,,,,,../data/driams/downloads/DRIAMS-C/id/2018/2018_clean.csv,28041209820_G11,28041209820_G11,287.0,Pseudomonas
Pseudomonas aeruginosa,28041209820_G12,R,R,S,S,S,R,R,,,,S,R,,,,,,,,,,,S,,,S,S,S,,,,,,,,,,,,,,,,,,,,,,,,,,,,,../data/driams/downloads/DRIAMS-C/id/2018/2018_clean.csv,28041209820_G12,28041209820_G12,287.0,Pseudomonas
Staphylococcus aureus,28041209990_H1,S,R,,S,S,,,,,,,S,S,S,S,S,S,R,S,S,,,,,,,,,,,,,,,,,,,,,,,,,,,,,,,,,,,,,../data/driams/downloads/DRIAMS-C/id/2018/2018_clean.csv,28041209990_H1,28041209990_H1,1280.0,Staphylococcus
Staphylococcus aureus,28041209990_H2,S,R,,S,S,,,,,,,S,S,S,S,S,S,R,S,S,,,,,,,,,,,,,,,,,,,,,,,,,,,,,,,,,,,,,../data/driams/downloads/DRIAMS-C/id/2018/2018_clean.csv,28041209990_H2,28041209990_H2,1280.0,Staphylococcus
Staphylococcus aureus,28041210560_F5,S,R,,S,S,,,,,,,S,S,S,S,S,S,R,S,S,,,,,,,,,,,,,,,,,,,,,,,,,,,,,,,,,,,,,../data/driams/downloads/DRIAMS-C/id/2018/2018_clean.csv,28041210560_F5,28041210560_F5,1280.0,Staphylococcus
Staphylococcus aureus,28041210590_F6,S,R,,R,S,,,,,,,S,S,S,S,S,S,R,S,S,,,,,,,,,,,,,,,,,,,,,,,,,,,,,,,,,,,,,../data/driams/downloads/DRIAMS-C/id/2018/2018_clean.csv,28041210590_F6,28041210590_F6,1280.0,Staphylococcus
Proteus mirabilis,28041211230_E3,S,R,S,S,R,S,S,R,R,S,R,R,,,,,,,,,,,,,,,,,,,,,,,,,,,,,,,,,,,,,,,,,,,,,../data/driams/downloads/DRIAMS-C/id/2018/2018_clean.csv,28041211230_E3,28041211230_E3,584.0,Proteus
Klebsiella pneumoniae,28041211230_E4,S,R,S,S,S,S,S,S,S,S,S,S,,,,,,,,,,,,,,,,,,,,,,,,,,,,,,,,,,,,,,,,,,,,,../data/driams/downloads/DRIAMS-C/id/2018/2018_clean.csv,28041211230_E4,28041211230_E4,573.0,Klebsiella
Proteus mirabilis,28041211230_E5,S,R,S,S,R,S,S,R,R,S,R,R,,,,,,,,,,,,,,,,,,,,,,,,,,,,,,,,,,,,,,,,,,,,,../data/driams/downloads/DRIAMS-C/id/2018/2018_clean.csv,28041211230_E5,28041211230_E5,584.0,Proteus
Escherichia coli,28041211280_E6,S,S,S,S,S,S,S,S,S,S,S,S,,,,,,,,,,,,,,,,,,,,,,,,,,,,,,,,,,,,,,,,,,,,,../data/driams/downloads/DRIAMS-C/id/2018/2018_clean.csv,28041211280_E6,28041211280_E6,562.0,Escherichia
Klebsiella pneumoniae,28041211280_E7,S,R,S,S,S,S,S,S,S,S,S,S,,,,,,,,,,,,,,,,,,,,,,,,,,,,,,,,,,,,,,,,,,,,,../data/driams/downloads/DRIAMS-C/id/2018/2018_clean.csv,28041211280_E7,28041211280_E7,573.0,Klebsiella
Escherichia coli,28041305180_A10,R,R,S,R,S,S,S,,,,S,R,,,,,,,,,,,S,,,S,S,S,,,,,,,,,,,,,,,,,,,,,,,,,,,,,../data/driams/downloads/DRIAMS-C/id/2018/2018_clean.csv,28041305180_A10,28041305180_A10,562.0,Escherichia
Escherichia coli,28041305180_A9,R,R,S,R,S,S,S,,,,S,R,,,,,,,,,,,S,,,S,S,S,,,,,,,,,,,,,,,,,,,,,,,,,,,,,../data/driams/downloads/DRIAMS-C/id/2018/2018_clean.csv,28041305180_A9,28041305180_A9,562.0,Escherichia
Escherichia coli,28041306640_B6,R,R,S,S,S,S,S,,,,S,R,,,,,,,,,,,S,,,S,S,S,,,,,,,,,,,,,,,,,,,,,,,,,,,,,../data/driams/downloads/DRIAMS-C/id/2018/2018_clean.csv,28041306640_B6,28041306640_B6,562.0,Escherichia
Escherichia coli,28041306640_B7,R,R,S,S,S,S,S,,,,S,R,,,,,,,,,,,S,,,S,S,S,,,,,,,,,,,,,,,,,,,,,,,,,,,,,../data/driams/downloads/DRIAMS-C/id/2018/2018_clean.csv,28041306640_B7,28041306640_B7,562.0,Escherichia
Pseudomonas aeruginosa,28041308270_B10,R,R,S,S,S,R,R,,,,S,R,,,,,,,,,,,S,,,S,S,S,,,,,,,,,,,,,,,,,,,,,,,,,,,,,../data/driams/downloads/DRIAMS-C/id/2018/2018_clean.csv,28041308270_B10,28041308270_B10,287.0,Pseudomonas
Pseudomonas aeruginosa,28041308270_C12,R,R,S,S,S,R,R,,,,S,R,,,,,,,,,,,S,,,S,S,S,,,,,,,,,,,,,,,,,,,,,,,,,,,,,../data/driams/downloads/DRIAMS-C/id/2018/2018_clean.csv,28041308270_C12,28041308270_C12,287.0,Pseudomonas
Pseudomonas aeruginosa,28041308270_D1,R,R,S,S,S,R,R,,,,S,R,,,,,,,,,,,S,,,S,S,S,,,,,,,,,,,,,,,,,,,,,,,,,,,,,../data/driams/downloads/DRIAMS-C/id/2018/2018_clean.csv,28041308270_D1,28041308270_D1,287.0,Pseudomonas
Enterobacter kobei,28041308440_C3,R,R,S,S,S,S,S,,,,S,S,,,,,,,,,,,S,,,S,S,S,,,,,,,,,,,,,,,,,,,,,,,,,,,,,../data/driams/downloads/DRIAMS-C/id/2018/2018_clean.csv,28041308440_C3,28041308440_C3,208224.0,Enterobacter
Enterococcus faecium,28041308620_A9,R,R,,,R,,,,,,,,,R,,,R,,,R,S,S,R,,,,,,,,,,,,,,,,,,,,,,,,,,,,,,,,,,../data/driams/downloads/DRIAMS-C/id/2018/2018_clean.csv,28041308620_A9,28041308620_A9,1352.0,Enterococcus
Enterococcus faecium,28041308620_C10,R,R,,,R,,,,,,,,,R,,,R,,,R,S,S,R,,,,,,,,,,,,,,,,,,,,,,,,,,,,,,,,,,../data/driams/downloads/DRIAMS-C/id/2018/2018_clean.csv,28041308620_C10,28041308620_C10,1352.0,Enterococcus
Enterococcus faecium,28041308620_C11,R,R,,,R,,,,,,,,,R,,,R,,,R,S,S,R,,,,,,,,,,,,,,,,,,,,,,,,,,,,,,,,,,../data/driams/downloads/DRIAMS-C/id/2018/2018_clean.csv,28041308620_C11,28041308620_C11,1352.0,Enterococcus
Enterococcus faecium,28041308620_A4,R,R,,,R,,,,,,,,,R,,,R,,,R,S,S,R,,,,,,,,,,,,,,,,,,,,,,,,,,,,,,,,,,../data/driams/downloads/DRIAMS-C/id/2018/2018_clean.csv,28041308620_A4,28041308620_A4,1352.0,Enterococcus
Proteus mirabilis,28041309070_B10,S,R,S,S,R,S,S,R,S,S,R,R,,,,,,,,,,,,,,,,,,,,,,,,,,,,,,,,,,,,,,,,,,,,,../data/driams/downloads/DRIAMS-C/id/2018/2018_clean.csv,28041309070_B10,28041309070_B10,584.0,Proteus
Proteus mirabilis,28041309070_B8,S,R,S,S,R,S,S,R,S,S,R,R,,,,,,,,,,,,,,,,,,,,,,,,,,,,,,,,,,,,,,,,,,,,,../data/driams/downloads/DRIAMS-C/id/2018/2018_clean.csv,28041309070_B8,28041309070_B8,584.0,Proteus
Klebsiella pneumoniae,28041309100_B11,S,R,S,S,S,S,S,S,S,S,S,S,,,,,,,,,,,,,,,,,,,,,,,,,,,,,,,,,,,,,,,,,,,,,../data/driams/downloads/DRIAMS-C/id/2018/2018_clean.csv,28041309100_B11,28041309100_B11,573.0,Klebsiella
Proteus mirabilis,28041309440_B12,S,S,S,S,S,S,S,R,S,S,R,S,,,,,,,,,,,,,,,,,,,,,,,,,,,,,,,,,,,,,,,,,,,,,../data/driams/downloads/DRIAMS-C/id/2018/2018_clean.csv,28041309440_B12,28041309440_B12,584.0,Proteus
Enterobacter cloacae,28041309440_C1,R,R,S,S,S,S,S,R,S,S,S,S,,,,,,,,,,,,,,,,,,,,,,,,,,,,,,,,,,,,,,,,,,,,,../data/driams/downloads/DRIAMS-C/id/2018/2018_clean.csv,28041309440_C1,28041309440_C1,550.0,Enterobacter
Enterobacter cloacae,28041309440_C2,R,R,S,S,S,S,S,R,S,S,S,S,,,,,,,,,,,,,,,,,,,,,,,,,,,,,,,,,,,,,,,,,,,,,../data/driams/downloads/DRIAMS-C/id/2018/2018_clean.csv,28041309440_C2,28041309440_C2,550.0,Enterobacter
Enterococcus faecalis,28041309440_C3,S,S,,,,,,S,,,,I,,,,,R,,,,,R,S,,,,,,,,,,,,,,,,,,,,,,,,,,,,,,,,,,../data/driams/downloads/DRIAMS-C/id/2018/2018_clean.csv,28041309440_C3,28041309440_C3,1351.0,Enterococcus
Staphylococcus aureus,28041312010_C11,S,S,,S,S,,,,,,,S,R,R,S,S,S,S,S,S,,,,,,,,,,,,,,,,,,,,,,,,,,,,,,,,,,,,,../data/driams/downloads/DRIAMS-C/id/2018/2018_clean.csv,28041312010_C11,28041312010_C11,1280.0,Staphylococcus
Staphylococcus aureus,28041312020_C6,S,R,,S,R,,,,,,,S,S,S,S,S,S,R,S,S,,,,,,,,,,,,,,,,,,,,,,,,,,,,,,,,,,,,,../data/driams/downloads/DRIAMS-C/id/2018/2018_clean.csv,28041312020_C6,28041312020_C6,1280.0,Staphylococcus
Proteus mirabilis,28041312070_C1,S,S,S,S,S,S,S,,,,R,S,,,,,,,,,,,S,,,S,S,S,,,,,,,,,,,,,,,,,,,,,,,,,,,,,../data/driams/downloads/DRIAMS-C/id/2018/2018_clean.csv,28041312070_C1,28041312070_C1,584.0,Proteus
Proteus mirabilis,28041312070_C2,S,S,S,S,S,S,S,,,,R,S,,,,,,,,,,,S,,,S,S,S,,,,,,,,,,,,,,,,,,,,,,,,,,,,,../data/driams/downloads/DRIAMS-C/id/2018/2018_clean.csv,28041312070_C2,28041312070_C2,584.0,Proteus
Serratia marcescens,28041312070_C7,R,R,S,S,S,R,R,,,,R,S,,,,,,,,,,,S,,,S,S,S,,,,,,,,,,,,,,,,,,,,,,,,,,,,,../data/driams/downloads/DRIAMS-C/id/2018/2018_clean.csv,28041312070_C7,28041312070_C7,615.0,Serratia
Pseudomonas aeruginosa,28041312070_C9,R,R,S,S,S,R,R,,,,S,R,,,,,,,,,,,S,,,S,S,S,,,,,,,,,,,,,,,,,,,,,,,,,,,,,../data/driams/downloads/DRIAMS-C/id/2018/2018_clean.csv,28041312070_C9,28041312070_C9,287.0,Pseudomonas
Pseudomonas aeruginosa,28041312070_E4,R,R,S,S,S,R,R,,,,S,R,,,,,,,,,,,S,,,S,S,S,,,,,,,,,,,,,,,,,,,,,,,,,,,,,../data/driams/downloads/DRIAMS-C/id/2018/2018_clean.csv,28041312070_E4,28041312070_E4,287.0,Pseudomonas
Enterococcus faecalis,28041312720_D4,S,S,,,,,,S,,,,I,,,,,R,,,,,R,S,,,,,,,,,,,,,,,,,,,,,,,,,,,,,,,,,,../data/driams/downloads/DRIAMS-C/id/2018/2018_clean.csv,28041312720_D4,28041312720_D4,1351.0,Enterococcus
Enterococcus faecalis,28041312720_D12,S,S,,,,,,S,,,,I,,,,,R,,,,,R,S,,,,,,,,,,,,,,,,,,,,,,,,,,,,,,,,,,../data/driams/downloads/DRIAMS-C/id/2018/2018_clean.csv,28041312720_D12,28041312720_D12,1351.0,Enterococcus
Haemophilus influenzae,28041402340_D2,S,S,,S,,S,S,,,,,,I,,,,,S,,,,,,,,,,,,,,,,,,,,,,,,,,,,,,,,,,,,,,,../data/driams/downloads/DRIAMS-C/id/2018/2018_clean.csv,28041402340_D2,28041402340_D2,727.0,Haemophilus
Morganella morganii,28041402430_D5,R,R,R,S,S,S,R,,,,R,S,,,,,,,,,,,S,,,S,S,S,,,,,,,,,,,,,,,,,,,,,,,,,,,,,../data/driams/downloads/DRIAMS-C/id/2018/2018_clean.csv,28041402430_D5,28041402430_D5,582.0,Morganella
Bacteroides thetaiotaomicron,28041402430_D6,S,R,,,,,,,,,,,R,R,,,,R,,,,,,S,,,,,,,,,,,,,,,,,,,,,,,,,,,,,,,,,../data/driams/downloads/DRIAMS-C/id/2018/2018_clean.csv,28041402430_D6,28041402430_D6,818.0,Bacteroides
Pseudomonas aeruginosa,28041402530_D10,R,R,S,S,S,R,R,,,,S,R,,,,,,,,,,,S,,,S,S,S,,,,,,,,,,,,,,,,,,,,,,,,,,,,,../data/driams/downloads/DRIAMS-C/id/2018/2018_clean.csv,28041402530_D10,28041402530_D10,287.0,Pseudomonas
Pseudomonas aeruginosa,28041402530_D9,R,R,S,S,S,R,R,,,,S,R,,,,,,,,,,,S,,,S,S,S,,,,,,,,,,,,,,,,,,,,,,,,,,,,,../data/driams/downloads/DRIAMS-C/id/2018/2018_clean.csv,28041402530_D9,28041402530_D9,287.0,Pseudomonas
Pseudomonas aeruginosa,28041402530_C3,R,R,S,S,S,R,R,,,,S,R,,,,,,,,,,,S,,,S,S,S,,,,,,,,,,,,,,,,,,,,,,,,,,,,,../data/driams/downloads/DRIAMS-C/id/2018/2018_clean.csv,28041402530_C3,28041402530_C3,287.0,Pseudomonas
Pseudomonas aeruginosa,28041402530_C4,R,R,S,S,S,R,R,,,,S,R,,,,,,,,,,,S,,,S,S,S,,,,,,,,,,,,,,,,,,,,,,,,,,,,,../data/driams/downloads/DRIAMS-C/id/2018/2018_clean.csv,28041402530_C4,28041402530_C4,287.0,Pseudomonas
Citrobacter koseri,28041403930_D11,S,R,S,S,S,S,S,S,S,S,S,S,,,,,,,,,,,,,,,,,,,,,,,,,,,,,,,,,,,,,,,,,,,,,../data/driams/downloads/DRIAMS-C/id/2018/2018_clean.csv,28041403930_D11,28041403930_D11,545.0,Citrobacter
Proteus mirabilis,28041406070_D7,S,R,S,S,S,S,S,R,R,S,R,S,,,,,,,,,,,,,,,,,,,,,,,,,,,,,,,,,,,,,,,,,,,,,../data/driams/downloads/DRIAMS-C/id/2018/2018_clean.csv,28041406070_D7,28041406070_D7,584.0,Proteus
Enterococcus faecalis,28041406070_D8,S,S,,,,,,S,,,,I,,,,,R,,,,,R,S,,,,,,,,,,,,,,,,,,,,,,,,,,,,,,,,,,../data/driams/downloads/DRIAMS-C/id/2018/2018_clean.csv,28041406070_D8,28041406070_D8,1351.0,Enterococcus
Escherichia coli,28041502170_E8,S,S,S,S,S,S,S,,,,S,S,,,,,,,,,,,S,,,S,S,S,,,,,,,,,,,,,,,,,,,,,,,,,,,,,../data/driams/downloads/DRIAMS-C/id/2018/2018_clean.csv,28041502170_E8,28041502170_E8,562.0,Escherichia
Escherichia coli,28041502170_F12,S,S,S,S,S,S,S,,,,S,S,,,,,,,,,,,S,,,S,S,S,,,,,,,,,,,,,,,,,,,,,,,,,,,,,../data/driams/downloads/DRIAMS-C/id/2018/2018_clean.csv,28041502170_F12,28041502170_F12,562.0,Escherichia
Escherichia coli,28041502170_G1,S,S,S,S,S,S,S,,,,S,S,,,,,,,,,,,S,,,S,S,S,,,,,,,,,,,,,,,,,,,,,,,,,,,,,../data/driams/downloads/DRIAMS-C/id/2018/2018_clean.csv,28041502170_G1,28041502170_G1,562.0,Escherichia
Escherichia coli,28041502170_G2,S,S,S,S,S,S,S,,,,S,S,,,,,,,,,,,S,,,S,S,S,,,,,,,,,,,,,,,,,,,,,,,,,,,,,../data/driams/downloads/DRIAMS-C/id/2018/2018_clean.csv,28041502170_G2,28041502170_G2,562.0,Escherichia
Escherichia coli,28041502170_A1,S,S,S,S,S,S,S,,,,S,S,,,,,,,,,,,S,,,S,S,S,,,,,,,,,,,,,,,,,,,,,,,,,,,,,../data/driams/downloads/DRIAMS-C/id/2018/2018_clean.csv,28041502170_A1,28041502170_A1,562.0,Escherichia
Escherichia coli,28041502170_A2,S,S,S,S,S,S,S,,,,S,S,,,,,,,,,,,S,,,S,S,S,,,,,,,,,,,,,,,,,,,,,,,,,,,,,../data/driams/downloads/DRIAMS-C/id/2018/2018_clean.csv,28041502170_A2,28041502170_A2,562.0,Escherichia
Enterococcus durans,28041502170_A3,S,S,,,R,,,,,,,,,R,,,R,,,S,S,I,S,,,,,,,,,,,,,,,,,,,,,,,,,,,,,,,,,,../data/driams/downloads/DRIAMS-C/id/2018/2018_clean.csv,28041502170_A3,28041502170_A3,53345.0,Enterococcus
Enterococcus durans,28041502170_A4,S,S,,,R,,,,,,,,,R,,,R,,,S,S,I,S,,,,,,,,,,,,,,,,,,,,,,,,,,,,,,,,,,../data/driams/downloads/DRIAMS-C/id/2018/2018_clean.csv,28041502170_A4,28041502170_A4,53345.0,Enterococcus
Haemophilus influenzae,28041502360_F2,S,S,,S,,S,S,,,,,,I,,,,,S,,,,,,,,,,,,,,,,,,,,,,,,,,,,,,,,,,,,,,,../data/driams/downloads/DRIAMS-C/id/2018/2018_clean.csv,28041502360_F2,28041502360_F2,727.0,Haemophilus
Escherichia coli,28041502360_G3,R,R,R,S,S,I,R,,,,S,R,,,,,,,,,,,R,,,S,S,S,,,,,,,,,,,,,,,,,,,,,,,,,,,,,../data/driams/downloads/DRIAMS-C/id/2018/2018_clean.csv,28041502360_G3,28041502360_G3,562.0,Escherichia
Escherichia coli,28041502360_A10,R,R,R,S,S,I,R,,,,S,R,,,,,,,,,,,R,,,S,S,S,,,,,,,,,,,,,,,,,,,,,,,,,,,,,../data/driams/downloads/DRIAMS-C/id/2018/2018_clean.csv,28041502360_A10,28041502360_A10,562.0,Escherichia
Staphylococcus aureus,28041502470_A9,S,R,,S,S,,,,,,,S,S,S,S,S,S,R,S,S,,,,,,,,,,,,,,,,,,,,,,,,,,,,,,,,,,,,,../data/driams/downloads/DRIAMS-C/id/2018/2018_clean.csv,28041502470_A9,28041502470_A9,1280.0,Staphylococcus
Pseudomonas aeruginosa,28041502500_F4,R,R,S,S,S,R,R,,,,S,R,,,,,,,,,,,S,,,S,S,S,,,,,,,,,,,,,,,,,,,,,,,,,,,,,../data/driams/downloads/DRIAMS-C/id/2018/2018_clean.csv,28041502500_F4,28041502500_F4,287.0,Pseudomonas
Klebsiella pneumoniae,28041502510_F1,S,R,S,S,S,S,S,,,,S,S,,,,,,,,,,,S,,,S,S,S,,,,,,,,,,,,,,,,,,,,,,,,,,,,,../data/driams/downloads/DRIAMS-C/id/2018/2018_clean.csv,28041502510_F1,28041502510_F1,573.0,Klebsiella
Klebsiella pneumoniae,28041502510_F3,S,R,S,S,S,S,S,,,,S,S,,,,,,,,,,,S,,,S,S,S,,,,,,,,,,,,,,,,,,,,,,,,,,,,,../data/driams/downloads/DRIAMS-C/id/2018/2018_clean.csv,28041502510_F3,28041502510_F3,573.0,Klebsiella
Escherichia coli,28041502810_F11,S,S,S,S,S,S,S,,,,S,S,,,,,,,,,,,S,,,S,S,S,,,,,,,,,,,,,,,,,,,,,,,,,,,,,../data/driams/downloads/DRIAMS-C/id/2018/2018_clean.csv,28041502810_F11,28041502810_F11,562.0,Escherichia
Enterococcus faecalis,28041502820_F10,S,S,,,R,,,,,,,,,R,,,R,,,S,S,R,S,,,,,,,,,,,,,,,,,,,,,,,,,,,,,,,,,,../data/driams/downloads/DRIAMS-C/id/2018/2018_clean.csv,28041502820_F10,28041502820_F10,1351.0,Enterococcus
Enterococcus faecalis,28041502820_A7,S,S,,,R,,,,,,,,,R,,,R,,,S,S,R,S,,,,,,,,,,,,,,,,,,,,,,,,,,,,,,,,,,../data/driams/downloads/DRIAMS-C/id/2018/2018_clean.csv,28041502820_A7,28041502820_A7,1351.0,Enterococcus
Enterococcus faecalis,28041502820_A8,S,S,,,R,,,,,,,,,R,,,R,,,S,S,R,S,,,,,,,,,,,,,,,,,,,,,,,,,,,,,,,,,,../data/driams/downloads/DRIAMS-C/id/2018/2018_clean.csv,28041502820_A8,28041502820_A8,1351.0,Enterococcus
Escherichia coli,28041502830_F9,S,S,S,S,S,S,S,S,S,S,S,S,,,,,,,,,,,,,,,,,,,,,,,,,,,,,,,,,,,,,,,,,,,,,../data/driams/downloads/DRIAMS-C/id/2018/2018_clean.csv,28041502830_F9,28041502830_F9,562.0,Escherichia
Klebsiella pneumoniae,28041502840_F5,S,R,S,S,S,S,S,,,,S,S,,,,,,,,,,,S,,,S,S,S,,,,,,,,,,,,,,,,,,,,,,,,,,,,,../data/driams/downloads/DRIAMS-C/id/2018/2018_clean.csv,28041502840_F5,28041502840_F5,573.0,Klebsiella
Pseudomonas aeruginosa,28041502840_A7,R,R,S,S,S,R,R,,,,S,R,,,,,,,,,,,S,,,S,S,S,,,,,,,,,,,,,,,,,,,,,,,,,,,,,../data/driams/downloads/DRIAMS-C/id/2018/2018_clean.csv,28041502840_A7,28041502840_A7,287.0,Pseudomonas
Staphylococcus aureus,28041503010_F7,S,R,,S,S,,,,,,,S,S,S,S,S,S,R,S,S,,,,,,,,,,,,,,,,,,,,,,,,,,,,,,,,,,,,,../data/driams/downloads/DRIAMS-C/id/2018/2018_clean.csv,28041503010_F7,28041503010_F7,1280.0,Staphylococcus
Staphylococcus aureus,28041601780_B3,S,S,,S,S,,,,,,,S,S,S,S,S,S,S,S,S,,,,,,,,,,,,,,,,,,,,,,,,,,,,,,,,,,,,,../data/driams/downloads/DRIAMS-C/id/2018/2018_clean.csv,28041601780_B3,28041601780_B3,1280.0,Staphylococcus
Klebsiella pneumoniae,28041601780_B6,S,R,S,S,S,S,S,,,,S,S,,,,,,,,,,,S,,,S,S,S,,,,,,,,,,,,,,,,,,,,,,,,,,,,,../data/driams/downloads/DRIAMS-C/id/2018/2018_clean.csv,28041601780_B6,28041601780_B6,573.0,Klebsiella
Morganella morganii,28041604280_A4,R,R,S,S,S,S,R,,,,R,S,,,,,,,,,,,S,,,S,S,I,,,,,,,,,,,,,,,,,,,,,,,,,,,,,../data/driams/downloads/DRIAMS-C/id/2018/2018_clean.csv,28041604280_A4,28041604280_A4,582.0,Morganella
Staphylococcus aureus,28041604280_A5,S,S,,S,S,,,,,,,S,S,S,S,S,S,S,S,S,,,,,,,,,,,,,,,,,,,,,,,,,,,,,,,,,,,,,../data/driams/downloads/DRIAMS-C/id/2018/2018_clean.csv,28041604280_A5,28041604280_A5,1280.0,Staphylococcus
Escherichia coli,28041606260_D9,R,R,R,R,S,R,R,S,S,R,S,R,,,,,,,,,,,S,,,S,R,S,,,,,,,,,,,,,,,,,,,,,,,,,,,,,../data/driams/downloads/DRIAMS-C/id/2018/2018_clean.csv,28041606260_D9,28041606260_D9,562.0,Escherichia
Klebsiella oxytoca,28041606370_E6,S,R,S,S,S,S,S,S,R,S,S,S,,,,,,,,,,,,,,,,,,,,,,,,,,,,,,,,,,,,,,,,,,,,,../data/driams/downloads/DRIAMS-C/id/2018/2018_clean.csv,28041606370_E6,28041606370_E6,571.0,Klebsiella
Klebsiella oxytoca,28041606370_E7,S,R,S,S,S,S,S,S,R,S,S,S,,,,,,,,,,,,,,,,,,,,,,,,,,,,,,,,,,,,,,,,,,,,,../data/driams/downloads/DRIAMS-C/id/2018/2018_clean.csv,28041606370_E7,28041606370_E7,571.0,Klebsiella
Klebsiella pneumoniae,28041607410_E10,S,R,S,S,S,S,S,S,R,S,S,S,,,,,,,,,,,,,,,,,,,,,,,,,,,,,,,,,,,,,,,,,,,,,../data/driams/downloads/DRIAMS-C/id/2018/2018_clean.csv,28041607410_E10,28041607410_E10,573.0,Klebsiella
Klebsiella pneumoniae,28041607410_E11,S,R,S,S,S,S,S,S,R,S,S,S,,,,,,,,,,,,,,,,,,,,,,,,,,,,,,,,,,,,,,,,,,,,,../data/driams/downloads/DRIAMS-C/id/2018/2018_clean.csv,28041607410_E11,28041607410_E11,573.0,Klebsiella
Klebsiella pneumoniae,28041607410_E8,S,R,S,S,S,S,S,S,R,S,S,S,,,,,,,,,,,,,,,,,,,,,,,,,,,,,,,,,,,,,,,,,,,,,../data/driams/downloads/DRIAMS-C/id/2018/2018_clean.csv,28041607410_E8,28041607410_E8,573.0,Klebsiella
Klebsiella pneumoniae,28041607410_E9,S,R,S,S,S,S,S,S,R,S,S,S,,,,,,,,,,,,,,,,,,,,,,,,,,,,,,,,,,,,,,,,,,,,,../data/driams/downloads/DRIAMS-C/id/2018/2018_clean.csv,28041607410_E9,28041607410_E9,573.0,Klebsiella
Staphylococcus saprophyticus,28041607430_E12,S,S,,S,S,,,S,,S,,S,,,,,S,S,,,,,,,,,,,,,,,R,,,,,,,,,,,,,,,,,,,,,,,,../data/driams/downloads/DRIAMS-C/id/2018/2018_clean.csv,28041607430_E12,28041607430_E12,29385.0,Staphylococcus
Escherichia coli,28041607430_F1,S,R,S,S,S,S,S,S,S,S,S,R,,,,,,,,,,,,,,,,,,,,,,,,,,,,,,,,,,,,,,,,,,,,,../data/driams/downloads/DRIAMS-C/id/2018/2018_clean.csv,28041607430_F1,28041607430_F1,562.0,Escherichia
Enterococcus faecalis,28041608540_F2,S,S,,,,,,S,,,,I,,,,,R,,,,,R,S,,,,,,,,,,,,,,,,,,,,,,,,,,,,,,,,,,../data/driams/downloads/DRIAMS-C/id/2018/2018_clean.csv,28041608540_F2,28041608540_F2,1351.0,Enterococcus
Pseudomonas aeruginosa,28041608540_F3,R,R,R,R,R,R,R,,,,S,R,,,,,,,,,,,R,,,S,R,S,,,,,,,,,,,,,,,,,,,,,,,,,,,,,../data/driams/downloads/DRIAMS-C/id/2018/2018_clean.csv,28041608540_F3,28041608540_F3,287.0,Pseudomonas
Staphylococcus aureus,28041609060_F6,S,R,,S,S,,,S,,S,,S,,,,,S,R,,,,,,,,,,,,,,,S,,,,,,,,,,,,,,,,,,,,,,,,../data/driams/downloads/DRIAMS-C/id/2018/2018_clean.csv,28041609060_F6,28041609060_F6,1280.0,Staphylococcus
Staphylococcus aureus,28041609080_F7,S,R,,S,S,,,S,,S,,S,,,,,S,R,,,,,,,,,,,,,,,S,,,,,,,,,,,,,,,,,,,,,,,,../data/driams/downloads/DRIAMS-C/id/2018/2018_clean.csv,28041609080_F7,28041609080_F7,1280.0,Staphylococcus
Escherichia coli,28041609210_F8,S,R,R,S,S,R,R,S,S,S,S,R,,,,,,,,,,,S,,,S,R,S,,,,,,,,,,,,,,,,,,,,,,,,,,,,,../data/driams/downloads/DRIAMS-C/id/2018/2018_clean.csv,28041609210_F8,28041609210_F8,562.0,Escherichia
Enterococcus faecalis,28041609210_B4,S,S,,,,,,S,,,,I,,,,,R,,,,,R,S,,,,,,,,,,,,,,,,,,,,,,,,,,,,,,,,,,../data/driams/downloads/DRIAMS-C/id/2018/2018_clean.csv,28041609210_B4,28041609210_B4,1351.0,Enterococcus
Enterobacter cloacae,28041609300_F11,R,R,S,S,S,S,R,S,R,S,S,S,,,,,,,,,,,,,,,,,,,,,,,,,,,,,,,,,,,,,,,,,,,,,../data/driams/downloads/DRIAMS-C/id/2018/2018_clean.csv,28041609300_F11,28041609300_F11,550.0,Enterobacter
Enterobacter cloacae,28041609300_F12,R,R,S,S,S,S,R,S,R,S,S,S,,,,,,,,,,,,,,,,,,,,,,,,,,,,,,,,,,,,,,,,,,,,,../data/driams/downloads/DRIAMS-C/id/2018/2018_clean.csv,28041609300_F12,28041609300_F12,550.0,Enterobacter
Enterobacter cloacae,28041609300_G1,R,R,S,S,S,S,R,S,R,S,S,S,,,,,,,,,,,,,,,,,,,,,,,,,,,,,,,,,,,,,,,,,,,,,../data/driams/downloads/DRIAMS-C/id/2018/2018_clean.csv,28041609300_G1,28041609300_G1,550.0,Enterobacter
Enterococcus faecalis,28041609760_A6,S,S,,,R,,,,,,,,,R,,,R,,,S,S,R,S,,,,,,,,,,,,,,,,,,,,,,,,,,,,,,,,,,../data/driams/downloads/DRIAMS-C/id/2018/2018_clean.csv,28041609760_A6,28041609760_A6,1351.0,Enterococcus
Escherichia coli,28041610330_G12,S,S,S,S,S,S,S,S,S,S,S,S,,,,,,,,,,,,,,,,,,,,,,,,,,,,,,,,,,,,,,,,,,,,,../data/driams/downloads/DRIAMS-C/id/2018/2018_clean.csv,28041610330_G12,28041610330_G12,562.0,Escherichia
Proteus mirabilis,28041610410_G2,S,R,S,S,S,S,S,S,R,S,R,S,,,,,,,,,,,,,,,,,,,,,,,,,,,,,,,,,,,,,,,,,,,,,../data/driams/downloads/DRIAMS-C/id/2018/2018_clean.csv,28041610410_G2,28041610410_G2,584.0,Proteus
Klebsiella pneumoniae,28041611590_G5,S,R,S,S,S,S,S,S,R,S,S,S,,,,,,,,,,,,,,,,,,,,,,,,,,,,,,,,,,,,,,,,,,,,,../data/driams/downloads/DRIAMS-C/id/2018/2018_clean.csv,28041611590_G5,28041611590_G5,573.0,Klebsiella
Escherichia coli,28041611650_G7,S,S,S,S,S,S,S,S,S,S,S,S,,,,,,,,,,,,,,,,,,,,,,,,,,,,,,,,,,,,,,,,,,,,,../data/driams/downloads/DRIAMS-C/id/2018/2018_clean.csv,28041611650_G7,28041611650_G7,562.0,Escherichia
Escherichia coli,28041611650_G8,S,S,S,S,S,S,S,S,S,S,S,S,,,,,,,,,,,,,,,,,,,,,,,,,,,,,,,,,,,,,,,,,,,,,../data/driams/downloads/DRIAMS-C/id/2018/2018_clean.csv,28041611650_G8,28041611650_G8,562.0,Escherichia
Escherichia coli,28041612350_B2,S,R,S,S,S,S,S,,,,S,S,,,,,,,,,,,S,,,S,S,S,,,,,,,,,,,,,,,,,,,,,,,,,,,,,../data/driams/downloads/DRIAMS-C/id/2018/2018_clean.csv,28041612350_B2,28041612350_B2,562.0,Escherichia
Escherichia coli,28041612350_B6,S,R,S,S,S,S,S,,,,S,S,,,,,,,,,,,S,,,S,S,S,,,,,,,,,,,,,,,,,,,,,,,,,,,,,../data/driams/downloads/DRIAMS-C/id/2018/2018_clean.csv,28041612350_B6,28041612350_B6,562.0,Escherichia
Enterococcus faecalis,28041612350_C10,S,S,,,R,,,,,,,,,R,,,R,,,S,S,R,S,,,,,,,,,,,,,,,,,,,,,,,,,,,,,,,,,,../data/driams/downloads/DRIAMS-C/id/2018/2018_clean.csv,28041612350_C10,28041612350_C10,1351.0,Enterococcus
Enterococcus faecalis,28041612350_C11,S,S,,,R,,,,,,,,,R,,,R,,,S,S,R,S,,,,,,,,,,,,,,,,,,,,,,,,,,,,,,,,,,../data/driams/downloads/DRIAMS-C/id/2018/2018_clean.csv,28041612350_C11,28041612350_C11,1351.0,Enterococcus
Klebsiella pneumoniae,28041612350_C12,S,R,S,S,S,S,S,,,,S,S,,,,,,,,,,,S,,,S,S,S,,,,,,,,,,,,,,,,,,,,,,,,,,,,,../data/driams/downloads/DRIAMS-C/id/2018/2018_clean.csv,28041612350_C12,28041612350_C12,573.0,Klebsiella
Staphylococcus aureus,28041612390_B12,S,R,,S,S,,,,,,,S,S,S,S,S,S,R,S,S,,,,,,,,,,,,,,,,,,,,,,,,,,,,,,,,,,,,,../data/driams/downloads/DRIAMS-C/id/2018/2018_clean.csv,28041612390_B12,28041612390_B12,1280.0,Staphylococcus
Escherichia coli,28041701880_A1,S,R,R,R,S,R,R,,,,S,R,,,,,,,,,,,S,,,S,R,S,,,,,,,,,,,,,,,,,,,,,,,,,,,,,../data/driams/downloads/DRIAMS-C/id/2018/2018_clean.csv,28041701880_A1,28041701880_A1,562.0,Escherichia
Pseudomonas aeruginosa,28041701880_A2,R,R,S,S,S,R,R,,,,S,R,,,,,,,,,,,S,,,S,S,S,,,,,,,,,,,,,,,,,,,,,,,,,,,,,../data/driams/downloads/DRIAMS-C/id/2018/2018_clean.csv,28041701880_A2,28041701880_A2,287.0,Pseudomonas
Escherichia coli,28041701880_A3,S,R,R,R,S,R,R,,,,S,R,,,,,,,,,,,S,,,S,R,S,,,,,,,,,,,,,,,,,,,,,,,,,,,,,../data/driams/downloads/DRIAMS-C/id/2018/2018_clean.csv,28041701880_A3,28041701880_A3,562.0,Escherichia
Pseudomonas aeruginosa,28041701880_G12,R,R,S,S,S,R,R,,,,S,R,,,,,,,,,,,S,,,S,S,S,,,,,,,,,,,,,,,,,,,,,,,,,,,,,../data/driams/downloads/DRIAMS-C/id/2018/2018_clean.csv,28041701880_G12,28041701880_G12,287.0,Pseudomonas
Pseudomonas aeruginosa,28041701880_H1,R,R,S,S,S,R,R,,,,S,R,,,,,,,,,,,S,,,S,S,S,,,,,,,,,,,,,,,,,,,,,,,,,,,,,../data/driams/downloads/DRIAMS-C/id/2018/2018_clean.csv,28041701880_H1,28041701880_H1,287.0,Pseudomonas
Pseudomonas aeruginosa,28041701880_H2,R,R,S,S,S,R,R,,,,S,R,,,,,,,,,,,S,,,S,S,S,,,,,,,,,,,,,,,,,,,,,,,,,,,,,../data/driams/downloads/DRIAMS-C/id/2018/2018_clean.csv,28041701880_H2,28041701880_H2,287.0,Pseudomonas
Staphylococcus lugdunensis,28041701930_A6,S,R,,S,S,,,,,,,S,S,S,R,S,S,R,S,S,,,,,,,,,,,,,,,,,,,,,,,,,,,,,,,,,,,,,../data/driams/downloads/DRIAMS-C/id/2018/2018_clean.csv,28041701930_A6,28041701930_A6,28035.0,Staphylococcus
Staphylococcus lugdunensis,28041701930_G10,S,R,,S,S,,,,,,,S,S,S,R,S,S,R,S,S,,,,,,,,,,,,,,,,,,,,,,,,,,,,,,,,,,,,,../data/driams/downloads/DRIAMS-C/id/2018/2018_clean.csv,28041701930_G10,28041701930_G10,28035.0,Staphylococcus
Bacteroides uniformis,28041701970_H1,S,R,,,,,,,,,,,S,S,,,,R,,,,,,S,,,,,,,,,,,,,,,,,,,,,,,,,,,,,,,,,../data/driams/downloads/DRIAMS-C/id/2018/2018_clean.csv,28041701970_H1,28041701970_H1,820.0,Bacteroides
Staphylococcus lugdunensis,28041702000_A10,S,S,,S,S,,,,,,,S,S,S,S,R,S,S,S,S,,,,,,,,,,,,,,,,,,,,,,,,,,,,,,,,,,,,,../data/driams/downloads/DRIAMS-C/id/2018/2018_clean.csv,28041702000_A10,28041702000_A10,28035.0,Staphylococcus
Proteus mirabilis,28041702000_A9,S,S,S,S,S,S,S,,,,R,S,,,,,,,,,,,S,,,S,S,S,,,,,,,,,,,,,,,,,,,,,,,,,,,,,../data/driams/downloads/DRIAMS-C/id/2018/2018_clean.csv,28041702000_A9,28041702000_A9,584.0,Proteus
Staphylococcus aureus,28041702100_A12,S,R,,S,S,,,,,,,S,S,S,S,S,S,R,S,S,,,,,,,,,,,,,,,,,,,,,,,,,,,,,,,,,,,,,../data/driams/downloads/DRIAMS-C/id/2018/2018_clean.csv,28041702100_A12,28041702100_A12,1280.0,Staphylococcus
Staphylococcus aureus,28041702100_B1,S,R,,S,S,,,,,,,S,S,S,S,S,S,R,S,S,,,,,,,,,,,,,,,,,,,,,,,,,,,,,,,,,,,,,../data/driams/downloads/DRIAMS-C/id/2018/2018_clean.csv,28041702100_B1,28041702100_B1,1280.0,Staphylococcus
Escherichia coli,28041705310_C12,R,R,S,S,S,S,S,,,,S,S,,,,,,,,,,,S,,,S,S,S,,,,,,,,,,,,,,,,,,,,,,,,,,,,,../data/driams/downloads/DRIAMS-C/id/2018/2018_clean.csv,28041705310_C12,28041705310_C12,562.0,Escherichia
Escherichia coli,28041705310_D1,R,R,S,S,S,S,S,,,,S,S,,,,,,,,,,,S,,,S,S,S,,,,,,,,,,,,,,,,,,,,,,,,,,,,,../data/driams/downloads/DRIAMS-C/id/2018/2018_clean.csv,28041705310_D1,28041705310_D1,562.0,Escherichia
Staphylococcus aureus,28041705340_H6,S,S,,S,S,,,,,,,S,S,S,S,S,S,S,S,S,,,,,,,,,,,,,,,,,,,,,,,,,,,,,,,,,,,,,../data/driams/downloads/DRIAMS-C/id/2018/2018_clean.csv,28041705340_H6,28041705340_H6,1280.0,Staphylococcus
Escherichia coli,28041705370_B11,S,R,S,S,S,S,S,S,S,S,S,S,,,,,,,,,,,,,,,,,,,,,,,,,,,,,,,,,,,,,,,,,,,,,../data/driams/downloads/DRIAMS-C/id/2018/2018_clean.csv,28041705370_B11,28041705370_B11,562.0,Escherichia
Enterococcus faecalis,28041705370_B12,S,S,,,,,,S,,,,I,,,,,R,,,,,R,S,,,,,,,,,,,,,,,,,,,,,,,,,,,,,,,,,,../data/driams/downloads/DRIAMS-C/id/2018/2018_clean.csv,28041705370_B12,28041705370_B12,1351.0,Enterococcus
Enterococcus faecalis,28041705370_E2,S,S,,,,,,S,,,,I,,,,,R,,,,,R,S,,,,,,,,,,,,,,,,,,,,,,,,,,,,,,,,,,../data/driams/downloads/DRIAMS-C/id/2018/2018_clean.csv,28041705370_E2,28041705370_E2,1351.0,Enterococcus
Escherichia coli,28041707020_C2,R,R,R,S,R,R,R,S,S,S,S,R,,,,,,,,,,,S,,,S,R,S,,,,,,,,,,,,,,,,,,,,,,,,,,,,,../data/driams/downloads/DRIAMS-C/id/2018/2018_clean.csv,28041707020_C2,28041707020_C2,562.0,Escherichia
Escherichia coli,28041707250_D7,S,R,S,S,S,S,S,S,S,S,S,S,,,,,,,,,,,,,,,,,,,,,,,,,,,,,,,,,,,,,,,,,,,,,../data/driams/downloads/DRIAMS-C/id/2018/2018_clean.csv,28041707250_D7,28041707250_D7,562.0,Escherichia
Klebsiella pneumoniae,28041707270_C5,S,R,S,S,S,S,S,S,R,S,S,S,,,,,,,,,,,,,,,,,,,,,,,,,,,,,,,,,,,,,,,,,,,,,../data/driams/downloads/DRIAMS-C/id/2018/2018_clean.csv,28041707270_C5,28041707270_C5,573.0,Klebsiella
Escherichia coli,28041707540_D8,S,S,S,S,S,S,S,S,S,S,S,R,,,,,,,,,,,,,,,,,,,,,,,,,,,,,,,,,,,,,,,,,,,,,../data/driams/downloads/DRIAMS-C/id/2018/2018_clean.csv,28041707540_D8,28041707540_D8,562.0,Escherichia
Staphylococcus aureus,28041708260_B3,S,S,,S,S,,,,,,,S,S,S,S,S,S,S,S,S,,,,,,,,,,,,,,,,,,,,,,,,,,,,,,,,,,,,,../data/driams/downloads/DRIAMS-C/id/2018/2018_clean.csv,28041708260_B3,28041708260_B3,1280.0,Staphylococcus
Pseudomonas aeruginosa,28041708450_E1,R,R,R,R,S,R,R,,,,S,R,,,,,,,,,,,R,,,R,R,R,,,,,,,R,,,,,,,,S,,,,,,,,,,,,,,../data/driams/downloads/DRIAMS-C/id/2018/2018_clean.csv,28041708450_E1,28041708450_E1,287.0,Pseudomonas
Proteus vulgaris,28041709740_C8,S,R,S,S,S,S,R,R,R,S,R,S,,,,,,,,,,,,,,,,,,,,,,,,,,,,,,,,,,,,,,,,,,,,,../data/driams/downloads/DRIAMS-C/id/2018/2018_clean.csv,28041709740_C8,28041709740_C8,585.0,Proteus
Escherichia coli,28041709820_C9,S,R,S,S,S,S,S,S,S,S,S,R,,,,,,,,,,,,,,,,,,,,,,,,,,,,,,,,,,,,,,,,,,,,,../data/driams/downloads/DRIAMS-C/id/2018/2018_clean.csv,28041709820_C9,28041709820_C9,562.0,Escherichia
Escherichia coli,28041709820_D10,S,R,S,S,S,S,S,S,S,S,S,R,,,,,,,,,,,,,,,,,,,,,,,,,,,,,,,,,,,,,,,,,,,,,../data/driams/downloads/DRIAMS-C/id/2018/2018_clean.csv,28041709820_D10,28041709820_D10,562.0,Escherichia
Staphylococcus aureus,28041710370_B4,S,S,,S,S,,,,,,,S,S,S,S,S,S,S,S,S,,,,,,,,,,,,,,,,,,,,,,,,,,,,,,,,,,,,,../data/driams/downloads/DRIAMS-C/id/2018/2018_clean.csv,28041710370_B4,28041710370_B4,1280.0,Staphylococcus
Staphylococcus aureus,28041710370_B5,S,S,,S,S,,,,,,,S,S,S,S,S,S,S,S,S,,,,,,,,,,,,,,,,,,,,,,,,,,,,,,,,,,,,,../data/driams/downloads/DRIAMS-C/id/2018/2018_clean.csv,28041710370_B5,28041710370_B5,1280.0,Staphylococcus
Staphylococcus aureus,28041710370_B7,S,S,,S,S,,,,,,,S,S,S,S,S,S,S,S,S,,,,,,,,,,,,,,,,,,,,,,,,,,,,,,,,,,,,,../data/driams/downloads/DRIAMS-C/id/2018/2018_clean.csv,28041710370_B7,28041710370_B7,1280.0,Staphylococcus
Escherichia coli,28041710410_C5,S,S,S,S,S,S,S,,,,S,S,,,,,,,,,,,S,,,S,S,S,,,,,,,,,,,,,,,,,,,,,,,,,,,,,../data/driams/downloads/DRIAMS-C/id/2018/2018_clean.csv,28041710410_C5,28041710410_C5,562.0,Escherichia
Escherichia coli,28041710410_C6,S,S,S,S,S,S,S,,,,S,S,,,,,,,,,,,S,,,S,S,S,,,,,,,,,,,,,,,,,,,,,,,,,,,,,../data/driams/downloads/DRIAMS-C/id/2018/2018_clean.csv,28041710410_C6,28041710410_C6,562.0,Escherichia
Escherichia coli,28041711150_C8,S,S,S,S,S,S,S,,,,S,S,,,,,,,,,,,S,,,S,S,S,,,,,,,,,,,,,,,,,,,,,,,,,,,,,../data/driams/downloads/DRIAMS-C/id/2018/2018_clean.csv,28041711150_C8,28041711150_C8,562.0,Escherichia
Serratia marcescens,28041711150_H2,R,R,S,S,S,S,R,,,,R,S,,,,,,,,,,,S,,,S,S,S,,,,,,,,,,,,,,,,,,,,,,,,,,,,,../data/driams/downloads/DRIAMS-C/id/2018/2018_clean.csv,28041711150_H2,28041711150_H2,615.0,Serratia
Stenotrophomonas maltophilia,28041712640_H4,,,,,,,,,,,,S,,,,,,,,,,,,,,,,,,,,,,,,,,,,,,,,,,,,,,,,,,,,,../data/driams/downloads/DRIAMS-C/id/2018/2018_clean.csv,28041712640_H4,28041712640_H4,40324.0,Stenotrophomonas
Escherichia coli,28041712730_D5,S,R,S,R,R,S,R,S,S,R,S,R,,,,,,,,,,,,,,,,,,,,,,,,,,,,,,,,,,,,,,,,,,,,,../data/driams/downloads/DRIAMS-C/id/2018/2018_clean.csv,28041712730_D5,28041712730_D5,562.0,Escherichia
Escherichia coli,28041712730_D6,S,R,S,R,R,S,R,S,S,R,S,R,,,,,,,,,,,,,,,,,,,,,,,,,,,,,,,,,,,,,,,,,,,,,../data/driams/downloads/DRIAMS-C/id/2018/2018_clean.csv,28041712730_D6,28041712730_D6,562.0,Escherichia
Streptococcus pneumoniae,28041803160_C1,S,S,,,R,,,,,,,S,S,S,S,,S,S,,S,,,,,S,,,,,,,,,,,,,,,,,,,,,,,,,,,,,,,,../data/driams/downloads/DRIAMS-C/id/2018/2018_clean.csv,28041803160_C1,28041803160_C1,1313.0,Streptococcus
Staphylococcus aureus,28041804550_E5,S,R,,S,S,,,,,,,S,S,S,S,S,S,R,S,S,,,,,,,,,,,,,,,,,,,,,,,,,,,,,,,,,,,,,../data/driams/downloads/DRIAMS-C/id/2018/2018_clean.csv,28041804550_E5,28041804550_E5,1280.0,Staphylococcus
Staphylococcus aureus,28041804550_E7,S,R,,S,S,,,,,,,S,S,S,S,S,S,R,S,S,,,,,,,,,,,,,,,,,,,,,,,,,,,,,,,,,,,,,../data/driams/downloads/DRIAMS-C/id/2018/2018_clean.csv,28041804550_E7,28041804550_E7,1280.0,Staphylococcus
Staphylococcus aureus,28041804550_E8,S,R,,S,S,,,,,,,S,S,S,S,S,S,R,S,S,,,,,,,,,,,,,,,,,,,,,,,,,,,,,,,,,,,,,../data/driams/downloads/DRIAMS-C/id/2018/2018_clean.csv,28041804550_E8,28041804550_E8,1280.0,Staphylococcus
Staphylococcus aureus,28041804550_F8,S,R,,S,S,,,,,,,S,S,S,S,S,S,R,S,S,,,,,,,,,,,,,,,,,,,,,,,,,,,,,,,,,,,,,../data/driams/downloads/DRIAMS-C/id/2018/2018_clean.csv,28041804550_F8,28041804550_F8,1280.0,Staphylococcus
Staphylococcus epidermidis,28041804820_C4,S,R,,S,R,,,,,,,R,S,S,S,R,S,R,S,S,,,,,,,,,,,,,,,,,,,,,,,,,,,,,,,,,,,,,../data/driams/downloads/DRIAMS-C/id/2018/2018_clean.csv,28041804820_C4,28041804820_C4,1282.0,Staphylococcus
Staphylococcus epidermidis,28041804820_C5,S,R,,S,R,,,,,,,R,S,S,S,R,S,R,S,S,,,,,,,,,,,,,,,,,,,,,,,,,,,,,,,,,,,,,../data/driams/downloads/DRIAMS-C/id/2018/2018_clean.csv,28041804820_C5,28041804820_C5,1282.0,Staphylococcus
Staphylococcus epidermidis,28041804820_C6,S,R,,S,R,,,,,,,R,S,S,S,R,S,R,S,S,,,,,,,,,,,,,,,,,,,,,,,,,,,,,,,,,,,,,../data/driams/downloads/DRIAMS-C/id/2018/2018_clean.csv,28041804820_C6,28041804820_C6,1282.0,Staphylococcus
Staphylococcus epidermidis,28041804820_C7,S,R,,S,R,,,,,,,R,S,S,S,R,S,R,S,S,,,,,,,,,,,,,,,,,,,,,,,,,,,,,,,,,,,,,../data/driams/downloads/DRIAMS-C/id/2018/2018_clean.csv,28041804820_C7,28041804820_C7,1282.0,Staphylococcus
Staphylococcus epidermidis,28041804820_C8,S,R,,S,R,,,,,,,R,S,S,S,R,S,R,S,S,,,,,,,,,,,,,,,,,,,,,,,,,,,,,,,,,,,,,../data/driams/downloads/DRIAMS-C/id/2018/2018_clean.csv,28041804820_C8,28041804820_C8,1282.0,Staphylococcus
Staphylococcus haemolyticus,28041804830_C11,S,R,,S,S,,,,,,,S,S,R,S,S,S,R,S,S,,,,,,,,,,,,,,,,,,,,,,,,,,,,,,,,,,,,,../data/driams/downloads/DRIAMS-C/id/2018/2018_clean.csv,28041804830_C11,28041804830_C11,1283.0,Staphylococcus
Staphylococcus epidermidis,28041804830_C12,S,R,,S,R,,,,,,,R,S,S,S,R,S,R,S,S,,,,,,,,,,,,,,,,,,,,,,,,,,,,,,,,,,,,,../data/driams/downloads/DRIAMS-C/id/2018/2018_clean.csv,28041804830_C12,28041804830_C12,1282.0,Staphylococcus
Staphylococcus capitis,28041804830_D1,S,R,,S,S,,,,,,,S,S,S,S,S,S,R,S,S,,,,,,,,,,,,,,,,,,,,,,,,,,,,,,,,,,,,,../data/driams/downloads/DRIAMS-C/id/2018/2018_clean.csv,28041804830_D1,28041804830_D1,29388.0,Staphylococcus
Morganella morganii,28041806170_A3,R,R,S,S,S,S,R,,,,R,S,,,,,,,,,,,S,,,S,S,S,,,,,,,,,,,,,,,,,,,,,,,,,,,,,../data/driams/downloads/DRIAMS-C/id/2018/2018_clean.csv,28041806170_A3,28041806170_A3,582.0,Morganella
Morganella morganii,28041806170_H7,R,R,S,S,S,S,R,,,,R,S,,,,,,,,,,,S,,,S,S,S,,,,,,,,,,,,,,,,,,,,,,,,,,,,,../data/driams/downloads/DRIAMS-C/id/2018/2018_clean.csv,28041806170_H7,28041806170_H7,582.0,Morganella
Morganella morganii,28041806170_H8,R,R,S,S,S,S,R,,,,R,S,,,,,,,,,,,S,,,S,S,S,,,,,,,,,,,,,,,,,,,,,,,,,,,,,../data/driams/downloads/DRIAMS-C/id/2018/2018_clean.csv,28041806170_H8,28041806170_H8,582.0,Morganella
Aerococcus urinae,28041806670_E4,S,S,,S,,,,S,,,,,,,,,,,,,,,,,,,,,,,,,,,,,,,,,,,,,,,,,,,,,,,,,../data/driams/downloads/DRIAMS-C/id/2018/2018_clean.csv,28041806670_E4,28041806670_E4,1376.0,Aerococcus
Escherichia coli,28041806750_E6,S,S,S,R,S,S,S,S,R,R,S,S,,,,,,,,,,,S,,,S,S,S,,,,,,,,,,,,,,,,,,,,,,,,,,,,,../data/driams/downloads/DRIAMS-C/id/2018/2018_clean.csv,28041806750_E6,28041806750_E6,562.0,Escherichia
Pseudomonas aeruginosa,28041806750_E8,R,R,S,S,S,R,R,,,,S,R,,,,,,,,,,,S,,,S,S,S,,,,,,,,,,,,,,,,,,,,,,,,,,,,,../data/driams/downloads/DRIAMS-C/id/2018/2018_clean.csv,28041806750_E8,28041806750_E8,287.0,Pseudomonas
Escherichia coli,28041806750_A8,S,S,S,R,S,S,S,S,R,R,S,S,,,,,,,,,,,S,,,S,S,S,,,,,,,,,,,,,,,,,,,,,,,,,,,,,../data/driams/downloads/DRIAMS-C/id/2018/2018_clean.csv,28041806750_A8,28041806750_A8,562.0,Escherichia
Morganella morganii,28041806750_A9,R,R,S,S,S,S,R,R,R,S,R,S,,,,,,,,,,,S,,,S,S,S,,,,,,,,,,,,,,,,,,,,,,,,,,,,,../data/driams/downloads/DRIAMS-C/id/2018/2018_clean.csv,28041806750_A9,28041806750_A9,582.0,Morganella
Escherichia coli,28041807020_F12,R,R,S,S,S,S,S,,,,S,S,,,,,,,,,,,S,,,S,S,S,,,,,,,,,,,,,,,,,,,,,,,,,,,,,../data/driams/downloads/DRIAMS-C/id/2018/2018_clean.csv,28041807020_F12,28041807020_F12,562.0,Escherichia
Escherichia coli,28041807060_G2,R,R,S,R,S,S,S,,,,S,S,,,,,,,,,,,S,,,S,S,S,,,,,,,,,,,,,,,,,,,,,,,,,,,,,../data/driams/downloads/DRIAMS-C/id/2018/2018_clean.csv,28041807060_G2,28041807060_G2,562.0,Escherichia
Enterococcus faecium,28041807060_D5,R,R,,,R,,,,,,,,,R,,,R,,,S,S,S,R,,,,,,,,,,,,,,,,,,,,,,,,,,,,,,,,,,../data/driams/downloads/DRIAMS-C/id/2018/2018_clean.csv,28041807060_D5,28041807060_D5,1352.0,Enterococcus
Bacteroides fragilis,28041807060_D6,R,R,,,,,,,,,,,R,R,,,,R,,,,,S,S,,,,,,,,,,,,,,,,,,,,,,,,,,,,,,,,,../data/driams/downloads/DRIAMS-C/id/2018/2018_clean.csv,28041807060_D6,28041807060_D6,817.0,Bacteroides
Enterococcus faecalis,28041807150_D12,S,S,,,R,,,,,,,,,R,,,R,,,S,S,R,S,,,,,,,,,,,,,,,,,,,,,,,,,,,,,,,,,,../data/driams/downloads/DRIAMS-C/id/2018/2018_clean.csv,28041807150_D12,28041807150_D12,1351.0,Enterococcus
Enterococcus faecalis,28041807150_D9,S,S,,,R,,,,,,,,,R,,,R,,,S,S,R,S,,,,,,,,,,,,,,,,,,,,,,,,,,,,,,,,,,../data/driams/downloads/DRIAMS-C/id/2018/2018_clean.csv,28041807150_D9,28041807150_D9,1351.0,Enterococcus
Enterococcus faecalis,28041807550_G4,S,S,,,R,,,,,,,,,R,,,R,,,S,S,R,S,,,,,,,,,,,,,,,,,,,,,,,,,,,,,,,,,,../data/driams/downloads/DRIAMS-C/id/2018/2018_clean.csv,28041807550_G4,28041807550_G4,1351.0,Enterococcus
Morganella morganii,28041807550_A5,R,R,S,S,S,S,R,,,,R,S,,,,,,,,,,,S,,,S,S,S,,,,,,,,,,,,,,,,,,,,,,,,,,,,,../data/driams/downloads/DRIAMS-C/id/2018/2018_clean.csv,28041807550_A5,28041807550_A5,582.0,Morganella
Pseudomonas aeruginosa,28041808490_E10,R,R,S,S,S,R,R,,,,S,R,,,,,,,,,,,S,,,S,S,S,,,,,,,,,,,,,,,,,,,,,,,,,,,,,../data/driams/downloads/DRIAMS-C/id/2018/2018_clean.csv,28041808490_E10,28041808490_E10,287.0,Pseudomonas
Pseudomonas aeruginosa,28041808490_E9,R,R,S,S,S,R,R,,,,S,R,,,,,,,,,,,S,,,S,S,S,,,,,,,,,,,,,,,,,,,,,,,,,,,,,../data/driams/downloads/DRIAMS-C/id/2018/2018_clean.csv,28041808490_E9,28041808490_E9,287.0,Pseudomonas
Morganella morganii,28041808620_E1,R,R,S,S,S,S,R,R,R,S,R,S,,,,,,,,,,,,,,,,,,,,,,,,,,,,,,,,,,,,,,,,,,,,,../data/driams/downloads/DRIAMS-C/id/2018/2018_clean.csv,28041808620_E1,28041808620_E1,582.0,Morganella
Enterococcus faecalis,28041810340_E12,S,S,,,,,,S,,,,I,,,,,R,,,,,R,S,,,,,,,,,,,,,,,,,,,,,,,,,,,,,,,,,,../data/driams/downloads/DRIAMS-C/id/2018/2018_clean.csv,28041810340_E12,28041810340_E12,1351.0,Enterococcus
Enterococcus faecalis,28041810340_F1,S,S,,,,,,S,,,,I,,,,,R,,,,,R,S,,,,,,,,,,,,,,,,,,,,,,,,,,,,,,,,,,../data/driams/downloads/DRIAMS-C/id/2018/2018_clean.csv,28041810340_F1,28041810340_F1,1351.0,Enterococcus
Enterococcus faecalis,28041810340_F2,S,S,,,,,,S,,,,I,,,,,R,,,,,R,S,,,,,,,,,,,,,,,,,,,,,,,,,,,,,,,,,,../data/driams/downloads/DRIAMS-C/id/2018/2018_clean.csv,28041810340_F2,28041810340_F2,1351.0,Enterococcus
Enterococcus faecalis,28041810340_F3,S,S,,,,,,S,,,,I,,,,,R,,,,,R,S,,,,,,,,,,,,,,,,,,,,,,,,,,,,,,,,,,../data/driams/downloads/DRIAMS-C/id/2018/2018_clean.csv,28041810340_F3,28041810340_F3,1351.0,Enterococcus
Escherichia coli,28041810380_F4,S,S,S,S,S,S,S,S,S,S,S,S,,,,,,,,,,,,,,,,,,,,,,,,,,,,,,,,,,,,,,,,,,,,,../data/driams/downloads/DRIAMS-C/id/2018/2018_clean.csv,28041810380_F4,28041810380_F4,562.0,Escherichia
Escherichia coli,28041810380_F5,S,S,S,S,S,S,S,S,S,S,S,S,,,,,,,,,,,,,,,,,,,,,,,,,,,,,,,,,,,,,,,,,,,,,../data/driams/downloads/DRIAMS-C/id/2018/2018_clean.csv,28041810380_F5,28041810380_F5,562.0,Escherichia
Escherichia coli,28041812540_F6,S,R,S,S,S,S,S,S,S,S,S,S,,,,,,,,,,,,,,,,,,,,,,,,,,,,,,,,,,,,,,,,,,,,,../data/driams/downloads/DRIAMS-C/id/2018/2018_clean.csv,28041812540_F6,28041812540_F6,562.0,Escherichia
Pseudomonas aeruginosa,28041812730_E2,R,R,R,S,S,R,R,,,,S,R,,,,,,,,,,,R,,,S,R,R,,,,,,,,,,,,,,,,,,,,,,,,,,,,,../data/driams/downloads/DRIAMS-C/id/2018/2018_clean.csv,28041812730_E2,28041812730_E2,287.0,Pseudomonas
Pseudomonas aeruginosa,28041812730_E3,R,R,R,S,S,R,R,,,,S,R,,,,,,,,,,,R,,,S,R,R,,,,,,,,,,,,,,,,,,,,,,,,,,,,,../data/driams/downloads/DRIAMS-C/id/2018/2018_clean.csv,28041812730_E3,28041812730_E3,287.0,Pseudomonas
Escherichia coli,28041813550_F7,S,R,S,S,S,S,S,S,S,S,S,R,,,,,,,,,,,,,,,,,,,,,,,,,,,,,,,,,,,,,,,,,,,,,../data/driams/downloads/DRIAMS-C/id/2018/2018_clean.csv,28041813550_F7,28041813550_F7,562.0,Escherichia
Klebsiella pneumoniae,28041813550_F8,S,R,S,S,S,S,S,S,R,S,S,S,,,,,,,,,,,,,,,,,,,,,,,,,,,,,,,,,,,,,,,,,,,,,../data/driams/downloads/DRIAMS-C/id/2018/2018_clean.csv,28041813550_F8,28041813550_F8,573.0,Klebsiella
Peptoniphilus harei,28041904170_B1,S,S,,,,,,,,,,,S,S,,,,S,,,,,,S,,,,,,,,,,,,,,,,,,,,,,,,,,,,,,,,,../data/driams/downloads/DRIAMS-C/id/2018/2018_clean.csv,28041904170_B1,28041904170_B1,54005.0,Peptoniphilus
Escherichia coli,28041906560_B7,R,R,R,R,R,R,R,S,S,R,S,S,,,,,,,,,,,S,,,S,R,S,,,,,,,,,,,,,,,,,,,,,,,,,,,,,../data/driams/downloads/DRIAMS-C/id/2018/2018_clean.csv,28041906560_B7,28041906560_B7,562.0,Escherichia
Stenotrophomonas maltophilia,28041908430_B1,,,,,,,,,,,,S,,,,,,,,,,,,,,,,,,,,,,,,,,,,,,,,,,,,,,,,,,,,,../data/driams/downloads/DRIAMS-C/id/2018/2018_clean.csv,28041908430_B1,28041908430_B1,40324.0,Stenotrophomonas
Enterobacter cloacae,28041908430_B2,R,R,S,S,S,S,S,,,,S,S,,,,,,,,,,,S,,,S,S,S,,,,,,,,,,,,,,,,,,,,,,,,,,,,,../data/driams/downloads/DRIAMS-C/id/2018/2018_clean.csv,28041908430_B2,28041908430_B2,550.0,Enterobacter
Enterococcus faecalis,28041908850_B10,S,S,,,,,,S,,,,I,,,,,R,,,,,R,S,,,,,,,,,,,,,,,,,,,,,,,,,,,,,,,,,,../data/driams/downloads/DRIAMS-C/id/2018/2018_clean.csv,28041908850_B10,28041908850_B10,1351.0,Enterococcus
Staphylococcus aureus,28041909560_B10,S,R,,S,S,,,,,,,S,S,S,S,S,S,R,S,S,,,,,,,,,,,,,,,,,,,,,,,,,,,,,,,,,,,,,../data/driams/downloads/DRIAMS-C/id/2018/2018_clean.csv,28041909560_B10,28041909560_B10,1280.0,Staphylococcus
Enterococcus faecalis,28041909570_E9,S,S,,,R,,,,,,,,,S,,,R,,,S,S,R,S,,,,,,,,,,,,,,,,,,,,,,,,,,,,,,,,,,../data/driams/downloads/DRIAMS-C/id/2018/2018_clean.csv,28041909570_E9,28041909570_E9,1351.0,Enterococcus
Enterococcus faecalis,28041909770_B12,S,S,,,,,,S,,,,I,,,,,R,,,,,R,S,,,,,,,,,,,,,,,,,,,,,,,,,,,,,,,,,,../data/driams/downloads/DRIAMS-C/id/2018/2018_clean.csv,28041909770_B12,28041909770_B12,1351.0,Enterococcus
Pseudomonas aeruginosa,28041909810_C1,R,R,S,S,S,R,R,,,,S,R,,,,,,,,,,,S,,,S,S,S,,,,,,,,,,,,,,,,,,,,,,,,,,,,,../data/driams/downloads/DRIAMS-C/id/2018/2018_clean.csv,28041909810_C1,28041909810_C1,287.0,Pseudomonas
Enterobacter cloacae,28041909880_C3,R,R,S,S,S,S,S,S,R,S,S,S,,,,,,,,,,,,,,,,,,,,,,,,,,,,,,,,,,,,,,,,,,,,,../data/driams/downloads/DRIAMS-C/id/2018/2018_clean.csv,28041909880_C3,28041909880_C3,550.0,Enterobacter
Proteus mirabilis,28041910200_C1,S,S,S,S,S,S,S,,,,R,S,,,,,,,,,,,S,,,S,S,S,,,,,,,,,,,,,,,,,,,,,,,,,,,,,../data/driams/downloads/DRIAMS-C/id/2018/2018_clean.csv,28041910200_C1,28041910200_C1,584.0,Proteus
Enterococcus faecalis,28041910200_C2,S,S,,,R,,,,,,,,,R,,,R,,,S,S,R,S,,,,,,,,,,,,,,,,,,,,,,,,,,,,,,,,,,../data/driams/downloads/DRIAMS-C/id/2018/2018_clean.csv,28041910200_C2,28041910200_C2,1351.0,Enterococcus
Proteus mirabilis,28041910480_C5,S,S,S,S,S,S,S,R,S,S,R,S,,,,,,,,,,,,,,,,,,,,,,,,,,,,,,,,,,,,,,,,,,,,,../data/driams/downloads/DRIAMS-C/id/2018/2018_clean.csv,28041910480_C5,28041910480_C5,584.0,Proteus
Enterococcus faecalis,28041910480_C6,S,S,,,,,,S,,,,I,,,,,R,,,,,R,S,,,,,,,,,,,,,,,,,,,,,,,,,,,,,,,,,,../data/driams/downloads/DRIAMS-C/id/2018/2018_clean.csv,28041910480_C6,28041910480_C6,1351.0,Enterococcus
Proteus mirabilis,28041910560_F7,S,S,S,S,S,S,S,,,,R,S,,,,,,,,,,,S,,,S,S,S,,,,,,,,,,,,,,,,,,,,,,,,,,,,,../data/driams/downloads/DRIAMS-C/id/2018/2018_clean.csv,28041910560_F7,28041910560_F7,584.0,Proteus
Proteus mirabilis,28041910560_F8,S,S,S,S,S,S,S,,,,R,S,,,,,,,,,,,S,,,S,S,S,,,,,,,,,,,,,,,,,,,,,,,,,,,,,../data/driams/downloads/DRIAMS-C/id/2018/2018_clean.csv,28041910560_F8,28041910560_F8,584.0,Proteus
Proteus mirabilis,28041910560_F9,S,S,S,S,S,S,S,,,,R,S,,,,,,,,,,,S,,,S,S,S,,,,,,,,,,,,,,,,,,,,,,,,,,,,,../data/driams/downloads/DRIAMS-C/id/2018/2018_clean.csv,28041910560_F9,28041910560_F9,584.0,Proteus
Staphylococcus aureus,28041910650_C3,S,R,,S,S,,,,,,,S,S,S,S,S,S,R,S,S,,,,,,,,,,,,,,,,,,,,,,,,,,,,,,,,,,,,,../data/driams/downloads/DRIAMS-C/id/2018/2018_clean.csv,28041910650_C3,28041910650_C3,1280.0,Staphylococcus
Pseudomonas aeruginosa,28041910650_C5,R,R,S,S,S,R,R,,,,S,R,,,,,,,,,,,S,,,S,S,S,,,,,,,,,,,,,,,,,,,,,,,,,,,,,../data/driams/downloads/DRIAMS-C/id/2018/2018_clean.csv,28041910650_C5,28041910650_C5,287.0,Pseudomonas
Staphylococcus aureus,28041911650_B11,R,R,,S,S,,,,,,,S,S,S,S,S,R,R,S,S,,S,,,,,,,,,,,,,,,,,,,,,,,,,,,,,,,,,,,../data/driams/downloads/DRIAMS-C/id/2018/2018_clean.csv,28041911650_B11,28041911650_B11,1280.0,Staphylococcus
Staphylococcus aureus,28041911650_B12,R,R,,S,S,,,,,,,S,S,S,S,S,R,R,S,S,,S,,,,,,,,,,,,,,,,,,,,,,,,,,,,,,,,,,,../data/driams/downloads/DRIAMS-C/id/2018/2018_clean.csv,28041911650_B12,28041911650_B12,1280.0,Staphylococcus
Klebsiella oxytoca,28041911730_C7,S,R,S,S,S,S,S,S,R,S,S,S,,,,,,,,,,,,,,,,,,,,,,,,,,,,,,,,,,,,,,,,,,,,,../data/driams/downloads/DRIAMS-C/id/2018/2018_clean.csv,28041911730_C7,28041911730_C7,571.0,Klebsiella
Staphylococcus aureus,28042003030_E7,S,R,,S,S,,,,,,,S,S,S,S,S,S,R,S,S,,,,,,,,,,,,,,,,,,,,,,,,,,,,,,,,,,,,,../data/driams/downloads/DRIAMS-C/id/2018/2018_clean.csv,28042003030_E7,28042003030_E7,1280.0,Staphylococcus
Parvimonas micra,28042003250_E4,S,S,,,,,,,,,,,S,S,,,,S,,,,,,S,,,,,,,,,,,,,,,,,,,,,,,,S,,,,,,,,,../data/driams/downloads/DRIAMS-C/id/2018/2018_clean.csv,28042003250_E4,28042003250_E4,33033.0,Parvimonas
Parvimonas micra,28042003250_C12,S,S,,,,,,,,,,,S,S,,,,S,,,,,,S,,,,,,,,,,,,,,,,,,,,,,,,S,,,,,,,,,../data/driams/downloads/DRIAMS-C/id/2018/2018_clean.csv,28042003250_C12,28042003250_C12,33033.0,Parvimonas
Proteus mirabilis,28042009000_E10,R,R,S,S,R,R,R,,,,R,R,,,,,,,,,,,S,,,S,R,S,,,,,,,,,,,,,,,,,,,,,,,,,,,,,../data/driams/downloads/DRIAMS-C/id/2018/2018_clean.csv,28042009000_E10,28042009000_E10,584.0,Proteus
Proteus mirabilis,28042009000_E11,R,R,S,S,R,R,R,,,,R,R,,,,,,,,,,,S,,,S,R,S,,,,,,,,,,,,,,,,,,,,,,,,,,,,,../data/driams/downloads/DRIAMS-C/id/2018/2018_clean.csv,28042009000_E11,28042009000_E11,584.0,Proteus
Pseudomonas aeruginosa,28042009020_E1,R,R,S,S,S,R,R,,,,S,R,,,,,,,,,,,S,,,S,S,S,,,,,,,,,,,,,,,,,,,,,,,,,,,,,../data/driams/downloads/DRIAMS-C/id/2018/2018_clean.csv,28042009020_E1,28042009020_E1,287.0,Pseudomonas
Enterobacter cloacae,28042101490_G10,R,R,S,S,S,S,S,,,,S,S,,,,,,,,,,,S,,,S,S,S,,,,,,,,,,,,,,,,,,,,,,,,,,,,,../data/driams/downloads/DRIAMS-C/id/2018/2018_clean.csv,28042101490_G10,28042101490_G10,550.0,Enterobacter
Enterobacter cloacae,28042101490_G11,R,R,S,S,S,S,S,,,,S,S,,,,,,,,,,,S,,,S,S,S,,,,,,,,,,,,,,,,,,,,,,,,,,,,,../data/driams/downloads/DRIAMS-C/id/2018/2018_clean.csv,28042101490_G11,28042101490_G11,550.0,Enterobacter
Enterobacter cloacae,28042101490_B7,R,R,S,S,S,S,S,,,,S,S,,,,,,,,,,,S,,,S,S,S,,,,,,,,,,,,,,,,,,,,,,,,,,,,,../data/driams/downloads/DRIAMS-C/id/2018/2018_clean.csv,28042101490_B7,28042101490_B7,550.0,Enterobacter
Enterobacter cloacae,28042101490_B8,R,R,S,S,S,S,S,,,,S,S,,,,,,,,,,,S,,,S,S,S,,,,,,,,,,,,,,,,,,,,,,,,,,,,,../data/driams/downloads/DRIAMS-C/id/2018/2018_clean.csv,28042101490_B8,28042101490_B8,550.0,Enterobacter
Enterobacter cloacae,28042101490_B9,R,R,S,S,S,S,S,,,,S,S,,,,,,,,,,,S,,,S,S,S,,,,,,,,,,,,,,,,,,,,,,,,,,,,,../data/driams/downloads/DRIAMS-C/id/2018/2018_clean.csv,28042101490_B9,28042101490_B9,550.0,Enterobacter
Citrobacter koseri,28042102250_G3,S,R,S,S,S,S,R,,,,S,S,,,,,,,,,,,R,,,S,S,S,,,,,,,,,,,,,,,,,,,,,,,,,,,,,../data/driams/downloads/DRIAMS-C/id/2018/2018_clean.csv,28042102250_G3,28042102250_G3,545.0,Citrobacter
Staphylococcus aureus,28042102250_G4,S,R,,S,S,,,,,,,S,S,S,S,S,S,R,S,S,,,,,,,,,,,,,,,,,,,,,,,,,,,,,,,,,,,,,../data/driams/downloads/DRIAMS-C/id/2018/2018_clean.csv,28042102250_G4,28042102250_G4,1280.0,Staphylococcus
Staphylococcus aureus,28042102250_G5,S,R,,S,S,,,,,,,S,S,S,S,S,S,R,S,S,,,,,,,,,,,,,,,,,,,,,,,,,,,,,,,,,,,,,../data/driams/downloads/DRIAMS-C/id/2018/2018_clean.csv,28042102250_G5,28042102250_G5,1280.0,Staphylococcus
Schaalia odontolytica,28042102280_G2,S,S,,,S,,,,,,,S,S,S,S,,S,S,,S,,,,,S,,,,,,,,,,,,,,,,,,,,,,,,,,,,,,,,../data/driams/downloads/DRIAMS-C/id/2018/2018_clean.csv,28042102280_G2,28042102280_G2,1660.0,
Neisseria meningitidis,28042102760_D3,,S,,S,,S,,,,,,,,,,,,I,S,,,,,,,,,,,,,S,,,,,,,,,,,,,,,,,,,,,,,,,../data/driams/downloads/DRIAMS-C/id/2018/2018_clean.csv,28042102760_D3,28042102760_D3,487.0,Neisseria
Streptococcus pneumoniae,28042102760_D4,S,S,,,R,,,,,,,S,S,S,S,,S,S,,S,,,,,S,,,,,,,,,,,,,,,,,,,,,,,,,,,,,,,,../data/driams/downloads/DRIAMS-C/id/2018/2018_clean.csv,28042102760_D4,28042102760_D4,1313.0,Streptococcus
Haemophilus influenzae,28042102760_D5,S,S,,S,,S,S,,,,,,I,,,,,S,,,,,,,,,,,,,,,,,,,,,,,,,,,,,,,,,,,,,,,../data/driams/downloads/DRIAMS-C/id/2018/2018_clean.csv,28042102760_D5,28042102760_D5,727.0,Haemophilus
Campylobacter jejuni,28042103380_G11,,,,R,,,,,,,,,S,,,,,,,,,,,,,,,,S,S,R,R,,,,,,,,,,,,,,,,,,,,,,,,,../data/driams/downloads/DRIAMS-C/id/2018/2018_clean.csv,28042103380_G11,28042103380_G11,197.0,Campylobacter
Enterococcus faecalis,28042103400_F4,S,S,,,,,,S,,,,I,,,,,R,,,,,R,S,,,,,,,,,,,,,,,,,,,,,,,,,,,,,,,,,,../data/driams/downloads/DRIAMS-C/id/2018/2018_clean.csv,28042103400_F4,28042103400_F4,1351.0,Enterococcus
Citrobacter koseri,28042103400_H1,S,R,S,S,S,S,R,S,S,S,S,S,,,,,,,,,,,,,,,,,,,,,,,,,,,,,,,,,,,,,,,,,,,,,../data/driams/downloads/DRIAMS-C/id/2018/2018_clean.csv,28042103400_H1,28042103400_H1,545.0,Citrobacter
Citrobacter koseri,28042103400_H2,S,R,S,S,S,S,R,S,S,S,S,S,,,,,,,,,,,,,,,,,,,,,,,,,,,,,,,,,,,,,,,,,,,,,../data/driams/downloads/DRIAMS-C/id/2018/2018_clean.csv,28042103400_H2,28042103400_H2,545.0,Citrobacter
Escherichia coli,28042103460_F5,S,S,S,S,S,S,S,S,S,S,S,S,,,,,,,,,,,,,,,,,,,,,,,,,,,,,,,,,,,,,,,,,,,,,../data/driams/downloads/DRIAMS-C/id/2018/2018_clean.csv,28042103460_F5,28042103460_F5,562.0,Escherichia
Citrobacter koseri,28042103490_F6,S,R,S,S,S,S,S,S,S,S,S,S,,,,,,,,,,,,,,,,,,,,,,,,,,,,,,,,,,,,,,,,,,,,,../data/driams/downloads/DRIAMS-C/id/2018/2018_clean.csv,28042103490_F6,28042103490_F6,545.0,Citrobacter
Escherichia coli,28042104810_F12,S,S,S,S,S,S,S,,,,S,S,,,,,,,,,,,S,,,S,S,S,,,,,,,,,,,,,,,,,,,,,,,,,,,,,../data/driams/downloads/DRIAMS-C/id/2018/2018_clean.csv,28042104810_F12,28042104810_F12,562.0,Escherichia
Klebsiella pneumoniae,28042105220_F8,S,R,S,S,S,S,S,S,R,S,S,S,,,,,,,,,,,,,,,,,,,,,,,,,,,,,,,,,,,,,,,,,,,,,../data/driams/downloads/DRIAMS-C/id/2018/2018_clean.csv,28042105220_F8,28042105220_F8,573.0,Klebsiella
Escherichia coli,28042105240_F10,S,S,S,S,S,S,S,S,S,S,S,S,,,,,,,,,,,,,,,,,,,,,,,,,,,,,,,,,,,,,,,,,,,,,../data/driams/downloads/DRIAMS-C/id/2018/2018_clean.csv,28042105240_F10,28042105240_F10,562.0,Escherichia
Enterococcus faecalis,28042105240_A1,S,S,,,,,,S,,,,I,,,,,R,,,,,R,S,,,,,,,,,,,,,,,,,,,,,,,,,,,,,,,,,,../data/driams/downloads/DRIAMS-C/id/2018/2018_clean.csv,28042105240_A1,28042105240_A1,1351.0,Enterococcus
Enterococcus faecalis,28042105240_A2,S,S,,,,,,S,,,,I,,,,,R,,,,,R,S,,,,,,,,,,,,,,,,,,,,,,,,,,,,,,,,,,../data/driams/downloads/DRIAMS-C/id/2018/2018_clean.csv,28042105240_A2,28042105240_A2,1351.0,Enterococcus
Stenotrophomonas maltophilia,28042105240_A4,,,,,,,,,,,,S,,,,,,,,,,,,,,,,,,,,,,,,,,,,,,,,,,,,,,,,,,,,,../data/driams/downloads/DRIAMS-C/id/2018/2018_clean.csv,28042105240_A4,28042105240_A4,40324.0,Stenotrophomonas
Enterobacter cloacae,28042201920_F9,R,R,S,S,S,S,S,,,,S,S,,,,,,,,,,,S,,,S,S,S,,,,,,,,,,,,,,,,,,,,,,,,,,,,,../data/driams/downloads/DRIAMS-C/id/2018/2018_clean.csv,28042201920_F9,28042201920_F9,550.0,Enterobacter
Pseudomonas aeruginosa,28042202250_F12,R,R,S,S,S,R,R,,,,S,R,,,,,,,,,,,S,,,S,S,S,,,,,,,,,,,,,,,,,,,,,,,,,,,,,../data/driams/downloads/DRIAMS-C/id/2018/2018_clean.csv,28042202250_F12,28042202250_F12,287.0,Pseudomonas
Klebsiella pneumoniae,28042202260_G1,S,R,S,S,S,S,S,S,R,S,S,S,,,,,,,,,,,,,,,,,,,,,,,,,,,,,,,,,,,,,,,,,,,,,../data/driams/downloads/DRIAMS-C/id/2018/2018_clean.csv,28042202260_G1,28042202260_G1,573.0,Klebsiella
Klebsiella aerogenes,28042202260_G2,R,R,S,S,S,S,S,S,R,S,S,S,,,,,,,,,,,,,,,,,,,,,,,,,,,,,,,,,,,,,,,,,,,,,../data/driams/downloads/DRIAMS-C/id/2018/2018_clean.csv,28042202260_G2,28042202260_G2,548.0,
Klebsiella pneumoniae,28042202260_A5,S,R,S,S,S,S,S,S,R,S,S,S,,,,,,,,,,,,,,,,,,,,,,,,,,,,,,,,,,,,,,,,,,,,,../data/driams/downloads/DRIAMS-C/id/2018/2018_clean.csv,28042202260_A5,28042202260_A5,573.0,Klebsiella
Klebsiella aerogenes,28042202260_A6,R,R,S,S,S,S,S,S,R,S,S,S,,,,,,,,,,,,,,,,,,,,,,,,,,,,,,,,,,,,,,,,,,,,,../data/driams/downloads/DRIAMS-C/id/2018/2018_clean.csv,28042202260_A6,28042202260_A6,548.0,
Citrobacter freundii,28042202280_G4,R,R,S,S,S,S,S,S,S,S,S,S,,,,,,,,,,,,,,,,,,,,,,,,,,,,,,,,,,,,,,,,,,,,,../data/driams/downloads/DRIAMS-C/id/2018/2018_clean.csv,28042202280_G4,28042202280_G4,546.0,Citrobacter
Citrobacter freundii,28042202280_G5,R,R,S,S,S,S,S,S,S,S,S,S,,,,,,,,,,,,,,,,,,,,,,,,,,,,,,,,,,,,,,,,,,,,,../data/driams/downloads/DRIAMS-C/id/2018/2018_clean.csv,28042202280_G5,28042202280_G5,546.0,Citrobacter
Staphylococcus aureus,28042203710_F6,S,S,,S,S,,,,,,,S,S,S,S,S,S,S,S,S,,,,,,,,,,,,,,,,,,,,,,,,,,,,,,,,,,,,,../data/driams/downloads/DRIAMS-C/id/2018/2018_clean.csv,28042203710_F6,28042203710_F6,1280.0,Staphylococcus
Staphylococcus aureus,28042203710_F7,S,S,,S,S,,,,,,,S,S,S,S,S,S,S,S,S,,,,,,,,,,,,,,,,,,,,,,,,,,,,,,,,,,,,,../data/driams/downloads/DRIAMS-C/id/2018/2018_clean.csv,28042203710_F7,28042203710_F7,1280.0,Staphylococcus
Enterococcus faecalis,28042204490_A1,S,S,,,R,,,,,,,,,R,,,R,,,S,S,R,S,,,,,,,,,,,,,,,,,,,,,,,,,,,,,,,,,,../data/driams/downloads/DRIAMS-C/id/2018/2018_clean.csv,28042204490_A1,28042204490_A1,1351.0,Enterococcus
Enterococcus faecalis,28042204490_A2,S,S,,,R,,,,,,,,,R,,,R,,,S,S,R,S,,,,,,,,,,,,,,,,,,,,,,,,,,,,,,,,,,../data/driams/downloads/DRIAMS-C/id/2018/2018_clean.csv,28042204490_A2,28042204490_A2,1351.0,Enterococcus
Citrobacter koseri,28042204490_A3,S,R,S,S,S,S,R,,,,S,S,,,,,,,,,,,S,,,S,S,S,,,,,,,,,,,,,,,,,,,,,,,,,,,,,../data/driams/downloads/DRIAMS-C/id/2018/2018_clean.csv,28042204490_A3,28042204490_A3,545.0,Citrobacter
Citrobacter koseri,28042204490_A4,S,R,S,S,S,S,R,,,,S,S,,,,,,,,,,,S,,,S,S,S,,,,,,,,,,,,,,,,,,,,,,,,,,,,,../data/driams/downloads/DRIAMS-C/id/2018/2018_clean.csv,28042204490_A4,28042204490_A4,545.0,Citrobacter
Citrobacter koseri,28042204500_G10,S,R,S,S,S,S,S,S,S,S,S,S,,,,,,,,,,,,,,,,,,,,,,,,,,,,,,,,,,,,,,,,,,,,,../data/driams/downloads/DRIAMS-C/id/2018/2018_clean.csv,28042204500_G10,28042204500_G10,545.0,Citrobacter
Stenotrophomonas maltophilia,28042305810_E10,,,,,,,,,,,,S,,,,,,,,,,,,,,,,,,,,,,,,,,,,,,,,,,,,,,,,,,,,,../data/driams/downloads/DRIAMS-C/id/2018/2018_clean.csv,28042305810_E10,28042305810_E10,40324.0,Stenotrophomonas
Escherichia coli,28042305810_E9,S,R,S,S,S,S,S,,,,S,S,,,,,,,,,,,S,,,S,S,S,,,,,,,,,,,,,,,,,,,,,,,,,,,,,../data/driams/downloads/DRIAMS-C/id/2018/2018_clean.csv,28042305810_E9,28042305810_E9,562.0,Escherichia
Enterobacter cloacae,28042306840_A1,R,R,R,S,S,R,R,,,,S,S,,,,,,,,,,,R,,,S,S,S,,,,,,,,,,,,,,,,,,,,,,,,,,,,,../data/driams/downloads/DRIAMS-C/id/2018/2018_clean.csv,28042306840_A1,28042306840_A1,550.0,Enterobacter
Raoultella ornithinolytica,28042306840_A2,S,R,S,S,S,S,S,,,,S,S,,,,,,,,,,,S,,,S,S,S,,,,,,,,,,,,,,,,,,,,,,,,,,,,,../data/driams/downloads/DRIAMS-C/id/2018/2018_clean.csv,28042306840_A2,28042306840_A2,54291.0,Raoultella
Staphylococcus aureus,28042306840_A3,S,R,,S,S,,,,,,,S,S,S,S,S,S,R,S,S,,,,,,,,,,,,,,,,,,,,,,,,,,,,,,,,,,,,,../data/driams/downloads/DRIAMS-C/id/2018/2018_clean.csv,28042306840_A3,28042306840_A3,1280.0,Staphylococcus
Staphylococcus aureus,28042308040_F10,S,R,,S,S,,,,,,,S,S,S,S,S,S,R,S,S,,,,,,,,,,,,,,,,,,,,,,,,,,,,,,,,,,,,,../data/driams/downloads/DRIAMS-C/id/2018/2018_clean.csv,28042308040_F10,28042308040_F10,1280.0,Staphylococcus
Serratia marcescens,28042308260_C7,R,R,S,S,S,S,R,,,,R,S,,,,,,,,,,,S,,,S,S,S,,,,,,,,,,,,,,,,,,,,,,,,,,,,,../data/driams/downloads/DRIAMS-C/id/2018/2018_clean.csv,28042308260_C7,28042308260_C7,615.0,Serratia
Klebsiella pneumoniae,28042308500_B2,S,R,S,S,S,S,S,S,R,S,S,S,,,,,,,,,,,,,,,,,,,,,,,,,,,,,,,,,,,,,,,,,,,,,../data/driams/downloads/DRIAMS-C/id/2018/2018_clean.csv,28042308500_B2,28042308500_B2,573.0,Klebsiella
Klebsiella pneumoniae,28042308500_D11,S,R,S,S,S,S,S,S,R,S,S,S,,,,,,,,,,,,,,,,,,,,,,,,,,,,,,,,,,,,,,,,,,,,,../data/driams/downloads/DRIAMS-C/id/2018/2018_clean.csv,28042308500_D11,28042308500_D11,573.0,Klebsiella
Escherichia coli,28042308500_D12,S,S,S,S,S,S,S,S,S,S,S,S,,,,,,,,,,,,,,,,,,,,,,,,,,,,,,,,,,,,,,,,,,,,,../data/driams/downloads/DRIAMS-C/id/2018/2018_clean.csv,28042308500_D12,28042308500_D12,562.0,Escherichia
Enterococcus faecalis,28042308530_B3,S,S,,,,,,S,,,,R,,,,,R,,,,,R,S,,,,,,,,,,,,,,,,,,,,,,,,,,,,,,,,,,../data/driams/downloads/DRIAMS-C/id/2018/2018_clean.csv,28042308530_B3,28042308530_B3,1351.0,Enterococcus
Escherichia coli,28042308530_B4,S,R,R,S,S,R,R,S,S,I,S,R,,,,,,,,,,,S,,,S,R,S,,,,,,,,,,,,,,,,,,,,,,,,,,,,,../data/driams/downloads/DRIAMS-C/id/2018/2018_clean.csv,28042308530_B4,28042308530_B4,562.0,Escherichia
Proteus mirabilis,28042309500_B5,S,S,S,S,S,S,S,R,S,S,R,S,,,,,,,,,,,,,,,,,,,,,,,,,,,,,,,,,,,,,,,,,,,,,../data/driams/downloads/DRIAMS-C/id/2018/2018_clean.csv,28042309500_B5,28042309500_B5,584.0,Proteus
Staphylococcus aureus,28042309910_C5,S,R,,S,S,,,,,,,S,S,S,R,S,S,R,S,S,,,,,,,,,,,,,,,,,,,,,,,,,,,,,,,,,,,,,../data/driams/downloads/DRIAMS-C/id/2018/2018_clean.csv,28042309910_C5,28042309910_C5,1280.0,Staphylococcus
Enterobacter cloacae,28042309970_B5,R,R,S,S,S,S,S,,,,S,S,,,,,,,,,,,S,,,S,S,S,,,,,,,,,,,,,,,,,,,,,,,,,,,,,../data/driams/downloads/DRIAMS-C/id/2018/2018_clean.csv,28042309970_B5,28042309970_B5,550.0,Enterobacter
Escherichia coli,28042310410_A5,S,R,S,R,R,S,S,,,,S,R,,,,,,,,,,,S,,,S,S,S,,,,,,,,,,,,,,,,,,,,,,,,,,,,,../data/driams/downloads/DRIAMS-C/id/2018/2018_clean.csv,28042310410_A5,28042310410_A5,562.0,Escherichia
Klebsiella pneumoniae,28042312400_D5,S,R,S,S,S,S,S,S,R,S,S,S,,,,,,,,,,,,,,,,,,,,,,,,,,,,,,,,,,,,,,,,,,,,,../data/driams/downloads/DRIAMS-C/id/2018/2018_clean.csv,28042312400_D5,28042312400_D5,573.0,Klebsiella
Escherichia coli,28042312410_C12,S,S,S,S,S,S,S,S,S,S,S,S,,,,,,,,,,,,,,,,,,,,,,,,,,,,,,,,,,,,,,,,,,,,,../data/driams/downloads/DRIAMS-C/id/2018/2018_clean.csv,28042312410_C12,28042312410_C12,562.0,Escherichia
Klebsiella oxytoca,28042312410_D1,S,R,S,S,S,S,S,S,R,S,S,S,,,,,,,,,,,,,,,,,,,,,,,,,,,,,,,,,,,,,,,,,,,,,../data/driams/downloads/DRIAMS-C/id/2018/2018_clean.csv,28042312410_D1,28042312410_D1,571.0,Klebsiella
Escherichia coli,28042312420_D2,R,R,S,S,S,S,S,S,S,S,S,S,,,,,,,,,,,,,,,,,,,,,,,,,,,,,,,,,,,,,,,,,,,,,../data/driams/downloads/DRIAMS-C/id/2018/2018_clean.csv,28042312420_D2,28042312420_D2,562.0,Escherichia
Citrobacter koseri,28042312420_D3,S,R,S,S,S,S,S,S,S,S,S,S,,,,,,,,,,,,,,,,,,,,,,,,,,,,,,,,,,,,,,,,,,,,,../data/driams/downloads/DRIAMS-C/id/2018/2018_clean.csv,28042312420_D3,28042312420_D3,545.0,Citrobacter
Staphylococcus aureus,28042312910_F11,S,S,,S,S,,,,,,,S,S,S,S,S,S,S,S,S,,,,,,,,,,,,,,,,,,,,,,,,,,,,,,,,,,,,,../data/driams/downloads/DRIAMS-C/id/2018/2018_clean.csv,28042312910_F11,28042312910_F11,1280.0,Staphylococcus
Enterococcus faecalis,28042313240_D4,S,S,,,,,,S,,,,I,,,,,R,,,,,R,S,,,,,,,,,,,,,,,,,,,,,,,,,,,,,,,,,,../data/driams/downloads/DRIAMS-C/id/2018/2018_clean.csv,28042313240_D4,28042313240_D4,1351.0,Enterococcus
Enterococcus faecalis,28042405100_E2,S,S,,,,,,S,,,,R,,,,,R,,,,,R,S,,,,,,,,,,,,,,,,,,,,,,,,,,,,,,,,,,../data/driams/downloads/DRIAMS-C/id/2018/2018_clean.csv,28042405100_E2,28042405100_E2,1351.0,Enterococcus
Citrobacter freundii,28042405120_E4,R,R,R,S,S,I,R,S,S,S,S,S,,,,,,,,,,,,,,,,,,,,,,,,,,,,,,,,,,,,,,,,,,,,,../data/driams/downloads/DRIAMS-C/id/2018/2018_clean.csv,28042405120_E4,28042405120_E4,546.0,Citrobacter
Escherichia coli,28042405120_A2,R,R,S,R,S,S,S,S,S,R,S,S,,,,,,,,,,,,,,,,,,,,,,,,,,,,,,,,,,,,,,,,,,,,,../data/driams/downloads/DRIAMS-C/id/2018/2018_clean.csv,28042405120_A2,28042405120_A2,562.0,Escherichia
Escherichia coli,28042405150_E6,S,R,S,R,S,R,R,S,S,R,S,S,,,,,,,,,,,S,,,S,S,S,,,,,,,,,,,,,,,,,,,,,,,,,,,,,../data/driams/downloads/DRIAMS-C/id/2018/2018_clean.csv,28042405150_E6,28042405150_E6,562.0,Escherichia
Enterococcus faecalis,28042405150_E7,S,S,,,,,,S,,,,I,,,,,R,,,,,R,S,,,,,,,,,,,,,,,,,,,,,,,,,,,,,,,,,,../data/driams/downloads/DRIAMS-C/id/2018/2018_clean.csv,28042405150_E7,28042405150_E7,1351.0,Enterococcus
Escherichia coli,28042405150_A3,S,R,S,R,S,R,R,S,S,R,S,S,,,,,,,,,,,S,,,S,S,S,,,,,,,,,,,,,,,,,,,,,,,,,,,,,../data/driams/downloads/DRIAMS-C/id/2018/2018_clean.csv,28042405150_A3,28042405150_A3,562.0,Escherichia
Pseudomonas aeruginosa,28042406570_G4,R,R,S,S,S,R,R,,,,S,R,,,,,,,,,,,S,,,S,S,S,,,,,,,,,,,,,,,,,,,,,,,,,,,,,../data/driams/downloads/DRIAMS-C/id/2018/2018_clean.csv,28042406570_G4,28042406570_G4,287.0,Pseudomonas
Serratia marcescens,28042406570_A7,R,R,S,S,S,S,R,,,,R,S,,,,,,,,,,,S,,,S,S,S,,,,,,,,,,,,,,,,,,,,,,,,,,,,,../data/driams/downloads/DRIAMS-C/id/2018/2018_clean.csv,28042406570_A7,28042406570_A7,615.0,Serratia
Enterococcus faecalis,28042406700_F9,S,S,,,R,,,,,,,,,R,,,R,,,S,S,R,S,,,,,,,,,,,,,,,,,,,,,,,,,,,,,,,,,,../data/driams/downloads/DRIAMS-C/id/2018/2018_clean.csv,28042406700_F9,28042406700_F9,1351.0,Enterococcus
Escherichia coli,28042406700_B11,S,R,S,S,S,S,S,,,,S,S,,,,,,,,,,,S,,,S,S,S,,,,,,,,,,,,,,,,,,,,,,,,,,,,,../data/driams/downloads/DRIAMS-C/id/2018/2018_clean.csv,28042406700_B11,28042406700_B11,562.0,Escherichia
Escherichia coli,28042406700_B12,S,R,S,S,S,S,S,,,,S,S,,,,,,,,,,,S,,,S,S,S,,,,,,,,,,,,,,,,,,,,,,,,,,,,,../data/driams/downloads/DRIAMS-C/id/2018/2018_clean.csv,28042406700_B12,28042406700_B12,562.0,Escherichia
Haemophilus parainfluenzae,28042407750_F6,S,S,,S,,S,S,,,,,,I,,,,,R,,,,,,,,,,,,,,,,,,,,,,,,,,,,,,,,,,,,,,,../data/driams/downloads/DRIAMS-C/id/2018/2018_clean.csv,28042407750_F6,28042407750_F6,729.0,Haemophilus
Staphylococcus lugdunensis,28042407750_A1,S,R,,S,S,,,,,,,S,S,S,R,S,S,R,S,S,,,,,,,,,,,,,,,,,,,,,,,,,,,,,,,,,,,,,../data/driams/downloads/DRIAMS-C/id/2018/2018_clean.csv,28042407750_A1,28042407750_A1,28035.0,Staphylococcus
Staphylococcus aureus,28042407790_F1,S,S,,S,S,,,,,,,S,S,S,S,S,S,S,S,S,,,,,,,,,,,,,,,,,,,,,,,,,,,,,,,,,,,,,../data/driams/downloads/DRIAMS-C/id/2018/2018_clean.csv,28042407790_F1,28042407790_F1,1280.0,Staphylococcus
Klebsiella oxytoca,28042407830_E10,S,R,S,S,S,S,S,,,,S,S,,,,,,,,,,,S,,,S,S,S,,,,,,,,,,,,,,,,,,,,,,,,,,,,,../data/driams/downloads/DRIAMS-C/id/2018/2018_clean.csv,28042407830_E10,28042407830_E10,571.0,Klebsiella
Proteus mirabilis,28042407830_E9,S,S,S,S,S,S,S,,,,R,S,,,,,,,,,,,S,,,S,S,S,,,,,,,,,,,,,,,,,,,,,,,,,,,,,../data/driams/downloads/DRIAMS-C/id/2018/2018_clean.csv,28042407830_E9,28042407830_E9,584.0,Proteus
Aerococcus viridans,28042407870_E8,S,S,,,,,,,,,,,,,,,,S,S,S,,,,,,,,,,,,,,,,,,,,,,,,,,,,,,,,,,,,,../data/driams/downloads/DRIAMS-C/id/2018/2018_clean.csv,28042407870_E8,28042407870_E8,1377.0,Aerococcus
Citrobacter freundii,28042407910_B10,R,R,S,S,S,S,S,,,,S,S,,,,,S,,,,,,S,,,S,S,S,,,,,,,,,,,,,,,,,,,,,,,,,,,,,../data/driams/downloads/DRIAMS-C/id/2018/2018_clean.csv,28042407910_B10,28042407910_B10,546.0,Citrobacter
Citrobacter freundii,28042407910_B9,R,R,S,S,S,S,S,,,,S,S,,,,,S,,,,,,S,,,S,S,S,,,,,,,,,,,,,,,,,,,,,,,,,,,,,../data/driams/downloads/DRIAMS-C/id/2018/2018_clean.csv,28042407910_B9,28042407910_B9,546.0,Citrobacter
Pseudoglutamicibacter cumminsii,28042407910_A11,S,S,,,R,,,,,,,R,R,R,S,,S,S,S,S,,,,,S,,,,,,,,,,,,,,,,,,,,,,,,,,,,,,,,../data/driams/downloads/DRIAMS-C/id/2018/2018_clean.csv,28042407910_A11,28042407910_A11,156979.0,
Pseudoglutamicibacter cumminsii,28042407910_E3,S,S,,,R,,,,,,,R,R,R,S,,S,S,S,S,,,,,S,,,,,,,,,,,,,,,,,,,,,,,,,,,,,,,,../data/driams/downloads/DRIAMS-C/id/2018/2018_clean.csv,28042407910_E3,28042407910_E3,156979.0,
Pseudoglutamicibacter cumminsii,28042407910_E4,S,S,,,R,,,,,,,R,R,R,S,,S,S,S,S,,,,,S,,,,,,,,,,,,,,,,,,,,,,,,,,,,,,,,../data/driams/downloads/DRIAMS-C/id/2018/2018_clean.csv,28042407910_E4,28042407910_E4,156979.0,
Staphylococcus aureus,28042410140_E2,S,R,,S,S,,,,,,,S,S,S,S,S,S,R,S,S,,,,,,,,,,,,,,,,,,,,,,,,,,,,,,,,,,,,,../data/driams/downloads/DRIAMS-C/id/2018/2018_clean.csv,28042410140_E2,28042410140_E2,1280.0,Staphylococcus
Staphylococcus aureus,28042410140_E3,S,R,,S,S,,,,,,,S,S,S,S,S,S,R,S,S,,,,,,,,,,,,,,,,,,,,,,,,,,,,,,,,,,,,,../data/driams/downloads/DRIAMS-C/id/2018/2018_clean.csv,28042410140_E3,28042410140_E3,1280.0,Staphylococcus
Staphylococcus aureus,28042410150_D12,S,R,,S,S,,,,,,,S,S,S,S,S,S,R,S,S,,,,,,,,,,,,,,,,,,,,,,,,,,,,,,,,,,,,,../data/driams/downloads/DRIAMS-C/id/2018/2018_clean.csv,28042410150_D12,28042410150_D12,1280.0,Staphylococcus
Staphylococcus aureus,28042410150_E1,S,R,,S,S,,,,,,,S,S,S,S,S,S,R,S,S,,,,,,,,,,,,,,,,,,,,,,,,,,,,,,,,,,,,,../data/driams/downloads/DRIAMS-C/id/2018/2018_clean.csv,28042410150_E1,28042410150_E1,1280.0,Staphylococcus
Staphylococcus aureus,28042410160_D10,S,R,,S,S,,,,,,,S,S,S,S,S,S,R,S,S,,,,,,,,,,,,,,,,,,,,,,,,,,,,,,,,,,,,,../data/driams/downloads/DRIAMS-C/id/2018/2018_clean.csv,28042410160_D10,28042410160_D10,1280.0,Staphylococcus
Staphylococcus aureus,28042410160_D11,S,R,,S,S,,,,,,,S,S,S,S,S,S,R,S,S,,,,,,,,,,,,,,,,,,,,,,,,,,,,,,,,,,,,,../data/driams/downloads/DRIAMS-C/id/2018/2018_clean.csv,28042410160_D11,28042410160_D11,1280.0,Staphylococcus
Staphylococcus aureus,28042410160_D9,S,R,,S,S,,,,,,,S,S,S,S,S,S,R,S,S,,,,,,,,,,,,,,,,,,,,,,,,,,,,,,,,,,,,,../data/driams/downloads/DRIAMS-C/id/2018/2018_clean.csv,28042410160_D9,28042410160_D9,1280.0,Staphylococcus
Staphylococcus aureus,28042410430_D8,S,R,,S,S,,,,,,,S,S,S,S,S,S,R,S,S,,,,,,,,,,,,,,,,,,,,,,,,,,,,,,,,,,,,,../data/driams/downloads/DRIAMS-C/id/2018/2018_clean.csv,28042410430_D8,28042410430_D8,1280.0,Staphylococcus
Escherichia coli,28042411410_F5,S,S,S,S,S,S,S,S,S,S,S,S,,,,,,,,,,,,,,,,,,,,,,,,,,,,,,,,,,,,,,,,,,,,,../data/driams/downloads/DRIAMS-C/id/2018/2018_clean.csv,28042411410_F5,28042411410_F5,562.0,Escherichia
Staphylococcus aureus,28042412030_B4,S,R,,S,S,,,,,,,S,S,S,S,S,S,R,S,S,,,,,,,,,,,,,,,,,,,,,,,,,,,,,,,,,,,,,../data/driams/downloads/DRIAMS-C/id/2018/2018_clean.csv,28042412030_B4,28042412030_B4,1280.0,Staphylococcus
Escherichia coli,28042412520_F7,S,S,S,S,S,S,S,S,S,S,S,S,,,,,,,,,,,,,,,,,,,,,,,,,,,,,,,,,,,,,,,,,,,,,../data/driams/downloads/DRIAMS-C/id/2018/2018_clean.csv,28042412520_F7,28042412520_F7,562.0,Escherichia
Escherichia coli,28042412530_F11,S,R,S,S,R,R,R,S,S,S,S,R,,,,,,,,,,,S,,,S,S,S,,,,,,,,,,,,,,,,,,,,,,,,,,,,,../data/driams/downloads/DRIAMS-C/id/2018/2018_clean.csv,28042412530_F11,28042412530_F11,562.0,Escherichia
Escherichia coli,28042412530_C1,S,R,S,S,R,R,R,S,S,S,S,R,,,,,,,,,,,S,,,S,S,S,,,,,,,,,,,,,,,,,,,,,,,,,,,,,../data/driams/downloads/DRIAMS-C/id/2018/2018_clean.csv,28042412530_C1,28042412530_C1,562.0,Escherichia
Klebsiella pneumoniae,28042412530_C5,S,R,S,S,S,S,S,S,R,S,S,S,,,,,,,,,,,S,,,S,S,S,,,,,,,,,,,,,,,,,,,,,,,,,,,,,../data/driams/downloads/DRIAMS-C/id/2018/2018_clean.csv,28042412530_C5,28042412530_C5,573.0,Klebsiella
Pseudomonas aeruginosa,28042412970_D5,R,R,S,S,S,R,R,,,,S,R,,,,,,,,,,,S,,,S,S,S,,,,,,,,,,,,,,,,,,,,,,,,,,,,,../data/driams/downloads/DRIAMS-C/id/2018/2018_clean.csv,28042412970_D5,28042412970_D5,287.0,Pseudomonas
Enterococcus faecalis,28042413210_F9,S,S,,,,,,S,,,,I,,,,,R,,,,,R,S,,,,,,,,,,,,,,,,,,,,,,,,,,,,,,,,,,../data/driams/downloads/DRIAMS-C/id/2018/2018_clean.csv,28042413210_F9,28042413210_F9,1351.0,Enterococcus
Staphylococcus aureus,28042413540_D3,S,R,,S,S,,,,,,,S,S,S,S,S,S,R,S,S,,,,,,,,,,,,,,,,,,,,,,,,,,,,,,,,,,,,,../data/driams/downloads/DRIAMS-C/id/2018/2018_clean.csv,28042413540_D3,28042413540_D3,1280.0,Staphylococcus
Escherichia coli,28042413610_D3,R,R,S,S,S,S,S,,,,S,R,,,,,,,,,,,S,,,S,S,S,,,,,,,,,,,,,,,,,,,,,,,,,,,,,../data/driams/downloads/DRIAMS-C/id/2018/2018_clean.csv,28042413610_D3,28042413610_D3,562.0,Escherichia
Escherichia coli,28042413610_D4,R,R,S,S,S,S,S,,,,S,R,,,,,,,,,,,S,,,S,S,S,,,,,,,,,,,,,,,,,,,,,,,,,,,,,../data/driams/downloads/DRIAMS-C/id/2018/2018_clean.csv,28042413610_D4,28042413610_D4,562.0,Escherichia
Haemophilus influenzae,28042503840_G11,S,S,,S,,S,S,,,,,,I,,,,,S,,,,,,,,,,,,,,,,,,,,,,,,,,,,,,,,,,,,,,,../data/driams/downloads/DRIAMS-C/id/2018/2018_clean.csv,28042503840_G11,28042503840_G11,727.0,Haemophilus
Escherichia coli,28042505240_C10,S,R,S,S,S,S,S,,,,S,S,,,,,,,,,,,S,,,S,S,S,,,,,,,,,,,,,,,,,,,,,,,,,,,,,../data/driams/downloads/DRIAMS-C/id/2018/2018_clean.csv,28042505240_C10,28042505240_C10,562.0,Escherichia
Escherichia coli,28042505340_D4,S,R,S,S,S,S,S,,,,S,S,,,,,,,,,,,S,,,S,S,S,,,,,,,,,,,,,,,,,,,,,,,,,,,,,../data/driams/downloads/DRIAMS-C/id/2018/2018_clean.csv,28042505340_D4,28042505340_D4,562.0,Escherichia
Escherichia coli,28042505340_D5,S,R,S,S,S,S,S,,,,S,S,,,,,,,,,,,S,,,S,S,S,,,,,,,,,,,,,,,,,,,,,,,,,,,,,../data/driams/downloads/DRIAMS-C/id/2018/2018_clean.csv,28042505340_D5,28042505340_D5,562.0,Escherichia
Citrobacter koseri,28042505350_D10,S,R,S,S,S,S,S,,,,S,S,,,,,,,,,,,S,,,S,S,S,,,,,,,,,,,,,,,,,,,,,,,,,,,,,../data/driams/downloads/DRIAMS-C/id/2018/2018_clean.csv,28042505350_D10,28042505350_D10,545.0,Citrobacter
Citrobacter koseri,28042505350_D8,S,R,S,S,S,S,S,,,,S,S,,,,,,,,,,,S,,,S,S,S,,,,,,,,,,,,,,,,,,,,,,,,,,,,,../data/driams/downloads/DRIAMS-C/id/2018/2018_clean.csv,28042505350_D8,28042505350_D8,545.0,Citrobacter
Citrobacter koseri,28042505350_D9,S,R,S,S,S,S,S,,,,S,S,,,,,,,,,,,S,,,S,S,S,,,,,,,,,,,,,,,,,,,,,,,,,,,,,../data/driams/downloads/DRIAMS-C/id/2018/2018_clean.csv,28042505350_D9,28042505350_D9,545.0,Citrobacter
Enterococcus faecalis,28042505700_A10,S,S,,,,,,S,,,,I,,,,,R,,,,,R,S,,,,,,,,,,,,,,,,,,,,,,,,,,,,,,,,,,../data/driams/downloads/DRIAMS-C/id/2018/2018_clean.csv,28042505700_A10,28042505700_A10,1351.0,Enterococcus
Pseudomonas aeruginosa,28042505700_A8,R,R,S,S,S,R,R,,,,S,R,,,,,,,,,,,S,,,S,S,S,,,,,,,,,,,,,,,,,,,,,,,,,,,,,../data/driams/downloads/DRIAMS-C/id/2018/2018_clean.csv,28042505700_A8,28042505700_A8,287.0,Pseudomonas
Pseudomonas aeruginosa,28042505700_A9,R,R,S,S,S,R,R,,,,S,R,,,,,,,,,,,S,,,S,S,S,,,,,,,,,,,,,,,,,,,,,,,,,,,,,../data/driams/downloads/DRIAMS-C/id/2018/2018_clean.csv,28042505700_A9,28042505700_A9,287.0,Pseudomonas
Staphylococcus aureus,28042505820_B2,S,R,,S,S,,,S,,S,,S,,,,,S,R,,,,,,,,,,,,,,,S,,,,,,,,,,,,,,,,,,,,,,,,../data/driams/downloads/DRIAMS-C/id/2018/2018_clean.csv,28042505820_B2,28042505820_B2,1280.0,Staphylococcus
Klebsiella pneumoniae,28042506220_B9,S,R,S,S,S,S,S,,,,S,S,,,,,,,,,,,S,,,S,S,S,,,,,,,,,,,,,,,,,,,,,,,,,,,,,../data/driams/downloads/DRIAMS-C/id/2018/2018_clean.csv,28042506220_B9,28042506220_B9,573.0,Klebsiella
Staphylococcus aureus,28042506220_E8,S,R,,S,S,,,,,,,S,S,S,S,S,S,R,S,S,,,,,,,,,,,,,,,,,,,,,,,,,,,,,,,,,,,,,../data/driams/downloads/DRIAMS-C/id/2018/2018_clean.csv,28042506220_E8,28042506220_E8,1280.0,Staphylococcus
Staphylococcus aureus,28042506220_B1,S,R,,S,S,,,,,,,S,S,S,S,S,S,R,S,S,,,,,,,,,,,,,,,,,,,,,,,,,,,,,,,,,,,,,../data/driams/downloads/DRIAMS-C/id/2018/2018_clean.csv,28042506220_B1,28042506220_B1,1280.0,Staphylococcus
Escherichia coli,28042507490_D7,S,R,S,S,S,S,S,,,,S,S,,,,,,,,,,,S,,,S,S,S,,,,,,,,,,,,,,,,,,,,,,,,,,,,,../data/driams/downloads/DRIAMS-C/id/2018/2018_clean.csv,28042507490_D7,28042507490_D7,562.0,Escherichia
Pseudomonas aeruginosa,28042509090_C3,R,R,S,S,S,R,R,,,,S,R,,,,,,,,,,,R,,,S,S,S,,,,,,,,,,,,,,,,,,,,,,,,,,,,,../data/driams/downloads/DRIAMS-C/id/2018/2018_clean.csv,28042509090_C3,28042509090_C3,287.0,Pseudomonas
Pseudomonas aeruginosa,28042509090_A12,R,R,S,S,S,R,R,,,,S,R,,,,,,,,,,,R,,,S,S,S,,,,,,,,,,,,,,,,,,,,,,,,,,,,,../data/driams/downloads/DRIAMS-C/id/2018/2018_clean.csv,28042509090_A12,28042509090_A12,287.0,Pseudomonas
Haemophilus influenzae,28042509100_C5,S,S,,S,,S,S,,,,,,I,,,,,S,,,,,,,,,,,,,,,,,,,,,,,,,,,,,,,,,,,,,,,../data/driams/downloads/DRIAMS-C/id/2018/2018_clean.csv,28042509100_C5,28042509100_C5,727.0,Haemophilus
Staphylococcus aureus,28042509100_C6,S,R,,S,S,,,,,,,S,S,S,S,S,S,R,S,S,,,,,,,,,,,,,,,,,,,,,,,,,,,,,,,,,,,,,../data/driams/downloads/DRIAMS-C/id/2018/2018_clean.csv,28042509100_C6,28042509100_C6,1280.0,Staphylococcus
Enterococcus faecalis,28042510410_B5,S,S,,,,,,S,,,,I,,,,,R,,,,,R,S,,,,,,,,,,,,,,,,,,,,,,,,,,,,,,,,,,../data/driams/downloads/DRIAMS-C/id/2018/2018_clean.csv,28042510410_B5,28042510410_B5,1351.0,Enterococcus
Enterococcus faecalis,28042510410_B6,S,S,,,,,,S,,,,I,,,,,R,,,,,R,S,,,,,,,,,,,,,,,,,,,,,,,,,,,,,,,,,,../data/driams/downloads/DRIAMS-C/id/2018/2018_clean.csv,28042510410_B6,28042510410_B6,1351.0,Enterococcus
Escherichia coli,28042510410_C7,S,S,S,S,S,S,S,S,S,S,S,S,,,,,,,,,,,,,,,,,,,,,,,,,,,,,,,,,,,,,,,,,,,,,../data/driams/downloads/DRIAMS-C/id/2018/2018_clean.csv,28042510410_C7,28042510410_C7,562.0,Escherichia
Escherichia coli,28042510600_C10,S,R,S,S,S,S,S,,,,S,S,,,,,,,,,,,S,,,S,S,S,,,,,,,,,,,,,,,,,,,,,,,,,,,,,../data/driams/downloads/DRIAMS-C/id/2018/2018_clean.csv,28042510600_C10,28042510600_C10,562.0,Escherichia
Staphylococcus aureus,28042510600_C9,S,S,,S,S,,,,,,,S,S,S,S,S,S,S,S,S,,,,,,,,,,,,,,,,,,,,,,,,,,,,,,,,,,,,,../data/driams/downloads/DRIAMS-C/id/2018/2018_clean.csv,28042510600_C9,28042510600_C9,1280.0,Staphylococcus
Staphylococcus aureus,28042510600_D11,S,S,,S,S,,,,,,,S,S,S,S,S,S,S,S,S,,,,,,,,,,,,,,,,,,,,,,,,,,,,,,,,,,,,,../data/driams/downloads/DRIAMS-C/id/2018/2018_clean.csv,28042510600_D11,28042510600_D11,1280.0,Staphylococcus
Proteus mirabilis,28042511120_E4,S,S,S,S,S,S,S,,,,R,S,,,,,,,,,,,S,,,S,S,S,,,,,,,,,,,,,,,,,,,,,,,,,,,,,../data/driams/downloads/DRIAMS-C/id/2018/2018_clean.csv,28042511120_E4,28042511120_E4,584.0,Proteus
Morganella morganii,28042511120_E6,R,R,S,S,S,S,R,,,,R,S,,,,,,,,,,,S,,,S,S,S,,,,,,,,,,,,,,,,,,,,,,,,,,,,,../data/driams/downloads/DRIAMS-C/id/2018/2018_clean.csv,28042511120_E6,28042511120_E6,582.0,Morganella
Escherichia coli,28042511190_B12,R,R,S,S,R,S,S,S,S,S,S,R,,,,,,,,,,,,,,,,,,,,,,,,,,,,,,,,,,,,,,,,,,,,,../data/driams/downloads/DRIAMS-C/id/2018/2018_clean.csv,28042511190_B12,28042511190_B12,562.0,Escherichia
Klebsiella pneumoniae,28042512910_D6,S,R,S,S,S,S,S,,,,S,S,,,,,,,,,,,S,,,S,S,S,,,,,,,,,,,,,,,,,,,,,,,,,,,,,../data/driams/downloads/DRIAMS-C/id/2018/2018_clean.csv,28042512910_D6,28042512910_D6,573.0,Klebsiella
Klebsiella pneumoniae,28042512910_D7,S,R,S,S,S,S,S,,,,S,S,,,,,,,,,,,S,,,S,S,S,,,,,,,,,,,,,,,,,,,,,,,,,,,,,../data/driams/downloads/DRIAMS-C/id/2018/2018_clean.csv,28042512910_D7,28042512910_D7,573.0,Klebsiella
Lacticaseibacillus paracasei,28042512910_F7,R,R,,,S,,,,,,,S,S,S,S,,R,R,,R,,,,,S,,,,,,,,,,,,,,,,,,,,,,,,,,,,,,,,../data/driams/downloads/DRIAMS-C/id/2018/2018_clean.csv,28042512910_F7,28042512910_F7,1597.0,
Lacticaseibacillus paracasei,28042512910_D2,R,R,,,S,,,,,,,S,S,S,S,,R,R,,R,,,,,S,,,,,,,,,,,,,,,,,,,,,,,,,,,,,,,,../data/driams/downloads/DRIAMS-C/id/2018/2018_clean.csv,28042512910_D2,28042512910_D2,1597.0,
Lacticaseibacillus paracasei,28042512910_D3,R,R,,,S,,,,,,,S,S,S,S,,R,R,,R,,,,,S,,,,,,,,,,,,,,,,,,,,,,,,,,,,,,,,../data/driams/downloads/DRIAMS-C/id/2018/2018_clean.csv,28042512910_D3,28042512910_D3,1597.0,
Lacticaseibacillus paracasei,28042512910_D4,R,R,,,S,,,,,,,S,S,S,S,,R,R,,R,,,,,S,,,,,,,,,,,,,,,,,,,,,,,,,,,,,,,,../data/driams/downloads/DRIAMS-C/id/2018/2018_clean.csv,28042512910_D4,28042512910_D4,1597.0,
Enterococcus faecium,28042513640_D10,R,R,,,R,,,,,,,,,R,,,R,,,S,S,S,R,,,,,,,,,,,,,,,,,,,,,,,,,,,,,,,,,,../data/driams/downloads/DRIAMS-C/id/2018/2018_clean.csv,28042513640_D10,28042513640_D10,1352.0,Enterococcus
Enterococcus faecalis,28042513670_B10,S,S,,,,,,S,,,,I,,,,,R,,,,,R,S,,,,,,,,,,,,,,,,,,,,,,,,,,,,,,,,,,../data/driams/downloads/DRIAMS-C/id/2018/2018_clean.csv,28042513670_B10,28042513670_B10,1351.0,Enterococcus
Pseudomonas aeruginosa,28042513670_B11,R,R,S,S,S,R,R,,,,S,R,,,,,,,,,,,S,,,S,S,S,,,,,,,,,,,,,,,,,,,,,,,,,,,,,../data/driams/downloads/DRIAMS-C/id/2018/2018_clean.csv,28042513670_B11,28042513670_B11,287.0,Pseudomonas
Bacillus cereus,28042603340_F8,R,R,,,S,,,,,,,R,S,S,S,,R,R,,S,,,R,,S,,,,,,,,,,,,,,,,,,,,,,,,,,,,,,,,../data/driams/downloads/DRIAMS-C/id/2018/2018_clean.csv,28042603340_F8,28042603340_F8,1396.0,Bacillus
Staphylococcus aureus,28042603550_F12,S,R,,S,S,,,,,,,S,S,S,S,S,S,R,S,S,,,,,,,,,,,,,,,,,,,,,,,,,,,,,,,,,,,,,../data/driams/downloads/DRIAMS-C/id/2018/2018_clean.csv,28042603550_F12,28042603550_F12,1280.0,Staphylococcus
Enterobacter cloacae,28042604170_G1,R,R,S,S,S,S,R,,,,S,S,,,,,,,,,,,S,,,S,S,S,,,,,,,,,,,,,,,,,,,,,,,,,,,,,../data/driams/downloads/DRIAMS-C/id/2018/2018_clean.csv,28042604170_G1,28042604170_G1,550.0,Enterobacter
Enterobacter cloacae,28042604170_G2,R,R,S,S,S,S,R,,,,S,S,,,,,,,,,,,S,,,S,S,S,,,,,,,,,,,,,,,,,,,,,,,,,,,,,../data/driams/downloads/DRIAMS-C/id/2018/2018_clean.csv,28042604170_G2,28042604170_G2,550.0,Enterobacter
Pseudomonas aeruginosa,28042604560_B4,R,R,S,S,S,R,R,,,,S,R,,,,,,,,,,,S,,,S,S,R,,,,,,,,,,,,,,,,,,,,,,,,,,,,,../data/driams/downloads/DRIAMS-C/id/2018/2018_clean.csv,28042604560_B4,28042604560_B4,287.0,Pseudomonas
Pseudomonas aeruginosa,28042604560_B5,R,R,S,S,S,R,R,,,,S,R,,,,,,,,,,,S,,,S,S,R,,,,,,,,,,,,,,,,,,,,,,,,,,,,,../data/driams/downloads/DRIAMS-C/id/2018/2018_clean.csv,28042604560_B5,28042604560_B5,287.0,Pseudomonas
Proteus mirabilis,28042606110_F1,S,S,S,S,S,S,S,,,,R,S,,,,,,,,,,,S,,,S,S,S,,,,,,,,,,,,,,,,,,,,,,,,,,,,,../data/driams/downloads/DRIAMS-C/id/2018/2018_clean.csv,28042606110_F1,28042606110_F1,584.0,Proteus
Staphylococcus aureus,28042606820_F5,S,R,,S,S,,,,,,,S,S,S,S,S,S,R,S,S,,,,,,,,,,,,,,,,,,,,,,,,,,,,,,,,,,,,,../data/driams/downloads/DRIAMS-C/id/2018/2018_clean.csv,28042606820_F5,28042606820_F5,1280.0,Staphylococcus
Enterococcus faecalis,28042609250_D10,S,S,,,,,,S,,,,I,,,,,R,,,,,R,S,,,,,,,,,,,,,,,,,,,,,,,,,,,,,,,,,,../data/driams/downloads/DRIAMS-C/id/2018/2018_clean.csv,28042609250_D10,28042609250_D10,1351.0,Enterococcus
Escherichia coli,28042609250_D11,S,R,S,S,S,S,S,S,R,S,S,S,,,,,,,,,,,,,,,,,,,,,,,,,,,,,,,,,,,,,,,,,,,,,../data/driams/downloads/DRIAMS-C/id/2018/2018_clean.csv,28042609250_D11,28042609250_D11,562.0,Escherichia
Enterobacter cloacae,28042609250_D12,R,R,S,S,S,R,R,R,S,S,S,S,,,,,,,,,,,,,,,,,,,,,,,,,,,,,,,,,,,,,,,,,,,,,../data/driams/downloads/DRIAMS-C/id/2018/2018_clean.csv,28042609250_D12,28042609250_D12,550.0,Enterobacter
Enterococcus faecalis,28042609370_E3,S,S,,,,,,S,,,,I,,,,,R,,,,,R,S,,,,,,,,,,,,,,,,,,,,,,,,,,,,,,,,,,../data/driams/downloads/DRIAMS-C/id/2018/2018_clean.csv,28042609370_E3,28042609370_E3,1351.0,Enterococcus
Staphylococcus aureus,28042610620_F11,S,S,,S,S,,,,,,,S,S,S,S,S,S,S,S,S,,,,,,,,,,,,,,,,,,,,,,,,,,,,,,,,,,,,,../data/driams/downloads/DRIAMS-C/id/2018/2018_clean.csv,28042610620_F11,28042610620_F11,1280.0,Staphylococcus
Klebsiella pneumoniae,28042610620_G3,S,R,S,S,S,S,S,,,,S,S,,,,,,,,,,,S,,,S,S,S,,,,,,,,,,,,,,,,,,,,,,,,,,,,,../data/driams/downloads/DRIAMS-C/id/2018/2018_clean.csv,28042610620_G3,28042610620_G3,573.0,Klebsiella
Enterococcus faecalis,28042611060_E8,S,S,,,,,,S,,,,I,,,,,R,,,,,R,S,,,,,,,,,,,,,,,,,,,,,,,,,,,,,,,,,,../data/driams/downloads/DRIAMS-C/id/2018/2018_clean.csv,28042611060_E8,28042611060_E8,1351.0,Enterococcus
Citrobacter koseri,28042611060_E9,S,R,S,S,S,S,S,S,S,S,S,S,,,,,,,,,,,,,,,,,,,,,,,,,,,,,,,,,,,,,,,,,,,,,../data/driams/downloads/DRIAMS-C/id/2018/2018_clean.csv,28042611060_E9,28042611060_E9,545.0,Citrobacter
Escherichia coli,28042611070_E10,S,R,S,S,S,S,S,S,S,S,S,S,,,,,,,,,,,S,,,S,S,S,,,,,,,,,,,,,,,,,,,,,,,,,,,,,../data/driams/downloads/DRIAMS-C/id/2018/2018_clean.csv,28042611070_E10,28042611070_E10,562.0,Escherichia
Escherichia coli,28042611070_E11,S,R,S,S,S,S,S,S,S,S,S,S,,,,,,,,,,,S,,,S,S,S,,,,,,,,,,,,,,,,,,,,,,,,,,,,,../data/driams/downloads/DRIAMS-C/id/2018/2018_clean.csv,28042611070_E11,28042611070_E11,562.0,Escherichia
Enterococcus faecalis,28042611070_F2,S,S,,,,,,S,,,,I,,,,,R,,,,,R,S,,,,,,,,,,,,,,,,,,,,,,,,,,,,,,,,,,../data/driams/downloads/DRIAMS-C/id/2018/2018_clean.csv,28042611070_F2,28042611070_F2,1351.0,Enterococcus
Enterococcus faecalis,28042708620_A6,S,S,,,,,,S,,,,I,,,,,R,,,,,R,S,,,,,,,,,,,,,,,,,,,,,,,,,,,,,,,,,,../data/driams/downloads/DRIAMS-C/id/2018/2018_clean.csv,28042708620_A6,28042708620_A6,1351.0,Enterococcus
Escherichia coli,28042708620_A7,S,R,S,S,R,S,S,S,S,S,S,R,,,,,,,,,,,,,,,,,,,,,,,,,,,,,,,,,,,,,,,,,,,,,../data/driams/downloads/DRIAMS-C/id/2018/2018_clean.csv,28042708620_A7,28042708620_A7,562.0,Escherichia
Staphylococcus aureus,28042709250_E2,S,R,,S,S,,,,,,,S,S,S,S,S,S,R,S,S,,,,,,,,,,,,,,,,,,,,,,,,,,,,,,,,,,,,,../data/driams/downloads/DRIAMS-C/id/2018/2018_clean.csv,28042709250_E2,28042709250_E2,1280.0,Staphylococcus
Staphylococcus aureus,28042709250_E3,S,R,,S,S,,,,,,,S,S,S,S,S,S,R,S,S,,,,,,,,,,,,,,,,,,,,,,,,,,,,,,,,,,,,,../data/driams/downloads/DRIAMS-C/id/2018/2018_clean.csv,28042709250_E3,28042709250_E3,1280.0,Staphylococcus
Pseudomonas aeruginosa,28042709880_E4,R,R,S,S,S,R,R,,,,S,R,,,,,,,,,,,S,,,S,S,S,,,,,,,,,,,,,,,,,,,,,,,,,,,,,../data/driams/downloads/DRIAMS-C/id/2018/2018_clean.csv,28042709880_E4,28042709880_E4,287.0,Pseudomonas
Enterococcus faecalis,28042711120_A10,S,S,,,,,,S,,,,I,,,,,R,,,,,R,S,,,,,,,,,,,,,,,,,,,,,,,,,,,,,,,,,,../data/driams/downloads/DRIAMS-C/id/2018/2018_clean.csv,28042711120_A10,28042711120_A10,1351.0,Enterococcus
Morganella morganii,28042711120_A11,R,R,S,S,S,S,R,R,R,S,R,S,,,,,,,,,,,,,,,,,,,,,,,,,,,,,,,,,,,,,,,,,,,,,../data/driams/downloads/DRIAMS-C/id/2018/2018_clean.csv,28042711120_A11,28042711120_A11,582.0,Morganella
Proteus mirabilis,28042711560_A12,S,R,S,S,S,S,S,R,S,S,R,R,,,,,,,,,,,,,,,,,,,,,,,,,,,,,,,,,,,,,,,,,,,,,../data/driams/downloads/DRIAMS-C/id/2018/2018_clean.csv,28042711560_A12,28042711560_A12,584.0,Proteus
Proteus mirabilis,28042803230_D2,S,R,S,S,S,S,S,,,,R,S,,,,,,,,,,,S,,,S,S,S,,,,,,,,,,,,,,,,,,,,,,,,,,,,,../data/driams/downloads/DRIAMS-C/id/2018/2018_clean.csv,28042803230_D2,28042803230_D2,584.0,Proteus
Klebsiella oxytoca,28042803560_C6,S,R,S,S,S,S,S,S,R,S,S,S,,,,,,,,,,,,,,,,,,,,,,,,,,,,,,,,,,,,,,,,,,,,,../data/driams/downloads/DRIAMS-C/id/2018/2018_clean.csv,28042803560_C6,28042803560_C6,571.0,Klebsiella
Escherichia coli,28042803560_C7,S,S,S,S,S,S,S,S,S,S,S,S,,,,,,,,,,,,,,,,,,,,,,,,,,,,,,,,,,,,,,,,,,,,,../data/driams/downloads/DRIAMS-C/id/2018/2018_clean.csv,28042803560_C7,28042803560_C7,562.0,Escherichia
Staphylococcus lugdunensis,28042902170_D7,S,R,,S,S,,,,,,,S,S,S,S,S,S,R,S,S,,,,,,,,,,,,,,,,,,,,,,,,,,,,,,,,,,,,,../data/driams/downloads/DRIAMS-C/id/2018/2018_clean.csv,28042902170_D7,28042902170_D7,28035.0,Staphylococcus
Escherichia coli,28042902250_A10,R,R,S,S,S,S,S,,,,S,S,,,,,,,,,,,S,,,S,S,S,,,,,,,,,,,,,,,,,,,,,,,,,,,,,../data/driams/downloads/DRIAMS-C/id/2018/2018_clean.csv,28042902250_A10,28042902250_A10,562.0,Escherichia
Staphylococcus aureus,28042902330_A9,S,R,,S,S,,,,,,,S,S,S,S,S,S,R,S,S,,,,,,,,,,,,,,,,,,,,,,,,,,,,,,,,,,,,,../data/driams/downloads/DRIAMS-C/id/2018/2018_clean.csv,28042902330_A9,28042902330_A9,1280.0,Staphylococcus
Klebsiella pneumoniae,28042904040_C3,S,R,S,S,S,S,S,S,R,S,S,S,,,,,,,,,,,,,,,,,,,,,,,,,,,,,,,,,,,,,,,,,,,,,../data/driams/downloads/DRIAMS-C/id/2018/2018_clean.csv,28042904040_C3,28042904040_C3,573.0,Klebsiella
Enterococcus faecalis,28043006510_D10,S,S,,,,,,S,,,,I,,,,,R,,,,,R,S,,,,,,,,,,,,,,,,,,,,,,,,,,,,,,,,,,../data/driams/downloads/DRIAMS-C/id/2018/2018_clean.csv,28043006510_D10,28043006510_D10,1351.0,Enterococcus
Escherichia coli,28043006670_C6,S,R,S,S,S,S,S,,,,S,R,,,,,,,,,,,S,,,S,S,S,,,,,,,,,,,,,,,,,,,,,,,,,,,,,../data/driams/downloads/DRIAMS-C/id/2018/2018_clean.csv,28043006670_C6,28043006670_C6,562.0,Escherichia
Staphylococcus aureus,28043007250_F9,S,R,,S,S,,,,,,,S,S,S,S,S,S,R,S,S,,,,,,,,,,,,,,,,,,,,,,,,,,,,,,,,,,,,,../data/driams/downloads/DRIAMS-C/id/2018/2018_clean.csv,28043007250_F9,28043007250_F9,1280.0,Staphylococcus
Escherichia coli,28043007270_E4,S,S,S,S,S,S,S,,,,S,S,,,,,,,,,,,S,,,S,S,S,,,,,,,,,,,,,,,,,,,,,,,,,,,,,../data/driams/downloads/DRIAMS-C/id/2018/2018_clean.csv,28043007270_E4,28043007270_E4,562.0,Escherichia
Proteus mirabilis,28043007330_D7,S,S,S,S,S,S,S,R,S,S,R,S,,,,,,,,,,,,,,,,,,,,,,,,,,,,,,,,,,,,,,,,,,,,,../data/driams/downloads/DRIAMS-C/id/2018/2018_clean.csv,28043007330_D7,28043007330_D7,584.0,Proteus
Pseudomonas aeruginosa,28043007480_D11,R,R,S,S,S,R,R,,,,S,R,,,,,,,,,,,S,,,S,S,S,,,,,,,,,,,,,,,,,,,,,,,,,,,,,../data/driams/downloads/DRIAMS-C/id/2018/2018_clean.csv,28043007480_D11,28043007480_D11,287.0,Pseudomonas
Pseudomonas aeruginosa,28043007480_F10,R,R,S,S,S,R,R,,,,S,R,,,,,,,,,,,S,,,S,S,S,,,,,,,,,,,,,,,,,,,,,,,,,,,,,../data/driams/downloads/DRIAMS-C/id/2018/2018_clean.csv,28043007480_F10,28043007480_F10,287.0,Pseudomonas
Pseudomonas aeruginosa,28043007480_B10,R,R,S,S,S,R,R,,,,S,R,,,,,,,,,,,S,,,S,S,S,,,,,,,,,,,,,,,,,,,,,,,,,,,,,../data/driams/downloads/DRIAMS-C/id/2018/2018_clean.csv,28043007480_B10,28043007480_B10,287.0,Pseudomonas
Staphylococcus aureus,28043008620_A1,S,S,,S,S,,,,,,,S,S,S,S,S,S,S,S,S,,,,,,,,,,,,,,,,,,,,,,,,,,,,,,,,,,,,,../data/driams/downloads/DRIAMS-C/id/2018/2018_clean.csv,28043008620_A1,28043008620_A1,1280.0,Staphylococcus
Staphylococcus aureus,28043008620_D9,S,S,,S,S,,,,,,,S,S,S,S,S,S,S,S,S,,,,,,,,,,,,,,,,,,,,,,,,,,,,,,,,,,,,,../data/driams/downloads/DRIAMS-C/id/2018/2018_clean.csv,28043008620_D9,28043008620_D9,1280.0,Staphylococcus
Escherichia coli,28043008640_A2,S,R,S,S,S,S,S,,,,S,S,,,,,,,,,,,S,,,S,S,S,,,,,,,,,,,,,,,,,,,,,,,,,,,,,../data/driams/downloads/DRIAMS-C/id/2018/2018_clean.csv,28043008640_A2,28043008640_A2,562.0,Escherichia
Citrobacter freundii,28043008640_A3,R,R,S,S,S,S,S,,,,S,S,,,,,,,,,,,S,,,S,S,S,,,,,,,,,,,,,,,,,,,,,,,,,,,,,../data/driams/downloads/DRIAMS-C/id/2018/2018_clean.csv,28043008640_A3,28043008640_A3,546.0,Citrobacter
Escherichia coli,28043008640_D10,S,R,S,S,S,S,S,,,,S,S,,,,,,,,,,,S,,,S,S,S,,,,,,,,,,,,,,,,,,,,,,,,,,,,,../data/driams/downloads/DRIAMS-C/id/2018/2018_clean.csv,28043008640_D10,28043008640_D10,562.0,Escherichia
Escherichia coli,28043008640_D11,S,R,S,S,S,S,S,,,,S,S,,,,,,,,,,,S,,,S,S,S,,,,,,,,,,,,,,,,,,,,,,,,,,,,,../data/driams/downloads/DRIAMS-C/id/2018/2018_clean.csv,28043008640_D11,28043008640_D11,562.0,Escherichia
Klebsiella pneumoniae,28043008740_D4,S,R,I,S,S,R,R,S,R,S,S,S,,,,,,,,,,,S,,,S,S,S,,,,,,,,,,,,,,,,,,,,,,,,,,,,,../data/driams/downloads/DRIAMS-C/id/2018/2018_clean.csv,28043008740_D4,28043008740_D4,573.0,Klebsiella
Enterobacter asburiae,28043008760_D1,R,R,R,S,S,R,R,S,R,S,S,S,,,,,,,,,,,R,,,,S,S,,,,,,,,,,,,,,,,,,,,,,,,,,,,,../data/driams/downloads/DRIAMS-C/id/2018/2018_clean.csv,28043008760_D1,28043008760_D1,61645.0,Enterobacter
Escherichia coli,28043009280_A4,S,R,S,S,S,S,S,,,,S,R,,,,,,,,,,,S,,,S,S,S,,,,,,,,,,,,,,,,,,,,,,,,,,,,,../data/driams/downloads/DRIAMS-C/id/2018/2018_clean.csv,28043009280_A4,28043009280_A4,562.0,Escherichia
Escherichia coli,28043009280_A5,S,R,S,S,S,S,S,,,,S,R,,,,,,,,,,,S,,,S,S,S,,,,,,,,,,,,,,,,,,,,,,,,,,,,,../data/driams/downloads/DRIAMS-C/id/2018/2018_clean.csv,28043009280_A5,28043009280_A5,562.0,Escherichia
Escherichia coli,28043009280_D12,S,R,S,S,S,S,S,,,,S,R,,,,,,,,,,,S,,,S,S,S,,,,,,,,,,,,,,,,,,,,,,,,,,,,,../data/driams/downloads/DRIAMS-C/id/2018/2018_clean.csv,28043009280_D12,28043009280_D12,562.0,Escherichia
Escherichia coli,28043009470_E11,S,R,S,S,S,S,S,,,,S,S,,,,,,,,,,,S,,,S,S,S,,,,,,,,,,,,,,,,,,,,,,,,,,,,,../data/driams/downloads/DRIAMS-C/id/2018/2018_clean.csv,28043009470_E11,28043009470_E11,562.0,Escherichia
Escherichia coli,28043009470_E12,S,R,S,S,S,S,S,,,,S,S,,,,,,,,,,,S,,,S,S,S,,,,,,,,,,,,,,,,,,,,,,,,,,,,,../data/driams/downloads/DRIAMS-C/id/2018/2018_clean.csv,28043009470_E12,28043009470_E12,562.0,Escherichia
Citrobacter freundii,28043009480_E1,R,R,S,S,S,S,S,S,S,S,S,S,,,,,,,,,,,S,,,S,S,S,,,,,,,,,,,,,,,,,,,,,,,,,,,,,../data/driams/downloads/DRIAMS-C/id/2018/2018_clean.csv,28043009480_E1,28043009480_E1,546.0,Citrobacter
Klebsiella oxytoca,28043010420_B1,S,R,S,S,S,S,S,,,,S,S,,,,,,,,,,,S,,,S,S,S,,,,,,,,,,,,,,,,,,,,,,,,,,,,,../data/driams/downloads/DRIAMS-C/id/2018/2018_clean.csv,28043010420_B1,28043010420_B1,571.0,Klebsiella
Escherichia coli,28043010420_B2,S,S,S,R,S,S,S,,,,S,S,,,,,,,,,,,S,,,S,S,S,,,,,,,,,,,,,,,,,,,,,,,,,,,,,../data/driams/downloads/DRIAMS-C/id/2018/2018_clean.csv,28043010420_B2,28043010420_B2,562.0,Escherichia
Escherichia coli,28043010420_E2,S,S,S,R,S,S,S,,,,S,S,,,,,,,,,,,S,,,S,S,S,,,,,,,,,,,,,,,,,,,,,,,,,,,,,../data/driams/downloads/DRIAMS-C/id/2018/2018_clean.csv,28043010420_E2,28043010420_E2,562.0,Escherichia
Bacteroides thetaiotaomicron,28043010420_E3,S,R,,,,,,,,,,,S,S,,,,R,,,,,,S,,,,,,,,,,,,,,,,,,,,,,,,,,,,,,,,,../data/driams/downloads/DRIAMS-C/id/2018/2018_clean.csv,28043010420_E3,28043010420_E3,818.0,Bacteroides
Escherichia coli,28043010420_E4,S,S,S,R,S,S,S,,,,S,S,,,,,,,,,,,S,,,S,S,S,,,,,,,,,,,,,,,,,,,,,,,,,,,,,../data/driams/downloads/DRIAMS-C/id/2018/2018_clean.csv,28043010420_E4,28043010420_E4,562.0,Escherichia
Enterococcus malodoratus,28043010420_E5,S,S,,,R,,,,,,,,,R,,,R,,,S,S,S,S,,,,,,,,,,,,,,,,,,,,,,,,,,,,,,,,,,../data/driams/downloads/DRIAMS-C/id/2018/2018_clean.csv,28043010420_E5,28043010420_E5,71451.0,Enterococcus
Peptostreptococcus anaerobius,28043010990_E7,S,S,,,,,,,,,,,S,S,,,,S,,,,,,S,,,,,,,,,,,,,,,,,,,,,,,,,,,,,,,,,../data/driams/downloads/DRIAMS-C/id/2018/2018_clean.csv,28043010990_E7,28043010990_E7,1261.0,Peptostreptococcus
Escherichia coli,28043011000_D9,S,S,S,S,S,S,S,S,S,S,S,S,,,,,,,,,,,,,,,,,,,,,,,,,,,,,,,,,,,,,,,,,,,,,../data/driams/downloads/DRIAMS-C/id/2018/2018_clean.csv,28043011000_D9,28043011000_D9,562.0,Escherichia
Enterococcus faecalis,28043011060_C10,S,S,,,,,,S,,,,I,,,,,R,,,,,R,S,,,,,,,,,,,,,,,,,,,,,,,,,,,,,,,,,,../data/driams/downloads/DRIAMS-C/id/2018/2018_clean.csv,28043011060_C10,28043011060_C10,1351.0,Enterococcus
Morganella morganii,28043011060_C11,R,R,S,S,S,S,R,R,R,S,R,S,,,,,,,,,,,,,,,,,,,,,,,,,,,,,,,,,,,,,,,,,,,,,../data/driams/downloads/DRIAMS-C/id/2018/2018_clean.csv,28043011060_C11,28043011060_C11,582.0,Morganella
Enterococcus faecalis,28043011060_C12,S,S,,,,,,S,,,,I,,,,,R,,,,,R,S,,,,,,,,,,,,,,,,,,,,,,,,,,,,,,,,,,../data/driams/downloads/DRIAMS-C/id/2018/2018_clean.csv,28043011060_C12,28043011060_C12,1351.0,Enterococcus
Enterococcus faecalis,28043011990_E2,S,S,,,,,,S,,,,I,,,,,R,,,,,R,S,,,,,,,,,,,,,,,,,,,,,,,,,,,,,,,,,,../data/driams/downloads/DRIAMS-C/id/2018/2018_clean.csv,28043011990_E2,28043011990_E2,1351.0,Enterococcus
Proteus mirabilis,28050103660_E9,S,S,S,S,S,S,S,R,S,S,R,S,,,,,,,,,,,,,,,,,,,,,,,,,,,,,,,,,,,,,,,,,,,,,../data/driams/downloads/DRIAMS-C/id/2018/2018_clean.csv,28050103660_E9,28050103660_E9,584.0,Proteus
Streptococcus pneumoniae,28050105010_F7,S,S,,,R,,,,,,,S,S,S,S,,S,S,,S,,,,,S,,,,,,,,,,,,,,,,,,,,,,,,,,,,,,,,../data/driams/downloads/DRIAMS-C/id/2018/2018_clean.csv,28050105010_F7,28050105010_F7,1313.0,Streptococcus
Streptococcus pneumoniae,28050105010_F8,S,S,,,R,,,,,,,S,S,S,S,,S,S,,S,,,,,S,,,,,,,,,,,,,,,,,,,,,,,,,,,,,,,,../data/driams/downloads/DRIAMS-C/id/2018/2018_clean.csv,28050105010_F8,28050105010_F8,1313.0,Streptococcus
Escherichia coli,28050106400_F2,R,R,R,R,S,R,R,S,S,R,S,R,,,,,,,,,,,R,,,S,R,S,,,,,,,,,,,,,,,,,,,,,,,,,,,,,../data/driams/downloads/DRIAMS-C/id/2018/2018_clean.csv,28050106400_F2,28050106400_F2,562.0,Escherichia
Staphylococcus aureus,28050109070_F12,S,S,,S,S,,,,,,,S,R,R,S,S,S,S,S,S,,,,,,,,,,,,,,,,,,,,,,,,,,,,,,,,,,,,,../data/driams/downloads/DRIAMS-C/id/2018/2018_clean.csv,28050109070_F12,28050109070_F12,1280.0,Staphylococcus
Staphylococcus aureus,28050109070_G3,S,S,,S,S,,,,,,,S,R,R,S,S,S,S,S,S,,,,,,,,,,,,,,,,,,,,,,,,,,,,,,,,,,,,,../data/driams/downloads/DRIAMS-C/id/2018/2018_clean.csv,28050109070_G3,28050109070_G3,1280.0,Staphylococcus
Enterococcus faecalis,28050204390_G1,S,S,,,,,,S,,,,I,,,,,R,,,,,R,S,,,,,,,,,,,,,,,,,,,,,,,,,,,,,,,,,,../data/driams/downloads/DRIAMS-C/id/2018/2018_clean.csv,28050204390_G1,28050204390_G1,1351.0,Enterococcus
Escherichia coli,28050204570_G3,S,S,S,S,S,S,S,S,S,S,S,S,,,,,,,,,,,,,,,,,,,,,,,,,,,,,,,,,,,,,,,,,,,,,../data/driams/downloads/DRIAMS-C/id/2018/2018_clean.csv,28050204570_G3,28050204570_G3,562.0,Escherichia
Staphylococcus aureus,28050207790_G4,S,S,,S,S,,,S,,S,,S,,,,,S,S,,,,,,,,,,,,,,,S,,,,,,,,,,,,,,,,,,,,,,,,../data/driams/downloads/DRIAMS-C/id/2018/2018_clean.csv,28050207790_G4,28050207790_G4,1280.0,Staphylococcus
Escherichia coli,28050208200_G5,S,S,S,S,S,S,S,S,R,S,S,S,,,,,,,,,,,,,,,,,,,,,,,,,,,,,,,,,,,,,,,,,,,,,../data/driams/downloads/DRIAMS-C/id/2018/2018_clean.csv,28050208200_G5,28050208200_G5,562.0,Escherichia
Escherichia coli,28050208220_H2,S,R,S,S,S,S,S,S,S,S,S,S,,,,,,,,,,,,,,,,,,,,,,,,,,,,,,,,,,,,,,,,,,,,,../data/driams/downloads/DRIAMS-C/id/2018/2018_clean.csv,28050208220_H2,28050208220_H2,562.0,Escherichia
Pseudomonas aeruginosa,28050209150_G6,R,R,S,S,S,R,R,,,,S,R,,,,,,,,,,,S,,,S,S,S,,,,,,,,,,,,,,,,,,,,,,,,,,,,,../data/driams/downloads/DRIAMS-C/id/2018/2018_clean.csv,28050209150_G6,28050209150_G6,287.0,Pseudomonas
Klebsiella pneumoniae,28050214460_G12,S,R,S,S,S,S,S,S,R,S,S,S,,,,,,,,,,,,,,,,,,,,,,,,,,,,,,,,,,,,,,,,,,,,,../data/driams/downloads/DRIAMS-C/id/2018/2018_clean.csv,28050214460_G12,28050214460_G12,573.0,Klebsiella
Staphylococcus aureus,28050215550_B7,S,S,,S,S,,,,,,,S,S,S,S,S,S,S,S,S,,,,,,,,,,,,,,,,,,,,,,,,,,,,,,,,,,,,,../data/driams/downloads/DRIAMS-C/id/2018/2018_clean.csv,28050215550_B7,28050215550_B7,1280.0,Staphylococcus
Staphylococcus aureus,28050304120_C4,S,R,,S,S,,,,,,,S,R,R,S,R,S,R,S,S,,,,,,,,,,,,,,,,,,,,,,,,,,,,,,,,,,,,,../data/driams/downloads/DRIAMS-C/id/2018/2018_clean.csv,28050304120_C4,28050304120_C4,1280.0,Staphylococcus
Providencia stuartii,28050307960_A1,R,R,S,S,S,S,S,R,R,S,R,S,,,,,,,,,,,S,,,,,,,,,,,,,,,,,,,,,,,,,,,,,,,,,,../data/driams/downloads/DRIAMS-C/id/2018/2018_clean.csv,28050307960_A1,28050307960_A1,588.0,Providencia
Providencia stuartii,28050307960_A2,R,R,S,S,S,S,S,R,R,S,R,S,,,,,,,,,,,S,,,,,,,,,,,,,,,,,,,,,,,,,,,,,,,,,,../data/driams/downloads/DRIAMS-C/id/2018/2018_clean.csv,28050307960_A2,28050307960_A2,588.0,Providencia
Klebsiella oxytoca,28050308060_B11,S,R,S,S,S,S,S,S,R,S,S,R,,,,,,,,,,,,,,,,,,,,,,,,,,,,,,,,,,,,,,,,,,,,,../data/driams/downloads/DRIAMS-C/id/2018/2018_clean.csv,28050308060_B11,28050308060_B11,571.0,Klebsiella
Klebsiella oxytoca,28050308060_B12,S,R,S,S,S,S,S,S,R,S,S,R,,,,,,,,,,,,,,,,,,,,,,,,,,,,,,,,,,,,,,,,,,,,,../data/driams/downloads/DRIAMS-C/id/2018/2018_clean.csv,28050308060_B12,28050308060_B12,571.0,Klebsiella
Enterococcus faecium,28050308070_B1,R,R,,,R,,,S,,,,,,R,,,R,,,S,S,S,R,,,,,,,,,,,,,,,,,,,,,,,,,,,,,,,,,,../data/driams/downloads/DRIAMS-C/id/2018/2018_clean.csv,28050308070_B1,28050308070_B1,1352.0,Enterococcus
Enterococcus faecium,28050308070_B2,R,R,,,R,,,S,,,,,,R,,,R,,,S,S,S,R,,,,,,,,,,,,,,,,,,,,,,,,,,,,,,,,,,../data/driams/downloads/DRIAMS-C/id/2018/2018_clean.csv,28050308070_B2,28050308070_B2,1352.0,Enterococcus
Enterococcus faecium,28050308070_B3,R,R,,,R,,,S,,,,,,R,,,R,,,S,S,S,R,,,,,,,,,,,,,,,,,,,,,,,,,,,,,,,,,,../data/driams/downloads/DRIAMS-C/id/2018/2018_clean.csv,28050308070_B3,28050308070_B3,1352.0,Enterococcus
Enterococcus faecalis,28050310020_E4,S,S,,,R,,,,,,,,,R,,,R,,,S,S,R,S,,,,,,,,,,,,,,,,,,,,,,,,,,,,,,,,,,../data/driams/downloads/DRIAMS-C/id/2018/2018_clean.csv,28050310020_E4,28050310020_E4,1351.0,Enterococcus
Enterococcus faecalis,28050310020_E5,S,S,,,R,,,,,,,,,R,,,R,,,S,S,R,S,,,,,,,,,,,,,,,,,,,,,,,,,,,,,,,,,,../data/driams/downloads/DRIAMS-C/id/2018/2018_clean.csv,28050310020_E5,28050310020_E5,1351.0,Enterococcus
Staphylococcus aureus,28050310100_E6,S,R,,S,S,,,,,,,S,R,R,S,S,S,R,S,S,,,,,,,,,,,,,,,,,,,,,,,,,,,,,,,,,,,,,../data/driams/downloads/DRIAMS-C/id/2018/2018_clean.csv,28050310100_E6,28050310100_E6,1280.0,Staphylococcus
Staphylococcus aureus,28050310160_E7,S,R,,S,S,,,,,,,S,S,S,S,S,S,R,S,S,,,,,,,,,,,,,,,,,,,,,,,,,,,,,,,,,,,,,../data/driams/downloads/DRIAMS-C/id/2018/2018_clean.csv,28050310160_E7,28050310160_E7,1280.0,Staphylococcus
Pseudomonas aeruginosa,28050310160_E8,R,R,S,S,S,R,R,,,,S,R,,,,,,,,,,,S,,,S,S,S,,,,,,,,,,,,,,,,,,,,,,,,,,,,,../data/driams/downloads/DRIAMS-C/id/2018/2018_clean.csv,28050310160_E8,28050310160_E8,287.0,Pseudomonas
Acinetobacter baumannii,28050310210_B4,R,R,I,S,S,R,R,R,R,S,S,S,,,,,,,,,,,,,,,,,,,,,,,,,,,,,,,,,,,,,,,,,,,,,../data/driams/downloads/DRIAMS-C/id/2018/2018_clean.csv,28050310210_B4,28050310210_B4,470.0,Acinetobacter
Escherichia coli,28050310210_B5,S,R,S,,S,S,S,S,S,,S,,,,,,,,,,,,,,,,,,,,,,,,,,,,,,,,,,,,,,,,,,,,,,../data/driams/downloads/DRIAMS-C/id/2018/2018_clean.csv,28050310210_B5,28050310210_B5,562.0,Escherichia
Escherichia coli,28050310210_C3,S,R,S,,S,S,S,S,S,,S,,,,,,,,,,,,,,,,,,,,,,,,,,,,,,,,,,,,,,,,,,,,,,../data/driams/downloads/DRIAMS-C/id/2018/2018_clean.csv,28050310210_C3,28050310210_C3,562.0,Escherichia
Klebsiella pneumoniae,28050310210_C4,S,R,S,S,S,S,S,S,R,S,S,S,,,,,,,,,,,,,,,,,,,,,,,,,,,,,,,,,,,,,,,,,,,,,../data/driams/downloads/DRIAMS-C/id/2018/2018_clean.csv,28050310210_C4,28050310210_C4,573.0,Klebsiella
Klebsiella aerogenes,28050312270_E10,R,R,S,S,S,S,S,,,,S,S,,,,,,,,,,,S,,,S,S,S,,,,,,,,,,,,,,,,,,,,,,,,,,,,,../data/driams/downloads/DRIAMS-C/id/2018/2018_clean.csv,28050312270_E10,28050312270_E10,548.0,
Staphylococcus aureus,28050312270_E9,R,R,,S,R,,,,,,,S,S,S,S,S,R,R,S,S,,,,,,,,,,,,,,,,,,,,,,,,,,,,,,,,,,,,,../data/driams/downloads/DRIAMS-C/id/2018/2018_clean.csv,28050312270_E9,28050312270_E9,1280.0,Staphylococcus
Staphylococcus aureus,28050312290_A3,S,S,,S,S,,,,,,,S,S,S,S,S,S,S,S,S,,,,,,,,,,,,,,,,,,,,,,,,,,,,,,,,,,,,,../data/driams/downloads/DRIAMS-C/id/2018/2018_clean.csv,28050312290_A3,28050312290_A3,1280.0,Staphylococcus
Staphylococcus aureus,28050313660_A4,R,R,,S,S,,,,,,,S,R,S,R,S,R,R,S,S,,S,,,,,,,,,,,,,,,,,,,,,,,,,,,,,,,,,,,../data/driams/downloads/DRIAMS-C/id/2018/2018_clean.csv,28050313660_A4,28050313660_A4,1280.0,Staphylococcus
Staphylococcus aureus,28050313660_D5,R,R,,S,S,,,,,,,S,R,S,R,S,R,R,S,S,,S,,,,,,,,,,,,,,,,,,,,,,,,,,,,,,,,,,,../data/driams/downloads/DRIAMS-C/id/2018/2018_clean.csv,28050313660_D5,28050313660_D5,1280.0,Staphylococcus
Klebsiella pneumoniae,28050402730_A5,S,R,S,S,S,S,S,,,,S,S,,,,,,,,,,,S,,,S,S,S,,,,,,,,,,,,,,,,,,,,,,,,,,,,,../data/driams/downloads/DRIAMS-C/id/2018/2018_clean.csv,28050402730_A5,28050402730_A5,573.0,Klebsiella
Klebsiella pneumoniae,28050402730_A6,S,R,S,S,S,S,S,,,,S,S,,,,,,,,,,,S,,,S,S,S,,,,,,,,,,,,,,,,,,,,,,,,,,,,,../data/driams/downloads/DRIAMS-C/id/2018/2018_clean.csv,28050402730_A6,28050402730_A6,573.0,Klebsiella
Lacticaseibacillus paracasei,28050402730_C1,,S,,,,,,,,,,,,,,,,,,R,,,,,,,,,,,,,,,,,,,,,,,,,,,,,,,,,,,,,../data/driams/downloads/DRIAMS-C/id/2018/2018_clean.csv,28050402730_C1,28050402730_C1,1597.0,
Escherichia coli,28050408310_D6,S,R,S,S,S,S,S,S,S,S,S,S,,,,,,,,,,,,,,,,,,,,,,,,,,,,,,,,,,,,,,,,,,,,,../data/driams/downloads/DRIAMS-C/id/2018/2018_clean.csv,28050408310_D6,28050408310_D6,562.0,Escherichia
Enterococcus faecalis,28050408310_D7,S,S,,,,,,S,,,,I,,,,,R,,,,,R,S,,,,,,,,,,,,,,,,,,,,,,,,,,,,,,,,,,../data/driams/downloads/DRIAMS-C/id/2018/2018_clean.csv,28050408310_D7,28050408310_D7,1351.0,Enterococcus
Klebsiella pneumoniae,28050408370_D10,R,R,I,R,R,R,R,R,R,R,S,R,,,,,,,,,,,S,,,S,R,S,,,,,,,,,,,,,,,,,,,,,,,,,,,,,../data/driams/downloads/DRIAMS-C/id/2018/2018_clean.csv,28050408370_D10,28050408370_D10,573.0,Klebsiella
Morganella morganii,28050408370_D11,R,R,S,S,R,R,R,R,R,S,R,R,,,,,,,,,,,S,,,S,R,I,,,,,,,,,,,,,,,,,,,,,,,,,,,,,../data/driams/downloads/DRIAMS-C/id/2018/2018_clean.csv,28050408370_D11,28050408370_D11,582.0,Morganella
Klebsiella pneumoniae,28050408370_D9,R,R,I,R,R,R,R,R,R,R,S,R,,,,,,,,,,,S,,,S,R,S,,,,,,,,,,,,,,,,,,,,,,,,,,,,,../data/driams/downloads/DRIAMS-C/id/2018/2018_clean.csv,28050408370_D9,28050408370_D9,573.0,Klebsiella
Klebsiella pneumoniae,28050408710_A9,S,R,S,S,S,S,S,,,,S,S,,,,,,,,,,,S,,,S,S,S,,,,,,,,,,,,,,,,,,,,,,,,,,,,,../data/driams/downloads/DRIAMS-C/id/2018/2018_clean.csv,28050408710_A9,28050408710_A9,573.0,Klebsiella
Enterococcus faecalis,28050410320_E7,S,S,,,,,,S,,,,I,,,,,R,,,,,R,S,,,,,,,,,,,,,,,,,,,,,,,,,,,,,,,,,,../data/driams/downloads/DRIAMS-C/id/2018/2018_clean.csv,28050410320_E7,28050410320_E7,1351.0,Enterococcus
Staphylococcus aureus,28050410360_E8,S,R,,S,S,,,S,,S,,S,,,,,S,R,,,,,,,,,,,,,,,S,,,,,,,,,,,,,,,,,,,,,,,,../data/driams/downloads/DRIAMS-C/id/2018/2018_clean.csv,28050410360_E8,28050410360_E8,1280.0,Staphylococcus
Enterococcus faecalis,28050410360_E9,S,S,,,,,,S,,,,I,,,,,R,,,,,R,S,,,,,,,,,,,,,,,,,,,,,,,,,,,,,,,,,,../data/driams/downloads/DRIAMS-C/id/2018/2018_clean.csv,28050410360_E9,28050410360_E9,1351.0,Enterococcus
Staphylococcus aureus,28050411000_E10,S,R,,S,S,,,S,,S,,S,,,,,S,R,,,,,,,,,,,,,,,S,,,,,,,,,,,,,,,,,,,,,,,,../data/driams/downloads/DRIAMS-C/id/2018/2018_clean.csv,28050411000_E10,28050411000_E10,1280.0,Staphylococcus
Serratia marcescens,28050411000_E11,R,R,S,S,S,S,R,R,S,S,R,S,,,,,,,,,,,,,,,,,,,,,,,,,,,,,,,,,,,,,,,,,,,,,../data/driams/downloads/DRIAMS-C/id/2018/2018_clean.csv,28050411000_E11,28050411000_E11,615.0,Serratia
Proteus mirabilis,28050411150_E8,S,R,S,S,S,S,S,,,,R,R,,,,,,,,,,,S,,,S,S,S,,,,,,,,,,,,,,,,,,,,,,,,,,,,,../data/driams/downloads/DRIAMS-C/id/2018/2018_clean.csv,28050411150_E8,28050411150_E8,584.0,Proteus
Proteus mirabilis,28050411150_F10,S,R,S,S,S,S,S,,,,R,R,,,,,,,,,,,S,,,S,S,S,,,,,,,,,,,,,,,,,,,,,,,,,,,,,../data/driams/downloads/DRIAMS-C/id/2018/2018_clean.csv,28050411150_F10,28050411150_F10,584.0,Proteus
Enterococcus faecalis,28050412690_E12,S,S,,,,,,S,,,,R,,,,,R,,,,,R,S,,,,,,,,,,,,,,,,,,,,,,,,,,,,,,,,,,../data/driams/downloads/DRIAMS-C/id/2018/2018_clean.csv,28050412690_E12,28050412690_E12,1351.0,Enterococcus
Escherichia coli,28050504190_G1,S,S,S,S,S,S,S,S,R,S,S,S,,,,,,,,,,,,,,,,,,,,,,,,,,,,,,,,,,,,,,,,,,,,,../data/driams/downloads/DRIAMS-C/id/2018/2018_clean.csv,28050504190_G1,28050504190_G1,562.0,Escherichia
Escherichia coli,28050504190_G3,S,S,S,S,S,S,S,S,R,S,S,S,,,,,,,,,,,,,,,,,,,,,,,,,,,,,,,,,,,,,,,,,,,,,../data/driams/downloads/DRIAMS-C/id/2018/2018_clean.csv,28050504190_G3,28050504190_G3,562.0,Escherichia
Morganella morganii,28050504190_G4,R,R,S,S,S,S,R,R,R,S,R,S,,,,,,,,,,,,,,,,,,,,,,,,,,,,,,,,,,,,,,,,,,,,,../data/driams/downloads/DRIAMS-C/id/2018/2018_clean.csv,28050504190_G4,28050504190_G4,582.0,Morganella
Enterobacter cloacae,28050504210_G8,R,R,R,S,S,R,R,S,S,S,S,S,,,,,,,,,,,,,,,,,,,,,,,,,,,,,,,,,,,,,,,,,,,,,../data/driams/downloads/DRIAMS-C/id/2018/2018_clean.csv,28050504210_G8,28050504210_G8,550.0,Enterobacter
Proteus mirabilis,28050602690_H3,R,R,S,S,S,S,S,R,R,S,R,S,,,,,,,,,,,,,,,,,,,,,,,,,,,,,,,,,,,,,,,,,,,,,../data/driams/downloads/DRIAMS-C/id/2018/2018_clean.csv,28050602690_H3,28050602690_H3,584.0,Proteus
Enterococcus faecalis,28050602690_H4,S,S,,,,,,S,,,,I,,,,,R,,,,,R,S,,,,,,,,,,,,,,,,,,,,,,,,,,,,,,,,,,../data/driams/downloads/DRIAMS-C/id/2018/2018_clean.csv,28050602690_H4,28050602690_H4,1351.0,Enterococcus
Enterococcus faecalis,28050602690_A3,S,S,,,,,,S,,,,I,,,,,R,,,,,R,S,,,,,,,,,,,,,,,,,,,,,,,,,,,,,,,,,,../data/driams/downloads/DRIAMS-C/id/2018/2018_clean.csv,28050602690_A3,28050602690_A3,1351.0,Enterococcus
Aerococcus urinae,28050602690_A4,S,S,,S,,,,S,,,,,,,,,,,,,,,,,,,,,,,,,,,,,,,,,,,,,,,,,,,,,,,,,../data/driams/downloads/DRIAMS-C/id/2018/2018_clean.csv,28050602690_A4,28050602690_A4,1376.0,Aerococcus
Escherichia coli,28050603320_H6,R,R,R,R,R,R,R,S,S,R,S,R,,,,,,,,,,,,,,,,,,,,,,,,,,,,,,,,,,,,,,,,,,,,,../data/driams/downloads/DRIAMS-C/id/2018/2018_clean.csv,28050603320_H6,28050603320_H6,562.0,Escherichia
Pseudomonas aeruginosa,28050603370_H8,R,R,R,R,S,R,R,,,,S,R,,,,,,,,,,,R,,,S,R,R,,,,,,,,,,,,,,,S,,,,,,,,,,,,,,../data/driams/downloads/DRIAMS-C/id/2018/2018_clean.csv,28050603370_H8,28050603370_H8,287.0,Pseudomonas
Enterococcus faecalis,28050603370_H9,S,S,,,R,,,S,,,,,,R,,,R,,,S,S,R,S,,,,,,,,,,,,,,,,,,,,,,,,,,,,,,,,,,../data/driams/downloads/DRIAMS-C/id/2018/2018_clean.csv,28050603370_H9,28050603370_H9,1351.0,Enterococcus
Enterococcus faecalis,28050603370_A7,S,S,,,R,,,S,,,,,,R,,,R,,,S,S,R,S,,,,,,,,,,,,,,,,,,,,,,,,,,,,,,,,,,../data/driams/downloads/DRIAMS-C/id/2018/2018_clean.csv,28050603370_A7,28050603370_A7,1351.0,Enterococcus
Enterococcus faecalis,28050603370_A8,S,S,,,R,,,S,,,,,,R,,,R,,,S,S,R,S,,,,,,,,,,,,,,,,,,,,,,,,,,,,,,,,,,../data/driams/downloads/DRIAMS-C/id/2018/2018_clean.csv,28050603370_A8,28050603370_A8,1351.0,Enterococcus
Escherichia coli,28050605140_D7,,,S,S,,S,S,S,S,S,S,S,,,,,,,,,,,,,,,,,,,,,,,,,,,,,,,,,,,,,,,,,,,,,../data/driams/downloads/DRIAMS-C/id/2018/2018_clean.csv,28050605140_D7,28050605140_D7,562.0,Escherichia
Escherichia coli,28050605140_D8,,,S,S,,S,S,S,S,S,S,S,,,,,,,,,,,,,,,,,,,,,,,,,,,,,,,,,,,,,,,,,,,,,../data/driams/downloads/DRIAMS-C/id/2018/2018_clean.csv,28050605140_D8,28050605140_D8,562.0,Escherichia
Escherichia coli,28050605140_A11,,,S,S,,S,S,S,S,S,S,S,,,,,,,,,,,,,,,,,,,,,,,,,,,,,,,,,,,,,,,,,,,,,../data/driams/downloads/DRIAMS-C/id/2018/2018_clean.csv,28050605140_A11,28050605140_A11,562.0,Escherichia
Streptococcus pneumoniae,28050704010_D5,S,S,,,R,,,,,,,S,S,S,S,,S,S,,S,,,,,S,,,,,,,,,,,,,,,,,,,,,,,,,,,,,,,,../data/driams/downloads/DRIAMS-C/id/2018/2018_clean.csv,28050704010_D5,28050704010_D5,1313.0,Streptococcus
Enterococcus faecalis,28050704090_A3,S,S,,,R,,,,,,,,,R,,,R,,,S,S,R,S,,,,,,,,,,,,,,,,,,,,,,,,,,,,,,,,,,../data/driams/downloads/DRIAMS-C/id/2018/2018_clean.csv,28050704090_A3,28050704090_A3,1351.0,Enterococcus
Staphylococcus aureus,28050704110_A6,S,R,,S,S,,,,,,,S,S,S,S,S,S,R,S,S,,,,,,,,,,,,,,,,,,,,,,,,,,,,,,,,,,,,,../data/driams/downloads/DRIAMS-C/id/2018/2018_clean.csv,28050704110_A6,28050704110_A6,1280.0,Staphylococcus
Staphylococcus aureus,28050704110_A9,S,R,,S,S,,,,,,,S,S,S,S,S,S,R,S,S,,,,,,,,,,,,,,,,,,,,,,,,,,,,,,,,,,,,,../data/driams/downloads/DRIAMS-C/id/2018/2018_clean.csv,28050704110_A9,28050704110_A9,1280.0,Staphylococcus
Enterococcus faecalis,28050704330_D6,S,S,,,,,,S,,,,I,,,,,R,,,,,R,S,,,,,,,,,,,,,,,,,,,,,,,,,,,,,,,,,,../data/driams/downloads/DRIAMS-C/id/2018/2018_clean.csv,28050704330_D6,28050704330_D6,1351.0,Enterococcus
Citrobacter koseri,28050704340_B2,S,R,S,S,S,S,S,S,S,S,S,S,,,,,,,,,,,,,,,,,,,,,,,,,,,,,,,,,,,,,,,,,,,,,../data/driams/downloads/DRIAMS-C/id/2018/2018_clean.csv,28050704340_B2,28050704340_B2,545.0,Citrobacter
Citrobacter koseri,28050704340_B3,S,R,S,S,S,S,S,S,S,S,S,S,,,,,,,,,,,,,,,,,,,,,,,,,,,,,,,,,,,,,,,,,,,,,../data/driams/downloads/DRIAMS-C/id/2018/2018_clean.csv,28050704340_B3,28050704340_B3,545.0,Citrobacter
Enterococcus faecalis,28050704390_B4,S,S,,,,,,S,,,,I,,,,,R,,,,,R,S,,,,,,,,,,,,,,,,,,,,,,,,,,,,,,,,,,../data/driams/downloads/DRIAMS-C/id/2018/2018_clean.csv,28050704390_B4,28050704390_B4,1351.0,Enterococcus
Staphylococcus aureus,28050704390_B5,S,R,,S,S,,,S,,S,,S,,,,,S,R,,,,,,,,,,,,,,,S,,,,,,,,,,,,,,,,,,,,,,,,../data/driams/downloads/DRIAMS-C/id/2018/2018_clean.csv,28050704390_B5,28050704390_B5,1280.0,Staphylococcus
Escherichia coli,28050709360_B10,S,S,S,R,S,S,S,S,S,R,S,S,,,,,,,,,,,,,,,,,,,,,,,,,,,,,,,,,,,,,,,,,,,,,../data/driams/downloads/DRIAMS-C/id/2018/2018_clean.csv,28050709360_B10,28050709360_B10,562.0,Escherichia
Escherichia coli,28050709360_B8,S,S,S,R,S,S,S,S,S,R,S,S,,,,,,,,,,,,,,,,,,,,,,,,,,,,,,,,,,,,,,,,,,,,,../data/driams/downloads/DRIAMS-C/id/2018/2018_clean.csv,28050709360_B8,28050709360_B8,562.0,Escherichia
Klebsiella oxytoca,28050709360_B9,S,R,S,S,S,S,S,S,R,S,S,S,,,,,,,,,,,,,,,,,,,,,,,,,,,,,,,,,,,,,,,,,,,,,../data/driams/downloads/DRIAMS-C/id/2018/2018_clean.csv,28050709360_B9,28050709360_B9,571.0,Klebsiella
Enterococcus faecalis,28050709860_C4,S,S,,,,,,S,,,,I,,,,,R,,,,,R,S,,,,,,,,,,,,,,,,,,,,,,,,,,,,,,,,,,../data/driams/downloads/DRIAMS-C/id/2018/2018_clean.csv,28050709860_C4,28050709860_C4,1351.0,Enterococcus
Pseudomonas aeruginosa,28050710610_D7,R,R,R,R,S,R,R,,,,S,R,,,,,,,,,,,R,,,S,R,R,,,,,,,,,,,,,,,,,,,,,,,,,,,,,../data/driams/downloads/DRIAMS-C/id/2018/2018_clean.csv,28050710610_D7,28050710610_D7,287.0,Pseudomonas
Enterococcus faecalis,28050711430_D2,S,S,,,,,,S,,,,I,,,,,R,,,,,R,S,,,,,,,,,,,,,,,,,,,,,,,,,,,,,,,,,,../data/driams/downloads/DRIAMS-C/id/2018/2018_clean.csv,28050711430_D2,28050711430_D2,1351.0,Enterococcus
Escherichia coli,28050712830_B9,S,S,S,S,S,S,S,,,,S,S,,,,,,,,,,,S,,,S,S,S,,,,,,,,,,,,,,,,,,,,,,,,,,,,,../data/driams/downloads/DRIAMS-C/id/2018/2018_clean.csv,28050712830_B9,28050712830_B9,562.0,Escherichia
Klebsiella pneumoniae,28050714120_D4,S,R,S,R,S,S,S,S,S,R,S,S,,,,,,,,,,,,,,,,,,,,,,,,,,,,,,,,,,,,,,,,,,,,,../data/driams/downloads/DRIAMS-C/id/2018/2018_clean.csv,28050714120_D4,28050714120_D4,573.0,Klebsiella
Escherichia coli,28050801630_F12,S,R,S,S,S,S,S,,,,S,S,,,,,,,,,,,S,,,S,S,S,,,,,,,,,,,,,,,,,,,,,,,,,,,,,../data/driams/downloads/DRIAMS-C/id/2018/2018_clean.csv,28050801630_F12,28050801630_F12,562.0,Escherichia
Citrobacter freundii,28050801630_G1,R,R,R,S,S,R,R,,,,S,S,,,,,,,,,,,R,,,S,S,S,,,,,,,,,,,,,,,,,,,,,,,,,,,,,../data/driams/downloads/DRIAMS-C/id/2018/2018_clean.csv,28050801630_G1,28050801630_G1,546.0,Citrobacter
Citrobacter freundii,28050801630_G10,R,R,R,S,S,R,R,,,,S,S,,,,,,,,,,,R,,,S,S,S,,,,,,,,,,,,,,,,,,,,,,,,,,,,,../data/driams/downloads/DRIAMS-C/id/2018/2018_clean.csv,28050801630_G10,28050801630_G10,546.0,Citrobacter
Citrobacter freundii,28050801630_G11,R,R,R,S,S,R,R,,,,S,S,,,,,,,,,,,R,,,S,S,S,,,,,,,,,,,,,,,,,,,,,,,,,,,,,../data/driams/downloads/DRIAMS-C/id/2018/2018_clean.csv,28050801630_G11,28050801630_G11,546.0,Citrobacter
Staphylococcus aureus,28050801650_F10,S,S,,S,S,,,,,,,S,S,S,S,S,S,S,S,S,,,,,,,,,,,,,,,,,,,,,,,,,,,,,,,,,,,,,../data/driams/downloads/DRIAMS-C/id/2018/2018_clean.csv,28050801650_F10,28050801650_F10,1280.0,Staphylococcus
Staphylococcus aureus,28050801650_H2,S,S,,S,S,,,,,,,S,S,S,S,S,S,S,S,S,,,,,,,,,,,,,,,,,,,,,,,,,,,,,,,,,,,,,../data/driams/downloads/DRIAMS-C/id/2018/2018_clean.csv,28050801650_H2,28050801650_H2,1280.0,Staphylococcus
Staphylococcus aureus,28050804090_G2,S,R,,S,S,,,,,,,S,S,S,S,S,S,R,S,S,,,,,,,,,,,,,,,,,,,,,,,,,,,,,,,,,,,,,../data/driams/downloads/DRIAMS-C/id/2018/2018_clean.csv,28050804090_G2,28050804090_G2,1280.0,Staphylococcus
Staphylococcus aureus,28050804090_G4,S,R,,S,S,,,,,,,S,S,S,S,S,S,R,S,S,,,,,,,,,,,,,,,,,,,,,,,,,,,,,,,,,,,,,../data/driams/downloads/DRIAMS-C/id/2018/2018_clean.csv,28050804090_G4,28050804090_G4,1280.0,Staphylococcus
Staphylococcus aureus,28050804650_F3,S,R,,S,S,,,,,,,S,S,S,S,S,S,R,S,S,,,,,,,,,,,,,,,,,,,,,,,,,,,,,,,,,,,,,../data/driams/downloads/DRIAMS-C/id/2018/2018_clean.csv,28050804650_F3,28050804650_F3,1280.0,Staphylococcus
Klebsiella pneumoniae,28050804650_F4,R,R,R,S,S,S,S,,,,S,S,,,,,,,,,,,R,,,S,S,S,,,,,,,,,,,,,,,,,,,,,,,,,,,,,../data/driams/downloads/DRIAMS-C/id/2018/2018_clean.csv,28050804650_F4,28050804650_F4,573.0,Klebsiella
Klebsiella pneumoniae,28050804650_H5,R,R,R,S,S,S,S,,,,S,S,,,,,,,,,,,R,,,S,S,S,,,,,,,,,,,,,,,,,,,,,,,,,,,,,../data/driams/downloads/DRIAMS-C/id/2018/2018_clean.csv,28050804650_H5,28050804650_H5,573.0,Klebsiella
Staphylococcus aureus,28050805340_A9,S,S,,S,S,,,,,,,S,S,S,S,S,S,S,S,S,,,,,,,,,,,,,,,,,,,,,,,,,,,,,,,,,,,,,../data/driams/downloads/DRIAMS-C/id/2018/2018_clean.csv,28050805340_A9,28050805340_A9,1280.0,Staphylococcus
Enterococcus faecalis,28050806610_D10,S,S,,,,,,S,,,,I,,,,,R,,,,,R,S,,,,,,,,,,,,,,,,,,,,,,,,,,,,,,,,,,../data/driams/downloads/DRIAMS-C/id/2018/2018_clean.csv,28050806610_D10,28050806610_D10,1351.0,Enterococcus
Aerococcus sanguinicola,28050806610_D11,S,S,,R,,,,S,,,,,,,,,,,,,,,,,,,,,,,,,,,,,,,,,,,,,,,,,,,,,,,,,../data/driams/downloads/DRIAMS-C/id/2018/2018_clean.csv,28050806610_D11,28050806610_D11,119206.0,Aerococcus
Enterococcus faecalis,28050806610_B4,S,S,,,,,,S,,,,I,,,,,R,,,,,R,S,,,,,,,,,,,,,,,,,,,,,,,,,,,,,,,,,,../data/driams/downloads/DRIAMS-C/id/2018/2018_clean.csv,28050806610_B4,28050806610_B4,1351.0,Enterococcus
Aerococcus sanguinicola,28050806610_B6,S,S,,R,,,,S,,,,,,,,,,,,,,,,,,,,,,,,,,,,,,,,,,,,,,,,,,,,,,,,,../data/driams/downloads/DRIAMS-C/id/2018/2018_clean.csv,28050806610_B6,28050806610_B6,119206.0,Aerococcus
Enterococcus faecalis,28050806610_B7,S,S,,,,,,S,,,,I,,,,,R,,,,,R,S,,,,,,,,,,,,,,,,,,,,,,,,,,,,,,,,,,../data/driams/downloads/DRIAMS-C/id/2018/2018_clean.csv,28050806610_B7,28050806610_B7,1351.0,Enterococcus
Escherichia coli,28050808040_B1,S,S,S,S,S,S,S,,,,S,S,,,,,,,,,,,S,,,S,S,S,,,,,,,,,,,,,,,,,,,,,,,,,,,,,../data/driams/downloads/DRIAMS-C/id/2018/2018_clean.csv,28050808040_B1,28050808040_B1,562.0,Escherichia
Enterococcus faecalis,28050808040_B5,S,S,,,R,,,,,,,,,R,,,R,,,S,S,R,S,,,,,,,,,,,,,,,,,,,,,,,,,,,,,,,,,,../data/driams/downloads/DRIAMS-C/id/2018/2018_clean.csv,28050808040_B5,28050808040_B5,1351.0,Enterococcus
Proteus mirabilis,28050809400_E4,S,S,S,S,S,S,S,,,,R,S,,,,,,,,,,,S,,,S,S,S,,,,,,,,,,,,,,,,,,,,,,,,,,,,,../data/driams/downloads/DRIAMS-C/id/2018/2018_clean.csv,28050809400_E4,28050809400_E4,584.0,Proteus
Proteus mirabilis,28050809400_E5,S,S,S,S,S,S,S,,,,R,S,,,,,,,,,,,S,,,S,S,S,,,,,,,,,,,,,,,,,,,,,,,,,,,,,../data/driams/downloads/DRIAMS-C/id/2018/2018_clean.csv,28050809400_E5,28050809400_E5,584.0,Proteus
Proteus mirabilis,28050809400_E6,S,S,S,S,S,S,S,,,,R,S,,,,,,,,,,,S,,,S,S,S,,,,,,,,,,,,,,,,,,,,,,,,,,,,,../data/driams/downloads/DRIAMS-C/id/2018/2018_clean.csv,28050809400_E6,28050809400_E6,584.0,Proteus
Proteus mirabilis,28050809400_E8,S,S,S,S,S,S,S,,,,R,S,,,,,,,,,,,S,,,S,S,S,,,,,,,,,,,,,,,,,,,,,,,,,,,,,../data/driams/downloads/DRIAMS-C/id/2018/2018_clean.csv,28050809400_E8,28050809400_E8,584.0,Proteus
Enterococcus faecalis,28050809410_E7,S,S,,,R,,,,,,,,,R,,,R,,,S,S,R,S,,,,,,,,,,,,,,,,,,,,,,,,,,,,,,,,,,../data/driams/downloads/DRIAMS-C/id/2018/2018_clean.csv,28050809410_E7,28050809410_E7,1351.0,Enterococcus
Enterococcus faecalis,28050809410_F1,S,S,,,R,,,,,,,,,R,,,R,,,S,S,R,S,,,,,,,,,,,,,,,,,,,,,,,,,,,,,,,,,,../data/driams/downloads/DRIAMS-C/id/2018/2018_clean.csv,28050809410_F1,28050809410_F1,1351.0,Enterococcus
Enterococcus faecalis,28050809410_F2,S,S,,,R,,,,,,,,,R,,,R,,,S,S,R,S,,,,,,,,,,,,,,,,,,,,,,,,,,,,,,,,,,../data/driams/downloads/DRIAMS-C/id/2018/2018_clean.csv,28050809410_F2,28050809410_F2,1351.0,Enterococcus
Enterococcus faecalis,28050809410_F4,S,S,,,R,,,,,,,,,R,,,R,,,S,S,R,S,,,,,,,,,,,,,,,,,,,,,,,,,,,,,,,,,,../data/driams/downloads/DRIAMS-C/id/2018/2018_clean.csv,28050809410_F4,28050809410_F4,1351.0,Enterococcus
Pseudomonas aeruginosa,28050809760_E10,R,R,S,S,S,R,R,,,,S,R,,,,,,,,,,,S,,,S,S,S,,,,,,,,,,,,,,,,,,,,,,,,,,,,,../data/driams/downloads/DRIAMS-C/id/2018/2018_clean.csv,28050809760_E10,28050809760_E10,287.0,Pseudomonas
Enterococcus faecalis,28050809760_E11,S,S,,,R,,,S,,,,,,R,,,R,,,S,S,R,S,,,,,,,,,,,,,,,,,,,,,,,,,,,,,,,,,,../data/driams/downloads/DRIAMS-C/id/2018/2018_clean.csv,28050809760_E11,28050809760_E11,1351.0,Enterococcus
Enterococcus faecalis,28050809920_F2,S,S,,,,,,S,,,,I,,,,,R,,,,,R,S,,,,,,,,,,,,,,,,,,,,,,,,,,,,,,,,,,../data/driams/downloads/DRIAMS-C/id/2018/2018_clean.csv,28050809920_F2,28050809920_F2,1351.0,Enterococcus
Escherichia coli,28050810020_F3,S,R,R,S,S,R,R,S,S,S,S,S,,,,,,,,,,,S,,,S,R,S,,,,,,,,,,,,,,,,,,,,,,,,,,,,,../data/driams/downloads/DRIAMS-C/id/2018/2018_clean.csv,28050810020_F3,28050810020_F3,562.0,Escherichia
Escherichia coli,28050810020_F4,S,R,R,S,S,R,R,S,S,S,S,S,,,,,,,,,,,S,,,S,R,S,,,,,,,,,,,,,,,,,,,,,,,,,,,,,../data/driams/downloads/DRIAMS-C/id/2018/2018_clean.csv,28050810020_F4,28050810020_F4,562.0,Escherichia
Citrobacter koseri,28050812090_E10,S,R,S,S,S,S,S,,,,S,S,,,,,,,,,,,S,,,S,S,S,,,,,,,,,,,,,,,,,,,,,,,,,,,,,../data/driams/downloads/DRIAMS-C/id/2018/2018_clean.csv,28050812090_E10,28050812090_E10,545.0,Citrobacter
Escherichia coli,28050812090_H8,S,S,S,S,S,S,S,,,,S,S,,,,,,,,,,,S,,,S,S,S,,,,,,,,,,,,,,,,,,,,,,,,,,,,,../data/driams/downloads/DRIAMS-C/id/2018/2018_clean.csv,28050812090_H8,28050812090_H8,562.0,Escherichia
Escherichia coli,28050812910_F10,R,R,S,R,R,S,S,S,S,R,S,S,,,,,,,,,,,S,,,S,S,S,,,,,,,,,,,,,,,,,,,,,,,,,,,,,../data/driams/downloads/DRIAMS-C/id/2018/2018_clean.csv,28050812910_F10,28050812910_F10,562.0,Escherichia
Pseudomonas aeruginosa,28050812910_F9,R,R,S,S,S,R,R,,,,S,R,,,,,,,,,,,S,,,S,S,S,,,,,,,,,,,,,,,,,,,,,,,,,,,,,../data/driams/downloads/DRIAMS-C/id/2018/2018_clean.csv,28050812910_F9,28050812910_F9,287.0,Pseudomonas
Klebsiella pneumoniae,28050812920_F12,S,R,S,S,S,S,S,S,R,S,S,S,,,,,,,,,,,,,,,,,,,,,,,,,,,,,,,,,,,,,,,,,,,,,../data/driams/downloads/DRIAMS-C/id/2018/2018_clean.csv,28050812920_F12,28050812920_F12,573.0,Klebsiella
Klebsiella pneumoniae,28050812920_G1,S,R,S,S,S,S,S,S,R,S,S,S,,,,,,,,,,,,,,,,,,,,,,,,,,,,,,,,,,,,,,,,,,,,,../data/driams/downloads/DRIAMS-C/id/2018/2018_clean.csv,28050812920_G1,28050812920_G1,573.0,Klebsiella
Escherichia coli,28050813380_G3,R,R,S,R,S,S,R,S,S,R,S,R,,,,,,,,,,,S,,,S,S,S,,,,,,,,,,,,,,,,,,,,,,,,,,,,,../data/driams/downloads/DRIAMS-C/id/2018/2018_clean.csv,28050813380_G3,28050813380_G3,562.0,Escherichia
Pseudomonas aeruginosa,28050813380_G4,R,R,S,S,S,R,R,,,,S,R,,,,,,,,,,,S,,,S,S,S,,,,,,,,,,,,,,,,,,,,,,,,,,,,,../data/driams/downloads/DRIAMS-C/id/2018/2018_clean.csv,28050813380_G4,28050813380_G4,287.0,Pseudomonas
Staphylococcus aureus,28050901310_A1,S,R,,S,S,,,,,,,S,S,S,S,S,S,R,S,S,,,,,,,,,,,,,,,,,,,,,,,,,,,,,,,,,,,,,../data/driams/downloads/DRIAMS-C/id/2018/2018_clean.csv,28050901310_A1,28050901310_A1,1280.0,Staphylococcus
Staphylococcus aureus,28050901310_A2,S,R,,S,S,,,,,,,S,S,S,S,S,S,R,S,S,,,,,,,,,,,,,,,,,,,,,,,,,,,,,,,,,,,,,../data/driams/downloads/DRIAMS-C/id/2018/2018_clean.csv,28050901310_A2,28050901310_A2,1280.0,Staphylococcus
Acinetobacter johnsonii,28050906280_C6,R,R,I,S,S,R,R,,,,S,S,,,,,,,,,,,S,,,S,I,S,,,,,,,,,,,,,,,,,,,,,,,,,,,,,../data/driams/downloads/DRIAMS-C/id/2018/2018_clean.csv,28050906280_C6,28050906280_C6,40214.0,Acinetobacter
Streptococcus pneumoniae,28050906720_E12,S,S,,,R,,,,,,,S,S,S,S,,S,S,,S,,,,,S,,,,,,,,,,,,,,,,,,,,,,,,,,,,,,,,../data/driams/downloads/DRIAMS-C/id/2018/2018_clean.csv,28050906720_E12,28050906720_E12,1313.0,Streptococcus
Haemophilus influenzae,28050906740_F1,S,S,,S,,S,S,,,,,,I,,,,,S,,,,,,,,,,,,,,,,,,,,,,,,,,,,,,,,,,,,,,,../data/driams/downloads/DRIAMS-C/id/2018/2018_clean.csv,28050906740_F1,28050906740_F1,727.0,Haemophilus
Pseudomonas aeruginosa,28050909280_C5,R,R,S,S,S,R,R,,,,S,R,,,,,,,,,,,S,,,S,R,R,,,,,,,,,,,,,,,S,,,,,,,,,,,,,,../data/driams/downloads/DRIAMS-C/id/2018/2018_clean.csv,28050909280_C5,28050909280_C5,287.0,Pseudomonas
Enterococcus faecalis,28050909280_C6,S,S,,,,,,S,,,,I,,,,,R,,,,,R,S,,,,,,,,,,,,,,,,,,,,,,,,,,,,,,,,,,../data/driams/downloads/DRIAMS-C/id/2018/2018_clean.csv,28050909280_C6,28050909280_C6,1351.0,Enterococcus
Pseudomonas aeruginosa,28050909280_E6,R,R,S,S,S,R,R,,,,S,R,,,,,,,,,,,S,,,S,R,R,,,,,,,,,,,,,,,S,,,,,,,,,,,,,,../data/driams/downloads/DRIAMS-C/id/2018/2018_clean.csv,28050909280_E6,28050909280_E6,287.0,Pseudomonas
Klebsiella pneumoniae,28050910210_C7,S,R,S,S,S,S,S,S,R,S,S,S,,,,,,,,,,,,,,,,,,,,,,,,,,,,,,,,,,,,,,,,,,,,,../data/driams/downloads/DRIAMS-C/id/2018/2018_clean.csv,28050910210_C7,28050910210_C7,573.0,Klebsiella
Staphylococcus aureus,28050911380_F6,S,R,,S,S,,,,,,,S,S,S,S,S,S,R,S,S,,,,,,,,,,,,,,,,,,,,,,,,,,,,,,,,,,,,,../data/driams/downloads/DRIAMS-C/id/2018/2018_clean.csv,28050911380_F6,28050911380_F6,1280.0,Staphylococcus
Enterococcus faecalis,28050912730_D4,S,S,,,,,,S,,,,I,,,,,R,,,,,R,S,,,,,,,,,,,,,,,,,,,,,,,,,,,,,,,,,,../data/driams/downloads/DRIAMS-C/id/2018/2018_clean.csv,28050912730_D4,28050912730_D4,1351.0,Enterococcus
Escherichia coli,28051003020_H5,S,R,S,R,S,S,S,,,,S,R,,,,,,,,,,,S,,,S,S,S,,,,,,,,,,,,,,,,,,,,,,,,,,,,,../data/driams/downloads/DRIAMS-C/id/2018/2018_clean.csv,28051003020_H5,28051003020_H5,562.0,Escherichia
Staphylococcus aureus,28051003360_G3,R,R,,R,S,,,,,,,R,R,R,R,S,R,R,S,S,,S,,,,,,,,,,,,,,,,,,,,,,,,,,,,,,,,,,,../data/driams/downloads/DRIAMS-C/id/2018/2018_clean.csv,28051003360_G3,28051003360_G3,1280.0,Staphylococcus
Staphylococcus aureus,28051004620_B2,S,S,,S,S,,,,,,,S,S,S,S,S,S,S,S,S,,,,,,,,,,,,,,,,,,,,,,,,,,,,,,,,,,,,,../data/driams/downloads/DRIAMS-C/id/2018/2018_clean.csv,28051004620_B2,28051004620_B2,1280.0,Staphylococcus
Staphylococcus aureus,28051004620_B4,S,S,,S,S,,,,,,,S,S,S,S,S,S,S,S,S,,,,,,,,,,,,,,,,,,,,,,,,,,,,,,,,,,,,,../data/driams/downloads/DRIAMS-C/id/2018/2018_clean.csv,28051004620_B4,28051004620_B4,1280.0,Staphylococcus
Escherichia coli,28051005660_D10,S,S,S,S,S,S,S,S,S,S,S,R,,,,,,,,,,,,,,,,,,,,,,,,,,,,,,,,,,,,,,,,,,,,,../data/driams/downloads/DRIAMS-C/id/2018/2018_clean.csv,28051005660_D10,28051005660_D10,562.0,Escherichia
Enterococcus faecalis,28051105250_E4,S,S,,,,,,S,,,,I,,,,,R,,,,,R,S,,,,,,,,,,,,,,,,,,,,,,,,,,,,,,,,,,../data/driams/downloads/DRIAMS-C/id/2018/2018_clean.csv,28051105250_E4,28051105250_E4,1351.0,Enterococcus
Enterococcus faecalis,28051108450_E10,S,S,,,,,,S,,,,I,,,,,R,,,,,R,S,,,,,,,,,,,,,,,,,,,,,,,,,,,,,,,,,,../data/driams/downloads/DRIAMS-C/id/2018/2018_clean.csv,28051108450_E10,28051108450_E10,1351.0,Enterococcus
Enterococcus faecalis,28051108450_G6,S,S,,,,,,S,,,,I,,,,,R,,,,,R,S,,,,,,,,,,,,,,,,,,,,,,,,,,,,,,,,,,../data/driams/downloads/DRIAMS-C/id/2018/2018_clean.csv,28051108450_G6,28051108450_G6,1351.0,Enterococcus
Escherichia coli,28051108560_E12,S,R,I,R,S,R,R,S,S,R,S,R,,,,,,,,,,,S,,,S,S,S,,,,,,,,,,,,,,,,,,,,,,,,,,,,,../data/driams/downloads/DRIAMS-C/id/2018/2018_clean.csv,28051108560_E12,28051108560_E12,562.0,Escherichia
Pseudomonas aeruginosa,28051108590_F2,R,R,S,S,S,R,R,R,R,S,S,R,,,,,,,,,,,S,,,S,S,S,,,,,,,,,,,,,,,,,,,,,,,,,,,,,../data/driams/downloads/DRIAMS-C/id/2018/2018_clean.csv,28051108590_F2,28051108590_F2,287.0,Pseudomonas
Klebsiella pneumoniae,28051108590_F3,S,R,S,S,S,S,S,S,S,S,S,S,,,,,,,,,,,S,,,S,S,S,,,,,,,,,,,,,,,,,,,,,,,,,,,,,../data/driams/downloads/DRIAMS-C/id/2018/2018_clean.csv,28051108590_F3,28051108590_F3,573.0,Klebsiella
Klebsiella pneumoniae,28051108590_F4,S,R,S,S,S,S,S,S,S,S,S,S,,,,,,,,,,,S,,,S,S,S,,,,,,,,,,,,,,,,,,,,,,,,,,,,,../data/driams/downloads/DRIAMS-C/id/2018/2018_clean.csv,28051108590_F4,28051108590_F4,573.0,Klebsiella
Staphylococcus aureus,28051108860_C5,R,R,,S,S,,,,,,,S,R,R,S,S,R,R,S,S,,S,,,,,,,,,,,,,,,,,,,,,,,,,,,,,,,,,,,../data/driams/downloads/DRIAMS-C/id/2018/2018_clean.csv,28051108860_C5,28051108860_C5,1280.0,Staphylococcus
Klebsiella aerogenes,28051111810_C11,R,R,S,S,S,S,S,,,,S,S,,,,,,,,,,,S,,,S,S,S,,,,,,,,,,,,,,,,,,,,,,,,,,,,,../data/driams/downloads/DRIAMS-C/id/2018/2018_clean.csv,28051111810_C11,28051111810_C11,548.0,
Escherichia coli,28051111830_E8,R,R,S,S,S,S,S,,,,S,R,,,,,,,,,,,S,,,S,S,S,,,,,,,,,,,,,,,,,,,,,,,,,,,,,../data/driams/downloads/DRIAMS-C/id/2018/2018_clean.csv,28051111830_E8,28051111830_E8,562.0,Escherichia
Proteus mirabilis,28051112280_G1,S,S,S,S,S,S,S,R,S,S,R,S,,,,,,,,,,,,,,,,,,,,,,,,,,,,,,,,,,,,,,,,,,,,,../data/driams/downloads/DRIAMS-C/id/2018/2018_clean.csv,28051112280_G1,28051112280_G1,584.0,Proteus
Citrobacter freundii,28051112300_G2,R,R,S,S,S,S,S,S,S,S,S,S,,,,,,,,,,,,,,,,,,,,,,,,,,,,,,,,,,,,,,,,,,,,,../data/driams/downloads/DRIAMS-C/id/2018/2018_clean.csv,28051112300_G2,28051112300_G2,546.0,Citrobacter
Proteus mirabilis,28051112300_G3,R,R,S,S,S,S,S,R,S,S,R,S,,,,,,,,,,,,,,,,,,,,,,,,,,,,,,,,,,,,,,,,,,,,,../data/driams/downloads/DRIAMS-C/id/2018/2018_clean.csv,28051112300_G3,28051112300_G3,584.0,Proteus
Enterococcus faecalis,28051112300_G4,S,S,,,,,,S,,,,I,,,,,R,,,,,R,S,,,,,,,,,,,,,,,,,,,,,,,,,,,,,,,,,,../data/driams/downloads/DRIAMS-C/id/2018/2018_clean.csv,28051112300_G4,28051112300_G4,1351.0,Enterococcus
Staphylococcus aureus,28051202130_E12,S,R,,S,S,,,,,,,S,R,R,S,S,S,R,S,S,,,,,,,,,,,,,,,,,,,,,,,,,,,,,,,,,,,,,../data/driams/downloads/DRIAMS-C/id/2018/2018_clean.csv,28051202130_E12,28051202130_E12,1280.0,Staphylococcus
Klebsiella oxytoca,28051202630_A11,S,R,S,S,S,S,S,S,S,S,S,S,,,,,,,,,,,,,,,,,,,,,,,,,,,,,,,,,,,,,,,,,,,,,../data/driams/downloads/DRIAMS-C/id/2018/2018_clean.csv,28051202630_A11,28051202630_A11,571.0,Klebsiella
Pseudomonas aeruginosa,28051203190_E1,R,R,S,S,S,R,R,,,,S,R,,,,,,,,,,,S,,,S,S,S,,,,,,,,,,,,,,,,,,,,,,,,,,,,,../data/driams/downloads/DRIAMS-C/id/2018/2018_clean.csv,28051203190_E1,28051203190_E1,287.0,Pseudomonas
Staphylococcus aureus,28051203190_E2,S,R,,R,R,,,,,,,S,R,R,S,S,S,R,S,S,,,,,,,,,,,,,,,,,,,,,,,,,,,,,,,,,,,,,../data/driams/downloads/DRIAMS-C/id/2018/2018_clean.csv,28051203190_E2,28051203190_E2,1280.0,Staphylococcus
Escherichia coli,28051203620_D10,S,S,S,S,S,S,S,,,,S,S,,,,,,,,,,,S,,,S,S,S,,,,,,,,,,,,,,,,,,,,,,,,,,,,,../data/driams/downloads/DRIAMS-C/id/2018/2018_clean.csv,28051203620_D10,28051203620_D10,562.0,Escherichia
Serratia marcescens,28051203620_D11,R,R,S,S,S,S,R,,,,R,S,,,,,,,,,,,S,,,S,S,S,,,,,,,,,,,,,,,,,,,,,,,,,,,,,../data/driams/downloads/DRIAMS-C/id/2018/2018_clean.csv,28051203620_D11,28051203620_D11,615.0,Serratia
Serratia marcescens,28051203620_D12,R,R,S,S,S,S,R,,,,R,S,,,,,,,,,,,S,,,S,S,S,,,,,,,,,,,,,,,,,,,,,,,,,,,,,../data/driams/downloads/DRIAMS-C/id/2018/2018_clean.csv,28051203620_D12,28051203620_D12,615.0,Serratia
Escherichia coli,28051203620_D9,S,S,S,S,S,S,S,,,,S,S,,,,,,,,,,,S,,,S,S,S,,,,,,,,,,,,,,,,,,,,,,,,,,,,,../data/driams/downloads/DRIAMS-C/id/2018/2018_clean.csv,28051203620_D9,28051203620_D9,562.0,Escherichia
Escherichia coli,28051203650_D1,S,R,S,S,S,S,S,,,,S,R,,,,,,,,,,,S,,,S,S,S,,,,,,,,,,,,,,,,,,,,,,,,,,,,,../data/driams/downloads/DRIAMS-C/id/2018/2018_clean.csv,28051203650_D1,28051203650_D1,562.0,Escherichia
Morganella morganii,28051203650_D2,R,R,S,S,S,S,R,,,,R,S,,,,,,,,,,,S,,,S,S,S,,,,,,,,,,,,,,,,,,,,,,,,,,,,,../data/driams/downloads/DRIAMS-C/id/2018/2018_clean.csv,28051203650_D2,28051203650_D2,582.0,Morganella
Morganella morganii,28051203650_D3,R,R,S,S,S,S,R,,,,R,S,,,,,,,,,,,S,,,S,S,S,,,,,,,,,,,,,,,,,,,,,,,,,,,,,../data/driams/downloads/DRIAMS-C/id/2018/2018_clean.csv,28051203650_D3,28051203650_D3,582.0,Morganella
Staphylococcus aureus,28051203650_D5,S,R,,S,S,,,,,,,S,S,S,R,R,S,R,S,S,,,,,,,,,,,,,,,,,,,,,,,,,,,,,,,,,,,,,../data/driams/downloads/DRIAMS-C/id/2018/2018_clean.csv,28051203650_D5,28051203650_D5,1280.0,Staphylococcus
Staphylococcus aureus,28051203650_D6,S,R,,S,S,,,,,,,S,S,S,R,R,S,R,S,S,,,,,,,,,,,,,,,,,,,,,,,,,,,,,,,,,,,,,../data/driams/downloads/DRIAMS-C/id/2018/2018_clean.csv,28051203650_D6,28051203650_D6,1280.0,Staphylococcus
Schaalia odontolytica,28051204820_C7,S,S,,,,S,,,,,,S,S,,,,,,,,,,,,,,,,,,,,,,,,,,,,,,,,,,,,,,,,,,,,../data/driams/downloads/DRIAMS-C/id/2018/2018_clean.csv,28051204820_C7,28051204820_C7,1660.0,
Schaalia odontolytica,28051204820_C8,S,S,,,,S,,,,,,S,S,,,,,,,,,,,,,,,,,,,,,,,,,,,,,,,,,,,,,,,,,,,,../data/driams/downloads/DRIAMS-C/id/2018/2018_clean.csv,28051204820_C8,28051204820_C8,1660.0,
Prevotella denticola,28051204820_C9,S,S,,,,,,,,,,,S,S,,,,S,,,,,,S,,,,,,,,,,,,,,,,,,,,,,,,,,,,,,,,,../data/driams/downloads/DRIAMS-C/id/2018/2018_clean.csv,28051204820_C9,28051204820_C9,28129.0,Prevotella
Klebsiella pneumoniae,28051205600_B5,S,R,S,S,S,S,S,S,R,S,S,S,,,,,,,,,,,S,,,S,S,S,,,,,,,,,,,,,,,,,,,,,,,,,,,,,../data/driams/downloads/DRIAMS-C/id/2018/2018_clean.csv,28051205600_B5,28051205600_B5,573.0,Klebsiella
Pseudomonas aeruginosa,28051205600_B6,R,R,S,S,S,R,R,R,R,S,S,R,,,,,,,,,,,S,,,S,S,S,,,,,,,,,,,,,,,,,,,,,,,,,,,,,../data/driams/downloads/DRIAMS-C/id/2018/2018_clean.csv,28051205600_B6,28051205600_B6,287.0,Pseudomonas
Klebsiella pneumoniae,28051205600_B7,S,R,S,S,S,S,S,S,R,S,S,S,,,,,,,,,,,S,,,S,S,S,,,,,,,,,,,,,,,,,,,,,,,,,,,,,../data/driams/downloads/DRIAMS-C/id/2018/2018_clean.csv,28051205600_B7,28051205600_B7,573.0,Klebsiella
Staphylococcus aureus,28051302220_F3,S,R,,S,S,,,,,,,S,S,S,S,S,S,R,S,S,,,,,,,,,,,,,,,,,,,,,,,,,,,,,,,,,,,,,../data/driams/downloads/DRIAMS-C/id/2018/2018_clean.csv,28051302220_F3,28051302220_F3,1280.0,Staphylococcus
Enterococcus faecalis,28051302220_F4,S,S,,,R,,,,,,,,,R,,,R,,,S,S,R,S,,,,,,,,,,,,,,,,,,,,,,,,,,,,,,,,,,../data/driams/downloads/DRIAMS-C/id/2018/2018_clean.csv,28051302220_F4,28051302220_F4,1351.0,Enterococcus
Streptococcus pneumoniae,28051302480_B6,S,S,,,R,,,,,,,S,S,S,S,,S,S,,S,,,,,S,,,,,,,,,,,,,,,,,,,,,,,,,,,,,,,,../data/driams/downloads/DRIAMS-C/id/2018/2018_clean.csv,28051302480_B6,28051302480_B6,1313.0,Streptococcus
Klebsiella aerogenes,28051405680_D2,R,R,R,S,S,R,R,S,R,S,S,S,,,,,,,,,,,R,,,S,S,S,,,,,,,,,,,,,,,,,,,,,,,,,,,,,../data/driams/downloads/DRIAMS-C/id/2018/2018_clean.csv,28051405680_D2,28051405680_D2,548.0,
Klebsiella aerogenes,28051405680_D3,R,R,R,S,S,R,R,S,R,S,S,S,,,,,,,,,,,R,,,S,S,S,,,,,,,,,,,,,,,,,,,,,,,,,,,,,../data/driams/downloads/DRIAMS-C/id/2018/2018_clean.csv,28051405680_D3,28051405680_D3,548.0,
Staphylococcus aureus,28051405890_F8,S,R,,S,S,,,,,,,S,S,S,S,S,S,R,S,S,,,,,,,,,,,,,,,,,,,,,,,,,,,,,,,,,,,,,../data/driams/downloads/DRIAMS-C/id/2018/2018_clean.csv,28051405890_F8,28051405890_F8,1280.0,Staphylococcus
Escherichia coli,28051408080_C5,S,S,S,S,S,S,S,S,S,S,S,S,,,,,,,,,,,S,,,S,S,S,,,,,,,,,,,,,,,,,,,,,,,,,,,,,../data/driams/downloads/DRIAMS-C/id/2018/2018_clean.csv,28051408080_C5,28051408080_C5,562.0,Escherichia
Klebsiella pneumoniae,28051408080_E7,S,R,S,S,S,S,S,S,R,S,S,S,,,,,,,,,,,S,,,S,S,S,,,,,,,,,,,,,,,,,,,,,,,,,,,,,../data/driams/downloads/DRIAMS-C/id/2018/2018_clean.csv,28051408080_E7,28051408080_E7,573.0,Klebsiella
Escherichia coli,28051408630_F10,S,S,S,S,S,S,S,,,,S,S,,,,,,,,,,,S,,,S,S,S,,,,,,,,,,,,,,,,,,,,,,,,,,,,,../data/driams/downloads/DRIAMS-C/id/2018/2018_clean.csv,28051408630_F10,28051408630_F10,562.0,Escherichia
Enterococcus faecalis,28051408630_F11,S,S,,,R,,,,,,,,,R,,,R,,,S,S,R,S,,,,,,,,,,,,,,,,,,,,,,,,,,,,,,,,,,../data/driams/downloads/DRIAMS-C/id/2018/2018_clean.csv,28051408630_F11,28051408630_F11,1351.0,Enterococcus
Klebsiella pneumoniae,28051409180_G3,S,R,S,S,S,S,S,,,,S,S,,,,,,,,,,,S,,,S,S,S,,,,,,,,,,,,,,,,,,,,,,,,,,,,,../data/driams/downloads/DRIAMS-C/id/2018/2018_clean.csv,28051409180_G3,28051409180_G3,573.0,Klebsiella
Klebsiella pneumoniae,28051409180_G4,S,R,S,S,S,S,S,,,,S,S,,,,,,,,,,,S,,,S,S,S,,,,,,,,,,,,,,,,,,,,,,,,,,,,,../data/driams/downloads/DRIAMS-C/id/2018/2018_clean.csv,28051409180_G4,28051409180_G4,573.0,Klebsiella
Staphylococcus aureus,28051409780_F6,S,S,,S,S,,,,,,,S,S,S,S,S,S,S,S,S,,,,,,,,,,,,,,,,,,,,,,,,,,,,,,,,,,,,,../data/driams/downloads/DRIAMS-C/id/2018/2018_clean.csv,28051409780_F6,28051409780_F6,1280.0,Staphylococcus
Pseudomonas aeruginosa,28051410570_D10,R,R,S,S,S,R,R,,,,S,R,,,,,,,,,,,S,,,S,S,S,,,,,,,,,,,,,,,,,,,,,,,,,,,,,../data/driams/downloads/DRIAMS-C/id/2018/2018_clean.csv,28051410570_D10,28051410570_D10,287.0,Pseudomonas
Staphylococcus aureus,28051410590_D12,S,R,,S,S,,,S,,S,,S,,,,,S,R,,,,,,,,,,,,,,,S,,,,,,,,,,,,,,,,,,,,,,,,../data/driams/downloads/DRIAMS-C/id/2018/2018_clean.csv,28051410590_D12,28051410590_D12,1280.0,Staphylococcus
Enterobacter cloacae,28051410660_E1,R,R,S,S,S,S,S,S,R,S,S,S,,,,,,,,,,,,,,,,,,,,,,,,,,,,,,,,,,,,,,,,,,,,,../data/driams/downloads/DRIAMS-C/id/2018/2018_clean.csv,28051410660_E1,28051410660_E1,550.0,Enterobacter
Enterobacter cloacae,28051410660_E2,R,R,S,S,S,S,S,S,R,S,S,S,,,,,,,,,,,,,,,,,,,,,,,,,,,,,,,,,,,,,,,,,,,,,../data/driams/downloads/DRIAMS-C/id/2018/2018_clean.csv,28051410660_E2,28051410660_E2,550.0,Enterobacter
Pseudomonas aeruginosa,28051412760_C10,R,R,S,S,S,R,R,,,,S,R,,,,,,,,,,,S,,,S,S,S,,,,,,,,,,,,,,,,,,,,,,,,,,,,,../data/driams/downloads/DRIAMS-C/id/2018/2018_clean.csv,28051412760_C10,28051412760_C10,287.0,Pseudomonas
Pseudomonas aeruginosa,28051412760_C11,R,R,S,S,S,R,R,,,,S,R,,,,,,,,,,,S,,,S,S,S,,,,,,,,,,,,,,,,,,,,,,,,,,,,,../data/driams/downloads/DRIAMS-C/id/2018/2018_clean.csv,28051412760_C11,28051412760_C11,287.0,Pseudomonas
Pseudomonas aeruginosa,28051412760_C8,R,R,S,S,S,R,R,,,,S,R,,,,,,,,,,,S,,,S,S,S,,,,,,,,,,,,,,,,,,,,,,,,,,,,,../data/driams/downloads/DRIAMS-C/id/2018/2018_clean.csv,28051412760_C8,28051412760_C8,287.0,Pseudomonas
Enterococcus faecalis,28051412760_C9,S,S,,,,,,S,,,,I,,,,,R,,,,,R,S,,,,,,,,,,,,,,,,,,,,,,,,,,,,,,,,,,../data/driams/downloads/DRIAMS-C/id/2018/2018_clean.csv,28051412760_C9,28051412760_C9,1351.0,Enterococcus
Proteus mirabilis,28051412820_E3,S,R,S,S,S,R,R,R,R,S,R,S,,,,,,,,,,,S,,,S,R,S,,,,,,,,,,,,,,,,,,,,,,,,,,,,,../data/driams/downloads/DRIAMS-C/id/2018/2018_clean.csv,28051412820_E3,28051412820_E3,584.0,Proteus
Proteus mirabilis,28051412820_B10,S,R,S,S,S,R,R,R,R,S,R,S,,,,,,,,,,,S,,,S,R,S,,,,,,,,,,,,,,,,,,,,,,,,,,,,,../data/driams/downloads/DRIAMS-C/id/2018/2018_clean.csv,28051412820_B10,28051412820_B10,584.0,Proteus
Klebsiella pneumoniae,28051413330_F3,S,R,S,S,S,S,S,,,,S,R,,,,,,,,,,,S,,,S,S,S,,,,,,,,,,,,,,,,,,,,,,,,,,,,,../data/driams/downloads/DRIAMS-C/id/2018/2018_clean.csv,28051413330_F3,28051413330_F3,573.0,Klebsiella
Enterococcus faecium,28051413330_F4,R,R,,,R,,,,,,,,,R,,,R,,,S,S,S,R,,,,,,,,,,,,,,,,,,,,,,,,,,,,,,,,,,../data/driams/downloads/DRIAMS-C/id/2018/2018_clean.csv,28051413330_F4,28051413330_F4,1352.0,Enterococcus
Klebsiella pneumoniae,28051413330_A10,S,R,S,S,S,S,S,,,,S,R,,,,,,,,,,,S,,,S,S,S,,,,,,,,,,,,,,,,,,,,,,,,,,,,,../data/driams/downloads/DRIAMS-C/id/2018/2018_clean.csv,28051413330_A10,28051413330_A10,573.0,Klebsiella
Enterobacter cloacae,28051413330_A9,R,R,S,S,S,S,S,,,,S,S,,,,,,,,,,,S,,,S,S,S,,,,,,,,,,,,,,,,,,,,,,,,,,,,,../data/driams/downloads/DRIAMS-C/id/2018/2018_clean.csv,28051413330_A9,28051413330_A9,550.0,Enterobacter
Klebsiella pneumoniae,28051413330_C5,S,R,S,S,S,S,S,,,,S,R,,,,,,,,,,,S,,,S,S,S,,,,,,,,,,,,,,,,,,,,,,,,,,,,,../data/driams/downloads/DRIAMS-C/id/2018/2018_clean.csv,28051413330_C5,28051413330_C5,573.0,Klebsiella
Klebsiella pneumoniae,28051501710_E1,S,R,S,S,S,S,S,,,,S,S,,,,,,,,,,,S,,,S,S,S,,,,,,,,,,,,,,,,,,,,,,,,,,,,,../data/driams/downloads/DRIAMS-C/id/2018/2018_clean.csv,28051501710_E1,28051501710_E1,573.0,Klebsiella
Escherichia coli,28051501710_E2,R,R,S,S,S,S,S,,,,S,S,,,,,,,,,,,S,,,S,S,S,,,,,,,,,,,,,,,,,,,,,,,,,,,,,../data/driams/downloads/DRIAMS-C/id/2018/2018_clean.csv,28051501710_E2,28051501710_E2,562.0,Escherichia
Staphylococcus aureus,28051502040_C1,S,R,,S,S,,,,,,,S,S,S,S,S,S,R,S,S,,,,,,,,,,,,,,,,,,,,,,,,,,,,,,,,,,,,,../data/driams/downloads/DRIAMS-C/id/2018/2018_clean.csv,28051502040_C1,28051502040_C1,1280.0,Staphylococcus
Enterococcus faecalis,28051502040_C2,S,S,,,R,,,,,,,,,R,,,R,,,S,S,R,S,,,,,,,,,,,,,,,,,,,,,,,,,,,,,,,,,,../data/driams/downloads/DRIAMS-C/id/2018/2018_clean.csv,28051502040_C2,28051502040_C2,1351.0,Enterococcus
Staphylococcus aureus,28051502040_C3,S,R,,S,S,,,,,,,S,S,S,S,S,S,R,S,S,,,,,,,,,,,,,,,,,,,,,,,,,,,,,,,,,,,,,../data/driams/downloads/DRIAMS-C/id/2018/2018_clean.csv,28051502040_C3,28051502040_C3,1280.0,Staphylococcus
Enterococcus faecalis,28051502040_E1,S,S,,,R,,,,,,,,,R,,,R,,,S,S,R,S,,,,,,,,,,,,,,,,,,,,,,,,,,,,,,,,,,../data/driams/downloads/DRIAMS-C/id/2018/2018_clean.csv,28051502040_E1,28051502040_E1,1351.0,Enterococcus
Enterobacter cloacae,28051502060_D10,R,R,S,S,S,S,R,,,,S,S,,,,,,,,,,,S,,,S,S,S,,,,,,,,,,,,,,,,,,,,,,,,,,,,,../data/driams/downloads/DRIAMS-C/id/2018/2018_clean.csv,28051502060_D10,28051502060_D10,550.0,Enterobacter
Enterobacter cloacae,28051502060_D12,R,R,S,S,S,S,R,,,,S,S,,,,,,,,,,,S,,,S,S,S,,,,,,,,,,,,,,,,,,,,,,,,,,,,,../data/driams/downloads/DRIAMS-C/id/2018/2018_clean.csv,28051502060_D12,28051502060_D12,550.0,Enterobacter
Prevotella bivia,28051502080_D7,S,S,,,,,,,,,,,S,S,,,,S,,,,,,S,,,,,,,,,,,,,,,,,,,,,,,,,,,,,,,,,../data/driams/downloads/DRIAMS-C/id/2018/2018_clean.csv,28051502080_D7,28051502080_D7,28125.0,Prevotella
Proteus mirabilis,28051508810_A12,S,S,S,S,S,S,S,,,,R,S,,,,,,,,,,,S,,,S,S,S,,,,,,,,,,,,,,,,,,,,,,,,,,,,,../data/driams/downloads/DRIAMS-C/id/2018/2018_clean.csv,28051508810_A12,28051508810_A12,584.0,Proteus
Staphylococcus aureus,28051508810_B1,S,R,,S,S,,,,,,,S,S,S,S,S,S,R,S,S,,,,,,,,,,,,,,,,,,,,,,,,,,,,,,,,,,,,,../data/driams/downloads/DRIAMS-C/id/2018/2018_clean.csv,28051508810_B1,28051508810_B1,1280.0,Staphylococcus
Pseudomonas aeruginosa,28051508810_B2,R,R,S,S,S,R,R,,,,S,R,,,,,,,,,,,S,,,S,S,S,,,,,,,,,,,,,,,,,,,,,,,,,,,,,../data/driams/downloads/DRIAMS-C/id/2018/2018_clean.csv,28051508810_B2,28051508810_B2,287.0,Pseudomonas
Proteus mirabilis,28051508850_F4,S,S,S,S,S,S,S,R,R,S,R,S,,,,,,,,,,,,,,,,,,,,,,,,,,,,,,,,,,,,,,,,,,,,,../data/driams/downloads/DRIAMS-C/id/2018/2018_clean.csv,28051508850_F4,28051508850_F4,584.0,Proteus
Proteus mirabilis,28051508900_F7,S,S,S,S,S,S,S,R,R,S,R,S,,,,,,,,,,,,,,,,,,,,,,,,,,,,,,,,,,,,,,,,,,,,,../data/driams/downloads/DRIAMS-C/id/2018/2018_clean.csv,28051508900_F7,28051508900_F7,584.0,Proteus
Rahnella aquatilis,28051509080_B9,R,R,S,S,S,S,R,,,,S,S,,,,,,,,,,,S,,,S,S,S,,,,,,,,,,,,,,,,,,,,,,,,,,,,,../data/driams/downloads/DRIAMS-C/id/2018/2018_clean.csv,28051509080_B9,28051509080_B9,34038.0,Rahnella
Klebsiella pneumoniae,28051509140_B8,S,R,S,S,S,S,S,,,,S,S,,,,,,,,,,,S,,,S,S,S,,,,,,,,,,,,,,,,,,,,,,,,,,,,,../data/driams/downloads/DRIAMS-C/id/2018/2018_clean.csv,28051509140_B8,28051509140_B8,573.0,Klebsiella
Finegoldia magna,28051512250_C11,S,S,,,,,,,,,,,S,S,,,,S,,,,,,S,,,,,,,,,,,,,,,,,,,,,,,,,,,,,,,,,../data/driams/downloads/DRIAMS-C/id/2018/2018_clean.csv,28051512250_C11,28051512250_C11,1260.0,Finegoldia
Finegoldia magna,28051512250_G12,S,S,,,,,,,,,,,S,S,,,,S,,,,,,S,,,,,,,,,,,,,,,,,,,,,,,,,,,,,,,,,../data/driams/downloads/DRIAMS-C/id/2018/2018_clean.csv,28051512250_G12,28051512250_G12,1260.0,Finegoldia
Proteus vulgaris,28051512420_B1,S,R,S,S,S,S,R,,,,R,S,,,,,,,,,,,S,,,S,S,S,,,,,,,,,,,,,,,,,,,,,,,,,,,,,../data/driams/downloads/DRIAMS-C/id/2018/2018_clean.csv,28051512420_B1,28051512420_B1,585.0,Proteus
Proteus vulgaris,28051512420_C9,S,R,S,S,S,S,R,,,,R,S,,,,,,,,,,,S,,,S,S,S,,,,,,,,,,,,,,,,,,,,,,,,,,,,,../data/driams/downloads/DRIAMS-C/id/2018/2018_clean.csv,28051512420_C9,28051512420_C9,585.0,Proteus
Haemophilus parainfluenzae,28051512460_A12,S,S,,S,,S,S,,,,,,I,,,,,R,,,,,,,,,,,,,,,,,,,,,,,,,,,,,,,,,,,,,,,../data/driams/downloads/DRIAMS-C/id/2018/2018_clean.csv,28051512460_A12,28051512460_A12,729.0,Haemophilus
Staphylococcus aureus,28051513160_B10,S,R,,S,S,,,,,,,S,R,R,S,S,S,R,S,S,,,,,,,,,,,,,,,,,,,,,,,,,,,,,,,,,,,,,../data/driams/downloads/DRIAMS-C/id/2018/2018_clean.csv,28051513160_B10,28051513160_B10,1280.0,Staphylococcus
Pseudomonas aeruginosa,28051607640_F11,R,R,S,S,S,R,R,,,,S,R,,,,,,,,,,,S,,,S,S,S,,,,,,,,,,,,,,,,,,,,,,,,,,,,,../data/driams/downloads/DRIAMS-C/id/2018/2018_clean.csv,28051607640_F11,28051607640_F11,287.0,Pseudomonas
Pseudomonas aeruginosa,28051607660_F10,R,R,S,S,S,R,R,,,,S,R,,,,,,,,,,,S,,,S,S,S,,,,,,,,,,,,,,,,,,,,,,,,,,,,,../data/driams/downloads/DRIAMS-C/id/2018/2018_clean.csv,28051607660_F10,28051607660_F10,287.0,Pseudomonas
Pseudomonas aeruginosa,28051607660_F8,R,R,S,S,S,R,R,,,,S,R,,,,,,,,,,,S,,,S,S,S,,,,,,,,,,,,,,,,,,,,,,,,,,,,,../data/driams/downloads/DRIAMS-C/id/2018/2018_clean.csv,28051607660_F8,28051607660_F8,287.0,Pseudomonas
Pseudomonas aeruginosa,28051607660_F9,R,R,S,S,S,R,R,,,,S,R,,,,,,,,,,,S,,,S,S,S,,,,,,,,,,,,,,,,,,,,,,,,,,,,,../data/driams/downloads/DRIAMS-C/id/2018/2018_clean.csv,28051607660_F9,28051607660_F9,287.0,Pseudomonas
Pseudomonas aeruginosa,28051607700_F6,R,R,S,S,S,R,R,,,,S,R,,,,,,,,,,,S,,,S,S,S,,,,,,,,,,,,,,,,,,,,,,,,,,,,,../data/driams/downloads/DRIAMS-C/id/2018/2018_clean.csv,28051607700_F6,28051607700_F6,287.0,Pseudomonas
Pseudomonas aeruginosa,28051607700_F7,R,R,S,S,S,R,R,,,,S,R,,,,,,,,,,,S,,,S,S,S,,,,,,,,,,,,,,,,,,,,,,,,,,,,,../data/driams/downloads/DRIAMS-C/id/2018/2018_clean.csv,28051607700_F7,28051607700_F7,287.0,Pseudomonas
Enterococcus faecalis,28051608600_C2,S,S,,,,,,S,,,,I,,,,,R,,,,,R,S,,,,,,,,,,,,,,,,,,,,,,,,,,,,,,,,,,../data/driams/downloads/DRIAMS-C/id/2018/2018_clean.csv,28051608600_C2,28051608600_C2,1351.0,Enterococcus
Citrobacter freundii,28051608600_C3,R,R,S,S,S,S,S,S,S,S,S,S,,,,,,,,,,,S,,,S,S,S,,,,,,,,,,,,,,,,,,,,,,,,,,,,,../data/driams/downloads/DRIAMS-C/id/2018/2018_clean.csv,28051608600_C3,28051608600_C3,546.0,Citrobacter
Klebsiella oxytoca,28051610180_A5,S,R,S,S,S,S,S,S,R,S,S,S,,,,,,,,,,,,,,,,,,,,,,,,,,,,,,,,,,,,,,,,,,,,,../data/driams/downloads/DRIAMS-C/id/2018/2018_clean.csv,28051610180_A5,28051610180_A5,571.0,Klebsiella
Enterococcus faecalis,28051610180_A6,S,S,,,,,,S,,,,I,,,,,R,,,,,R,S,,,,,,,,,,,,,,,,,,,,,,,,,,,,,,,,,,../data/driams/downloads/DRIAMS-C/id/2018/2018_clean.csv,28051610180_A6,28051610180_A6,1351.0,Enterococcus
Escherichia coli,28051610180_A7,S,S,S,S,S,S,S,S,S,S,S,S,,,,,,,,,,,,,,,,,,,,,,,,,,,,,,,,,,,,,,,,,,,,,../data/driams/downloads/DRIAMS-C/id/2018/2018_clean.csv,28051610180_A7,28051610180_A7,562.0,Escherichia
Klebsiella pneumoniae,28051612310_E9,S,R,S,S,S,S,S,,,,S,S,,,,,,,,,,,S,,,S,S,S,,,,,,,,,,,,,,,,,,,,,,,,,,,,,../data/driams/downloads/DRIAMS-C/id/2018/2018_clean.csv,28051612310_E9,28051612310_E9,573.0,Klebsiella
Haemophilus parainfluenzae,28051612350_E6,S,S,,S,,S,S,,,,,,I,,,,,S,,,,,,,,,,,,,,,,,,,,,,,,,,,,,,,,,,,,,,,../data/driams/downloads/DRIAMS-C/id/2018/2018_clean.csv,28051612350_E6,28051612350_E6,729.0,Haemophilus
Escherichia coli,28051613460_C9,S,S,S,S,S,S,S,,,,S,S,,,,,,,,,,,S,,,S,S,S,,,,,,,,,,,,,,,,,,,,,,,,,,,,,../data/driams/downloads/DRIAMS-C/id/2018/2018_clean.csv,28051613460_C9,28051613460_C9,562.0,Escherichia
Campylobacter jejuni,28051705190_G6,,,,S,,,,,,,,,S,,,,,,,,,,,,,,,,S,S,R,S,,,,,,,,,,,,,,,,,,,,,,,,,../data/driams/downloads/DRIAMS-C/id/2018/2018_clean.csv,28051705190_G6,28051705190_G6,197.0,Campylobacter
Campylobacter jejuni,28051705190_G7,,,,S,,,,,,,,,S,,,,,,,,,,,,,,,,S,S,R,S,,,,,,,,,,,,,,,,,,,,,,,,,../data/driams/downloads/DRIAMS-C/id/2018/2018_clean.csv,28051705190_G7,28051705190_G7,197.0,Campylobacter
Escherichia coli,28051705320_F2,S,S,S,S,S,S,S,,,,S,S,,,,,,,,,,,S,,,S,S,S,,,,,,,,,,,,,,,,,,,,,,,,,,,,,../data/driams/downloads/DRIAMS-C/id/2018/2018_clean.csv,28051705320_F2,28051705320_F2,562.0,Escherichia
Stenotrophomonas maltophilia,28051705350_F4,,,,,,,,,,,,S,,,,,,,,,,,,,,,,,,,,,,,,,,,,,,,,,,,,,,,,,,,,,../data/driams/downloads/DRIAMS-C/id/2018/2018_clean.csv,28051705350_F4,28051705350_F4,40324.0,Stenotrophomonas
Stenotrophomonas maltophilia,28051705350_F5,,,,,,,,,,,,S,,,,,,,,,,,,,,,,,,,,,,,,,,,,,,,,,,,,,,,,,,,,,../data/driams/downloads/DRIAMS-C/id/2018/2018_clean.csv,28051705350_F5,28051705350_F5,40324.0,Stenotrophomonas
Staphylococcus aureus,28051707450_F2,S,R,,S,S,,,,,,,S,S,S,S,S,S,R,S,S,,,,,,,,,,,,,,,,,,,,,,,,,,,,,,,,,,,,,../data/driams/downloads/DRIAMS-C/id/2018/2018_clean.csv,28051707450_F2,28051707450_F2,1280.0,Staphylococcus
Escherichia coli,28051709900_F4,S,R,S,S,S,S,S,,,,S,R,,,,,,,,,,,S,,,S,S,S,,,,,,,,,,,,,,,,,,,,,,,,,,,,,../data/driams/downloads/DRIAMS-C/id/2018/2018_clean.csv,28051709900_F4,28051709900_F4,562.0,Escherichia
Escherichia coli,28051709900_F5,S,R,S,S,S,S,S,,,,S,R,,,,,,,,,,,S,,,S,S,S,,,,,,,,,,,,,,,,,,,,,,,,,,,,,../data/driams/downloads/DRIAMS-C/id/2018/2018_clean.csv,28051709900_F5,28051709900_F5,562.0,Escherichia
Klebsiella pneumoniae,28051709970_A8,S,R,S,I,S,S,R,R,R,R,S,S,,,,,,,,,,,,,,,,,,,,,,,,,,,,,,,,,,,,,,,,,,,,,../data/driams/downloads/DRIAMS-C/id/2018/2018_clean.csv,28051709970_A8,28051709970_A8,573.0,Klebsiella
Klebsiella pneumoniae,28051709970_A9,S,R,S,I,S,S,R,R,R,R,S,S,,,,,,,,,,,,,,,,,,,,,,,,,,,,,,,,,,,,,,,,,,,,,../data/driams/downloads/DRIAMS-C/id/2018/2018_clean.csv,28051709970_A9,28051709970_A9,573.0,Klebsiella
Klebsiella pneumoniae,28051709970_B9,S,R,S,I,S,S,R,R,R,R,S,S,,,,,,,,,,,,,,,,,,,,,,,,,,,,,,,,,,,,,,,,,,,,,../data/driams/downloads/DRIAMS-C/id/2018/2018_clean.csv,28051709970_B9,28051709970_B9,573.0,Klebsiella
Pseudomonas aeruginosa,28051710070_B10,R,R,S,S,S,R,R,,,,S,R,,,,,,,,,,,S,,,S,S,S,,,,,,,,,,,,,,,,,,,,,,,,,,,,,../data/driams/downloads/DRIAMS-C/id/2018/2018_clean.csv,28051710070_B10,28051710070_B10,287.0,Pseudomonas
Pseudomonas aeruginosa,28051710070_B9,R,R,S,S,S,R,R,,,,S,R,,,,,,,,,,,S,,,S,S,S,,,,,,,,,,,,,,,,,,,,,,,,,,,,,../data/driams/downloads/DRIAMS-C/id/2018/2018_clean.csv,28051710070_B9,28051710070_B9,287.0,Pseudomonas
Bacteroides fragilis,28051710070_D5,S,R,,,,,,,,,,,S,S,,,,R,,,,,,S,,,,,,,,,,,,,,,,,,,,,,,,,,,,,,,,,../data/driams/downloads/DRIAMS-C/id/2018/2018_clean.csv,28051710070_D5,28051710070_D5,817.0,Bacteroides
Staphylococcus aureus,28051710250_E7,S,S,,S,S,,,,,,,S,R,R,S,S,S,S,S,S,,,,,,,,,,,,,,,,,,,,,,,,,,,,,,,,,,,,,../data/driams/downloads/DRIAMS-C/id/2018/2018_clean.csv,28051710250_E7,28051710250_E7,1280.0,Staphylococcus
Campylobacter jejuni,28051712060_G10,,,,S,,,,,,,,,S,,,,,,,,,,,,,,,,S,S,R,S,,,,,,,,,,,,,,,,,,,,,,,,,../data/driams/downloads/DRIAMS-C/id/2018/2018_clean.csv,28051712060_G10,28051712060_G10,197.0,Campylobacter
Campylobacter jejuni,28051712060_G8,,,,S,,,,,,,,,S,,,,,,,,,,,,,,,,S,S,R,S,,,,,,,,,,,,,,,,,,,,,,,,,../data/driams/downloads/DRIAMS-C/id/2018/2018_clean.csv,28051712060_G8,28051712060_G8,197.0,Campylobacter
Staphylococcus aureus,28051713010_E10,S,R,,S,S,,,,,,,S,S,S,S,S,S,R,S,S,,,,,,,,,,,,,,,,,,,,,,,,,,,,,,,,,,,,,../data/driams/downloads/DRIAMS-C/id/2018/2018_clean.csv,28051713010_E10,28051713010_E10,1280.0,Staphylococcus
Staphylococcus aureus,28051713010_E11,S,R,,S,S,,,,,,,S,S,S,S,S,S,R,S,S,,,,,,,,,,,,,,,,,,,,,,,,,,,,,,,,,,,,,../data/driams/downloads/DRIAMS-C/id/2018/2018_clean.csv,28051713010_E11,28051713010_E11,1280.0,Staphylococcus
Haemophilus influenzae,28051801790_D8,S,S,,S,,S,S,,,,,,I,,,,,S,,,,,,,,,,,,,,,,,,,,,,,,,,,,,,,,,,,,,,,../data/driams/downloads/DRIAMS-C/id/2018/2018_clean.csv,28051801790_D8,28051801790_D8,727.0,Haemophilus
Escherichia coli,28051805830_D12,S,R,S,S,S,S,S,S,S,S,S,S,,,,,,,,,,,,,,,,,,,,,,,,,,,,,,,,,,,,,,,,,,,,,../data/driams/downloads/DRIAMS-C/id/2018/2018_clean.csv,28051805830_D12,28051805830_D12,562.0,Escherichia
Enterococcus faecalis,28051805830_A5,S,S,,,,,,S,,,,I,,,,,R,,,,,R,S,,,,,,,,,,,,,,,,,,,,,,,,,,,,,,,,,,../data/driams/downloads/DRIAMS-C/id/2018/2018_clean.csv,28051805830_A5,28051805830_A5,1351.0,Enterococcus
Klebsiella aerogenes,28051808160_E5,R,R,S,S,S,S,S,S,S,S,S,S,,,,,,,,,,,,,,,,,,,,,,,,,,,,,,,,,,,,,,,,,,,,,../data/driams/downloads/DRIAMS-C/id/2018/2018_clean.csv,28051808160_E5,28051808160_E5,548.0,
Enterococcus faecalis,28051808170_E6,S,S,,,,,,S,,,,I,,,,,R,,,,,R,S,,,,,,,,,,,,,,,,,,,,,,,,,,,,,,,,,,../data/driams/downloads/DRIAMS-C/id/2018/2018_clean.csv,28051808170_E6,28051808170_E6,1351.0,Enterococcus
Staphylococcus aureus,28051808170_E7,S,S,,S,S,,,S,,S,,S,,,,,S,S,,,,,,,,,,,,,,,S,,,,,,,,,,,,,,,,,,,,,,,,../data/driams/downloads/DRIAMS-C/id/2018/2018_clean.csv,28051808170_E7,28051808170_E7,1280.0,Staphylococcus
Pseudomonas aeruginosa,28051808220_E12,R,R,S,S,S,R,R,,,,S,R,,,,,,,,,,,S,,,S,S,S,,,,,,,,,,,,,,,,,,,,,,,,,,,,,../data/driams/downloads/DRIAMS-C/id/2018/2018_clean.csv,28051808220_E12,28051808220_E12,287.0,Pseudomonas
Enterococcus faecalis,28051808220_A4,S,S,,,,,,S,,,,I,,,,,R,,,,,R,S,,,,,,,,,,,,,,,,,,,,,,,,,,,,,,,,,,../data/driams/downloads/DRIAMS-C/id/2018/2018_clean.csv,28051808220_A4,28051808220_A4,1351.0,Enterococcus
Escherichia coli,28051808240_D10,S,S,S,S,S,S,S,S,S,S,S,S,,,,,,,,,,,,,,,,,,,,,,,,,,,,,,,,,,,,,,,,,,,,,../data/driams/downloads/DRIAMS-C/id/2018/2018_clean.csv,28051808240_D10,28051808240_D10,562.0,Escherichia
Escherichia coli,28051808240_D9,S,S,S,S,S,S,S,S,S,S,S,S,,,,,,,,,,,,,,,,,,,,,,,,,,,,,,,,,,,,,,,,,,,,,../data/driams/downloads/DRIAMS-C/id/2018/2018_clean.csv,28051808240_D9,28051808240_D9,562.0,Escherichia
Parvimonas micra,28051810300_C11,S,S,,,,,,,,,,,S,S,,,,S,,,,,,S,,,,,,,,,,,,,,,,,,,,,,,,,,,,,,,,,../data/driams/downloads/DRIAMS-C/id/2018/2018_clean.csv,28051810300_C11,28051810300_C11,33033.0,Parvimonas
Parvimonas micra,28051810300_D1,S,S,,,,,,,,,,,S,S,,,,S,,,,,,S,,,,,,,,,,,,,,,,,,,,,,,,,,,,,,,,,../data/driams/downloads/DRIAMS-C/id/2018/2018_clean.csv,28051810300_D1,28051810300_D1,33033.0,Parvimonas
Enterococcus faecalis,28051810940_F2,S,S,,,,,,S,,,,I,,,,,R,,,,,R,S,,,,,,,,,,,,,,,,,,,,,,,,,,,,,,,,,,../data/driams/downloads/DRIAMS-C/id/2018/2018_clean.csv,28051810940_F2,28051810940_F2,1351.0,Enterococcus
Enterococcus faecalis,28051810940_A2,S,S,,,,,,S,,,,I,,,,,R,,,,,R,S,,,,,,,,,,,,,,,,,,,,,,,,,,,,,,,,,,../data/driams/downloads/DRIAMS-C/id/2018/2018_clean.csv,28051810940_A2,28051810940_A2,1351.0,Enterococcus
Staphylococcus aureus,28051812220_H8,S,R,,S,S,,,,,,,S,S,S,S,S,S,R,S,S,,,,,,,,,,,,,,,,,,,,,,,,,,,,,,,,,,,,,../data/driams/downloads/DRIAMS-C/id/2018/2018_clean.csv,28051812220_H8,28051812220_H8,1280.0,Staphylococcus
Pseudomonas aeruginosa,28051812430_F4,R,R,S,S,S,R,R,,,,S,R,,,,,,,,,,,S,,,S,S,S,,,,,,,,,,,,,,,,,,,,,,,,,,,,,../data/driams/downloads/DRIAMS-C/id/2018/2018_clean.csv,28051812430_F4,28051812430_F4,287.0,Pseudomonas
Enterococcus faecalis,28051812430_F5,S,S,,,,,,S,,,,I,,,,,R,,,,,R,S,,,,,,,,,,,,,,,,,,,,,,,,,,,,,,,,,,../data/driams/downloads/DRIAMS-C/id/2018/2018_clean.csv,28051812430_F5,28051812430_F5,1351.0,Enterococcus
Citrobacter koseri,28051812930_F6,S,R,S,S,S,S,S,S,S,S,S,S,,,,,,,,,,,,,,,,,,,,,,,,,,,,,,,,,,,,,,,,,,,,,../data/driams/downloads/DRIAMS-C/id/2018/2018_clean.csv,28051812930_F6,28051812930_F6,545.0,Citrobacter
Citrobacter koseri,28051812930_F7,S,R,S,S,S,S,S,S,S,S,S,S,,,,,,,,,,,,,,,,,,,,,,,,,,,,,,,,,,,,,,,,,,,,,../data/driams/downloads/DRIAMS-C/id/2018/2018_clean.csv,28051812930_F7,28051812930_F7,545.0,Citrobacter
Staphylococcus aureus,28051902270_E7,R,R,,S,S,,,,,,,S,R,R,S,S,R,R,S,S,,,,,,,,,,,,,,,,,,,,,,,,,,,,,,,,,,,,,../data/driams/downloads/DRIAMS-C/id/2018/2018_clean.csv,28051902270_E7,28051902270_E7,1280.0,Staphylococcus
Staphylococcus aureus,28051902270_A2,R,R,,S,S,,,,,,,S,R,R,S,S,R,R,S,S,,,,,,,,,,,,,,,,,,,,,,,,,,,,,,,,,,,,,../data/driams/downloads/DRIAMS-C/id/2018/2018_clean.csv,28051902270_A2,28051902270_A2,1280.0,Staphylococcus
Pseudomonas aeruginosa,28051902310_F3,R,R,S,S,S,R,R,,,,S,R,,,,,,,,,,,S,,,S,S,S,,,,,,,,,,,,,,,,,,,,,,,,,,,,,../data/driams/downloads/DRIAMS-C/id/2018/2018_clean.csv,28051902310_F3,28051902310_F3,287.0,Pseudomonas
Pseudomonas aeruginosa,28051902310_F4,R,R,S,S,S,R,R,,,,S,R,,,,,,,,,,,S,,,S,S,S,,,,,,,,,,,,,,,,,,,,,,,,,,,,,../data/driams/downloads/DRIAMS-C/id/2018/2018_clean.csv,28051902310_F4,28051902310_F4,287.0,Pseudomonas
Bacteroides fragilis,28051902310_F6,S,R,,,,,,,,,,,S,S,,,,R,,,,,,S,,,,,,,,,,,,,,,,,,,,,,,,,,,,,,,,,../data/driams/downloads/DRIAMS-C/id/2018/2018_clean.csv,28051902310_F6,28051902310_F6,817.0,Bacteroides
Bacteroides fragilis,28051902310_F7,S,R,,,,,,,,,,,S,S,,,,R,,,,,,S,,,,,,,,,,,,,,,,,,,,,,,,,,,,,,,,,../data/driams/downloads/DRIAMS-C/id/2018/2018_clean.csv,28051902310_F7,28051902310_F7,817.0,Bacteroides
Staphylococcus aureus,28051902340_F10,S,R,,S,S,,,,,,,S,S,S,S,S,S,R,S,S,,,,,,,,,,,,,,,,,,,,,,,,,,,,,,,,,,,,,../data/driams/downloads/DRIAMS-C/id/2018/2018_clean.csv,28051902340_F10,28051902340_F10,1280.0,Staphylococcus
Escherichia coli,28051903450_A10,S,R,S,S,S,S,S,,,,S,S,,,,,,,,,,,S,,,S,S,S,,,,,,,,,,,,,,,,,,,,,,,,,,,,,../data/driams/downloads/DRIAMS-C/id/2018/2018_clean.csv,28051903450_A10,28051903450_A10,562.0,Escherichia
Escherichia coli,28051903450_A11,S,R,S,S,S,S,S,,,,S,S,,,,,,,,,,,S,,,S,S,S,,,,,,,,,,,,,,,,,,,,,,,,,,,,,../data/driams/downloads/DRIAMS-C/id/2018/2018_clean.csv,28051903450_A11,28051903450_A11,562.0,Escherichia
Lactobacillus gasseri,28051904000_G2,S,S,,,S,,,,,,,S,S,S,S,,R,S,,S,,,,,S,,,,,,,,,,,,,,,,,,,,,,,,,,,,,,,,../data/driams/downloads/DRIAMS-C/id/2018/2018_clean.csv,28051904000_G2,28051904000_G2,1596.0,Lactobacillus
Lactobacillus gasseri,28051904000_G3,S,S,,,S,,,,,,,S,S,S,S,,R,S,,S,,,,,S,,,,,,,,,,,,,,,,,,,,,,,,,,,,,,,,../data/driams/downloads/DRIAMS-C/id/2018/2018_clean.csv,28051904000_G3,28051904000_G3,1596.0,Lactobacillus
Lactobacillus gasseri,28051904000_B11,S,S,,,S,,,,,,,S,S,S,S,,R,S,,S,,,,,S,,,,,,,,,,,,,,,,,,,,,,,,,,,,,,,,../data/driams/downloads/DRIAMS-C/id/2018/2018_clean.csv,28051904000_B11,28051904000_B11,1596.0,Lactobacillus
Escherichia coli,28051905530_B4,S,R,S,R,S,S,S,,,,S,R,,,,,,,,,,,S,,,S,S,S,,,,,,,,,,,,,,,,,,,,,,,,,,,,,../data/driams/downloads/DRIAMS-C/id/2018/2018_clean.csv,28051905530_B4,28051905530_B4,562.0,Escherichia
Staphylococcus aureus,28052002610_G4,S,R,,S,S,,,,,,,S,S,S,S,S,S,R,S,S,,,,,,,,,,,,,,,,,,,,,,,,,,,,,,,,,,,,,../data/driams/downloads/DRIAMS-C/id/2018/2018_clean.csv,28052002610_G4,28052002610_G4,1280.0,Staphylococcus
Proteus mirabilis,28052002620_G5,S,S,S,S,S,S,S,,,,R,S,,,,,,,,,,,S,,,S,S,S,,,,,,,,,,,,,,,,,,,,,,,,,,,,,../data/driams/downloads/DRIAMS-C/id/2018/2018_clean.csv,28052002620_G5,28052002620_G5,584.0,Proteus
Staphylococcus aureus,28052002620_G7,S,R,,S,S,,,,,,,S,S,S,S,S,S,R,S,S,,,,,,,,,,,,,,,,,,,,,,,,,,,,,,,,,,,,,../data/driams/downloads/DRIAMS-C/id/2018/2018_clean.csv,28052002620_G7,28052002620_G7,1280.0,Staphylococcus
Escherichia coli,28052002630_G8,S,S,S,S,S,S,S,,,,S,S,,,,,,,,,,,S,,,S,S,S,,,,,,,,,,,,,,,,,,,,,,,,,,,,,../data/driams/downloads/DRIAMS-C/id/2018/2018_clean.csv,28052002630_G8,28052002630_G8,562.0,Escherichia
Staphylococcus aureus,28052003070_C3,S,S,,S,S,,,,,,,S,S,S,S,S,S,S,S,S,,,,,,,,,,,,,,,,,,,,,,,,,,,,,,,,,,,,,../data/driams/downloads/DRIAMS-C/id/2018/2018_clean.csv,28052003070_C3,28052003070_C3,1280.0,Staphylococcus
Proteus vulgaris,28052102980_C10,S,R,S,S,S,S,S,,,,R,S,,,,,,,,,,,S,,,S,S,S,,,,,,,,,,,,,,,,,,,,,,,,,,,,,../data/driams/downloads/DRIAMS-C/id/2018/2018_clean.csv,28052102980_C10,28052102980_C10,585.0,Proteus
Proteus vulgaris,28052102980_C11,S,R,S,S,S,S,S,,,,R,S,,,,,,,,,,,S,,,S,S,S,,,,,,,,,,,,,,,,,,,,,,,,,,,,,../data/driams/downloads/DRIAMS-C/id/2018/2018_clean.csv,28052102980_C11,28052102980_C11,585.0,Proteus
Staphylococcus aureus,28052103320_C6,S,R,,S,S,,,S,,S,,S,,,,,S,R,,,,,,,,,,,,,,,S,,,,,,,,,,,,,,,,,,,,,,,,../data/driams/downloads/DRIAMS-C/id/2018/2018_clean.csv,28052103320_C6,28052103320_C6,1280.0,Staphylococcus
Staphylococcus aureus,28052103320_C11,S,R,,S,S,,,S,,S,,S,,,,,S,R,,,,,,,,,,,,,,,S,,,,,,,,,,,,,,,,,,,,,,,,../data/driams/downloads/DRIAMS-C/id/2018/2018_clean.csv,28052103320_C11,28052103320_C11,1280.0,Staphylococcus
Staphylococcus aureus,28052104840_C8,S,S,,R,S,,,S,,R,,S,,,,,S,S,,,,,,,,,,,,,,,S,,,,,,,,,,,,,,,,,,,,,,,,../data/driams/downloads/DRIAMS-C/id/2018/2018_clean.csv,28052104840_C8,28052104840_C8,1280.0,Staphylococcus
Staphylococcus aureus,28052104840_D1,S,S,,R,S,,,S,,R,,S,,,,,S,S,,,,,,,,,,,,,,,S,,,,,,,,,,,,,,,,,,,,,,,,../data/driams/downloads/DRIAMS-C/id/2018/2018_clean.csv,28052104840_D1,28052104840_D1,1280.0,Staphylococcus
Pseudomonas aeruginosa,28052203380_A9,R,R,S,S,S,R,R,,,,S,R,,,,,,,,,,,S,,,S,S,S,,,,,,,,,,,,,,,,,,,,,,,,,,,,,../data/driams/downloads/DRIAMS-C/id/2018/2018_clean.csv,28052203380_A9,28052203380_A9,287.0,Pseudomonas
Morganella morganii,28052203430_A11,R,R,S,S,S,S,R,,,,R,S,,,,,,,,,,,S,,,S,S,S,,,,,,,,,,,,,,,,,,,,,,,,,,,,,../data/driams/downloads/DRIAMS-C/id/2018/2018_clean.csv,28052203430_A11,28052203430_A11,582.0,Morganella
Morganella morganii,28052203430_D4,R,R,S,S,S,S,R,,,,R,S,,,,,,,,,,,S,,,S,S,S,,,,,,,,,,,,,,,,,,,,,,,,,,,,,../data/driams/downloads/DRIAMS-C/id/2018/2018_clean.csv,28052203430_D4,28052203430_D4,582.0,Morganella
Staphylococcus aureus,28052205580_E7,S,R,,S,S,,,,,,,S,S,S,S,R,S,R,S,S,,,,,,,,,,,,,,,,,,,,,,,,,,,,,,,,,,,,,../data/driams/downloads/DRIAMS-C/id/2018/2018_clean.csv,28052205580_E7,28052205580_E7,1280.0,Staphylococcus
Staphylococcus aureus,28052206090_D6,S,R,,S,R,,,,,,,S,S,S,S,S,S,R,S,S,,,,,,,,,,,,,,,,,,,,,,,,,,,,,,,,,,,,,../data/driams/downloads/DRIAMS-C/id/2018/2018_clean.csv,28052206090_D6,28052206090_D6,1280.0,Staphylococcus
Aerococcus urinae,28052207980_D8,S,S,,,,,,,,,,,,,,,,S,S,S,,,,,,,,,,,,,,,S,,,,,,,,,,,,,,,,,,,,,,../data/driams/downloads/DRIAMS-C/id/2018/2018_clean.csv,28052207980_D8,28052207980_D8,1376.0,Aerococcus
Aerococcus urinae,28052207980_D9,S,S,,,,,,,,,,,,,,,,S,S,S,,,,,,,,,,,,,,,S,,,,,,,,,,,,,,,,,,,,,,../data/driams/downloads/DRIAMS-C/id/2018/2018_clean.csv,28052207980_D9,28052207980_D9,1376.0,Aerococcus
Klebsiella pneumoniae,28052209040_D12,S,R,S,S,S,S,S,S,S,S,S,S,,,,,,,,,,,,,,,,,,,,,,,,,,,,,,,,,,,,,,,,,,,,,../data/driams/downloads/DRIAMS-C/id/2018/2018_clean.csv,28052209040_D12,28052209040_D12,573.0,Klebsiella
Staphylococcus aureus,28052210270_F4,S,R,,S,S,,,,,,,S,S,S,S,S,S,R,S,S,,,,,,,,,,,,,,,,,,,,,,,,,,,,,,,,,,,,,../data/driams/downloads/DRIAMS-C/id/2018/2018_clean.csv,28052210270_F4,28052210270_F4,1280.0,Staphylococcus
Staphylococcus aureus,28052210270_F5,S,R,,S,S,,,,,,,S,S,S,S,S,S,R,S,S,,,,,,,,,,,,,,,,,,,,,,,,,,,,,,,,,,,,,../data/driams/downloads/DRIAMS-C/id/2018/2018_clean.csv,28052210270_F5,28052210270_F5,1280.0,Staphylococcus
Staphylococcus aureus,28052210390_E12,S,R,,S,S,,,,,,,S,R,R,S,S,S,R,S,S,,,,,,,,,,,,,,,,,,,,,,,,,,,,,,,,,,,,,../data/driams/downloads/DRIAMS-C/id/2018/2018_clean.csv,28052210390_E12,28052210390_E12,1280.0,Staphylococcus
Citrobacter koseri,28052210390_F1,S,R,S,S,S,S,S,,,,S,S,,,,,,,,,,,S,,,S,S,S,,,,,,,,,,,,,,,,,,,,,,,,,,,,,../data/driams/downloads/DRIAMS-C/id/2018/2018_clean.csv,28052210390_F1,28052210390_F1,545.0,Citrobacter
Citrobacter koseri,28052210390_F2,S,R,S,S,S,S,S,,,,S,S,,,,,,,,,,,S,,,S,S,S,,,,,,,,,,,,,,,,,,,,,,,,,,,,,../data/driams/downloads/DRIAMS-C/id/2018/2018_clean.csv,28052210390_F2,28052210390_F2,545.0,Citrobacter
Proteus mirabilis,28052210790_F9,S,R,S,S,R,S,S,R,S,S,R,S,,,,,,,,,,,,,,,,,,,,,,,,,,,,,,,,,,,,,,,,,,,,,../data/driams/downloads/DRIAMS-C/id/2018/2018_clean.csv,28052210790_F9,28052210790_F9,584.0,Proteus
Candida albicans,28052211070_D2,,,,,,,,,,,,,,,,,,,,,,,,,,,,,,,,,,,,,S,S,,,S,,,,,S,,,,,,,,S,,,../data/driams/downloads/DRIAMS-C/id/2018/2018_clean.csv,28052211070_D2,28052211070_D2,5476.0,Candida
Candida albicans,28052211070_D4,,,,,,,,,,,,,,,,,,,,,,,,,,,,,,,,,,,,,S,S,,,S,,,,,S,,,,,,,,S,,,../data/driams/downloads/DRIAMS-C/id/2018/2018_clean.csv,28052211070_D4,28052211070_D4,5476.0,Candida
Candida albicans,28052211070_D5,,,,,,,,,,,,,,,,,,,,,,,,,,,,,,,,,,,,,S,S,,,S,,,,,S,,,,,,,,S,,,../data/driams/downloads/DRIAMS-C/id/2018/2018_clean.csv,28052211070_D5,28052211070_D5,5476.0,Candida
Campylobacter jejuni,28052211990_E1,,,,R,,,,,,,,,S,,,,,,,,,,,,,,,,S,S,R,S,,,,,,,,,,,,,,,,,,,,,,,,,../data/driams/downloads/DRIAMS-C/id/2018/2018_clean.csv,28052211990_E1,28052211990_E1,197.0,Campylobacter
Campylobacter jejuni,28052211990_E2,,,,R,,,,,,,,,S,,,,,,,,,,,,,,,,S,S,R,S,,,,,,,,,,,,,,,,,,,,,,,,,../data/driams/downloads/DRIAMS-C/id/2018/2018_clean.csv,28052211990_E2,28052211990_E2,197.0,Campylobacter
Staphylococcus aureus,28052304820_F11,S,R,,S,S,,,,,,,S,S,S,S,S,S,R,S,S,,,,,,,,,,,,,,,,,,,,,,,,,,,,,,,,,,,,,../data/driams/downloads/DRIAMS-C/id/2018/2018_clean.csv,28052304820_F11,28052304820_F11,1280.0,Staphylococcus
Enterobacter cloacae,28052305380_A5,R,R,S,S,S,S,R,S,R,S,S,S,,,,,,,,,,,,,,,,,,,,,,,,,,,,,,,,,,,,,,,,,,,,,../data/driams/downloads/DRIAMS-C/id/2018/2018_clean.csv,28052305380_A5,28052305380_A5,550.0,Enterobacter
Klebsiella pneumoniae,28052305500_A7,S,R,S,S,S,S,S,R,S,S,S,S,,,,,,,,,,,,,,,,,,,,,,,,,,,,,,,,,,,,,,,,,,,,,../data/driams/downloads/DRIAMS-C/id/2018/2018_clean.csv,28052305500_A7,28052305500_A7,573.0,Klebsiella
Klebsiella pneumoniae,28052305500_A2,S,R,S,S,S,S,S,R,S,S,S,S,,,,,,,,,,,,,,,,,,,,,,,,,,,,,,,,,,,,,,,,,,,,,../data/driams/downloads/DRIAMS-C/id/2018/2018_clean.csv,28052305500_A2,28052305500_A2,573.0,Klebsiella
Staphylococcus aureus,28052307200_A6,S,R,,S,S,,,,,,,S,S,S,S,S,S,R,S,S,,,,,,,,,,,,,,,,,,,,,,,,,,,,,,,,,,,,,../data/driams/downloads/DRIAMS-C/id/2018/2018_clean.csv,28052307200_A6,28052307200_A6,1280.0,Staphylococcus
Klebsiella oxytoca,28052307700_A11,S,R,S,S,S,S,S,S,R,S,S,S,,,,,,,,,,,,,,,,,,,,,,,,,,,,,,,,,,,,,,,,,,,,,../data/driams/downloads/DRIAMS-C/id/2018/2018_clean.csv,28052307700_A11,28052307700_A11,571.0,Klebsiella
Staphylococcus aureus,28052308330_C6,S,R,,S,S,,,,,,,S,S,S,S,S,S,R,S,S,,,,,,,,,,,,,,,,,,,,,,,,,,,,,,,,,,,,,../data/driams/downloads/DRIAMS-C/id/2018/2018_clean.csv,28052308330_C6,28052308330_C6,1280.0,Staphylococcus
Pseudomonas aeruginosa,28052309070_A12,R,R,S,S,S,R,R,,,,S,R,,,,,,,,,,,S,,,S,S,S,,,,,,,,,,,,,,,,,,,,,,,,,,,,,../data/driams/downloads/DRIAMS-C/id/2018/2018_clean.csv,28052309070_A12,28052309070_A12,287.0,Pseudomonas
Bacillus subtilis,28052309690_E1,S,S,,,,,,,,,,S,S,S,S,,S,S,,S,,,,,S,,,,,,,,,,,,,,,,,,,,,,,,,,,,,,,,../data/driams/downloads/DRIAMS-C/id/2018/2018_clean.csv,28052309690_E1,28052309690_E1,1423.0,Bacillus
Morganella morganii,28052309760_B1,R,R,S,S,S,S,R,R,R,S,R,S,,,,,,,,,,,,,,,,,,,,,,,,,,,,,,,,,,,,,,,,,,,,,../data/driams/downloads/DRIAMS-C/id/2018/2018_clean.csv,28052309760_B1,28052309760_B1,582.0,Morganella
Proteus mirabilis,28052310910_B4,S,R,S,S,S,R,S,R,S,S,R,S,,,,,,,,,,,,,,,,,,,,,,,,,,,,,,,,,,,,,,,,,,,,,../data/driams/downloads/DRIAMS-C/id/2018/2018_clean.csv,28052310910_B4,28052310910_B4,584.0,Proteus
Proteus mirabilis,28052310910_B10,S,R,S,S,S,R,S,R,S,S,R,S,,,,,,,,,,,,,,,,,,,,,,,,,,,,,,,,,,,,,,,,,,,,,../data/driams/downloads/DRIAMS-C/id/2018/2018_clean.csv,28052310910_B10,28052310910_B10,584.0,Proteus
Proteus mirabilis,28052310910_B11,S,R,S,S,S,R,S,R,S,S,R,S,,,,,,,,,,,,,,,,,,,,,,,,,,,,,,,,,,,,,,,,,,,,,../data/driams/downloads/DRIAMS-C/id/2018/2018_clean.csv,28052310910_B11,28052310910_B11,584.0,Proteus
Proteus mirabilis,28052310910_B12,S,R,S,S,S,R,S,R,S,S,R,S,,,,,,,,,,,,,,,,,,,,,,,,,,,,,,,,,,,,,,,,,,,,,../data/driams/downloads/DRIAMS-C/id/2018/2018_clean.csv,28052310910_B12,28052310910_B12,584.0,Proteus
Proteus mirabilis,28052310910_B9,S,R,S,S,S,R,S,R,S,S,R,S,,,,,,,,,,,,,,,,,,,,,,,,,,,,,,,,,,,,,,,,,,,,,../data/driams/downloads/DRIAMS-C/id/2018/2018_clean.csv,28052310910_B9,28052310910_B9,584.0,Proteus
Enterococcus faecalis,28052312180_G6,S,S,,,R,,,,,,,,,R,,,R,,,S,S,R,S,,,,,,,,,,,,,,,,,,,,,,,,,,,,,,,,,,../data/driams/downloads/DRIAMS-C/id/2018/2018_clean.csv,28052312180_G6,28052312180_G6,1351.0,Enterococcus
Staphylococcus aureus,28052312370_D3,S,R,,S,S,,,,,,,S,S,R,S,S,S,R,S,S,,,,,,,,,,,,,,,,,,,,,,,,,,,,,,,,,,,,,../data/driams/downloads/DRIAMS-C/id/2018/2018_clean.csv,28052312370_D3,28052312370_D3,1280.0,Staphylococcus
Enterococcus faecalis,28052312830_B7,S,S,,,,,,S,,,,I,,,,,R,,,,,R,S,,,,,,,,,,,,,,,,,,,,,,,,,,,,,,,,,,../data/driams/downloads/DRIAMS-C/id/2018/2018_clean.csv,28052312830_B7,28052312830_B7,1351.0,Enterococcus
Pseudomonas aeruginosa,28052403530_H1,R,R,S,S,S,R,R,,,,S,R,,,,,,,,,,,S,,,S,S,S,,,,,,,,,,,,,,,,,,,,,,,,,,,,,../data/driams/downloads/DRIAMS-C/id/2018/2018_clean.csv,28052403530_H1,28052403530_H1,287.0,Pseudomonas
Pseudomonas aeruginosa,28052403530_H2,R,R,S,S,S,R,R,,,,S,R,,,,,,,,,,,S,,,S,S,S,,,,,,,,,,,,,,,,,,,,,,,,,,,,,../data/driams/downloads/DRIAMS-C/id/2018/2018_clean.csv,28052403530_H2,28052403530_H2,287.0,Pseudomonas
Pseudomonas aeruginosa,28052403530_A5,R,R,S,S,S,R,R,,,,S,R,,,,,,,,,,,S,,,S,S,S,,,,,,,,,,,,,,,,,,,,,,,,,,,,,../data/driams/downloads/DRIAMS-C/id/2018/2018_clean.csv,28052403530_A5,28052403530_A5,287.0,Pseudomonas
Pseudomonas aeruginosa,28052403530_A6,R,R,S,S,S,R,R,,,,S,R,,,,,,,,,,,S,,,S,S,S,,,,,,,,,,,,,,,,,,,,,,,,,,,,,../data/driams/downloads/DRIAMS-C/id/2018/2018_clean.csv,28052403530_A6,28052403530_A6,287.0,Pseudomonas
Staphylococcus aureus,28052407910_E10,S,S,,S,S,,,,,,,S,S,S,S,S,S,S,S,S,,,,,,,,,,,,,,,,,,,,,,,,,,,,,,,,,,,,,../data/driams/downloads/DRIAMS-C/id/2018/2018_clean.csv,28052407910_E10,28052407910_E10,1280.0,Staphylococcus
Klebsiella oxytoca,28052407910_E12,S,R,S,S,S,S,S,,,,S,S,,,,,,,,,,,S,,,S,S,S,,,,,,,,,,,,,,,,,,,,,,,,,,,,,../data/driams/downloads/DRIAMS-C/id/2018/2018_clean.csv,28052407910_E12,28052407910_E12,571.0,Klebsiella
Enterobacter cloacae,28052407910_D2,R,R,S,S,S,S,S,,,,S,S,,,,,,,,,,,S,,,S,S,S,,,,,,,,,,,,,,,,,,,,,,,,,,,,,../data/driams/downloads/DRIAMS-C/id/2018/2018_clean.csv,28052407910_D2,28052407910_D2,550.0,Enterobacter
Segatella buccae,28052407970_A9,S,S,,,,,,,,,,,R,R,,,,S,,,,,,S,,,,,,,,,,,,,,,,,,,,,,,,,,,,,,,,,../data/driams/downloads/DRIAMS-C/id/2018/2018_clean.csv,28052407970_A9,28052407970_A9,28126.0,
Staphylococcus aureus,28052407980_F3,S,S,,S,S,,,,,,,S,S,S,,S,S,S,,S,S,S,,,,,,,,,,,,,,,,,,,,,,,,,,,,,,,,,,,../data/driams/downloads/DRIAMS-C/id/2018/2018_clean.csv,28052407980_F3,28052407980_F3,1280.0,Staphylococcus
Klebsiella pneumoniae,28052408290_C11,S,R,S,S,S,S,S,S,R,S,S,R,,,,,,,,,,,,,,,,,,,,,,,,,,,,,,,,,,,,,,,,,,,,,../data/driams/downloads/DRIAMS-C/id/2018/2018_clean.csv,28052408290_C11,28052408290_C11,573.0,Klebsiella
Enterococcus faecalis,28052408290_C12,S,S,,,,,,S,,,,I,,,,,R,,,,,R,S,,,,,,,,,,,,,,,,,,,,,,,,,,,,,,,,,,../data/driams/downloads/DRIAMS-C/id/2018/2018_clean.csv,28052408290_C12,28052408290_C12,1351.0,Enterococcus
Enterococcus faecalis,28052408390_D1,S,S,,,,,,S,,,,I,,,,,R,,,,,R,S,,,,,,,,,,,,,,,,,,,,,,,,,,,,,,,,,,../data/driams/downloads/DRIAMS-C/id/2018/2018_clean.csv,28052408390_D1,28052408390_D1,1351.0,Enterococcus
Escherichia coli,28052408390_E4,S,R,R,R,S,R,R,S,S,R,S,R,,,,,,,,,,,S,,,S,R,S,,,,,,,,,,,,,,,,,,,,,,,,,,,,,../data/driams/downloads/DRIAMS-C/id/2018/2018_clean.csv,28052408390_E4,28052408390_E4,562.0,Escherichia
Pseudomonas aeruginosa,28052410680_D10,R,R,S,S,S,R,R,,,,S,R,,,,,,,,,,,S,,,S,S,S,,,,,,,,,,,,,,,,,,,,,,,,,,,,,../data/driams/downloads/DRIAMS-C/id/2018/2018_clean.csv,28052410680_D10,28052410680_D10,287.0,Pseudomonas
Enterococcus faecalis,28052410720_D11,S,S,,,,,,S,,,,I,,,,,R,,,,,R,S,,,,,,,,,,,,,,,,,,,,,,,,,,,,,,,,,,../data/driams/downloads/DRIAMS-C/id/2018/2018_clean.csv,28052410720_D11,28052410720_D11,1351.0,Enterococcus
Staphylococcus aureus,28052410720_D12,S,S,,S,S,,,S,,S,,S,,,,,S,S,,,,,,,,,,,,,,,S,,,,,,,,,,,,,,,,,,,,,,,,../data/driams/downloads/DRIAMS-C/id/2018/2018_clean.csv,28052410720_D12,28052410720_D12,1280.0,Staphylococcus
Staphylococcus aureus,28052412010_G2,S,R,,S,S,,,,,,,S,R,R,S,S,S,R,S,S,,,,,,,,,,,,,,,,,,,,,,,,,,,,,,,,,,,,,../data/driams/downloads/DRIAMS-C/id/2018/2018_clean.csv,28052412010_G2,28052412010_G2,1280.0,Staphylococcus
Morganella morganii,28052412050_G3,R,R,S,S,S,S,R,,,,R,S,,,,,,,,,,,S,,,S,S,S,,,,,,,,,,,,,,,,,,,,,,,,,,,,,../data/driams/downloads/DRIAMS-C/id/2018/2018_clean.csv,28052412050_G3,28052412050_G3,582.0,Morganella
Morganella morganii,28052412050_G4,R,R,S,S,S,S,R,,,,R,S,,,,,,,,,,,S,,,S,S,S,,,,,,,,,,,,,,,,,,,,,,,,,,,,,../data/driams/downloads/DRIAMS-C/id/2018/2018_clean.csv,28052412050_G4,28052412050_G4,582.0,Morganella
Morganella morganii,28052412050_G6,R,R,S,S,S,S,R,,,,R,S,,,,,,,,,,,S,,,S,S,S,,,,,,,,,,,,,,,,,,,,,,,,,,,,,../data/driams/downloads/DRIAMS-C/id/2018/2018_clean.csv,28052412050_G6,28052412050_G6,582.0,Morganella
Morganella morganii,28052412050_A1,R,R,S,S,S,S,R,,,,R,S,,,,,,,,,,,S,,,S,S,S,,,,,,,,,,,,,,,,,,,,,,,,,,,,,../data/driams/downloads/DRIAMS-C/id/2018/2018_clean.csv,28052412050_A1,28052412050_A1,582.0,Morganella
Escherichia coli,28052412050_C11,R,R,R,R,S,R,R,,,,S,S,,,,,,,,,,,S,,,S,R,S,,,,,,,,,,,,,,,,,,,,,,,,,,,,,../data/driams/downloads/DRIAMS-C/id/2018/2018_clean.csv,28052412050_C11,28052412050_C11,562.0,Escherichia
Escherichia coli,28052412050_C12,R,R,R,R,S,R,R,,,,S,S,,,,,,,,,,,S,,,S,R,S,,,,,,,,,,,,,,,,,,,,,,,,,,,,,../data/driams/downloads/DRIAMS-C/id/2018/2018_clean.csv,28052412050_C12,28052412050_C12,562.0,Escherichia
Enterobacter cloacae,28052412490_E3,R,R,S,S,S,S,R,S,S,S,S,S,,,,,,,,,,,,,,,,,,,,,,,,,,,,,,,,,,,,,,,,,,,,,../data/driams/downloads/DRIAMS-C/id/2018/2018_clean.csv,28052412490_E3,28052412490_E3,550.0,Enterobacter
Proteus vulgaris,28052412490_E10,R,R,S,S,S,S,R,R,R,S,R,S,,,,,,,,,,,,,,,,,,,,,,,,,,,,,,,,,,,,,,,,,,,,,../data/driams/downloads/DRIAMS-C/id/2018/2018_clean.csv,28052412490_E10,28052412490_E10,585.0,Proteus
Proteus vulgaris,28052412490_E9,R,R,S,S,S,S,R,R,R,S,R,S,,,,,,,,,,,,,,,,,,,,,,,,,,,,,,,,,,,,,,,,,,,,,../data/driams/downloads/DRIAMS-C/id/2018/2018_clean.csv,28052412490_E9,28052412490_E9,585.0,Proteus
Enterococcus faecalis,28052412560_C7,S,S,,,,,,S,,,,I,,,,,R,,,,,R,S,,,,,,,,,,,,,,,,,,,,,,,,,,,,,,,,,,../data/driams/downloads/DRIAMS-C/id/2018/2018_clean.csv,28052412560_C7,28052412560_C7,1351.0,Enterococcus
Enterococcus faecalis,28052412560_C8,S,S,,,,,,S,,,,I,,,,,R,,,,,R,S,,,,,,,,,,,,,,,,,,,,,,,,,,,,,,,,,,../data/driams/downloads/DRIAMS-C/id/2018/2018_clean.csv,28052412560_C8,28052412560_C8,1351.0,Enterococcus
Escherichia coli,28052412570_C10,S,R,S,S,S,S,S,S,R,S,S,S,,,,,,,,,,,,,,,,,,,,,,,,,,,,,,,,,,,,,,,,,,,,,../data/driams/downloads/DRIAMS-C/id/2018/2018_clean.csv,28052412570_C10,28052412570_C10,562.0,Escherichia
Escherichia coli,28052412570_C9,S,R,S,S,S,S,S,S,R,S,S,S,,,,,,,,,,,,,,,,,,,,,,,,,,,,,,,,,,,,,,,,,,,,,../data/driams/downloads/DRIAMS-C/id/2018/2018_clean.csv,28052412570_C9,28052412570_C9,562.0,Escherichia
Klebsiella pneumoniae,28052508990_E12,R,R,R,R,R,R,R,R,R,R,S,R,,,,,,,,,,,R,,,S,R,R,,,,,,,,,,,,,,,R,,,,,,,,,,,,,,../data/driams/downloads/DRIAMS-C/id/2018/2018_clean.csv,28052508990_E12,28052508990_E12,573.0,Klebsiella
Staphylococcus aureus,28052508990_F1,R,R,,S,S,,,,,,,S,R,R,S,S,R,R,S,S,,,,,,,,,,,,,,,,,,,,,,,,,,,,,,,,,,,,,../data/driams/downloads/DRIAMS-C/id/2018/2018_clean.csv,28052508990_F1,28052508990_F1,1280.0,Staphylococcus
Klebsiella pneumoniae,28052508990_F3,R,R,R,R,R,R,R,R,R,R,S,R,,,,,,,,,,,R,,,S,R,R,,,,,,,,,,,,,,,R,,,,,,,,,,,,,,../data/driams/downloads/DRIAMS-C/id/2018/2018_clean.csv,28052508990_F3,28052508990_F3,573.0,Klebsiella
Klebsiella pneumoniae,28052508990_F4,R,R,R,R,R,R,R,R,R,R,S,R,,,,,,,,,,,R,,,S,R,R,,,,,,,,,,,,,,,R,,,,,,,,,,,,,,../data/driams/downloads/DRIAMS-C/id/2018/2018_clean.csv,28052508990_F4,28052508990_F4,573.0,Klebsiella
Klebsiella pneumoniae,28052508990_A4,R,R,R,R,R,R,R,R,R,R,S,R,,,,,,,,,,,R,,,S,R,R,,,,,,,,,,,,,,,R,,,,,,,,,,,,,,../data/driams/downloads/DRIAMS-C/id/2018/2018_clean.csv,28052508990_A4,28052508990_A4,573.0,Klebsiella
Klebsiella pneumoniae,28052508990_E9,R,R,R,R,R,R,R,R,R,R,S,R,,,,,,,,,,,R,,,S,R,R,,,,,,,,,,,,,,,R,,,,,,,,,,,,,,../data/driams/downloads/DRIAMS-C/id/2018/2018_clean.csv,28052508990_E9,28052508990_E9,573.0,Klebsiella
Pseudomonas aeruginosa,28052509680_G3,R,R,R,R,R,R,R,,,,S,R,,,,,,,,,,,R,,,S,R,S,,,,,,,,,,,,,,,,,,,,,,,,,,,,,../data/driams/downloads/DRIAMS-C/id/2018/2018_clean.csv,28052509680_G3,28052509680_G3,287.0,Pseudomonas
Pseudomonas aeruginosa,28052509910_C2,R,R,R,S,S,R,R,,,,S,R,,,,,,,,,,,R,,,S,R,S,,,,,,,,,,,,,,,,,,,,,,,,,,,,,../data/driams/downloads/DRIAMS-C/id/2018/2018_clean.csv,28052509910_C2,28052509910_C2,287.0,Pseudomonas
Morganella morganii,28052509910_C3,R,R,S,S,S,S,R,,,,R,S,,,,,,,,,,,S,,,S,S,S,,,,,,,,,,,,,,,,,,,,,,,,,,,,,../data/driams/downloads/DRIAMS-C/id/2018/2018_clean.csv,28052509910_C3,28052509910_C3,582.0,Morganella
Pseudomonas aeruginosa,28052509910_C4,R,R,R,S,S,R,R,,,,S,R,,,,,,,,,,,R,,,S,R,S,,,,,,,,,,,,,,,,,,,,,,,,,,,,,../data/driams/downloads/DRIAMS-C/id/2018/2018_clean.csv,28052509910_C4,28052509910_C4,287.0,Pseudomonas
Pseudomonas aeruginosa,28052509910_C5,R,R,R,S,S,R,R,,,,S,R,,,,,,,,,,,R,,,S,R,S,,,,,,,,,,,,,,,,,,,,,,,,,,,,,../data/driams/downloads/DRIAMS-C/id/2018/2018_clean.csv,28052509910_C5,28052509910_C5,287.0,Pseudomonas
Pseudomonas aeruginosa,28052509910_G4,R,R,R,S,S,R,R,,,,S,R,,,,,,,,,,,R,,,S,R,S,,,,,,,,,,,,,,,,,,,,,,,,,,,,,../data/driams/downloads/DRIAMS-C/id/2018/2018_clean.csv,28052509910_G4,28052509910_G4,287.0,Pseudomonas
Staphylococcus epidermidis,28052510280_C5,S,R,,S,S,,,,,,,S,S,S,S,S,S,R,S,S,,,,,,,,,,,,,,,,,,,,,,,,,,,,,,,,,,,,,../data/driams/downloads/DRIAMS-C/id/2018/2018_clean.csv,28052510280_C5,28052510280_C5,1282.0,Staphylococcus
Cutibacterium avidum,28052510280_B10,S,S,,,,,,,,,,,,S,,,,,S,,,,,R,,,,,,,,,,,,,,,,,,,,,,,,S,,,,,,,,,../data/driams/downloads/DRIAMS-C/id/2018/2018_clean.csv,28052510280_B10,28052510280_B10,33010.0,
Pseudomonas aeruginosa,28052510560_C10,R,R,S,S,S,R,R,,,,S,R,,,,,,,,,,,S,,,S,R,S,,,,,,,,,,,,,,,,,,,,,,,,,,,,,../data/driams/downloads/DRIAMS-C/id/2018/2018_clean.csv,28052510560_C10,28052510560_C10,287.0,Pseudomonas
Staphylococcus aureus,28052510560_C9,S,R,,S,S,,,,,,,S,S,S,S,S,S,R,S,S,,,,,,,,,,,,,,,,,,,,,,,,,,,,,,,,,,,,,../data/driams/downloads/DRIAMS-C/id/2018/2018_clean.csv,28052510560_C9,28052510560_C9,1280.0,Staphylococcus
Haemophilus parainfluenzae,28052511370_G6,S,S,,S,,S,S,,,,,,I,,,,,R,,,,,,,,,,,,,,,,,,,,,,,,,,,,,,,,,,,,,,,../data/driams/downloads/DRIAMS-C/id/2018/2018_clean.csv,28052511370_G6,28052511370_G6,729.0,Haemophilus
Klebsiella pneumoniae,28052512750_G2,S,R,S,S,S,S,S,,,,S,S,,,,,,,,,,,S,,,S,S,S,,,,,,,,,,,,,,,,,,,,,,,,,,,,,../data/driams/downloads/DRIAMS-C/id/2018/2018_clean.csv,28052512750_G2,28052512750_G2,573.0,Klebsiella
Klebsiella pneumoniae,28052512750_G3,S,R,S,S,S,S,S,,,,S,S,,,,,,,,,,,S,,,S,S,S,,,,,,,,,,,,,,,,,,,,,,,,,,,,,../data/driams/downloads/DRIAMS-C/id/2018/2018_clean.csv,28052512750_G3,28052512750_G3,573.0,Klebsiella
Escherichia coli,28052512760_H5,S,R,S,S,S,S,S,,,,S,R,,,,,,,,,,,S,,,S,S,S,,,,,,,,,,,,,,,,,,,,,,,,,,,,,../data/driams/downloads/DRIAMS-C/id/2018/2018_clean.csv,28052512760_H5,28052512760_H5,562.0,Escherichia
Escherichia coli,28052512760_H6,S,R,S,S,S,S,S,,,,S,R,,,,,,,,,,,S,,,S,S,S,,,,,,,,,,,,,,,,,,,,,,,,,,,,,../data/driams/downloads/DRIAMS-C/id/2018/2018_clean.csv,28052512760_H6,28052512760_H6,562.0,Escherichia
Escherichia coli,28052512760_A3,S,R,S,S,S,S,S,,,,S,R,,,,,,,,,,,S,,,S,S,S,,,,,,,,,,,,,,,,,,,,,,,,,,,,,../data/driams/downloads/DRIAMS-C/id/2018/2018_clean.csv,28052512760_A3,28052512760_A3,562.0,Escherichia
Streptococcus gallolyticus,28052513210_G10,S,S,,,R,S,,,,,,S,S,S,S,,S,S,,S,,,,,S,,,,,,,,,,,,,,,,,,,,,,,,,,,,,,,,../data/driams/downloads/DRIAMS-C/id/2018/2018_clean.csv,28052513210_G10,28052513210_G10,315405.0,Streptococcus
Streptococcus gallolyticus,28052513210_G9,S,S,,,R,S,,,,,,S,S,S,S,,S,S,,S,,,,,S,,,,,,,,,,,,,,,,,,,,,,,,,,,,,,,,../data/driams/downloads/DRIAMS-C/id/2018/2018_clean.csv,28052513210_G9,28052513210_G9,315405.0,Streptococcus
Escherichia coli,28052602800_D5,S,,S,S,S,S,S,,,,S,,,,,,,,,,,,S,,,S,S,S,,,,,,,,,,,,,,,,,,,,,,,,,,,,,../data/driams/downloads/DRIAMS-C/id/2018/2018_clean.csv,28052602800_D5,28052602800_D5,562.0,Escherichia
Klebsiella pneumoniae,28052602800_D6,S,R,S,S,S,S,S,,,,S,S,,,,,,,,,,,S,,,S,S,S,,,,,,,,,,,,,,,,,,,,,,,,,,,,,../data/driams/downloads/DRIAMS-C/id/2018/2018_clean.csv,28052602800_D6,28052602800_D6,573.0,Klebsiella
Escherichia coli,28052602800_D7,S,,S,S,S,S,S,,,,S,,,,,,,,,,,,S,,,S,S,S,,,,,,,,,,,,,,,,,,,,,,,,,,,,,../data/driams/downloads/DRIAMS-C/id/2018/2018_clean.csv,28052602800_D7,28052602800_D7,562.0,Escherichia
Escherichia coli,28052602800_A3,S,,S,S,S,S,S,,,,S,,,,,,,,,,,,S,,,S,S,S,,,,,,,,,,,,,,,,,,,,,,,,,,,,,../data/driams/downloads/DRIAMS-C/id/2018/2018_clean.csv,28052602800_A3,28052602800_A3,562.0,Escherichia
Escherichia coli,28052602800_A4,S,,S,S,S,S,S,,,,S,,,,,,,,,,,,S,,,S,S,S,,,,,,,,,,,,,,,,,,,,,,,,,,,,,../data/driams/downloads/DRIAMS-C/id/2018/2018_clean.csv,28052602800_A4,28052602800_A4,562.0,Escherichia
Klebsiella oxytoca,28052602820_A5,S,R,S,S,S,S,S,,,,S,S,,,,,,,,,,,S,,,S,S,S,,,,,,,,,,,,,,,,,,,,,,,,,,,,,../data/driams/downloads/DRIAMS-C/id/2018/2018_clean.csv,28052602820_A5,28052602820_A5,571.0,Klebsiella
Klebsiella oxytoca,28052602820_A6,S,R,S,S,S,S,S,,,,S,S,,,,,,,,,,,S,,,S,S,S,,,,,,,,,,,,,,,,,,,,,,,,,,,,,../data/driams/downloads/DRIAMS-C/id/2018/2018_clean.csv,28052602820_A6,28052602820_A6,571.0,Klebsiella
Haemophilus influenzae,28052602830_D10,S,S,,S,,S,S,,,,,,I,,,,,R,,,,,,,,,,,,,,,,,,,,,,,,,,,,,,,,,,,,,,,../data/driams/downloads/DRIAMS-C/id/2018/2018_clean.csv,28052602830_D10,28052602830_D10,727.0,Haemophilus
Haemophilus influenzae,28052602830_D11,S,S,,S,,S,S,,,,,,I,,,,,R,,,,,,,,,,,,,,,,,,,,,,,,,,,,,,,,,,,,,,,../data/driams/downloads/DRIAMS-C/id/2018/2018_clean.csv,28052602830_D11,28052602830_D11,727.0,Haemophilus
Escherichia coli,28052603620_E10,S,S,S,S,S,S,S,,,,S,S,,,,,,,,,,,S,,,S,S,S,,,,,,,,,,,,,,,,,,,,,,,,,,,,,../data/driams/downloads/DRIAMS-C/id/2018/2018_clean.csv,28052603620_E10,28052603620_E10,562.0,Escherichia
Staphylococcus aureus,28052603620_E7,S,R,,S,S,,,,,,,S,R,R,S,S,S,R,S,S,,,,,,,,,,,,,,,,,,,,,,,,,,,,,,,,,,,,,../data/driams/downloads/DRIAMS-C/id/2018/2018_clean.csv,28052603620_E7,28052603620_E7,1280.0,Staphylococcus
Escherichia coli,28052603620_E9,S,S,S,S,S,S,S,,,,S,S,,,,,,,,,,,S,,,S,S,S,,,,,,,,,,,,,,,,,,,,,,,,,,,,,../data/driams/downloads/DRIAMS-C/id/2018/2018_clean.csv,28052603620_E9,28052603620_E9,562.0,Escherichia
Staphylococcus aureus,28052605620_E4,S,R,,S,S,,,,,,,S,S,S,S,S,S,R,S,S,,,,,,,,,,,,,,,,,,,,,,,,,,,,,,,,,,,,,../data/driams/downloads/DRIAMS-C/id/2018/2018_clean.csv,28052605620_E4,28052605620_E4,1280.0,Staphylococcus
Staphylococcus aureus,28052605620_E5,S,R,,S,S,,,,,,,S,S,S,S,S,S,R,S,S,,,,,,,,,,,,,,,,,,,,,,,,,,,,,,,,,,,,,../data/driams/downloads/DRIAMS-C/id/2018/2018_clean.csv,28052605620_E5,28052605620_E5,1280.0,Staphylococcus
Morganella morganii,28052702360_E10,R,R,S,S,S,S,R,,,,R,S,,,,,,,,,,,S,,,S,S,S,,,,,,,,,,,,,,,,,,,,,,,,,,,,,../data/driams/downloads/DRIAMS-C/id/2018/2018_clean.csv,28052702360_E10,28052702360_E10,582.0,Morganella
Citrobacter koseri,28052702360_E9,S,R,S,S,S,S,S,,,,S,S,,,,,,,,,,,S,,,S,S,S,,,,,,,,,,,,,,,,,,,,,,,,,,,,,../data/driams/downloads/DRIAMS-C/id/2018/2018_clean.csv,28052702360_E9,28052702360_E9,545.0,Citrobacter
Citrobacter koseri,28052702360_B12,S,R,S,S,S,S,S,,,,S,S,,,,,,,,,,,S,,,S,S,S,,,,,,,,,,,,,,,,,,,,,,,,,,,,,../data/driams/downloads/DRIAMS-C/id/2018/2018_clean.csv,28052702360_B12,28052702360_B12,545.0,Citrobacter
Citrobacter koseri,28052702360_C1,S,R,S,S,S,S,S,,,,S,S,,,,,,,,,,,S,,,S,S,S,,,,,,,,,,,,,,,,,,,,,,,,,,,,,../data/driams/downloads/DRIAMS-C/id/2018/2018_clean.csv,28052702360_C1,28052702360_C1,545.0,Citrobacter
Morganella morganii,28052702360_C2,R,R,S,S,S,S,R,,,,R,S,,,,,,,,,,,S,,,S,S,S,,,,,,,,,,,,,,,,,,,,,,,,,,,,,../data/driams/downloads/DRIAMS-C/id/2018/2018_clean.csv,28052702360_C2,28052702360_C2,582.0,Morganella
Enterobacter cloacae,28052702820_F3,R,R,S,S,S,S,S,,,,S,S,,,,,,,,,,,S,,,S,S,S,,,,,,,,,,,,,,,,,,,,,,,,,,,,,../data/driams/downloads/DRIAMS-C/id/2018/2018_clean.csv,28052702820_F3,28052702820_F3,550.0,Enterobacter
Pseudomonas aeruginosa,28052703960_B12,R,R,R,S,S,R,R,,,,S,R,,,,,,,,,,,S,,,S,S,S,,,,,,,,,,,,,,,,,,,,,,,,,,,,,../data/driams/downloads/DRIAMS-C/id/2018/2018_clean.csv,28052703960_B12,28052703960_B12,287.0,Pseudomonas
Enterococcus faecalis,28052703960_C6,S,S,,,,,,S,,,,I,,,,,R,,,,,R,S,,,,,,,,,,,,,,,,,,,,,,,,,,,,,,,,,,../data/driams/downloads/DRIAMS-C/id/2018/2018_clean.csv,28052703960_C6,28052703960_C6,1351.0,Enterococcus
Morganella morganii,28052704050_B1,R,R,S,S,S,S,R,S,R,S,R,S,,,,,,,,,,,S,,,,,,,,,,,,,,,,,,,,,,,,,S,,,,,,,,,../data/driams/downloads/DRIAMS-C/id/2018/2018_clean.csv,28052704050_B1,28052704050_B1,582.0,Morganella
Enterococcus faecalis,28052704050_C4,S,S,,,,,,S,,,,I,,,,,R,,,,,R,S,,,,,,,,,,,,,,,,,,,,,,,,,S,,,,,,,,,../data/driams/downloads/DRIAMS-C/id/2018/2018_clean.csv,28052704050_C4,28052704050_C4,1351.0,Enterococcus
Proteus mirabilis,28052704070_C2,S,S,S,S,S,S,S,R,S,S,R,S,,,,,,,,,,,,,,,,,,,,,,,,,,,,,,,,,,,,,,,,,,,,,../data/driams/downloads/DRIAMS-C/id/2018/2018_clean.csv,28052704070_C2,28052704070_C2,584.0,Proteus
Enterococcus faecalis,28052704290_C5,S,S,,,,,,S,,,,I,,,,,R,,,,,R,S,,,,,,,,,,,,,,,,,,,,,,,,,,,,,,,,,,../data/driams/downloads/DRIAMS-C/id/2018/2018_clean.csv,28052704290_C5,28052704290_C5,1351.0,Enterococcus
Klebsiella pneumoniae,28052704630_C3,S,R,S,S,S,S,S,S,R,S,S,S,,,,,,,,,,,,,,,,,,,,,,,,,,,,,,,,,,,,,,,,,,,,,../data/driams/downloads/DRIAMS-C/id/2018/2018_clean.csv,28052704630_C3,28052704630_C3,573.0,Klebsiella
Escherichia coli,28052805600_C10,S,S,S,S,S,S,S,S,S,S,S,S,,,,,,,,,,,S,,,S,S,S,,,,,,,,,,,,,,,,,,,,,,,,,,,,,../data/driams/downloads/DRIAMS-C/id/2018/2018_clean.csv,28052805600_C10,28052805600_C10,562.0,Escherichia
Pseudomonas aeruginosa,28052805600_C11,R,R,S,S,S,R,R,,,,S,R,,,,,,,,,,,S,,,S,S,S,,,,,,,,,,,,,,,,,,,,,,,,,,,,,../data/driams/downloads/DRIAMS-C/id/2018/2018_clean.csv,28052805600_C11,28052805600_C11,287.0,Pseudomonas
Klebsiella oxytoca,28052805600_C8,S,R,S,S,S,S,S,S,R,S,S,S,,,,,,,,,,,S,,,S,S,S,,,,,,,,,,,,,,,,,,,,,,,,,,,,,../data/driams/downloads/DRIAMS-C/id/2018/2018_clean.csv,28052805600_C8,28052805600_C8,571.0,Klebsiella
Escherichia coli,28052805600_C9,S,S,S,S,S,S,S,S,S,S,S,S,,,,,,,,,,,S,,,S,S,S,,,,,,,,,,,,,,,,,,,,,,,,,,,,,../data/driams/downloads/DRIAMS-C/id/2018/2018_clean.csv,28052805600_C9,28052805600_C9,562.0,Escherichia
Campylobacter jejuni,28052807770_E2,,,,S,,,,,,,,,S,,,,,,,,,,,,,,,,S,S,R,S,,,,,,,,,,,,,,,,,,,,,,,,,../data/driams/downloads/DRIAMS-C/id/2018/2018_clean.csv,28052807770_E2,28052807770_E2,197.0,Campylobacter
Escherichia coli,28052807960_A4,R,R,S,S,S,S,S,,,,S,S,,,,,,,,,,,S,,,S,S,S,,,,,,,,,,,,,,,,,,,,,,,,,,,,,../data/driams/downloads/DRIAMS-C/id/2018/2018_clean.csv,28052807960_A4,28052807960_A4,562.0,Escherichia
Escherichia coli,28052807970_A5,S,R,S,S,S,S,S,,,,S,S,,,,,,,,,,,S,,,S,S,S,,,,,,,,,,,,,,,,,,,,,,,,,,,,,../data/driams/downloads/DRIAMS-C/id/2018/2018_clean.csv,28052807970_A5,28052807970_A5,562.0,Escherichia
Staphylococcus aureus,28052808490_A7,S,S,,S,S,,,,,,,S,S,S,S,S,S,S,S,S,,,,,,,,,,,,,,,,,,,,,,,,,,,,,,,,,,,,,../data/driams/downloads/DRIAMS-C/id/2018/2018_clean.csv,28052808490_A7,28052808490_A7,1280.0,Staphylococcus
Staphylococcus aureus,28052808580_C12,S,R,,S,S,,,S,,S,,S,,,,,S,R,,,,,,,,,,,,,,,S,,,,,,,,,,,,,,,,,,,,,,,,../data/driams/downloads/DRIAMS-C/id/2018/2018_clean.csv,28052808580_C12,28052808580_C12,1280.0,Staphylococcus
Citrobacter koseri,28052808740_D2,S,R,S,S,S,S,S,S,S,S,S,S,,,,,,,,,,,,,,,,,,,,,,,,,,,,,,,,,,,,,,,,,,,,,../data/driams/downloads/DRIAMS-C/id/2018/2018_clean.csv,28052808740_D2,28052808740_D2,545.0,Citrobacter
Klebsiella pneumoniae,28052808790_D3,S,R,S,S,S,S,S,S,R,S,S,S,,,,,,,,,,,,,,,,,,,,,,,,,,,,,,,,,,,,,,,,,,,,,../data/driams/downloads/DRIAMS-C/id/2018/2018_clean.csv,28052808790_D3,28052808790_D3,573.0,Klebsiella
Enterococcus faecalis,28052808840_D4,S,S,,,,,,S,,,,I,,,,,R,,,,,R,S,,,,,,,,,,,,,,,,,,,,,,,,,,,,,,,,,,../data/driams/downloads/DRIAMS-C/id/2018/2018_clean.csv,28052808840_D4,28052808840_D4,1351.0,Enterococcus
Staphylococcus aureus,28052809280_B5,S,R,,S,S,,,,,,,S,R,R,S,S,S,R,S,S,,,,,,,,,,,,,,,,,,,,,,,,,,,,,,,,,,,,,../data/driams/downloads/DRIAMS-C/id/2018/2018_clean.csv,28052809280_B5,28052809280_B5,1280.0,Staphylococcus
Escherichia coli,28052809740_D5,R,R,S,R,S,S,S,S,S,R,S,S,,,,,,,,,,,,,,,,,,,,,,,,,,,,,,,,,,,,,,,,,,,,,../data/driams/downloads/DRIAMS-C/id/2018/2018_clean.csv,28052809740_D5,28052809740_D5,562.0,Escherichia
Enterococcus faecalis,28052809740_F6,S,S,,,,,,S,,,,I,,,,,R,,,,,R,S,,,,,,,,,,,,,,,,,,,,,,,,,,,,,,,,,,../data/driams/downloads/DRIAMS-C/id/2018/2018_clean.csv,28052809740_F6,28052809740_F6,1351.0,Enterococcus
Morganella morganii,28052809790_D10,R,R,S,S,S,S,R,R,R,S,R,R,,,,,,,,,,,,,,,,,,,,,,,,,,,,,,,,,,,,,,,,,,,,,../data/driams/downloads/DRIAMS-C/id/2018/2018_clean.csv,28052809790_D10,28052809790_D10,582.0,Morganella
Klebsiella oxytoca,28052809790_D7,S,R,S,S,S,S,S,S,R,S,S,S,,,,,,,,,,,,,,,,,,,,,,,,,,,,,,,,,,,,,,,,,,,,,../data/driams/downloads/DRIAMS-C/id/2018/2018_clean.csv,28052809790_D7,28052809790_D7,571.0,Klebsiella
Morganella morganii,28052809790_D9,R,R,S,S,S,S,R,R,R,S,R,R,,,,,,,,,,,,,,,,,,,,,,,,,,,,,,,,,,,,,,,,,,,,,../data/driams/downloads/DRIAMS-C/id/2018/2018_clean.csv,28052809790_D9,28052809790_D9,582.0,Morganella
Klebsiella pneumoniae,28052809970_E1,S,R,S,S,S,S,S,S,R,S,S,S,,,,,,,,,,,S,,,S,S,S,,,,,,,,,,,,,,,,,,,,,,,,,,,,,../data/driams/downloads/DRIAMS-C/id/2018/2018_clean.csv,28052809970_E1,28052809970_E1,573.0,Klebsiella
Pseudomonas aeruginosa,28052809970_E2,R,R,R,S,S,R,R,,,,S,R,,,,,,,,,,,R,,,S,S,S,,,,,,,,,,,,,,,,,,,,,,,,,,,,,../data/driams/downloads/DRIAMS-C/id/2018/2018_clean.csv,28052809970_E2,28052809970_E2,287.0,Pseudomonas
Klebsiella pneumoniae,28052811920_E12,S,R,S,S,S,S,S,S,R,S,S,S,,,,,,,,,,,,,,,,,,,,,,,,,,,,,,,,,,,,,,,,,,,,,../data/driams/downloads/DRIAMS-C/id/2018/2018_clean.csv,28052811920_E12,28052811920_E12,573.0,Klebsiella
Klebsiella pneumoniae,28052813480_F1,S,R,S,S,S,S,S,S,R,S,S,S,,,,,,,,,,,,,,,,,,,,,,,,,,,,,,,,,,,,,,,,,,,,,../data/driams/downloads/DRIAMS-C/id/2018/2018_clean.csv,28052813480_F1,28052813480_F1,573.0,Klebsiella
Escherichia coli,28052813800_F3,S,S,S,S,S,S,S,S,S,S,S,S,,,,,,,,,,,,,,,,,,,,,,,,,,,,,,,,,,,,,,,,,,,,,../data/driams/downloads/DRIAMS-C/id/2018/2018_clean.csv,28052813800_F3,28052813800_F3,562.0,Escherichia
Proteus mirabilis,28052905070_C11,S,S,S,S,S,S,S,,,,R,S,,,,,,,,,,,S,,,S,S,S,,,,,,,,,,,,,,,,,,,,,,,,,,,,,../data/driams/downloads/DRIAMS-C/id/2018/2018_clean.csv,28052905070_C11,28052905070_C11,584.0,Proteus
Proteus mirabilis,28052905070_C12,S,S,S,S,S,S,S,,,,R,S,,,,,,,,,,,S,,,S,S,S,,,,,,,,,,,,,,,,,,,,,,,,,,,,,../data/driams/downloads/DRIAMS-C/id/2018/2018_clean.csv,28052905070_C12,28052905070_C12,584.0,Proteus
Staphylococcus aureus,28052905070_D2,S,R,,S,S,,,,,,,S,S,S,S,S,S,R,S,S,,,,,,,,,,,,,,,,,,,,,,,,,,,,,,,,,,,,,../data/driams/downloads/DRIAMS-C/id/2018/2018_clean.csv,28052905070_D2,28052905070_D2,1280.0,Staphylococcus
Escherichia coli,28052905590_D6,S,R,S,R,S,S,S,,,,S,R,,,,,,,,,,,S,,,S,S,S,,,,,,,,,,,,,,,,,,,,,,,,,,,,,../data/driams/downloads/DRIAMS-C/id/2018/2018_clean.csv,28052905590_D6,28052905590_D6,562.0,Escherichia
Escherichia coli,28052905590_D7,S,R,S,R,S,S,S,,,,S,R,,,,,,,,,,,S,,,S,S,S,,,,,,,,,,,,,,,,,,,,,,,,,,,,,../data/driams/downloads/DRIAMS-C/id/2018/2018_clean.csv,28052905590_D7,28052905590_D7,562.0,Escherichia
Haemophilus influenzae,28052905610_D9,S,S,,S,,S,S,,,,,,I,,,,,S,,,,,,,,,,,,,,,,,,,,,,,,,,,,,,,,,,,,,,,../data/driams/downloads/DRIAMS-C/id/2018/2018_clean.csv,28052905610_D9,28052905610_D9,727.0,Haemophilus
Citrobacter koseri,28052906770_F12,S,R,S,S,S,S,R,S,S,S,S,S,,,,,,,,,,,,,,,,,,,,,,,,,,,,,,,,,,,,,,,,,,,,,../data/driams/downloads/DRIAMS-C/id/2018/2018_clean.csv,28052906770_F12,28052906770_F12,545.0,Citrobacter
Enterococcus faecalis,28052909740_G10,S,S,,,,,,S,,,,I,,,,,R,,,,,R,S,,,,,,,,,,,,,,,,,,,,,,,,,,,,,,,,,,../data/driams/downloads/DRIAMS-C/id/2018/2018_clean.csv,28052909740_G10,28052909740_G10,1351.0,Enterococcus
Pseudomonas aeruginosa,28052909740_G11,R,R,S,R,S,R,R,,,,S,R,,,,,,,,,,,S,,,S,S,S,,,,,,,,,,,,,,,,,,,,,,,,,,,,,../data/driams/downloads/DRIAMS-C/id/2018/2018_clean.csv,28052909740_G11,28052909740_G11,287.0,Pseudomonas
Pseudomonas aeruginosa,28052909740_G8,R,R,S,R,S,R,R,,,,S,R,,,,,,,,,,,S,,,S,S,S,,,,,,,,,,,,,,,,,,,,,,,,,,,,,../data/driams/downloads/DRIAMS-C/id/2018/2018_clean.csv,28052909740_G8,28052909740_G8,287.0,Pseudomonas
Staphylococcus aureus,28052909740_G9,S,S,,S,S,,,S,,S,,S,,,,,S,S,,,,,,,,,,,,,,,S,,,,,,,,,,,,,,,,,,,,,,,,../data/driams/downloads/DRIAMS-C/id/2018/2018_clean.csv,28052909740_G9,28052909740_G9,1280.0,Staphylococcus
Staphylococcus aureus,28052909740_H9,S,S,,S,S,,,S,,S,,S,,,,,S,S,,,,,,,,,,,,,,,S,,,,,,,,,,,,,,,,,,,,,,,,../data/driams/downloads/DRIAMS-C/id/2018/2018_clean.csv,28052909740_H9,28052909740_H9,1280.0,Staphylococcus
Staphylococcus aureus,28052909870_D12,R,R,,S,S,,,,,,,S,S,S,S,S,R,R,S,S,,,,,,,,,,,,,,,,,,,,,,,,,,,,,,,,,,,,,../data/driams/downloads/DRIAMS-C/id/2018/2018_clean.csv,28052909870_D12,28052909870_D12,1280.0,Staphylococcus
Staphylococcus aureus,28052909870_E1,R,R,,S,S,,,,,,,S,S,S,S,S,R,R,S,S,,,,,,,,,,,,,,,,,,,,,,,,,,,,,,,,,,,,,../data/driams/downloads/DRIAMS-C/id/2018/2018_clean.csv,28052909870_E1,28052909870_E1,1280.0,Staphylococcus
Staphylococcus aureus,28052909870_E2,R,R,,S,S,,,,,,,S,S,S,S,S,R,R,S,S,,,,,,,,,,,,,,,,,,,,,,,,,,,,,,,,,,,,,../data/driams/downloads/DRIAMS-C/id/2018/2018_clean.csv,28052909870_E2,28052909870_E2,1280.0,Staphylococcus
Acinetobacter baumannii,28052910130_G12,R,R,I,S,S,R,R,R,R,S,S,S,,,,,,,,,,,S,,,S,,S,,,,,,,,,,,,,,,,,S,,,,,,,,,,,,../data/driams/downloads/DRIAMS-C/id/2018/2018_clean.csv,28052910130_G12,28052910130_G12,470.0,Acinetobacter
Escherichia coli,28052910130_A2,S,R,S,R,S,S,S,S,S,R,S,R,,,,,,,,,,,S,,,S,,S,,,,,,,,,,,,,,,,,S,,,,,,,,,,,,../data/driams/downloads/DRIAMS-C/id/2018/2018_clean.csv,28052910130_A2,28052910130_A2,562.0,Escherichia
Citrobacter freundii,28052910130_A3,R,R,R,S,S,R,R,S,S,S,S,S,,,,,,,,,,,R,,,S,,S,,,,,,,,,,,,,,,,,S,,,,,,,,,,,,../data/driams/downloads/DRIAMS-C/id/2018/2018_clean.csv,28052910130_A3,28052910130_A3,546.0,Citrobacter
Citrobacter freundii,28052910130_C10,R,R,R,S,S,R,R,S,S,S,S,S,,,,,,,,,,,R,,,S,,S,,,,,,,,,,,,,,,,,S,,,,,,,,,,,,../data/driams/downloads/DRIAMS-C/id/2018/2018_clean.csv,28052910130_C10,28052910130_C10,546.0,Citrobacter
Escherichia coli,28052910130_C11,S,R,S,R,S,S,S,S,S,R,S,R,,,,,,,,,,,S,,,S,,S,,,,,,,,,,,,,,,,,S,,,,,,,,,,,,../data/driams/downloads/DRIAMS-C/id/2018/2018_clean.csv,28052910130_C11,28052910130_C11,562.0,Escherichia
Citrobacter freundii,28052910130_D1,R,R,R,S,S,R,R,S,S,S,S,S,,,,,,,,,,,R,,,S,,S,,,,,,,,,,,,,,,,,S,,,,,,,,,,,,../data/driams/downloads/DRIAMS-C/id/2018/2018_clean.csv,28052910130_D1,28052910130_D1,546.0,Citrobacter
Acinetobacter baumannii,28052910130_D2,R,R,I,S,S,R,R,R,R,S,S,S,,,,,,,,,,,S,,,S,,S,,,,,,,,,,,,,,,,,S,,,,,,,,,,,,../data/driams/downloads/DRIAMS-C/id/2018/2018_clean.csv,28052910130_D2,28052910130_D2,470.0,Acinetobacter
Klebsiella pneumoniae,28052910160_H1,S,R,S,S,S,S,S,S,R,S,S,S,,,,,,,,,,,,,,,,,,,,,,,,,,,,,,,,,,,,,,,,,,,,,../data/driams/downloads/DRIAMS-C/id/2018/2018_clean.csv,28052910160_H1,28052910160_H1,573.0,Klebsiella
Serratia marcescens,28052910210_H2,R,R,S,S,S,S,R,R,R,S,R,S,,,,,,,,,,,,,,,,,,,,,,,,,,,,,,,,,,,,,,,,,,,,,../data/driams/downloads/DRIAMS-C/id/2018/2018_clean.csv,28052910210_H2,28052910210_H2,615.0,Serratia
Serratia marcescens,28052910210_H3,R,R,S,S,S,S,R,R,R,S,R,S,,,,,,,,,,,,,,,,,,,,,,,,,,,,,,,,,,,,,,,,,,,,,../data/driams/downloads/DRIAMS-C/id/2018/2018_clean.csv,28052910210_H3,28052910210_H3,615.0,Serratia
Proteus mirabilis,28052910210_A9,S,S,S,S,S,S,S,R,S,S,R,R,,,,,,,,,,,,,,,,,,,,,,,,,,,,,,,,,,,,,,,,,,,,,../data/driams/downloads/DRIAMS-C/id/2018/2018_clean.csv,28052910210_A9,28052910210_A9,584.0,Proteus
Klebsiella pneumoniae,28052912660_H5,S,R,S,S,S,S,S,S,R,S,S,S,,,,,,,,,,,,,,,,,,,,,,,,,,,,,,,,,,,,,,,,,,,,,../data/driams/downloads/DRIAMS-C/id/2018/2018_clean.csv,28052912660_H5,28052912660_H5,573.0,Klebsiella
Staphylococcus lugdunensis,28052912770_A11,S,S,,S,S,,,S,,S,,S,,,,,S,S,,,,,,,,,,,,,,,S,,,,,,,,,,,,,,,,,,,,,,,,../data/driams/downloads/DRIAMS-C/id/2018/2018_clean.csv,28052912770_A11,28052912770_A11,28035.0,Staphylococcus
Escherichia coli,28053003270_F5,S,R,S,S,S,S,S,,,,S,R,,,,,,,,,,,S,,,S,S,S,,,,,,,,,,,,,,,,,,,,,,,,,,,,,../data/driams/downloads/DRIAMS-C/id/2018/2018_clean.csv,28053003270_F5,28053003270_F5,562.0,Escherichia
Escherichia coli,28053003270_F6,S,R,S,S,S,S,S,,,,S,R,,,,,,,,,,,S,,,S,S,S,,,,,,,,,,,,,,,,,,,,,,,,,,,,,../data/driams/downloads/DRIAMS-C/id/2018/2018_clean.csv,28053003270_F6,28053003270_F6,562.0,Escherichia
Escherichia coli,28053003270_F7,S,R,S,S,S,S,S,,,,S,R,,,,,,,,,,,S,,,S,S,S,,,,,,,,,,,,,,,,,,,,,,,,,,,,,../data/driams/downloads/DRIAMS-C/id/2018/2018_clean.csv,28053003270_F7,28053003270_F7,562.0,Escherichia
Escherichia coli,28053003270_F9,S,R,S,S,S,S,S,,,,S,R,,,,,,,,,,,S,,,S,S,S,,,,,,,,,,,,,,,,,,,,,,,,,,,,,../data/driams/downloads/DRIAMS-C/id/2018/2018_clean.csv,28053003270_F9,28053003270_F9,562.0,Escherichia
Pseudomonas aeruginosa,28053008500_G7,R,R,S,S,S,R,R,,,,S,R,,,,,,,,,,,S,,,S,S,S,,,,,,,,,,,,,,,,,,,,,,,,,,,,,../data/driams/downloads/DRIAMS-C/id/2018/2018_clean.csv,28053008500_G7,28053008500_G7,287.0,Pseudomonas
Enterococcus faecium,28053008770_B10,S,S,,,R,,,,,,,,,R,,,R,,,S,S,S,S,,,,,,,,,,,,,,,,,,,,,,,,,,,,,,,,,,../data/driams/downloads/DRIAMS-C/id/2018/2018_clean.csv,28053008770_B10,28053008770_B10,1352.0,Enterococcus
Enterococcus faecium,28053008770_A7,S,S,,,R,,,,,,,,,R,,,R,,,S,S,S,S,,,,,,,,,,,,,,,,,,,,,,,,,,,,,,,,,,../data/driams/downloads/DRIAMS-C/id/2018/2018_clean.csv,28053008770_A7,28053008770_A7,1352.0,Enterococcus
Escherichia coli,28053009850_C9,S,S,S,S,S,S,S,,,,S,S,,,,,,,,,,,S,,,S,S,S,,,,,,,,,,,,,,,,,,,,,,,,,,,,,../data/driams/downloads/DRIAMS-C/id/2018/2018_clean.csv,28053009850_C9,28053009850_C9,562.0,Escherichia
,28053009880_D5,S,S,,,S,,,,,,,S,S,S,S,,S,S,,S,,,,,S,,,,,,,,,,,,,,,,,,,,,,,,,,,,,,,,../data/driams/downloads/DRIAMS-C/id/2018/2018_clean.csv,28053009880_D5,28053009880_D5,,
Granulicatella adiacens,28053010460_D2,S,S,,,R,,,,,,,R,S,S,S,,S,S,,S,,,,,S,,,,,,,,,,,,,,,,,,,,,,,,,,,,,,,,../data/driams/downloads/DRIAMS-C/id/2018/2018_clean.csv,28053010460_D2,28053010460_D2,46124.0,Granulicatella
Granulicatella adiacens,28053010460_E1,S,S,,,R,,,,,,,R,S,S,S,,S,S,,S,,,,,S,,,,,,,,,,,,,,,,,,,,,,,,,,,,,,,,../data/driams/downloads/DRIAMS-C/id/2018/2018_clean.csv,28053010460_E1,28053010460_E1,46124.0,Granulicatella
Granulicatella adiacens,28053010460_E2,S,S,,,R,,,,,,,R,S,S,S,,S,S,,S,,,,,S,,,,,,,,,,,,,,,,,,,,,,,,,,,,,,,,../data/driams/downloads/DRIAMS-C/id/2018/2018_clean.csv,28053010460_E2,28053010460_E2,46124.0,Granulicatella
Granulicatella adiacens,28053010460_E3,S,S,,,R,,,,,,,R,S,S,S,,S,S,,S,,,,,S,,,,,,,,,,,,,,,,,,,,,,,,,,,,,,,,../data/driams/downloads/DRIAMS-C/id/2018/2018_clean.csv,28053010460_E3,28053010460_E3,46124.0,Granulicatella
Granulicatella adiacens,28053010460_E12,S,S,,,R,,,,,,,R,S,S,S,,S,S,,S,,,,,S,,,,,,,,,,,,,,,,,,,,,,,,,,,,,,,,../data/driams/downloads/DRIAMS-C/id/2018/2018_clean.csv,28053010460_E12,28053010460_E12,46124.0,Granulicatella
Granulicatella adiacens,28053010460_F1,S,S,,,R,,,,,,,R,S,S,S,,S,S,,S,,,,,S,,,,,,,,,,,,,,,,,,,,,,,,,,,,,,,,../data/driams/downloads/DRIAMS-C/id/2018/2018_clean.csv,28053010460_F1,28053010460_F1,46124.0,Granulicatella
Streptococcus oralis,28053010500_F11,S,S,,,R,,,,,,,S,S,S,S,,S,S,,S,,,,,S,,,,,,,,,,,,,,,,,,,,,,,,,,,,,,,,../data/driams/downloads/DRIAMS-C/id/2018/2018_clean.csv,28053010500_F11,28053010500_F11,1303.0,Streptococcus
Streptococcus oralis,28053010500_A10,S,S,,,R,,,,,,,S,S,S,S,,S,S,,S,,,,,S,,,,,,,,,,,,,,,,,,,,,,,,,,,,,,,,../data/driams/downloads/DRIAMS-C/id/2018/2018_clean.csv,28053010500_A10,28053010500_A10,1303.0,Streptococcus
Streptococcus oralis,28053010500_A11,S,S,,,R,,,,,,,S,S,S,S,,S,S,,S,,,,,S,,,,,,,,,,,,,,,,,,,,,,,,,,,,,,,,../data/driams/downloads/DRIAMS-C/id/2018/2018_clean.csv,28053010500_A11,28053010500_A11,1303.0,Streptococcus
Staphylococcus lugdunensis,28053011460_G8,S,R,,S,S,,,,,,,S,S,S,S,S,S,R,S,S,,,,,,,,,,,,,,,,,,,,,,,,,,,,,,,,,,,,,../data/driams/downloads/DRIAMS-C/id/2018/2018_clean.csv,28053011460_G8,28053011460_G8,28035.0,Staphylococcus
Klebsiella pneumoniae,28053011460_G9,S,R,S,S,S,S,S,,,,S,S,,,,,,,,,,,S,,,S,S,S,,,,,,,,,,,,,,,,,,,,,,,,,,,,,../data/driams/downloads/DRIAMS-C/id/2018/2018_clean.csv,28053011460_G9,28053011460_G9,573.0,Klebsiella
Staphylococcus aureus,28053011910_E8,S,R,,S,S,,,,,,,S,S,S,S,S,S,R,S,S,,,,,,,,,,,,,,,,,,,,,,,,,,,,,,,,,,,,,../data/driams/downloads/DRIAMS-C/id/2018/2018_clean.csv,28053011910_E8,28053011910_E8,1280.0,Staphylococcus
Staphylococcus aureus,28053011910_E9,S,R,,S,S,,,,,,,S,S,S,S,S,S,R,S,S,,,,,,,,,,,,,,,,,,,,,,,,,,,,,,,,,,,,,../data/driams/downloads/DRIAMS-C/id/2018/2018_clean.csv,28053011910_E9,28053011910_E9,1280.0,Staphylococcus
Staphylococcus aureus,28053011910_D1,S,R,,S,S,,,,,,,S,S,S,S,S,S,R,S,S,,,,,,,,,,,,,,,,,,,,,,,,,,,,,,,,,,,,,../data/driams/downloads/DRIAMS-C/id/2018/2018_clean.csv,28053011910_D1,28053011910_D1,1280.0,Staphylococcus
Haemophilus parainfluenzae,28053012790_H1,S,S,,S,,S,S,,,,,,I,,,,,R,,,,,,,,,,,,,,,,,,,,,,,,,,,,,,,,,,,,,,,../data/driams/downloads/DRIAMS-C/id/2018/2018_clean.csv,28053012790_H1,28053012790_H1,729.0,Haemophilus
Haemophilus parainfluenzae,28053012790_H2,S,S,,S,,S,S,,,,,,I,,,,,R,,,,,,,,,,,,,,,,,,,,,,,,,,,,,,,,,,,,,,,../data/driams/downloads/DRIAMS-C/id/2018/2018_clean.csv,28053012790_H2,28053012790_H2,729.0,Haemophilus
Haemophilus parainfluenzae,28053012790_H3,S,S,,S,,S,S,,,,,,I,,,,,R,,,,,,,,,,,,,,,,,,,,,,,,,,,,,,,,,,,,,,,../data/driams/downloads/DRIAMS-C/id/2018/2018_clean.csv,28053012790_H3,28053012790_H3,729.0,Haemophilus
Staphylococcus aureus,28053104190_A10,S,S,,S,S,,,,,,,S,S,S,S,S,S,S,S,S,,,,,,,,,,,,,,,,,,,,,,,,,,,,,,,,,,,,,../data/driams/downloads/DRIAMS-C/id/2018/2018_clean.csv,28053104190_A10,28053104190_A10,1280.0,Staphylococcus
Streptococcus pneumoniae,28053107980_B1,S,S,,,R,,,,,,,S,S,S,S,,S,S,,S,,,,,S,,,,,,,,,,,,,,,,,,,,,,,,,,,,,,,,../data/driams/downloads/DRIAMS-C/id/2018/2018_clean.csv,28053107980_B1,28053107980_B1,1313.0,Streptococcus
Haemophilus influenzae,28053107980_B2,S,S,,S,,S,R,,,,,,I,,,,,S,,,,,,,,,,,,,,,,,,,,,,,,,,,,,,,,,,,,,,,../data/driams/downloads/DRIAMS-C/id/2018/2018_clean.csv,28053107980_B2,28053107980_B2,727.0,Haemophilus
Haemophilus influenzae,28053107980_C12,S,S,,S,,S,R,,,,,,I,,,,,S,,,,,,,,,,,,,,,,,,,,,,,,,,,,,,,,,,,,,,,../data/driams/downloads/DRIAMS-C/id/2018/2018_clean.csv,28053107980_C12,28053107980_C12,727.0,Haemophilus
Enterococcus faecalis,28053108630_E4,S,S,,,,,,S,,,,I,,,,,R,,,,,R,S,,,,,,,,,,,,,,,,,,,,,,,,,,,,,,,,,,../data/driams/downloads/DRIAMS-C/id/2018/2018_clean.csv,28053108630_E4,28053108630_E4,1351.0,Enterococcus
Morganella morganii,28053108630_E5,R,R,S,S,S,S,R,R,R,S,R,S,,,,,,,,,,,,,,,,,,,,,,,,,,,,,,,,,,,,,,,,,,,,,../data/driams/downloads/DRIAMS-C/id/2018/2018_clean.csv,28053108630_E5,28053108630_E5,582.0,Morganella
Enterococcus faecalis,28053108630_E6,S,S,,,,,,S,,,,I,,,,,R,,,,,R,S,,,,,,,,,,,,,,,,,,,,,,,,,,,,,,,,,,../data/driams/downloads/DRIAMS-C/id/2018/2018_clean.csv,28053108630_E6,28053108630_E6,1351.0,Enterococcus
Klebsiella oxytoca,28053108750_B6,S,R,S,S,S,S,S,,,,S,S,,,,,,,,,,,S,,,S,S,S,,,,,,,,,,,,,,,,,,,,,,,,,,,,,../data/driams/downloads/DRIAMS-C/id/2018/2018_clean.csv,28053108750_B6,28053108750_B6,571.0,Klebsiella
Klebsiella oxytoca,28053108750_B7,S,R,S,S,S,S,S,,,,S,S,,,,,,,,,,,S,,,S,S,S,,,,,,,,,,,,,,,,,,,,,,,,,,,,,../data/driams/downloads/DRIAMS-C/id/2018/2018_clean.csv,28053108750_B7,28053108750_B7,571.0,Klebsiella
Enterococcus faecalis,28053110090_E12,S,S,,,,,,S,,,,I,,,,,R,,,,,R,S,,,,,,,,,,,,,,,,,,,,,,,,,,,,,,,,,,../data/driams/downloads/DRIAMS-C/id/2018/2018_clean.csv,28053110090_E12,28053110090_E12,1351.0,Enterococcus
Staphylococcus aureus,28053110090_F1,S,R,,S,S,,,S,,S,,S,,,,,S,R,,,,,,,,,,,,,,,S,,,,,,,,,,,,,,,,,,,,,,,,../data/driams/downloads/DRIAMS-C/id/2018/2018_clean.csv,28053110090_F1,28053110090_F1,1280.0,Staphylococcus
Enterococcus faecalis,28053110500_F4,S,S,,,,,,S,,,,I,,,,,R,,,,,R,S,,,,,,,,,,,,,,,,,,,,,,,,,,,,,,,,,,../data/driams/downloads/DRIAMS-C/id/2018/2018_clean.csv,28053110500_F4,28053110500_F4,1351.0,Enterococcus
Klebsiella pneumoniae,28053111550_A10,S,R,S,S,S,S,S,S,R,S,S,S,,,,,,,,,,,,,,,,,,,,,,,,,,,,,,,,,,,,,,,,,,,,,../data/driams/downloads/DRIAMS-C/id/2018/2018_clean.csv,28053111550_A10,28053111550_A10,573.0,Klebsiella
Proteus vulgaris,28053111550_A11,R,R,S,S,S,S,R,R,R,S,R,S,,,,,,,,,,,,,,,,,,,,,,,,,,,,,,,,,,,,,,,,,,,,,../data/driams/downloads/DRIAMS-C/id/2018/2018_clean.csv,28053111550_A11,28053111550_A11,585.0,Proteus
Escherichia coli,28053111550_A9,S,S,S,S,S,S,S,S,S,S,S,S,,,,,,,,,,,,,,,,,,,,,,,,,,,,,,,,,,,,,,,,,,,,,../data/driams/downloads/DRIAMS-C/id/2018/2018_clean.csv,28053111550_A9,28053111550_A9,562.0,Escherichia
Escherichia coli,28053111700_F8,S,S,S,S,S,S,S,S,S,S,S,S,,,,,,,,,,,,,,,,,,,,,,,,,,,,,,,,,,,,,,,,,,,,,../data/driams/downloads/DRIAMS-C/id/2018/2018_clean.csv,28053111700_F8,28053111700_F8,562.0,Escherichia
Enterococcus faecalis,28060105550_B7,S,S,,,,,,S,,,,I,,,,,R,,,,,R,S,,,,,,,,,,,,,,,,,,,,,,,,,,,,,,,,,,../data/driams/downloads/DRIAMS-C/id/2018/2018_clean.csv,28060105550_B7,28060105550_B7,1351.0,Enterococcus
Proteus mirabilis,28060107430_D12,S,S,S,S,S,S,S,,,,R,S,,,,,,,,,,,S,,,S,S,S,,,,,,,,,,,,,,,,,,,,,,,,,,,,,../data/driams/downloads/DRIAMS-C/id/2018/2018_clean.csv,28060107430_D12,28060107430_D12,584.0,Proteus
Enterococcus faecalis,28060107430_E1,S,S,,,R,,,,,,,,,R,,,R,,,S,S,R,S,,,,,,,,,,,,,,,,,,,,,,,,,,,,,,,,,,../data/driams/downloads/DRIAMS-C/id/2018/2018_clean.csv,28060107430_E1,28060107430_E1,1351.0,Enterococcus
Klebsiella pneumoniae,28060108290_F5,S,R,S,S,S,S,S,,,,S,S,,,,,,,,,,,S,,,S,S,S,,,,,,,,,,,,,,,,,,,,,,,,,,,,,../data/driams/downloads/DRIAMS-C/id/2018/2018_clean.csv,28060108290_F5,28060108290_F5,573.0,Klebsiella
Pseudomonas aeruginosa,28060108290_F8,R,R,S,S,S,R,R,,,,S,R,,,,,,,,,,,S,,,S,S,S,,,,,,,,,,,,,,,,,,,,,,,,,,,,,../data/driams/downloads/DRIAMS-C/id/2018/2018_clean.csv,28060108290_F8,28060108290_F8,287.0,Pseudomonas
Proteus mirabilis,28060108550_G1,S,S,S,S,S,S,S,,,,R,R,,,,,,,,,,,S,,,S,S,S,,,,,,,,,,,,,,,,,,,,,,,,,,,,,../data/driams/downloads/DRIAMS-C/id/2018/2018_clean.csv,28060108550_G1,28060108550_G1,584.0,Proteus
Enterococcus faecalis,28060108550_G2,S,S,,,R,,,,,,,,,R,,,R,,,S,S,R,S,,,,,,,,,,,,,,,,,,,,,,,,,,,,,,,,,,../data/driams/downloads/DRIAMS-C/id/2018/2018_clean.csv,28060108550_G2,28060108550_G2,1351.0,Enterococcus
Klebsiella aerogenes,28060108550_G3,R,R,S,S,S,S,S,,,,S,S,,,,,,,,,,,S,,,S,S,S,,,,,,,,,,,,,,,,,,,,,,,,,,,,,../data/driams/downloads/DRIAMS-C/id/2018/2018_clean.csv,28060108550_G3,28060108550_G3,548.0,
Serratia marcescens,28060109060_D10,R,R,S,S,S,S,R,,,,R,S,,,,,,,,,,,S,,,S,S,S,,,,,,,,,,,,,,,,,,,,,,,,,,,,,../data/driams/downloads/DRIAMS-C/id/2018/2018_clean.csv,28060109060_D10,28060109060_D10,615.0,Serratia
Serratia marcescens,28060109060_D9,R,R,S,S,S,S,R,,,,R,S,,,,,,,,,,,S,,,S,S,S,,,,,,,,,,,,,,,,,,,,,,,,,,,,,../data/driams/downloads/DRIAMS-C/id/2018/2018_clean.csv,28060109060_D9,28060109060_D9,615.0,Serratia
Staphylococcus aureus,28060110060_B8,S,R,,S,S,,,,,,,S,S,S,S,S,S,R,S,S,,,,,,,,,,,,,,,,,,,,,,,,,,,,,,,,,,,,,../data/driams/downloads/DRIAMS-C/id/2018/2018_clean.csv,28060110060_B8,28060110060_B8,1280.0,Staphylococcus
Staphylococcus aureus,28060110060_B9,S,R,,S,S,,,,,,,S,S,S,S,S,S,R,S,S,,,,,,,,,,,,,,,,,,,,,,,,,,,,,,,,,,,,,../data/driams/downloads/DRIAMS-C/id/2018/2018_clean.csv,28060110060_B9,28060110060_B9,1280.0,Staphylococcus
Staphylococcus aureus,28060110060_C5,S,R,,S,S,,,,,,,S,S,S,S,S,S,R,S,S,,,,,,,,,,,,,,,,,,,,,,,,,,,,,,,,,,,,,../data/driams/downloads/DRIAMS-C/id/2018/2018_clean.csv,28060110060_C5,28060110060_C5,1280.0,Staphylococcus
Staphylococcus aureus,28060110070_B11,S,R,,S,S,,,,,,,S,S,S,S,S,S,R,S,S,,,,,,,,,,,,,,,,,,,,,,,,,,,,,,,,,,,,,../data/driams/downloads/DRIAMS-C/id/2018/2018_clean.csv,28060110070_B11,28060110070_B11,1280.0,Staphylococcus
Staphylococcus aureus,28060110070_C4,S,R,,S,S,,,,,,,S,S,S,S,S,S,R,S,S,,,,,,,,,,,,,,,,,,,,,,,,,,,,,,,,,,,,,../data/driams/downloads/DRIAMS-C/id/2018/2018_clean.csv,28060110070_C4,28060110070_C4,1280.0,Staphylococcus
Staphylococcus aureus,28060110950_G8,S,R,,S,S,,,,,,,S,S,S,S,S,S,R,S,S,,,,,,,,,,,,,,,,,,,,,,,,,,,,,,,,,,,,,../data/driams/downloads/DRIAMS-C/id/2018/2018_clean.csv,28060110950_G8,28060110950_G8,1280.0,Staphylococcus
Escherichia coli,28060110950_G9,S,S,S,S,S,S,S,,,,S,S,,,,,,,,,,,S,,,S,S,S,,,,,,,,,,,,,,,,,,,,,,,,,,,,,../data/driams/downloads/DRIAMS-C/id/2018/2018_clean.csv,28060110950_G9,28060110950_G9,562.0,Escherichia
Klebsiella pneumoniae,28060111600_C7,S,R,S,R,S,R,R,S,R,R,S,R,,,,,,,,,,,S,,,S,I,S,,,,,,,,,,,,,,,,,,,,,,,,,,,,,../data/driams/downloads/DRIAMS-C/id/2018/2018_clean.csv,28060111600_C7,28060111600_C7,573.0,Klebsiella
Escherichia coli,28060202380_B9,S,S,S,S,S,S,S,,,,S,S,,,,,,,,,,,S,,,S,S,S,,,,,,,,,,,,,,,,,,,,,,,,,,,,,../data/driams/downloads/DRIAMS-C/id/2018/2018_clean.csv,28060202380_B9,28060202380_B9,562.0,Escherichia
Pseudomonas aeruginosa,28060203320_D7,R,R,S,S,S,R,R,,,,S,R,,,,,,,,,,,S,,,S,S,S,,,,,,,,,,,,,,,,,,,,,,,,,,,,,../data/driams/downloads/DRIAMS-C/id/2018/2018_clean.csv,28060203320_D7,28060203320_D7,287.0,Pseudomonas
Enterococcus faecalis,28060203320_D8,S,S,,,,,,S,,,,I,,,,,R,,,,,R,S,,,,,,,,,,,,,,,,,,,,,,,,,,,,,,,,,,../data/driams/downloads/DRIAMS-C/id/2018/2018_clean.csv,28060203320_D8,28060203320_D8,1351.0,Enterococcus
Enterococcus faecalis,28060203330_D10,S,S,,,,,,S,,,,I,,,,,R,,,,,R,S,,,,,,,,,,,,,,,,,,,,,,,,,,,,,,,,,,../data/driams/downloads/DRIAMS-C/id/2018/2018_clean.csv,28060203330_D10,28060203330_D10,1351.0,Enterococcus
Pseudomonas aeruginosa,28060203330_D9,R,R,S,S,S,R,R,,,,S,R,,,,,,,,,,,S,,,S,S,S,,,,,,,,,,,,,,,,,,,,,,,,,,,,,../data/driams/downloads/DRIAMS-C/id/2018/2018_clean.csv,28060203330_D9,28060203330_D9,287.0,Pseudomonas
Citrobacter braakii,28060203530_A11,R,R,R,S,S,R,R,,,,S,S,,,,,,,,,,,R,,,S,S,S,,,,,,,,,,,,,,,,,,,,,,,,,,,,,../data/driams/downloads/DRIAMS-C/id/2018/2018_clean.csv,28060203530_A11,28060203530_A11,57706.0,Citrobacter
Enterococcus faecium,28060203530_A12,R,R,,,R,,,,,,,,,R,,,R,,,S,S,S,R,,,,,,,,,,,,,,,,,,,,,,,,,,,,,,,,,,../data/driams/downloads/DRIAMS-C/id/2018/2018_clean.csv,28060203530_A12,28060203530_A12,1352.0,Enterococcus
Enterococcus faecium,28060203530_B1,R,R,,,R,,,,,,,,,R,,,R,,,S,S,S,R,,,,,,,,,,,,,,,,,,,,,,,,,,,,,,,,,,../data/driams/downloads/DRIAMS-C/id/2018/2018_clean.csv,28060203530_B1,28060203530_B1,1352.0,Enterococcus
Enterococcus faecium,28060203530_B3,R,R,,,R,,,,,,,,,R,,,R,,,S,S,S,R,,,,,,,,,,,,,,,,,,,,,,,,,,,,,,,,,,../data/driams/downloads/DRIAMS-C/id/2018/2018_clean.csv,28060203530_B3,28060203530_B3,1352.0,Enterococcus
Staphylococcus aureus,28060204010_B1,R,R,,R,S,,,,,,,S,R,R,S,S,R,R,S,S,,,,,,,,,,,,,,,,,,,,,,,,,,,,,,,,,,,,,../data/driams/downloads/DRIAMS-C/id/2018/2018_clean.csv,28060204010_B1,28060204010_B1,1280.0,Staphylococcus
Haemophilus parainfluenzae,28060204010_B2,S,S,,S,,,S,,,,,,I,,,,,R,,,,,,,,,,,,,,,,,,,,,,,,,,,,,,,,,,,,,,,../data/driams/downloads/DRIAMS-C/id/2018/2018_clean.csv,28060204010_B2,28060204010_B2,729.0,Haemophilus
Staphylococcus aureus,28060204010_E3,R,R,,R,S,,,,,,,S,R,R,S,S,R,R,S,S,,,,,,,,,,,,,,,,,,,,,,,,,,,,,,,,,,,,,../data/driams/downloads/DRIAMS-C/id/2018/2018_clean.csv,28060204010_E3,28060204010_E3,1280.0,Staphylococcus
Escherichia coli,28060204050_E4,S,S,S,S,S,S,S,S,S,S,S,S,,,,,,,,,,,,,,,,,,,,,,,,,,,,,,,,,,,,,,,,,,,,,../data/driams/downloads/DRIAMS-C/id/2018/2018_clean.csv,28060204050_E4,28060204050_E4,562.0,Escherichia
Staphylococcus aureus,28060204120_E5,S,R,,S,S,,,,,,,S,S,S,S,S,S,R,S,S,,,,,,,,,,,,,,,,,,,,,,,,,,,,,,,,,,,,,../data/driams/downloads/DRIAMS-C/id/2018/2018_clean.csv,28060204120_E5,28060204120_E5,1280.0,Staphylococcus
Staphylococcus aureus,28060205990_E5,S,R,,S,S,,,S,,S,,S,,,,,S,R,,,,,,,,,,,,,,,S,,,,,,,,,,,,,,,,,,,,,,,,../data/driams/downloads/DRIAMS-C/id/2018/2018_clean.csv,28060205990_E5,28060205990_E5,1280.0,Staphylococcus
Enterobacter cloacae,28060303700_E7,R,R,S,S,S,S,S,S,R,S,S,S,,,,,,,,,,,,,,,,,,,,,,,,,,,,,,,,,,,,,,,,,,,,,../data/driams/downloads/DRIAMS-C/id/2018/2018_clean.csv,28060303700_E7,28060303700_E7,550.0,Enterobacter
Staphylococcus aureus,28060303720_F8,S,R,,S,R,,,S,,S,,S,,,,,S,R,,,,,,,,,,,,,,,S,,,,,,,,,,,,,,,,,,,,,,,,../data/driams/downloads/DRIAMS-C/id/2018/2018_clean.csv,28060303720_F8,28060303720_F8,1280.0,Staphylococcus
Staphylococcus aureus,28060303720_F9,S,R,,S,R,,,S,,S,,S,,,,,S,R,,,,,,,,,,,,,,,S,,,,,,,,,,,,,,,,,,,,,,,,../data/driams/downloads/DRIAMS-C/id/2018/2018_clean.csv,28060303720_F9,28060303720_F9,1280.0,Staphylococcus
Staphylococcus aureus,28060303720_E9,S,R,,S,R,,,S,,S,,S,,,,,S,R,,,,,,,,,,,,,,,S,,,,,,,,,,,,,,,,,,,,,,,,../data/driams/downloads/DRIAMS-C/id/2018/2018_clean.csv,28060303720_E9,28060303720_E9,1280.0,Staphylococcus
Morganella morganii,28060303800_F1,R,R,S,S,S,S,R,R,S,S,R,S,,,,,,,,,,,,,,,,,,,,,,,,,,,,,,,,,,,,,,,,,,,,,../data/driams/downloads/DRIAMS-C/id/2018/2018_clean.csv,28060303800_F1,28060303800_F1,582.0,Morganella
Staphylococcus aureus,28060304940_B8,S,R,,S,S,,,,,,,S,S,S,S,S,S,R,S,S,,,,,,,,,,,,,,,,,,,,,,,,,,,,,,,,,,,,,../data/driams/downloads/DRIAMS-C/id/2018/2018_clean.csv,28060304940_B8,28060304940_B8,1280.0,Staphylococcus
Enterococcus faecalis,28060409480_G4,S,S,,,,,,S,,,,I,,,,,R,,,,,R,S,,,,,,,,,,,,,,,,,,,,,,,,,,,,,,,,,,../data/driams/downloads/DRIAMS-C/id/2018/2018_clean.csv,28060409480_G4,28060409480_G4,1351.0,Enterococcus
Escherichia coli,28060409480_G5,S,R,S,S,S,S,S,S,S,S,S,R,,,,,,,,,,,,,,,,,,,,,,,,,,,,,,,,,,,,,,,,,,,,,../data/driams/downloads/DRIAMS-C/id/2018/2018_clean.csv,28060409480_G5,28060409480_G5,562.0,Escherichia
Citrobacter freundii,28060410520_E10,R,R,R,S,S,R,R,,,,S,S,,,,,,,,,,,S,,,S,S,S,,,,,,,,,,,,,,,,,,,,,,,,,,,,,../data/driams/downloads/DRIAMS-C/id/2018/2018_clean.csv,28060410520_E10,28060410520_E10,546.0,Citrobacter
Citrobacter freundii,28060410520_E11,R,R,R,S,S,R,R,,,,S,S,,,,,,,,,,,S,,,S,S,S,,,,,,,,,,,,,,,,,,,,,,,,,,,,,../data/driams/downloads/DRIAMS-C/id/2018/2018_clean.csv,28060410520_E11,28060410520_E11,546.0,Citrobacter
Citrobacter koseri,28060410660_G10,S,R,S,S,S,S,S,S,S,S,S,S,,,,,,,,,,,,,,,,,,,,,,,,,,,,,,,,,,,,,,,,,,,,,../data/driams/downloads/DRIAMS-C/id/2018/2018_clean.csv,28060410660_G10,28060410660_G10,545.0,Citrobacter
Staphylococcus aureus,28060410660_H8,S,R,,S,S,,,S,,S,,S,,,,,S,R,,,,,,,,,,,,,,,S,,,,,,,,,,,,,,,,,,,,,,,,../data/driams/downloads/DRIAMS-C/id/2018/2018_clean.csv,28060410660_H8,28060410660_H8,1280.0,Staphylococcus
Proteus mirabilis,28060411370_H3,S,R,S,S,S,S,S,R,S,S,R,R,,,,,,,,,,,,,,,,,,,,,,,,,,,,,,,,,,,,,,,,,,,,,../data/driams/downloads/DRIAMS-C/id/2018/2018_clean.csv,28060411370_H3,28060411370_H3,584.0,Proteus
Staphylococcus aureus,28060412290_D10,S,R,,S,S,,,,,,,S,S,S,S,S,S,R,S,S,,,,,,,,,,,,,,,,,,,,,,,,,,,,,,,,,,,,,../data/driams/downloads/DRIAMS-C/id/2018/2018_clean.csv,28060412290_D10,28060412290_D10,1280.0,Staphylococcus
Staphylococcus aureus,28060412290_D9,S,R,,S,S,,,,,,,S,S,S,S,S,S,R,S,S,,,,,,,,,,,,,,,,,,,,,,,,,,,,,,,,,,,,,../data/driams/downloads/DRIAMS-C/id/2018/2018_clean.csv,28060412290_D9,28060412290_D9,1280.0,Staphylococcus
Klebsiella aerogenes,28060413690_H7,R,R,S,S,S,S,S,S,R,S,S,S,,,,,,,,,,,,,,,,,,,,,,,,,,,,,,,,,,,,,,,,,,,,,../data/driams/downloads/DRIAMS-C/id/2018/2018_clean.csv,28060413690_H7,28060413690_H7,548.0,
Bacteroides uniformis,28060503440_B10,S,R,,,,,,,,,,,S,S,,,,R,,,,,,S,,,,,,,,,,,,,,,,,,,,,,,,,,,,,,,,,../data/driams/downloads/DRIAMS-C/id/2018/2018_clean.csv,28060503440_B10,28060503440_B10,820.0,Bacteroides
Bacteroides uniformis,28060503440_B9,S,R,,,,,,,,,,,S,S,,,,R,,,,,,S,,,,,,,,,,,,,,,,,,,,,,,,,,,,,,,,,../data/driams/downloads/DRIAMS-C/id/2018/2018_clean.csv,28060503440_B9,28060503440_B9,820.0,Bacteroides
Staphylococcus aureus,28060504210_F8,S,R,,S,S,,,,,,,S,S,S,R,S,S,R,S,S,,,,,,,,,,,,,,,,,,,,,,,,,,,,,,,,,,,,,../data/driams/downloads/DRIAMS-C/id/2018/2018_clean.csv,28060504210_F8,28060504210_F8,1280.0,Staphylococcus
Escherichia coli,28060504230_F9,S,R,S,S,S,S,S,,,,S,S,,,,,,,,,,,S,,,S,S,S,,,,,,,,,,,,,,,,,,,,,,,,,,,,,../data/driams/downloads/DRIAMS-C/id/2018/2018_clean.csv,28060504230_F9,28060504230_F9,562.0,Escherichia
Citrobacter koseri,28060506220_A2,S,R,S,S,S,S,S,S,S,S,S,S,,,,,,,,,,,,,,,,,,,,,,,,,,,,,,,,,,,,,,,,,,,,,../data/driams/downloads/DRIAMS-C/id/2018/2018_clean.csv,28060506220_A2,28060506220_A2,545.0,Citrobacter
Klebsiella pneumoniae,28060506340_A5,S,R,S,S,S,S,S,S,R,S,S,S,,,,,,,,,,,,,,,,,,,,,,,,,,,,,,,,,,,,,,,,,,,,,../data/driams/downloads/DRIAMS-C/id/2018/2018_clean.csv,28060506340_A5,28060506340_A5,573.0,Klebsiella
Staphylococcus lugdunensis,28060506460_A3,S,R,,S,S,,,,,,,S,S,S,S,S,S,R,S,S,,,,,,,,,,,,,,,,,,,,,,,,,,,,,,,,,,,,,../data/driams/downloads/DRIAMS-C/id/2018/2018_clean.csv,28060506460_A3,28060506460_A3,28035.0,Staphylococcus
Klebsiella pneumoniae,28060508280_A6,S,R,S,S,S,S,S,S,R,S,S,S,,,,,,,,,,,,,,,,,,,,,,,,,,,,,,,,,,,,,,,,,,,,,../data/driams/downloads/DRIAMS-C/id/2018/2018_clean.csv,28060508280_A6,28060508280_A6,573.0,Klebsiella
Enterococcus faecalis,28060508280_A7,S,S,,,,,,S,,,,I,,,,,R,,,,,R,S,,,,,,,,,,,,,,,,,,,,,,,,,,,,,,,,,,../data/driams/downloads/DRIAMS-C/id/2018/2018_clean.csv,28060508280_A7,28060508280_A7,1351.0,Enterococcus
Klebsiella oxytoca,28060508320_A9,R,R,S,S,S,R,R,S,R,S,S,S,,,,,,,,,,,I,,,S,S,S,,,,,,,,,,,,,,,,,,,,,,,,,,,,,../data/driams/downloads/DRIAMS-C/id/2018/2018_clean.csv,28060508320_A9,28060508320_A9,571.0,Klebsiella
Escherichia coli,28060508560_C5,S,R,S,R,S,S,R,S,S,R,S,R,,,,,,,,,,,,,,,,,,,,,,,,,,,,,,,,,,,,,,,,,,,,,../data/driams/downloads/DRIAMS-C/id/2018/2018_clean.csv,28060508560_C5,28060508560_C5,562.0,Escherichia
Escherichia coli,28060508560_C6,S,R,S,R,S,S,R,S,S,R,S,R,,,,,,,,,,,,,,,,,,,,,,,,,,,,,,,,,,,,,,,,,,,,,../data/driams/downloads/DRIAMS-C/id/2018/2018_clean.csv,28060508560_C6,28060508560_C6,562.0,Escherichia
Staphylococcus aureus,28060508910_G4,S,S,,S,S,,,,,,,S,S,S,S,S,S,S,S,S,,,,,,,,,,,,,,,,,,,,,,,,,,,,,,,,,,,,,../data/driams/downloads/DRIAMS-C/id/2018/2018_clean.csv,28060508910_G4,28060508910_G4,1280.0,Staphylococcus
Haemophilus influenzae,28060508910_G5,S,S,,S,,S,S,,,,,,S,,,,,S,,,,,,,,,,,,,,,,,,,,,,,,,,,,,,,,,,,,,,,../data/driams/downloads/DRIAMS-C/id/2018/2018_clean.csv,28060508910_G5,28060508910_G5,727.0,Haemophilus
Staphylococcus aureus,28060510530_G3,S,S,,S,S,,,,,,,S,S,S,S,S,S,S,S,S,,,,,,,,,,,,,,,,,,,,,,,,,,,,,,,,,,,,,../data/driams/downloads/DRIAMS-C/id/2018/2018_clean.csv,28060510530_G3,28060510530_G3,1280.0,Staphylococcus
Enterococcus faecalis,28060512140_A3,S,S,,,R,,,,,,,,,R,,,R,,,S,S,R,S,,,,,,,,,,,,,,,,,,,,,,,,,,,,,,,,,,../data/driams/downloads/DRIAMS-C/id/2018/2018_clean.csv,28060512140_A3,28060512140_A3,1351.0,Enterococcus
Enterococcus faecalis,28060512140_A4,S,S,,,R,,,,,,,,,R,,,R,,,S,S,R,S,,,,,,,,,,,,,,,,,,,,,,,,,,,,,,,,,,../data/driams/downloads/DRIAMS-C/id/2018/2018_clean.csv,28060512140_A4,28060512140_A4,1351.0,Enterococcus
Enterococcus faecalis,28060512140_A5,S,S,,,R,,,,,,,,,R,,,R,,,S,S,R,S,,,,,,,,,,,,,,,,,,,,,,,,,,,,,,,,,,../data/driams/downloads/DRIAMS-C/id/2018/2018_clean.csv,28060512140_A5,28060512140_A5,1351.0,Enterococcus
Escherichia coli,28060512250_B10,R,R,R,R,R,R,R,S,S,R,S,R,,,,,,,,,,,S,,,S,R,S,,,,,,,,,,,,,,,,,,,,,,,,,,,,,../data/driams/downloads/DRIAMS-C/id/2018/2018_clean.csv,28060512250_B10,28060512250_B10,562.0,Escherichia
Enterococcus faecalis,28060512250_B9,S,S,,,,,,S,,,,I,,,,,R,,,,,R,S,,,,,,,,,,,,,,,,,,,,,,,,,,,,,,,,,,../data/driams/downloads/DRIAMS-C/id/2018/2018_clean.csv,28060512250_B9,28060512250_B9,1351.0,Enterococcus
Pseudomonas aeruginosa,28060513430_B11,R,R,S,S,S,R,R,,,,S,R,,,,,,,,,,,S,,,S,S,S,,,,,,,,,,,,,,,,,,,,,,,,,,,,,../data/driams/downloads/DRIAMS-C/id/2018/2018_clean.csv,28060513430_B11,28060513430_B11,287.0,Pseudomonas
Escherichia coli,28060604010_A7,S,S,S,S,S,S,S,,,,S,S,,,,,,,,,,,S,,,S,S,S,,,,,,,,,,,,,,,,,,,,,,,,,,,,,../data/driams/downloads/DRIAMS-C/id/2018/2018_clean.csv,28060604010_A7,28060604010_A7,562.0,Escherichia
Escherichia coli,28060604010_A8,S,S,S,S,S,S,S,,,,S,S,,,,,,,,,,,S,,,S,S,S,,,,,,,,,,,,,,,,,,,,,,,,,,,,,../data/driams/downloads/DRIAMS-C/id/2018/2018_clean.csv,28060604010_A8,28060604010_A8,562.0,Escherichia
Enterobacter cloacae,28060606290_C2,R,R,S,S,S,S,S,,,,S,S,,,,,,,,,,,S,,,S,S,S,,,,,,,,,,,,,,,,,,,,,,,,,,,,,../data/driams/downloads/DRIAMS-C/id/2018/2018_clean.csv,28060606290_C2,28060606290_C2,550.0,Enterobacter
Enterobacter cloacae,28060606290_C3,R,R,S,S,S,S,S,,,,S,S,,,,,,,,,,,S,,,S,S,S,,,,,,,,,,,,,,,,,,,,,,,,,,,,,../data/driams/downloads/DRIAMS-C/id/2018/2018_clean.csv,28060606290_C3,28060606290_C3,550.0,Enterobacter
Staphylococcus aureus,28060606320_A8,S,S,,S,S,,,,,,,S,S,S,S,S,S,S,S,S,,,,,,,,,,,,,,,,,,,,,,,,,,,,,,,,,,,,,../data/driams/downloads/DRIAMS-C/id/2018/2018_clean.csv,28060606320_A8,28060606320_A8,1280.0,Staphylococcus
Acinetobacter lwoffii,28060606380_A9,R,R,R,S,S,R,R,,,,S,S,,,,,,,,,,,S,,,S,S,S,,,,,,,,,,,,,,,,,,,,,,,,,,,,,../data/driams/downloads/DRIAMS-C/id/2018/2018_clean.csv,28060606380_A9,28060606380_A9,28090.0,Acinetobacter
Aerococcus sanguinicola,28060609300_D5,S,S,,S,,,,S,,,,,,,,,,,,,,,,,,,,,,,,,,,,,,,,,,,,,,,,,,,,,,,,,../data/driams/downloads/DRIAMS-C/id/2018/2018_clean.csv,28060609300_D5,28060609300_D5,119206.0,Aerococcus
Aerococcus sanguinicola,28060609300_D6,S,S,,S,,,,S,,,,,,,,,,,,,,,,,,,,,,,,,,,,,,,,,,,,,,,,,,,,,,,,,../data/driams/downloads/DRIAMS-C/id/2018/2018_clean.csv,28060609300_D6,28060609300_D6,119206.0,Aerococcus
Staphylococcus aureus,28060609800_B1,S,R,,S,S,,,,,,,S,S,S,S,S,S,R,S,S,,,,,,,,,,,,,,,,,,,,,,,,,,,,,,,,,,,,,../data/driams/downloads/DRIAMS-C/id/2018/2018_clean.csv,28060609800_B1,28060609800_B1,1280.0,Staphylococcus
Staphylococcus aureus,28060611580_A12,S,R,,S,S,,,,,,,S,S,S,S,S,S,R,S,S,,,,,,,,,,,,,,,,,,,,,,,,,,,,,,,,,,,,,../data/driams/downloads/DRIAMS-C/id/2018/2018_clean.csv,28060611580_A12,28060611580_A12,1280.0,Staphylococcus
Klebsiella pneumoniae,28060611590_B1,S,R,S,S,S,S,R,,,,S,S,,,,,,,,,,,S,,,S,S,S,,,,,,,,,,,,,,,,,,,,,,,,,,,,,../data/driams/downloads/DRIAMS-C/id/2018/2018_clean.csv,28060611590_B1,28060611590_B1,573.0,Klebsiella
Klebsiella pneumoniae,28060611590_B4,S,R,S,S,S,S,R,,,,S,S,,,,,,,,,,,S,,,S,S,S,,,,,,,,,,,,,,,,,,,,,,,,,,,,,../data/driams/downloads/DRIAMS-C/id/2018/2018_clean.csv,28060611590_B4,28060611590_B4,573.0,Klebsiella
Pseudomonas aeruginosa,28060611590_G1,R,R,S,S,S,R,R,,,,S,R,,,,,,,,,,,S,,,S,S,I,,,,,,,,,,,,,,,,,,,,,,,,,,,,,../data/driams/downloads/DRIAMS-C/id/2018/2018_clean.csv,28060611590_G1,28060611590_G1,287.0,Pseudomonas
Achromobacter xylosoxidans,28060611590_G2,S,R,S,R,S,R,R,,,,S,S,,,,,,,,,,,S,,,S,R,S,,,,,,,,,,,,,,,,,,,,,,,,,,,,,../data/driams/downloads/DRIAMS-C/id/2018/2018_clean.csv,28060611590_G2,28060611590_G2,85698.0,Achromobacter
Klebsiella pneumoniae,28060611600_D10,S,R,S,R,S,S,S,R,R,R,S,R,,,,,,,,,,,,,,,,,,,,,,,,,,,,,,,,,,,,,,,,,,,,,../data/driams/downloads/DRIAMS-C/id/2018/2018_clean.csv,28060611600_D10,28060611600_D10,573.0,Klebsiella
Klebsiella pneumoniae,28060611600_D11,S,R,S,R,S,S,S,R,R,R,S,R,,,,,,,,,,,,,,,,,,,,,,,,,,,,,,,,,,,,,,,,,,,,,../data/driams/downloads/DRIAMS-C/id/2018/2018_clean.csv,28060611600_D11,28060611600_D11,573.0,Klebsiella
Enterococcus faecalis,28060611770_E12,S,S,,,,,,S,,,,I,,,,,R,,,,,R,S,,,,,,,,,,,,,,,,,,,,,,,,,,,,,,,,,,../data/driams/downloads/DRIAMS-C/id/2018/2018_clean.csv,28060611770_E12,28060611770_E12,1351.0,Enterococcus
Escherichia coli,28060611770_F1,R,R,R,R,S,R,R,S,S,R,S,R,,,,,,,,,,,S,,,S,R,S,,,,,,,,,,,,,,,,,,,,,,,,,,,,,../data/driams/downloads/DRIAMS-C/id/2018/2018_clean.csv,28060611770_F1,28060611770_F1,562.0,Escherichia
Campylobacter jejuni,28060611820_C2,,,,R,,,,,,,,,S,,,,,,,,,,,,,,,,S,S,R,S,,,,,,,,,,,,,,,,,,,,,,,,,../data/driams/downloads/DRIAMS-C/id/2018/2018_clean.csv,28060611820_C2,28060611820_C2,197.0,Campylobacter
Staphylococcus aureus,28060612760_B6,S,S,,S,S,,,,,,,S,S,S,S,R,S,S,S,S,,,,,,,,,,,,,,,,,,,,,,,,,,,,,,,,,,,,,../data/driams/downloads/DRIAMS-C/id/2018/2018_clean.csv,28060612760_B6,28060612760_B6,1280.0,Staphylococcus
Anaerococcus vaginalis,28060615180_D9,S,S,,,,,,,,,,,S,S,,,,S,,,,,,S,,,,,,,,,,,,,,,,,,,,,,,,,,,,,,,,,../data/driams/downloads/DRIAMS-C/id/2018/2018_clean.csv,28060615180_D9,28060615180_D9,33037.0,Anaerococcus
Staphylococcus lugdunensis,28060615560_G8,S,R,,S,S,,,,,,,S,S,S,S,S,S,R,S,S,,,,,,,,,,,,,,,,,,,,,,,,,,,,,,,,,,,,,../data/driams/downloads/DRIAMS-C/id/2018/2018_clean.csv,28060615560_G8,28060615560_G8,28035.0,Staphylococcus
Serratia marcescens,28060616060_B3,R,R,S,S,S,S,R,,,,R,S,,,,,,,,,,,S,,,S,S,S,,,,,,,,,,,,,,,,,,,,,,,,,,,,,../data/driams/downloads/DRIAMS-C/id/2018/2018_clean.csv,28060616060_B3,28060616060_B3,615.0,Serratia
Serratia marcescens,28060616060_B4,R,R,S,S,S,S,R,,,,R,S,,,,,,,,,,,S,,,S,S,S,,,,,,,,,,,,,,,,,,,,,,,,,,,,,../data/driams/downloads/DRIAMS-C/id/2018/2018_clean.csv,28060616060_B4,28060616060_B4,615.0,Serratia
Enterobacter cloacae,28060616150_B1,R,R,S,S,S,S,S,,,,S,S,,,,,,,,,,,S,,,S,S,S,,,,,,,,,,,,,,,,,,,,,,,,,,,,,../data/driams/downloads/DRIAMS-C/id/2018/2018_clean.csv,28060616150_B1,28060616150_B1,550.0,Enterobacter
Enterobacter cloacae,28060616150_B2,R,R,S,S,S,S,S,,,,S,S,,,,,,,,,,,S,,,S,S,S,,,,,,,,,,,,,,,,,,,,,,,,,,,,,../data/driams/downloads/DRIAMS-C/id/2018/2018_clean.csv,28060616150_B2,28060616150_B2,550.0,Enterobacter
Enterobacter cloacae,28060616150_C4,R,R,S,S,S,S,S,,,,S,S,,,,,,,,,,,S,,,S,S,S,,,,,,,,,,,,,,,,,,,,,,,,,,,,,../data/driams/downloads/DRIAMS-C/id/2018/2018_clean.csv,28060616150_C4,28060616150_C4,550.0,Enterobacter
Enterobacter cloacae,28060616150_C5,R,R,S,S,S,S,S,,,,S,S,,,,,,,,,,,S,,,S,S,S,,,,,,,,,,,,,,,,,,,,,,,,,,,,,../data/driams/downloads/DRIAMS-C/id/2018/2018_clean.csv,28060616150_C5,28060616150_C5,550.0,Enterobacter
Staphylococcus aureus,28060702780_G10,S,R,,S,S,,,,,,,S,S,S,S,S,S,R,S,S,,,,,,,,,,,,,,,,,,,,,,,,,,,,,,,,,,,,,../data/driams/downloads/DRIAMS-C/id/2018/2018_clean.csv,28060702780_G10,28060702780_G10,1280.0,Staphylococcus
Stenotrophomonas maltophilia,28060702780_G11,,,,,,,,,,,,S,,,,,,,,,,,,,,,,,,,,,,,,,,,,,,,,,,,,,,,,,,,,,../data/driams/downloads/DRIAMS-C/id/2018/2018_clean.csv,28060702780_G11,28060702780_G11,40324.0,Stenotrophomonas
Citrobacter koseri,28060705400_C12,S,R,S,S,S,S,S,,,,S,S,,,,,,,,,,,S,,,S,S,S,,,,,,,,,,,,,,,,,,,,,,,,,,,,,../data/driams/downloads/DRIAMS-C/id/2018/2018_clean.csv,28060705400_C12,28060705400_C12,545.0,Citrobacter
Citrobacter koseri,28060705400_D1,S,R,S,S,S,S,S,,,,S,S,,,,,,,,,,,S,,,S,S,S,,,,,,,,,,,,,,,,,,,,,,,,,,,,,../data/driams/downloads/DRIAMS-C/id/2018/2018_clean.csv,28060705400_D1,28060705400_D1,545.0,Citrobacter
Campylobacter jejuni,28060706440_C3,,,,R,,,,,,,,,S,,,,,,,,,,,,,,,,S,S,R,R,,,,,,,,,,,,,,,,,,,,,,,,,../data/driams/downloads/DRIAMS-C/id/2018/2018_clean.csv,28060706440_C3,28060706440_C3,197.0,Campylobacter
Pseudomonas aeruginosa,28060708010_F8,R,R,S,S,S,R,R,R,R,S,S,R,,,,,,,,,,,S,,,S,S,S,,,,,,,,,,,,,,,,,,,,,,,,,,,,,../data/driams/downloads/DRIAMS-C/id/2018/2018_clean.csv,28060708010_F8,28060708010_F8,287.0,Pseudomonas
Citrobacter freundii,28060709970_H1,R,R,R,S,S,R,R,,,,S,S,,,,,,,,,,,S,,,S,S,S,,,,,,,,,,,,,,,,,,,,,,,,,,,,,../data/driams/downloads/DRIAMS-C/id/2018/2018_clean.csv,28060709970_H1,28060709970_H1,546.0,Citrobacter
Citrobacter freundii,28060709970_H2,R,R,R,S,S,R,R,,,,S,S,,,,,,,,,,,S,,,S,S,S,,,,,,,,,,,,,,,,,,,,,,,,,,,,,../data/driams/downloads/DRIAMS-C/id/2018/2018_clean.csv,28060709970_H2,28060709970_H2,546.0,Citrobacter
Klebsiella aerogenes,28060710640_F11,R,R,S,S,S,S,S,R,S,S,S,S,,,,,,,,,,,,,,,,,,,,,,,,,,,,,,,,,,,,,,,,,,,,,../data/driams/downloads/DRIAMS-C/id/2018/2018_clean.csv,28060710640_F11,28060710640_F11,548.0,
Klebsiella aerogenes,28060710640_A6,R,R,S,S,S,S,S,R,S,S,S,S,,,,,,,,,,,,,,,,,,,,,,,,,,,,,,,,,,,,,,,,,,,,,../data/driams/downloads/DRIAMS-C/id/2018/2018_clean.csv,28060710640_A6,28060710640_A6,548.0,
Pseudomonas aeruginosa,28060710890_G1,R,R,S,S,S,R,R,R,R,S,S,R,,,,,,,,,,,S,,,S,S,S,,,,,,,,,,,,,,,,,,,,,,,,,,,,,../data/driams/downloads/DRIAMS-C/id/2018/2018_clean.csv,28060710890_G1,28060710890_G1,287.0,Pseudomonas
Enterococcus faecalis,28060710890_G2,S,S,,,,,,S,,,,I,,,,,R,,,,,R,S,,,,,,,,,,,,,,,,,,,,,,,,,,,,,,,,,,../data/driams/downloads/DRIAMS-C/id/2018/2018_clean.csv,28060710890_G2,28060710890_G2,1351.0,Enterococcus
Enterococcus faecalis,28060710890_G3,S,S,,,,,,S,,,,I,,,,,R,,,,,R,S,,,,,,,,,,,,,,,,,,,,,,,,,,,,,,,,,,../data/driams/downloads/DRIAMS-C/id/2018/2018_clean.csv,28060710890_G3,28060710890_G3,1351.0,Enterococcus
Enterococcus faecalis,28060712360_G5,S,S,,,,,,S,,,,I,,,,,R,,,,,R,S,,,,,,,,,,,,,,,,,,,,,,,,,,,,,,,,,,../data/driams/downloads/DRIAMS-C/id/2018/2018_clean.csv,28060712360_G5,28060712360_G5,1351.0,Enterococcus
Escherichia coli,28060712360_G6,S,R,S,S,S,S,S,S,R,S,S,S,,,,,,,,,,,,,,,,,,,,,,,,,,,,,,,,,,,,,,,,,,,,,../data/driams/downloads/DRIAMS-C/id/2018/2018_clean.csv,28060712360_G6,28060712360_G6,562.0,Escherichia
Enterococcus faecalis,28060712360_G7,S,S,,,,,,S,,,,I,,,,,R,,,,,R,S,,,,,,,,,,,,,,,,,,,,,,,,,,,,,,,,,,../data/driams/downloads/DRIAMS-C/id/2018/2018_clean.csv,28060712360_G7,28060712360_G7,1351.0,Enterococcus
Citrobacter koseri,28060803360_A11,S,R,S,S,S,S,S,,,,S,S,,,,,,,,,,,S,,,S,S,S,,,,,,,,,,,,,,,,,,,,,,,,,,,,,../data/driams/downloads/DRIAMS-C/id/2018/2018_clean.csv,28060803360_A11,28060803360_A11,545.0,Citrobacter
Citrobacter koseri,28060803360_A12,S,R,S,S,S,S,S,,,,S,S,,,,,,,,,,,S,,,S,S,S,,,,,,,,,,,,,,,,,,,,,,,,,,,,,../data/driams/downloads/DRIAMS-C/id/2018/2018_clean.csv,28060803360_A12,28060803360_A12,545.0,Citrobacter
Staphylococcus aureus,28060803570_B9,S,R,,S,S,,,,,,,S,S,S,S,S,S,R,S,S,,,,,,,,,,,,,,,,,,,,,,,,,,,,,,,,,,,,,../data/driams/downloads/DRIAMS-C/id/2018/2018_clean.csv,28060803570_B9,28060803570_B9,1280.0,Staphylococcus
Staphylococcus aureus,28060806980_F5,S,R,,S,S,,,,,,,S,S,S,S,S,S,R,S,S,,,,,,,,,,,,,,,,,,,,,,,,,,,,,,,,,,,,,../data/driams/downloads/DRIAMS-C/id/2018/2018_clean.csv,28060806980_F5,28060806980_F5,1280.0,Staphylococcus
Enterococcus faecalis,28060807010_F6,S,S,,,R,,,,,,,,,R,,,R,,,S,S,R,S,,,,,,,,,,,,,,,,,,,,,,,,,,,,,,,,,,../data/driams/downloads/DRIAMS-C/id/2018/2018_clean.csv,28060807010_F6,28060807010_F6,1351.0,Enterococcus
Enterococcus gallinarum,28060807360_B1,S,S,,,R,,,,,,,,,R,,,R,,,R,S,S,S,,,,,,,,,,,,,,,,,,,,,,,,,,,,,,,,,,../data/driams/downloads/DRIAMS-C/id/2018/2018_clean.csv,28060807360_B1,28060807360_B1,1353.0,Enterococcus
Pseudomonas aeruginosa,28060807360_B2,R,R,R,S,S,R,R,,,,S,R,,,,,,,,,,,R,,,S,R,S,,,,,,,,,,,,,,,,,,,,,,,,,,,,,../data/driams/downloads/DRIAMS-C/id/2018/2018_clean.csv,28060807360_B2,28060807360_B2,287.0,Pseudomonas
Enterococcus gallinarum,28060807360_B3,S,S,,,R,,,,,,,,,R,,,R,,,R,S,S,S,,,,,,,,,,,,,,,,,,,,,,,,,,,,,,,,,,../data/driams/downloads/DRIAMS-C/id/2018/2018_clean.csv,28060807360_B3,28060807360_B3,1353.0,Enterococcus
Enterococcus gallinarum,28060807360_E2,S,S,,,R,,,,,,,,,R,,,R,,,R,S,S,S,,,,,,,,,,,,,,,,,,,,,,,,,,,,,,,,,,../data/driams/downloads/DRIAMS-C/id/2018/2018_clean.csv,28060807360_E2,28060807360_E2,1353.0,Enterococcus
Enterococcus gallinarum,28060807360_E3,S,S,,,R,,,,,,,,,R,,,R,,,R,S,S,S,,,,,,,,,,,,,,,,,,,,,,,,,,,,,,,,,,../data/driams/downloads/DRIAMS-C/id/2018/2018_clean.csv,28060807360_E3,28060807360_E3,1353.0,Enterococcus
Escherichia coli,28060807440_B5,S,R,S,R,R,S,S,S,S,R,S,R,,,,,,,,,,,,,,,,,,,,,,,,,,,,,,,,,,,,,,,,,,,,,../data/driams/downloads/DRIAMS-C/id/2018/2018_clean.csv,28060807440_B5,28060807440_B5,562.0,Escherichia
Hallella bergensis,28060809460_D2,S,R,,,,,,,,,,,R,R,,,,R,,,,,,S,,,,,,,,,,,,,,,,,,,,,,,,,,,,,,,,,../data/driams/downloads/DRIAMS-C/id/2018/2018_clean.csv,28060809460_D2,28060809460_D2,242750.0,
Hallella bergensis,28060809460_D3,S,R,,,,,,,,,,,R,R,,,,R,,,,,,S,,,,,,,,,,,,,,,,,,,,,,,,,,,,,,,,,../data/driams/downloads/DRIAMS-C/id/2018/2018_clean.csv,28060809460_D3,28060809460_D3,242750.0,
Staphylococcus aureus,28060809530_B4,S,S,,S,S,,,,,,,S,S,S,S,S,S,S,S,S,,,,,,,,,,,,,,,,,,,,,,,,,,,,,,,,,,,,,../data/driams/downloads/DRIAMS-C/id/2018/2018_clean.csv,28060809530_B4,28060809530_B4,1280.0,Staphylococcus
Escherichia coli,28060809690_B10,S,S,S,R,S,S,S,S,S,R,S,S,,,,,,,,,,,,,,,,,,,,,,,,,,,,,,,,,,,,,,,,,,,,,../data/driams/downloads/DRIAMS-C/id/2018/2018_clean.csv,28060809690_B10,28060809690_B10,562.0,Escherichia
Enterobacter cloacae,28060809690_B11,R,R,S,R,S,S,R,S,S,R,S,S,,,,,,,,,,,,,,,,,,,,,,,,,,,,,,,,,,,,,,,,,,,,,../data/driams/downloads/DRIAMS-C/id/2018/2018_clean.csv,28060809690_B11,28060809690_B11,550.0,Enterobacter
Enterobacter cloacae,28060809690_B12,R,R,S,R,S,S,R,S,S,R,S,S,,,,,,,,,,,,,,,,,,,,,,,,,,,,,,,,,,,,,,,,,,,,,../data/driams/downloads/DRIAMS-C/id/2018/2018_clean.csv,28060809690_B12,28060809690_B12,550.0,Enterobacter
Escherichia coli,28060809690_B9,S,S,S,R,S,S,S,S,S,R,S,S,,,,,,,,,,,,,,,,,,,,,,,,,,,,,,,,,,,,,,,,,,,,,../data/driams/downloads/DRIAMS-C/id/2018/2018_clean.csv,28060809690_B9,28060809690_B9,562.0,Escherichia
Escherichia coli,28060809710_E4,S,R,R,R,R,R,R,S,S,R,S,R,,,,,,,,,,,S,,,S,R,S,,,,,,,,,,,,,,,,,,,,,,,,,,,,,../data/driams/downloads/DRIAMS-C/id/2018/2018_clean.csv,28060809710_E4,28060809710_E4,562.0,Escherichia
Staphylococcus aureus,28060810020_F11,S,S,,S,S,,,,,,,S,R,R,S,S,S,S,S,S,,,,,,,,,,,,,,,,,,,,,,,,,,,,,,,,,,,,,../data/driams/downloads/DRIAMS-C/id/2018/2018_clean.csv,28060810020_F11,28060810020_F11,1280.0,Staphylococcus
Proteus mirabilis,28060811750_B5,R,R,S,R,I,S,S,,,,R,R,,,,,,,,,,,S,,,S,S,S,,,,,,,,,,,,,,,,,,,,,,,,,,,,,../data/driams/downloads/DRIAMS-C/id/2018/2018_clean.csv,28060811750_B5,28060811750_B5,584.0,Proteus
Proteus mirabilis,28060811750_B7,R,R,S,R,I,S,S,,,,R,R,,,,,,,,,,,S,,,S,S,S,,,,,,,,,,,,,,,,,,,,,,,,,,,,,../data/driams/downloads/DRIAMS-C/id/2018/2018_clean.csv,28060811750_B7,28060811750_B7,584.0,Proteus
Staphylococcus aureus,28060811750_B12,S,S,,S,S,,,,,,,S,R,R,S,S,S,S,S,S,,,,,,,,,,,,,,,,,,,,,,,,,,,,,,,,,,,,,../data/driams/downloads/DRIAMS-C/id/2018/2018_clean.csv,28060811750_B12,28060811750_B12,1280.0,Staphylococcus
Proteus mirabilis,28060811750_C1,R,R,S,R,I,S,S,,,,R,R,,,,,,,,,,,S,,,S,S,S,,,,,,,,,,,,,,,,,,,,,,,,,,,,,../data/driams/downloads/DRIAMS-C/id/2018/2018_clean.csv,28060811750_C1,28060811750_C1,584.0,Proteus
Pseudomonas aeruginosa,28060811750_C2,R,R,S,S,S,R,R,,,,S,R,,,,,,,,,,,S,,,S,S,S,,,,,,,,,,,,,,,,,,,,,,,,,,,,,../data/driams/downloads/DRIAMS-C/id/2018/2018_clean.csv,28060811750_C2,28060811750_C2,287.0,Pseudomonas
Klebsiella oxytoca,28060812340_H4,S,R,S,S,S,S,S,,,,S,S,,,,,,,,,,,S,,,S,S,S,,,,,,,,,,,,,,,,,,,,,,,,,,,,,../data/driams/downloads/DRIAMS-C/id/2018/2018_clean.csv,28060812340_H4,28060812340_H4,571.0,Klebsiella
Klebsiella oxytoca,28060812340_A6,S,R,S,S,S,S,S,,,,S,S,,,,,,,,,,,S,,,S,S,S,,,,,,,,,,,,,,,,,,,,,,,,,,,,,../data/driams/downloads/DRIAMS-C/id/2018/2018_clean.csv,28060812340_A6,28060812340_A6,571.0,Klebsiella
Bacillus cereus,28060812340_A7,R,R,,S,S,,,,,,,S,S,S,S,S,R,R,,S,,,,,S,,,,,,,,,,,,,,,,,,,,,,,,,,,,,,,,../data/driams/downloads/DRIAMS-C/id/2018/2018_clean.csv,28060812340_A7,28060812340_A7,1396.0,Bacillus
Klebsiella oxytoca,28060812340_A8,S,R,S,S,S,S,S,,,,S,S,,,,,,,,,,,S,,,S,S,S,,,,,,,,,,,,,,,,,,,,,,,,,,,,,../data/driams/downloads/DRIAMS-C/id/2018/2018_clean.csv,28060812340_A8,28060812340_A8,571.0,Klebsiella
Enterococcus faecalis,28060817200_C3,S,S,,,,,,S,,,,R,,,,,R,,,,,R,S,,,,,,,,,,,,,,,,,,,,,,,,,,,,,,,,,,../data/driams/downloads/DRIAMS-C/id/2018/2018_clean.csv,28060817200_C3,28060817200_C3,1351.0,Enterococcus
Klebsiella pneumoniae,28060817200_C4,S,R,S,S,S,S,S,S,R,S,S,S,,,,,,,,,,,,,,,,,,,,,,,,,,,,,,,,,,,,,,,,,,,,,../data/driams/downloads/DRIAMS-C/id/2018/2018_clean.csv,28060817200_C4,28060817200_C4,573.0,Klebsiella
Stenotrophomonas maltophilia,28060902060_A7,,,,,,,,,,,,S,,,,,,,,,,,,,,,,,,,,,,,,,,,,,,,,,,,,,,,,,,,,,../data/driams/downloads/DRIAMS-C/id/2018/2018_clean.csv,28060902060_A7,28060902060_A7,40324.0,Stenotrophomonas
Pseudomonas aeruginosa,28060902070_C4,R,R,S,S,S,R,R,,,,S,R,,,,,,,,,,,S,,,S,R,R,,,,,,,,,,,,,,,,,,,,,,,,,,,,,../data/driams/downloads/DRIAMS-C/id/2018/2018_clean.csv,28060902070_C4,28060902070_C4,287.0,Pseudomonas
Staphylococcus aureus,28060902880_C6,S,S,,S,S,,,,,,,S,S,S,S,S,S,S,S,S,,,,,,,,,,,,,,,,,,,,,,,,,,,,,,,,,,,,,../data/driams/downloads/DRIAMS-C/id/2018/2018_clean.csv,28060902880_C6,28060902880_C6,1280.0,Staphylococcus
Providencia rettgeri,28060903340_C8,R,R,S,S,S,S,R,R,R,S,R,S,,,,,,,,,,,,,,,,,,,,,,,,,,,,,,,,,,,,,,,,,,,,,../data/driams/downloads/DRIAMS-C/id/2018/2018_clean.csv,28060903340_C8,28060903340_C8,587.0,Providencia
Klebsiella pneumoniae,28060903340_C9,S,R,S,S,S,S,S,S,R,S,S,S,,,,,,,,,,,,,,,,,,,,,,,,,,,,,,,,,,,,,,,,,,,,,../data/driams/downloads/DRIAMS-C/id/2018/2018_clean.csv,28060903340_C9,28060903340_C9,573.0,Klebsiella
Enterococcus faecalis,28060903380_D1,S,S,,,,,,S,,,,I,,,,,R,,,,,R,S,,,,,,,,,,,,,,,,,,,,,,,,,,,,,,,,,,../data/driams/downloads/DRIAMS-C/id/2018/2018_clean.csv,28060903380_D1,28060903380_D1,1351.0,Enterococcus
Klebsiella oxytoca,28060903580_C7,S,R,S,S,S,S,S,,,,S,S,,,,,,,,,,,S,,,S,S,S,,,,,,,,,,,,,,,,,,,,,,,,,,,,,../data/driams/downloads/DRIAMS-C/id/2018/2018_clean.csv,28060903580_C7,28060903580_C7,571.0,Klebsiella
Staphylococcus aureus,28060903580_C8,S,R,,S,S,,,,,,,S,S,S,S,S,S,R,S,S,,,,,,,,,,,,,,,,,,,,,,,,,,,,,,,,,,,,,../data/driams/downloads/DRIAMS-C/id/2018/2018_clean.csv,28060903580_C8,28060903580_C8,1280.0,Staphylococcus
Escherichia coli,28060903670_D9,S,S,S,S,S,S,S,,,,S,S,,,,,,,,,,,S,,,S,S,S,,,,,,,,,,,,,,,,,,,,,,,,,,,,,../data/driams/downloads/DRIAMS-C/id/2018/2018_clean.csv,28060903670_D9,28060903670_D9,562.0,Escherichia
Escherichia coli,28060903690_D12,S,S,S,S,S,S,S,,,,S,S,,,,,,,,,,,S,,,S,S,S,,,,,,,,,,,,,,,,,,,,,,,,,,,,,../data/driams/downloads/DRIAMS-C/id/2018/2018_clean.csv,28060903690_D12,28060903690_D12,562.0,Escherichia
Escherichia coli,28060903690_E1,S,S,S,S,S,S,S,,,,S,S,,,,,,,,,,,S,,,S,S,S,,,,,,,,,,,,,,,,,,,,,,,,,,,,,../data/driams/downloads/DRIAMS-C/id/2018/2018_clean.csv,28060903690_E1,28060903690_E1,562.0,Escherichia
Escherichia coli,28061003000_D2,,R,S,,,S,S,,,,S,,,,,,,,,,,,S,,,S,S,S,,,,,,,,,,,,,,,,,,,,,,,,,,,,,../data/driams/downloads/DRIAMS-C/id/2018/2018_clean.csv,28061003000_D2,28061003000_D2,562.0,Escherichia
Escherichia coli,28061003000_D3,,R,S,,,S,S,,,,S,,,,,,,,,,,,S,,,S,S,S,,,,,,,,,,,,,,,,,,,,,,,,,,,,,../data/driams/downloads/DRIAMS-C/id/2018/2018_clean.csv,28061003000_D3,28061003000_D3,562.0,Escherichia
Escherichia coli,28061003000_B1,,R,S,,,S,S,,,,S,,,,,,,,,,,,S,,,S,S,S,,,,,,,,,,,,,,,,,,,,,,,,,,,,,../data/driams/downloads/DRIAMS-C/id/2018/2018_clean.csv,28061003000_B1,28061003000_B1,562.0,Escherichia
Escherichia coli,28061003000_B2,,R,S,,,S,S,,,,S,,,,,,,,,,,,S,,,S,S,S,,,,,,,,,,,,,,,,,,,,,,,,,,,,,../data/driams/downloads/DRIAMS-C/id/2018/2018_clean.csv,28061003000_B2,28061003000_B2,562.0,Escherichia
Escherichia coli,28061003000_B3,,R,S,,,S,S,,,,S,,,,,,,,,,,,S,,,S,S,S,,,,,,,,,,,,,,,,,,,,,,,,,,,,,../data/driams/downloads/DRIAMS-C/id/2018/2018_clean.csv,28061003000_B3,28061003000_B3,562.0,Escherichia
Escherichia coli,28061003000_B4,,R,S,,,S,S,,,,S,,,,,,,,,,,,S,,,S,S,S,,,,,,,,,,,,,,,,,,,,,,,,,,,,,../data/driams/downloads/DRIAMS-C/id/2018/2018_clean.csv,28061003000_B4,28061003000_B4,562.0,Escherichia
Schaalia odontolytica,28061003000_B5,S,S,,,,,,,,,,,S,S,S,,,S,,,,,,,,,,,,,,,,,,,,,,,,,,,,,,,,,,,,,,,../data/driams/downloads/DRIAMS-C/id/2018/2018_clean.csv,28061003000_B5,28061003000_B5,1660.0,
Schaalia odontolytica,28061003000_A2,S,S,,,,,,,,,,,S,S,S,,,S,,,,,,,,,,,,,,,,,,,,,,,,,,,,,,,,,,,,,,,../data/driams/downloads/DRIAMS-C/id/2018/2018_clean.csv,28061003000_A2,28061003000_A2,1660.0,
Schaalia odontolytica,28061003000_G1,S,S,,,,,,,,,,,S,S,S,,,S,,,,,,,,,,,,,,,,,,,,,,,,,,,,,,,,,,,,,,,../data/driams/downloads/DRIAMS-C/id/2018/2018_clean.csv,28061003000_G1,28061003000_G1,1660.0,
Proteus vulgaris,28061003170_E12,S,R,S,S,S,S,R,R,S,S,R,S,,,,,,,,,,,,,,,,,,,,,,,,,,,,,,,,,,,,,,,,,,,,,../data/driams/downloads/DRIAMS-C/id/2018/2018_clean.csv,28061003170_E12,28061003170_E12,585.0,Proteus
Enterococcus faecalis,28061003170_D10,S,S,,,,,,S,,,,I,,,,,R,,,,,R,S,,,,,,,,,,,,,,,,,,,,,,,,,,,,,,,,,,../data/driams/downloads/DRIAMS-C/id/2018/2018_clean.csv,28061003170_D10,28061003170_D10,1351.0,Enterococcus
Enterococcus faecalis,28061003170_D11,S,S,,,,,,S,,,,I,,,,,R,,,,,R,S,,,,,,,,,,,,,,,,,,,,,,,,,,,,,,,,,,../data/driams/downloads/DRIAMS-C/id/2018/2018_clean.csv,28061003170_D11,28061003170_D11,1351.0,Enterococcus
Enterococcus faecalis,28061003170_D9,S,S,,,,,,S,,,,I,,,,,R,,,,,R,S,,,,,,,,,,,,,,,,,,,,,,,,,,,,,,,,,,../data/driams/downloads/DRIAMS-C/id/2018/2018_clean.csv,28061003170_D9,28061003170_D9,1351.0,Enterococcus
Serratia marcescens,28061004550_A1,R,R,S,S,S,S,R,,,,R,S,,,,,,,,,,,S,,,S,S,S,,,,,,,,,,,,,,,,,,,,,,,,,,,,,../data/driams/downloads/DRIAMS-C/id/2018/2018_clean.csv,28061004550_A1,28061004550_A1,615.0,Serratia
Hafnia alvei,28061004550_A2,R,R,S,S,S,S,S,,,,S,S,,,,,,,,,,,S,,,S,S,S,,,,,,,,,,,,,,,,,,,,,,,,,,,,,../data/driams/downloads/DRIAMS-C/id/2018/2018_clean.csv,28061004550_A2,28061004550_A2,569.0,Hafnia
Staphylococcus aureus,28061005030_B4,S,R,,S,S,,,,,,,S,S,S,S,S,S,R,S,S,,,,,,,,,,,,,,,,,,,,,,,,,,,,,,,,,,,,,../data/driams/downloads/DRIAMS-C/id/2018/2018_clean.csv,28061005030_B4,28061005030_B4,1280.0,Staphylococcus
Staphylococcus aureus,28061005760_D5,S,R,,S,S,,,,,,,S,S,S,S,S,S,R,S,S,,,,,,,,,,,,,,,,,,,,,,,,,,,,,,,,,,,,,../data/driams/downloads/DRIAMS-C/id/2018/2018_clean.csv,28061005760_D5,28061005760_D5,1280.0,Staphylococcus
Escherichia coli,28061103160_F12,S,S,S,S,S,S,S,,,,S,S,,,,,,,,,,,S,,,S,S,S,,,,,,,,,,,,,,,,,,,,,,,,,,,,,../data/driams/downloads/DRIAMS-C/id/2018/2018_clean.csv,28061103160_F12,28061103160_F12,562.0,Escherichia
Escherichia coli,28061103160_G1,S,S,S,S,S,S,S,,,,S,S,,,,,,,,,,,S,,,S,S,S,,,,,,,,,,,,,,,,,,,,,,,,,,,,,../data/driams/downloads/DRIAMS-C/id/2018/2018_clean.csv,28061103160_G1,28061103160_G1,562.0,Escherichia
Staphylococcus aureus,28061105380_B5,S,R,,S,S,,,,,,,S,S,S,S,S,S,R,S,S,,,,,,,,,,,,,,,,,,,,,,,,,,,,,,,,,,,,,../data/driams/downloads/DRIAMS-C/id/2018/2018_clean.csv,28061105380_B5,28061105380_B5,1280.0,Staphylococcus
Escherichia coli,28061106160_E10,S,S,S,S,S,S,S,S,R,S,S,S,,,,,,,,,,,,,,,,,,,,,,,,,,,,,,,,,,,,,,,,,,,,,../data/driams/downloads/DRIAMS-C/id/2018/2018_clean.csv,28061106160_E10,28061106160_E10,562.0,Escherichia
Enterococcus faecalis,28061106160_E11,S,S,,,R,,,S,,,,R,,R,,,R,,,S,S,R,S,,,,,,,,,,,,,,,,,,,,,,,,,,,,,,,,,,../data/driams/downloads/DRIAMS-C/id/2018/2018_clean.csv,28061106160_E11,28061106160_E11,1351.0,Enterococcus
Escherichia coli,28061106160_A1,S,S,S,S,S,S,S,S,R,S,S,S,,,,,,,,,,,,,,,,,,,,,,,,,,,,,,,,,,,,,,,,,,,,,../data/driams/downloads/DRIAMS-C/id/2018/2018_clean.csv,28061106160_A1,28061106160_A1,562.0,Escherichia
Staphylococcus aureus,28061106400_B9,S,R,,S,S,,,,,,,S,S,S,S,S,S,R,S,S,,,,,,,,,,,,,,,,,,,,,,,,,,,,,,,,,,,,,../data/driams/downloads/DRIAMS-C/id/2018/2018_clean.csv,28061106400_B9,28061106400_B9,1280.0,Staphylococcus
Proteus mirabilis,28061106530_F3,S,S,S,R,S,S,S,R,S,R,R,S,,,,,,,,,,,,,,,,,,,,,,,,,,,,,,,,,,,,,,,,,,,,,../data/driams/downloads/DRIAMS-C/id/2018/2018_clean.csv,28061106530_F3,28061106530_F3,584.0,Proteus
Escherichia coli,28061107120_G5,S,R,S,S,S,S,S,,,,S,R,,,,,,,,,,,S,,,S,S,S,,,,,,,,,,,,,,,,,,,,,,,,,,,,,../data/driams/downloads/DRIAMS-C/id/2018/2018_clean.csv,28061107120_G5,28061107120_G5,562.0,Escherichia
Escherichia coli,28061107120_G6,S,R,S,S,S,S,S,,,,S,R,,,,,,,,,,,S,,,S,S,S,,,,,,,,,,,,,,,,,,,,,,,,,,,,,../data/driams/downloads/DRIAMS-C/id/2018/2018_clean.csv,28061107120_G6,28061107120_G6,562.0,Escherichia
Escherichia coli,28061107120_G8,S,R,S,S,S,S,S,,,,S,R,,,,,,,,,,,S,,,S,S,S,,,,,,,,,,,,,,,,,,,,,,,,,,,,,../data/driams/downloads/DRIAMS-C/id/2018/2018_clean.csv,28061107120_G8,28061107120_G8,562.0,Escherichia
Escherichia coli,28061107120_G12,S,R,S,S,S,S,S,,,,S,R,,,,,,,,,,,S,,,S,S,S,,,,,,,,,,,,,,,,,,,,,,,,,,,,,../data/driams/downloads/DRIAMS-C/id/2018/2018_clean.csv,28061107120_G12,28061107120_G12,562.0,Escherichia
Escherichia coli,28061107120_H1,S,R,S,S,S,S,S,,,,S,R,,,,,,,,,,,S,,,S,S,S,,,,,,,,,,,,,,,,,,,,,,,,,,,,,../data/driams/downloads/DRIAMS-C/id/2018/2018_clean.csv,28061107120_H1,28061107120_H1,562.0,Escherichia
Escherichia coli,28061107120_H2,S,R,S,S,S,S,S,,,,S,R,,,,,,,,,,,S,,,S,S,S,,,,,,,,,,,,,,,,,,,,,,,,,,,,,../data/driams/downloads/DRIAMS-C/id/2018/2018_clean.csv,28061107120_H2,28061107120_H2,562.0,Escherichia
Escherichia coli,28061108440_F5,S,,S,S,S,S,S,,,,S,S,,,,,,,,,,,S,,,S,S,S,,,,,,,,,,,,,,,,,,,,,,,,,,,,,../data/driams/downloads/DRIAMS-C/id/2018/2018_clean.csv,28061108440_F5,28061108440_F5,562.0,Escherichia
Escherichia coli,28061108440_F6,S,,S,S,S,S,S,,,,S,S,,,,,,,,,,,S,,,S,S,S,,,,,,,,,,,,,,,,,,,,,,,,,,,,,../data/driams/downloads/DRIAMS-C/id/2018/2018_clean.csv,28061108440_F6,28061108440_F6,562.0,Escherichia
Escherichia coli,28061108440_F7,S,,S,S,S,S,S,,,,S,S,,,,,,,,,,,S,,,S,S,S,,,,,,,,,,,,,,,,,,,,,,,,,,,,,../data/driams/downloads/DRIAMS-C/id/2018/2018_clean.csv,28061108440_F7,28061108440_F7,562.0,Escherichia
Escherichia coli,28061108550_F12,S,R,S,S,S,S,S,S,S,S,S,R,,,,,,,,,,,,,,,,,,,,,,,,,,,,,,,,,,,,,,,,,,,,,../data/driams/downloads/DRIAMS-C/id/2018/2018_clean.csv,28061108550_F12,28061108550_F12,562.0,Escherichia
Escherichia coli,28061108550_G1,S,R,S,S,S,S,S,S,S,S,S,R,,,,,,,,,,,,,,,,,,,,,,,,,,,,,,,,,,,,,,,,,,,,,../data/driams/downloads/DRIAMS-C/id/2018/2018_clean.csv,28061108550_G1,28061108550_G1,562.0,Escherichia
Escherichia coli,28061108550_C6,S,R,S,S,S,S,S,S,S,S,S,R,,,,,,,,,,,,,,,,,,,,,,,,,,,,,,,,,,,,,,,,,,,,,../data/driams/downloads/DRIAMS-C/id/2018/2018_clean.csv,28061108550_C6,28061108550_C6,562.0,Escherichia
Escherichia coli,28061108550_C7,S,R,S,S,S,S,S,S,S,S,S,R,,,,,,,,,,,,,,,,,,,,,,,,,,,,,,,,,,,,,,,,,,,,,../data/driams/downloads/DRIAMS-C/id/2018/2018_clean.csv,28061108550_C7,28061108550_C7,562.0,Escherichia
Escherichia coli,28061108550_C8,S,R,S,S,S,S,S,S,S,S,S,R,,,,,,,,,,,,,,,,,,,,,,,,,,,,,,,,,,,,,,,,,,,,,../data/driams/downloads/DRIAMS-C/id/2018/2018_clean.csv,28061108550_C8,28061108550_C8,562.0,Escherichia
Escherichia coli,28061108550_C9,S,R,S,S,S,S,S,S,S,S,S,R,,,,,,,,,,,,,,,,,,,,,,,,,,,,,,,,,,,,,,,,,,,,,../data/driams/downloads/DRIAMS-C/id/2018/2018_clean.csv,28061108550_C9,28061108550_C9,562.0,Escherichia
Escherichia coli,28061108580_G2,S,S,S,S,S,S,S,S,S,S,S,S,,,,,,,,,,,,,,,,,,,,,,,,,,,,,,,,,,,,,,,,,,,,,../data/driams/downloads/DRIAMS-C/id/2018/2018_clean.csv,28061108580_G2,28061108580_G2,562.0,Escherichia
Proteus vulgaris,28061108580_G3,S,R,S,S,S,S,R,R,S,S,R,S,,,,,,,,,,,,,,,,,,,,,,,,,,,,,,,,,,,,,,,,,,,,,../data/driams/downloads/DRIAMS-C/id/2018/2018_clean.csv,28061108580_G3,28061108580_G3,585.0,Proteus
Proteus vulgaris,28061108580_A3,S,R,S,S,S,S,R,R,S,S,R,S,,,,,,,,,,,,,,,,,,,,,,,,,,,,,,,,,,,,,,,,,,,,,../data/driams/downloads/DRIAMS-C/id/2018/2018_clean.csv,28061108580_A3,28061108580_A3,585.0,Proteus
Proteus vulgaris,28061108580_A4,S,R,S,S,S,S,R,R,S,S,R,S,,,,,,,,,,,,,,,,,,,,,,,,,,,,,,,,,,,,,,,,,,,,,../data/driams/downloads/DRIAMS-C/id/2018/2018_clean.csv,28061108580_A4,28061108580_A4,585.0,Proteus
Pseudomonas aeruginosa,28061108910_E2,R,R,S,R,R,R,R,,,,S,R,,,,,,,,,,,S,,,R,S,S,,,,,,,,,,,,,,,,,,,,,,,,,,,,,../data/driams/downloads/DRIAMS-C/id/2018/2018_clean.csv,28061108910_E2,28061108910_E2,287.0,Pseudomonas
Pseudomonas aeruginosa,28061108910_E3,R,R,S,R,R,R,R,,,,S,R,,,,,,,,,,,S,,,R,S,S,,,,,,,,,,,,,,,,,,,,,,,,,,,,,../data/driams/downloads/DRIAMS-C/id/2018/2018_clean.csv,28061108910_E3,28061108910_E3,287.0,Pseudomonas
Staphylococcus aureus,28061108910_E4,S,R,,S,R,,,,,,,S,R,R,S,S,S,R,S,S,,,,,,,,,,,,,,,,,,,,,,,,,,,,,,,,,,,,,../data/driams/downloads/DRIAMS-C/id/2018/2018_clean.csv,28061108910_E4,28061108910_E4,1280.0,Staphylococcus
Pseudomonas aeruginosa,28061108910_E6,R,R,S,R,R,R,R,,,,S,R,,,,,,,,,,,S,,,R,S,S,,,,,,,,,,,,,,,,,,,,,,,,,,,,,../data/driams/downloads/DRIAMS-C/id/2018/2018_clean.csv,28061108910_E6,28061108910_E6,287.0,Pseudomonas
Pseudomonas aeruginosa,28061108910_F10,R,R,S,R,R,R,R,,,,S,R,,,,,,,,,,,S,,,R,S,S,,,,,,,,,,,,,,,,,,,,,,,,,,,,,../data/driams/downloads/DRIAMS-C/id/2018/2018_clean.csv,28061108910_F10,28061108910_F10,287.0,Pseudomonas
Pseudomonas aeruginosa,28061108910_A5,R,R,S,R,R,R,R,,,,S,R,,,,,,,,,,,S,,,R,S,S,,,,,,,,,,,,,,,,,,,,,,,,,,,,,../data/driams/downloads/DRIAMS-C/id/2018/2018_clean.csv,28061108910_A5,28061108910_A5,287.0,Pseudomonas
Pseudomonas aeruginosa,28061108910_F1,R,R,S,R,R,R,R,,,,S,R,,,,,,,,,,,S,,,R,S,S,,,,,,,,,,,,,,,,,,,,,,,,,,,,,../data/driams/downloads/DRIAMS-C/id/2018/2018_clean.csv,28061108910_F1,28061108910_F1,287.0,Pseudomonas
Klebsiella pneumoniae,28061110490_G6,R,R,S,S,S,S,S,S,R,S,S,S,,,,,,,,,,,,,,,,,,,,,,,,,,,,,,,,,,,,,,,,,,,,,../data/driams/downloads/DRIAMS-C/id/2018/2018_clean.csv,28061110490_G6,28061110490_G6,573.0,Klebsiella
Citrobacter koseri,28061110500_G7,S,R,S,S,S,S,S,S,S,S,S,S,,,,,,,,,,,,,,,,,,,,,,,,,,,,,,,,,,,,,,,,,,,,,../data/driams/downloads/DRIAMS-C/id/2018/2018_clean.csv,28061110500_G7,28061110500_G7,545.0,Citrobacter
Acinetobacter ursingii,28061110620_G10,R,R,R,S,S,R,R,R,R,S,S,S,,,,,,,,,,,S,,,S,S,S,,,,,,,,,,,,,,,,,,,,,,,,,,,,,../data/driams/downloads/DRIAMS-C/id/2018/2018_clean.csv,28061110620_G10,28061110620_G10,108980.0,Acinetobacter
Escherichia coli,28061110690_G11,S,S,S,R,S,S,S,S,S,R,S,S,,,,,,,,,,,,,,,,,,,,,,,,,,,,,,,,,,,,,,,,,,,,,../data/driams/downloads/DRIAMS-C/id/2018/2018_clean.csv,28061110690_G11,28061110690_G11,562.0,Escherichia
Escherichia coli,28061110690_A10,S,S,S,R,S,S,S,S,S,R,S,S,,,,,,,,,,,,,,,,,,,,,,,,,,,,,,,,,,,,,,,,,,,,,../data/driams/downloads/DRIAMS-C/id/2018/2018_clean.csv,28061110690_A10,28061110690_A10,562.0,Escherichia
Staphylococcus saprophyticus,28061112850_G12,S,S,,S,S,,,S,,S,,S,,,,,S,,,,,,,,,,,,,,,,R,,,,,,,,,,,,,,,,,,,,,,,,../data/driams/downloads/DRIAMS-C/id/2018/2018_clean.csv,28061112850_G12,28061112850_G12,29385.0,Staphylococcus
Escherichia coli,28061112980_H2,S,S,S,S,S,S,S,S,S,S,S,R,,,,,,,,,,,,,,,,,,,,,,,,,,,,,,,,,,,,,,,,,,,,,../data/driams/downloads/DRIAMS-C/id/2018/2018_clean.csv,28061112980_H2,28061112980_H2,562.0,Escherichia
Klebsiella oxytoca,28061113320_D3,S,R,S,S,S,S,S,,,,S,S,,,,,,,,,,,S,,,S,S,S,,,,,,,,,,,,,,,,,,,,,,,,,,,,,../data/driams/downloads/DRIAMS-C/id/2018/2018_clean.csv,28061113320_D3,28061113320_D3,571.0,Klebsiella
Staphylococcus aureus,28061114060_H4,S,R,,R,S,,,S,,R,,S,,,,,S,R,,,,,,,,,,,,,,,S,,,,,,,,,,,,,,,,,,,,,,,,../data/driams/downloads/DRIAMS-C/id/2018/2018_clean.csv,28061114060_H4,28061114060_H4,1280.0,Staphylococcus
Staphylococcus aureus,28061114060_H5,S,R,,R,S,,,S,,R,,S,,,,,S,R,,,,,,,,,,,,,,,S,,,,,,,,,,,,,,,,,,,,,,,,../data/driams/downloads/DRIAMS-C/id/2018/2018_clean.csv,28061114060_H5,28061114060_H5,1280.0,Staphylococcus
Staphylococcus aureus,28061114060_A12,S,R,,R,S,,,S,,R,,S,,,,,S,R,,,,,,,,,,,,,,,S,,,,,,,,,,,,,,,,,,,,,,,,../data/driams/downloads/DRIAMS-C/id/2018/2018_clean.csv,28061114060_A12,28061114060_A12,1280.0,Staphylococcus
Enterococcus faecalis,28061114060_G4,S,S,,,,,,S,,,,I,,,,,R,,,,,R,S,,,,,,,,,,,,,,,,,,,,,,,,,,,,,,,,,,../data/driams/downloads/DRIAMS-C/id/2018/2018_clean.csv,28061114060_G4,28061114060_G4,1351.0,Enterococcus
Staphylococcus aureus,28061114070_H6,S,R,,S,S,,,S,,S,,S,,,,,S,R,,,,,,,,,,,,,,,S,,,,,,,,,,,,,,,,,,,,,,,,../data/driams/downloads/DRIAMS-C/id/2018/2018_clean.csv,28061114070_H6,28061114070_H6,1280.0,Staphylococcus
Staphylococcus aureus,28061114070_C12,S,R,,S,S,,,S,,S,,S,,,,,S,R,,,,,,,,,,,,,,,S,,,,,,,,,,,,,,,,,,,,,,,,../data/driams/downloads/DRIAMS-C/id/2018/2018_clean.csv,28061114070_C12,28061114070_C12,1280.0,Staphylococcus
Staphylococcus aureus,28061114070_D1,S,R,,S,S,,,S,,S,,S,,,,,S,R,,,,,,,,,,,,,,,S,,,,,,,,,,,,,,,,,,,,,,,,../data/driams/downloads/DRIAMS-C/id/2018/2018_clean.csv,28061114070_D1,28061114070_D1,1280.0,Staphylococcus
Staphylococcus aureus,28061114070_D2,S,R,,S,S,,,S,,S,,S,,,,,S,R,,,,,,,,,,,,,,,S,,,,,,,,,,,,,,,,,,,,,,,,../data/driams/downloads/DRIAMS-C/id/2018/2018_clean.csv,28061114070_D2,28061114070_D2,1280.0,Staphylococcus
Escherichia coli,28061202100_B2,S,R,S,R,S,S,S,S,S,R,S,S,,,,,,,,,,,,,,,,,,,,,,,,,,,,,,,,,,,,,,,,,,,,,../data/driams/downloads/DRIAMS-C/id/2018/2018_clean.csv,28061202100_B2,28061202100_B2,562.0,Escherichia
Enterobacter cloacae,28061202100_B3,R,R,S,S,S,R,R,S,R,S,S,R,,,,,,,,,,,,,,,,,,,,,,,,,,,,,,,,,,,,,,,,,,,,,../data/driams/downloads/DRIAMS-C/id/2018/2018_clean.csv,28061202100_B3,28061202100_B3,550.0,Enterobacter
Escherichia coli,28061202200_D3,S,R,S,S,S,S,S,S,S,S,S,R,,,,,,,,,,,,,,,,,,,,,,,,,,,,,,,,,,,,,,,,,,,,,../data/driams/downloads/DRIAMS-C/id/2018/2018_clean.csv,28061202200_D3,28061202200_D3,562.0,Escherichia
Citrobacter freundii,28061202250_D4,R,R,S,S,S,S,S,S,R,S,S,S,,,,,,,,,,,,,,,,,,,,,,,,,,,,,,,,,,,,,,,,,,,,,../data/driams/downloads/DRIAMS-C/id/2018/2018_clean.csv,28061202250_D4,28061202250_D4,546.0,Citrobacter
Citrobacter koseri,28061204370_E8,S,R,S,S,S,S,S,,,,S,S,,,,,,,,,,,S,,,S,S,S,,,,,,,,,,,,,,,,,,,,,,,,,,,,,../data/driams/downloads/DRIAMS-C/id/2018/2018_clean.csv,28061204370_E8,28061204370_E8,545.0,Citrobacter
Enterobacter cloacae,28061204370_F11,R,R,S,S,S,S,S,,,,S,S,,,,,,,,,,,S,,,S,S,S,,,,,,,,,,,,,,,,,,,,,,,,,,,,,../data/driams/downloads/DRIAMS-C/id/2018/2018_clean.csv,28061204370_F11,28061204370_F11,550.0,Enterobacter
Enterobacter cloacae,28061204370_F12,R,R,S,S,S,S,S,,,,S,S,,,,,,,,,,,S,,,S,S,S,,,,,,,,,,,,,,,,,,,,,,,,,,,,,../data/driams/downloads/DRIAMS-C/id/2018/2018_clean.csv,28061204370_F12,28061204370_F12,550.0,Enterobacter
Staphylococcus aureus,28061207860_F6,S,R,,S,S,,,,,,,S,S,S,S,S,S,R,S,S,,,,,,,,,,,,,,,,,,,,,,,,,,,,,,,,,,,,,../data/driams/downloads/DRIAMS-C/id/2018/2018_clean.csv,28061207860_F6,28061207860_F6,1280.0,Staphylococcus
Staphylococcus aureus,28061208310_E10,S,R,,S,S,,,,,,,S,S,S,S,S,S,R,S,S,,,,,,,,,,,,,,,,,,,,,,,,,,,,,,,,,,,,,../data/driams/downloads/DRIAMS-C/id/2018/2018_clean.csv,28061208310_E10,28061208310_E10,1280.0,Staphylococcus
Staphylococcus aureus,28061208310_E12,S,R,,S,S,,,,,,,S,S,S,S,S,S,R,S,S,,,,,,,,,,,,,,,,,,,,,,,,,,,,,,,,,,,,,../data/driams/downloads/DRIAMS-C/id/2018/2018_clean.csv,28061208310_E12,28061208310_E12,1280.0,Staphylococcus
Pseudomonas aeruginosa,28061208310_E9,R,R,S,S,S,R,R,,,,S,R,,,,,,,,,,,S,,,S,S,S,,,,,,,,,,,,,,,,,,,,,,,,,,,,,../data/driams/downloads/DRIAMS-C/id/2018/2018_clean.csv,28061208310_E9,28061208310_E9,287.0,Pseudomonas
Enterococcus faecalis,28061208310_F1,S,S,,,R,,,,,,,,,R,,,R,,,S,S,R,S,,,,,,,,,,,,,,,,,,,,,,,,,,,,,,,,,,../data/driams/downloads/DRIAMS-C/id/2018/2018_clean.csv,28061208310_F1,28061208310_F1,1351.0,Enterococcus
Staphylococcus aureus,28061208310_A5,S,R,,S,S,,,,,,,S,S,S,S,S,S,R,S,S,,,,,,,,,,,,,,,,,,,,,,,,,,,,,,,,,,,,,../data/driams/downloads/DRIAMS-C/id/2018/2018_clean.csv,28061208310_A5,28061208310_A5,1280.0,Staphylococcus
Candida albicans,28061208780_H3,,,,,,,,,,,,,,,,,,,,,,,,,,,,,,,,,,,,,S,S,,,S,,,,,S,,,,,,,,S,,,../data/driams/downloads/DRIAMS-C/id/2018/2018_clean.csv,28061208780_H3,28061208780_H3,5476.0,Candida
Candida albicans,28061208780_H4,,,,,,,,,,,,,,,,,,,,,,,,,,,,,,,,,,,,,S,S,,,S,,,,,S,,,,,,,,S,,,../data/driams/downloads/DRIAMS-C/id/2018/2018_clean.csv,28061208780_H4,28061208780_H4,5476.0,Candida
Klebsiella pneumoniae,28061208880_B10,S,R,S,S,S,S,S,S,R,S,S,S,,,,,,,,,,,,,,,,,,,,,,,,,,,,,,,,,,,,,,,,,,,,,../data/driams/downloads/DRIAMS-C/id/2018/2018_clean.csv,28061208880_B10,28061208880_B10,573.0,Klebsiella
Proteus vulgaris,28061208880_B11,S,R,S,S,S,S,R,R,S,S,R,S,,,,,,,,,,,,,,,,,,,,,,,,,,,,,,,,,,,,,,,,,,,,,../data/driams/downloads/DRIAMS-C/id/2018/2018_clean.csv,28061208880_B11,28061208880_B11,585.0,Proteus
Proteus vulgaris,28061208880_D5,S,R,S,S,S,S,R,R,S,S,R,S,,,,,,,,,,,,,,,,,,,,,,,,,,,,,,,,,,,,,,,,,,,,,../data/driams/downloads/DRIAMS-C/id/2018/2018_clean.csv,28061208880_D5,28061208880_D5,585.0,Proteus
Proteus vulgaris,28061208880_D6,S,R,S,S,S,S,R,R,S,S,R,S,,,,,,,,,,,,,,,,,,,,,,,,,,,,,,,,,,,,,,,,,,,,,../data/driams/downloads/DRIAMS-C/id/2018/2018_clean.csv,28061208880_D6,28061208880_D6,585.0,Proteus
Proteus vulgaris,28061208880_E7,S,R,S,S,S,S,R,R,S,S,R,S,,,,,,,,,,,,,,,,,,,,,,,,,,,,,,,,,,,,,,,,,,,,,../data/driams/downloads/DRIAMS-C/id/2018/2018_clean.csv,28061208880_E7,28061208880_E7,585.0,Proteus
Escherichia coli,28061210160_F5,S,R,S,S,S,S,S,,,,S,S,,,,,,,,,,,S,,,S,S,S,,,,,,,,,,,,,,,,,,,,,,,,,,,,,../data/driams/downloads/DRIAMS-C/id/2018/2018_clean.csv,28061210160_F5,28061210160_F5,562.0,Escherichia
Prevotella bivia,28061211790_B5,S,R,,,,,,,,,,,R,R,,,,R,,,,,,S,,,,,,,,,,,,,,,,,,,,,,,,,,,,,,,,,../data/driams/downloads/DRIAMS-C/id/2018/2018_clean.csv,28061211790_B5,28061211790_B5,28125.0,Prevotella
Escherichia coli,28061211790_B7,S,R,S,S,S,S,S,,,,S,S,,,,,,,,,,,S,,,S,S,S,,,,,,,,,,,,,,,,,,,,,,,,,,,,,../data/driams/downloads/DRIAMS-C/id/2018/2018_clean.csv,28061211790_B7,28061211790_B7,562.0,Escherichia
Campylobacter jejuni,28061212020_A7,,,,S,,,,,,,,,S,,,,,,,,,,,,,,,,S,S,R,S,,,,,,,,,,,,,,,,,,,,,,,,,../data/driams/downloads/DRIAMS-C/id/2018/2018_clean.csv,28061212020_A7,28061212020_A7,197.0,Campylobacter
Campylobacter jejuni,28061212020_A9,,,,S,,,,,,,,,S,,,,,,,,,,,,,,,,S,S,R,S,,,,,,,,,,,,,,,,,,,,,,,,,../data/driams/downloads/DRIAMS-C/id/2018/2018_clean.csv,28061212020_A9,28061212020_A9,197.0,Campylobacter
Escherichia coli,28061212300_C6,S,S,S,S,S,S,S,S,S,S,S,S,,,,,,,,,,,,,,,,,,,,,,,,,,,,,,,,,,,,,,,,,,,,,../data/driams/downloads/DRIAMS-C/id/2018/2018_clean.csv,28061212300_C6,28061212300_C6,562.0,Escherichia
Escherichia coli,28061212310_C7,R,R,R,R,S,R,R,S,S,R,S,R,,,,,,,,,,,S,,,S,R,S,,,,,,,,,,,,,,,,,,,,,,,,,,,,,../data/driams/downloads/DRIAMS-C/id/2018/2018_clean.csv,28061212310_C7,28061212310_C7,562.0,Escherichia
Escherichia coli,28061212310_C8,R,R,R,R,S,R,R,S,S,R,S,R,,,,,,,,,,,S,,,S,R,S,,,,,,,,,,,,,,,,,,,,,,,,,,,,,../data/driams/downloads/DRIAMS-C/id/2018/2018_clean.csv,28061212310_C8,28061212310_C8,562.0,Escherichia
Enterococcus faecalis,28061212310_D12,S,S,,,,,,S,,,,I,,,,,R,,,,,R,S,,,,,,,,,,,,,,,,,,,,,,,,,,,,,,,,,,../data/driams/downloads/DRIAMS-C/id/2018/2018_clean.csv,28061212310_D12,28061212310_D12,1351.0,Enterococcus
Escherichia coli,28061212340_C9,S,S,S,S,S,S,S,S,S,S,S,S,,,,,,,,,,,,,,,,,,,,,,,,,,,,,,,,,,,,,,,,,,,,,../data/driams/downloads/DRIAMS-C/id/2018/2018_clean.csv,28061212340_C9,28061212340_C9,562.0,Escherichia
Klebsiella oxytoca,28061212340_E1,S,R,S,S,S,S,S,S,R,S,S,S,,,,,,,,,,,,,,,,,,,,,,,,,,,,,,,,,,,,,,,,,,,,,../data/driams/downloads/DRIAMS-C/id/2018/2018_clean.csv,28061212340_E1,28061212340_E1,571.0,Klebsiella
Citrobacter braakii,28061212340_E2,S,R,S,S,S,S,S,S,S,S,S,S,,,,,,R,,,,,,,,,,,,,,,,,,,,,,,,,,,,,,,,,,,,,,,../data/driams/downloads/DRIAMS-C/id/2018/2018_clean.csv,28061212340_E2,28061212340_E2,57706.0,Citrobacter
Escherichia coli,28061212530_F6,S,S,S,S,S,S,S,,,,S,S,,,,,,,,,,,S,,,S,S,S,,,,,,,,,,,,,,,,,,,,,,,,,,,,,../data/driams/downloads/DRIAMS-C/id/2018/2018_clean.csv,28061212530_F6,28061212530_F6,562.0,Escherichia
Escherichia coli,28061302740_A4,S,R,R,R,R,R,R,,,,S,S,,,,,,,,,,,S,,,S,R,S,,,,,,,,,,,,,,,,,S,,,,,,,,,,,,../data/driams/downloads/DRIAMS-C/id/2018/2018_clean.csv,28061302740_A4,28061302740_A4,562.0,Escherichia
Escherichia coli,28061302740_A5,S,R,R,R,R,R,R,,,,S,S,,,,,,,,,,,S,,,S,R,S,,,,,,,,,,,,,,,,,S,,,,,,,,,,,,../data/driams/downloads/DRIAMS-C/id/2018/2018_clean.csv,28061302740_A5,28061302740_A5,562.0,Escherichia
Enterobacter cloacae,28061303190_B9,R,R,S,S,S,S,S,,,,S,S,,,,,,,,,,,S,,,S,S,S,,,,,,,,,,,,,,,,,,,,,,,,,,,,,../data/driams/downloads/DRIAMS-C/id/2018/2018_clean.csv,28061303190_B9,28061303190_B9,550.0,Enterobacter
Pseudomonas aeruginosa,28061303300_B10,R,R,S,S,S,R,R,,,,S,R,,,,,,,,,,,S,,,S,S,S,,,,,,,,,,,,,,,,,,,,,,,,,,,,,../data/driams/downloads/DRIAMS-C/id/2018/2018_clean.csv,28061303300_B10,28061303300_B10,287.0,Pseudomonas
Pseudomonas aeruginosa,28061303300_B11,R,R,S,S,S,R,R,,,,S,R,,,,,,,,,,,S,,,S,S,S,,,,,,,,,,,,,,,,,,,,,,,,,,,,,../data/driams/downloads/DRIAMS-C/id/2018/2018_clean.csv,28061303300_B11,28061303300_B11,287.0,Pseudomonas
Pseudomonas aeruginosa,28061303300_D12,R,R,S,S,S,R,R,,,,S,R,,,,,,,,,,,S,,,S,S,S,,,,,,,,,,,,,,,,,,,,,,,,,,,,,../data/driams/downloads/DRIAMS-C/id/2018/2018_clean.csv,28061303300_D12,28061303300_D12,287.0,Pseudomonas
Escherichia coli,28061304690_B6,S,S,S,S,S,S,S,,,,S,S,,,,,,,,,,,S,,,S,S,S,,,,,,,,,,,,,,,,,,,,,,,,,,,,,../data/driams/downloads/DRIAMS-C/id/2018/2018_clean.csv,28061304690_B6,28061304690_B6,562.0,Escherichia
Escherichia coli,28061307170_A12,S,S,S,S,S,S,S,,,,S,S,,,,,,,,,,,S,,,S,S,S,,,,,,,,,,,,,,,,,,,,,,,,,,,,,../data/driams/downloads/DRIAMS-C/id/2018/2018_clean.csv,28061307170_A12,28061307170_A12,562.0,Escherichia
Escherichia coli,28061307170_B1,S,S,S,S,S,S,S,,,,S,S,,,,,,,,,,,S,,,S,S,S,,,,,,,,,,,,,,,,,,,,,,,,,,,,,../data/driams/downloads/DRIAMS-C/id/2018/2018_clean.csv,28061307170_B1,28061307170_B1,562.0,Escherichia
Escherichia coli,28061307170_B2,S,S,S,S,S,S,S,,,,S,S,,,,,,,,,,,S,,,S,S,S,,,,,,,,,,,,,,,,,,,,,,,,,,,,,../data/driams/downloads/DRIAMS-C/id/2018/2018_clean.csv,28061307170_B2,28061307170_B2,562.0,Escherichia
Parvimonas micra,28061308470_F1,S,S,,,,,,,,,,,S,S,,,,S,,,,,,S,,,,,,,,,,,,,,,,,,,,,,,,,,,,,,,,,../data/driams/downloads/DRIAMS-C/id/2018/2018_clean.csv,28061308470_F1,28061308470_F1,33033.0,Parvimonas
Parvimonas micra,28061308470_F2,S,S,,,,,,,,,,,S,S,,,,S,,,,,,S,,,,,,,,,,,,,,,,,,,,,,,,,,,,,,,,,../data/driams/downloads/DRIAMS-C/id/2018/2018_clean.csv,28061308470_F2,28061308470_F2,33033.0,Parvimonas
Parvimonas micra,28061308470_F3,S,S,,,,,,,,,,,S,S,,,,S,,,,,,S,,,,,,,,,,,,,,,,,,,,,,,,,,,,,,,,,../data/driams/downloads/DRIAMS-C/id/2018/2018_clean.csv,28061308470_F3,28061308470_F3,33033.0,Parvimonas
Pseudomonas aeruginosa,28061308680_E5,R,R,S,S,S,R,R,,,,S,R,,,,,,,,,,,S,,,S,S,S,,,,,,,,,,,,,,,,,,,,,,,,,,,,,../data/driams/downloads/DRIAMS-C/id/2018/2018_clean.csv,28061308680_E5,28061308680_E5,287.0,Pseudomonas
Enterococcus faecalis,28061308680_E6,S,S,,,,,,S,,,,I,,,,,R,,,,,R,S,,,,,,,,,,,,,,,,,,,,,,,,,,,,,,,,,,../data/driams/downloads/DRIAMS-C/id/2018/2018_clean.csv,28061308680_E6,28061308680_E6,1351.0,Enterococcus
Providencia rettgeri,28061308690_E8,R,R,S,S,S,S,S,R,R,S,R,S,,,,,,,,,,,,,,,,,,,,,,,,,,,,,,,,,,,,,,,,,,,,,../data/driams/downloads/DRIAMS-C/id/2018/2018_clean.csv,28061308690_E8,28061308690_E8,587.0,Providencia
Klebsiella pneumoniae,28061308690_E9,S,R,S,S,S,S,S,S,R,S,S,S,,,,,,,,,,,,,,,,,,,,,,,,,,,,,,,,,,,,,,,,,,,,,../data/driams/downloads/DRIAMS-C/id/2018/2018_clean.csv,28061308690_E9,28061308690_E9,573.0,Klebsiella
Escherichia coli,28061308860_F4,S,S,S,S,S,S,S,S,S,S,S,S,,,,,,,,,,,,,,,,,,,,,,,,,,,,,,,,,,,,,,,,,,,,,../data/driams/downloads/DRIAMS-C/id/2018/2018_clean.csv,28061308860_F4,28061308860_F4,562.0,Escherichia
Escherichia coli,28061308950_F6,R,R,R,S,S,R,R,S,S,S,S,S,,,,,,,,,,,R,,,S,S,S,,,,,,,,,,,,,,,,,,,,,,,,,,,,,../data/driams/downloads/DRIAMS-C/id/2018/2018_clean.csv,28061308950_F6,28061308950_F6,562.0,Escherichia
Escherichia coli,28061308950_F7,R,R,R,S,S,R,R,S,S,S,S,S,,,,,,,,,,,R,,,S,S,S,,,,,,,,,,,,,,,,,,,,,,,,,,,,,../data/driams/downloads/DRIAMS-C/id/2018/2018_clean.csv,28061308950_F7,28061308950_F7,562.0,Escherichia
Enterobacter cloacae,28061311120_C12,R,R,S,S,S,S,S,,,,S,S,,,,,,,,,,,S,,,S,S,S,,,,,,,,,,,,,,,,,,,,,,,,,,,,,../data/driams/downloads/DRIAMS-C/id/2018/2018_clean.csv,28061311120_C12,28061311120_C12,550.0,Enterobacter
Pseudomonas aeruginosa,28061311120_C5,R,R,S,S,S,R,R,,,,S,R,,,,,,,,,,,S,,,S,S,S,,,,,,,,,,,,,,,,,,,,,,,,,,,,,../data/driams/downloads/DRIAMS-C/id/2018/2018_clean.csv,28061311120_C5,28061311120_C5,287.0,Pseudomonas
Pseudomonas aeruginosa,28061311120_C7,R,R,S,S,S,R,R,,,,S,R,,,,,,,,,,,S,,,S,S,S,,,,,,,,,,,,,,,,,,,,,,,,,,,,,../data/driams/downloads/DRIAMS-C/id/2018/2018_clean.csv,28061311120_C7,28061311120_C7,287.0,Pseudomonas
Enterobacter cloacae,28061311120_C8,R,R,S,S,S,S,S,,,,S,S,,,,,,,,,,,S,,,S,S,S,,,,,,,,,,,,,,,,,,,,,,,,,,,,,../data/driams/downloads/DRIAMS-C/id/2018/2018_clean.csv,28061311120_C8,28061311120_C8,550.0,Enterobacter
Escherichia coli,28061311550_D2,R,R,S,S,S,S,S,,,,S,R,,,,,,,,,,,S,,,S,S,S,,,,,,,,,,,,,,,,,,,,,,,,,,,,,../data/driams/downloads/DRIAMS-C/id/2018/2018_clean.csv,28061311550_D2,28061311550_D2,562.0,Escherichia
Klebsiella pneumoniae,28061311550_D3,S,R,S,S,S,S,S,,,,S,S,,,,,,,,,,,S,,,S,S,S,,,,,,,,,,,,,,,,,,,,,,,,,,,,,../data/driams/downloads/DRIAMS-C/id/2018/2018_clean.csv,28061311550_D3,28061311550_D3,573.0,Klebsiella
Klebsiella pneumoniae,28061313660_F12,S,R,S,S,S,S,S,S,R,S,S,S,,,,,,,,,,,,,,,,,,,,,,,,,,,,,,,,,,,,,,,,,,,,,../data/driams/downloads/DRIAMS-C/id/2018/2018_clean.csv,28061313660_F12,28061313660_F12,573.0,Klebsiella
Klebsiella pneumoniae,28061313660_A5,S,R,S,S,S,S,S,S,R,S,S,S,,,,,,,,,,,,,,,,,,,,,,,,,,,,,,,,,,,,,,,,,,,,,../data/driams/downloads/DRIAMS-C/id/2018/2018_clean.csv,28061313660_A5,28061313660_A5,573.0,Klebsiella
Citrobacter koseri,28061314110_G2,S,R,S,S,S,S,R,S,S,S,S,S,,,,,,,,,,,,,,,,,,,,,,,,,,,,,,,,,,,,,,,,,,,,,../data/driams/downloads/DRIAMS-C/id/2018/2018_clean.csv,28061314110_G2,28061314110_G2,545.0,Citrobacter
Citrobacter koseri,28061314110_D1,S,R,S,S,S,S,R,S,S,S,S,S,,,,,,,,,,,,,,,,,,,,,,,,,,,,,,,,,,,,,,,,,,,,,../data/driams/downloads/DRIAMS-C/id/2018/2018_clean.csv,28061314110_D1,28061314110_D1,545.0,Citrobacter
Enterococcus gallinarum,28061404350_B8,S,S,,,R,,,,,,,,,R,,,R,,,R,S,S,S,,,,,,,,,,,,,,,,,,,,,,,,,,,,,,,,,,../data/driams/downloads/DRIAMS-C/id/2018/2018_clean.csv,28061404350_B8,28061404350_B8,1353.0,Enterococcus
Staphylococcus aureus,28061405840_E1,R,R,,S,S,,,,,,,S,R,S,R,S,R,R,S,S,,,,,,,,,,,,,,,,,,,,,,,,,,,,,,,,,,,,,../data/driams/downloads/DRIAMS-C/id/2018/2018_clean.csv,28061405840_E1,28061405840_E1,1280.0,Staphylococcus
Staphylococcus aureus,28061405840_E2,R,R,,S,S,,,,,,,S,R,S,R,S,R,R,S,S,,,,,,,,,,,,,,,,,,,,,,,,,,,,,,,,,,,,,../data/driams/downloads/DRIAMS-C/id/2018/2018_clean.csv,28061405840_E2,28061405840_E2,1280.0,Staphylococcus
Finegoldia magna,28061405860_E1,S,S,,,,,,,,,,,,S,,,,S,,,,,,S,,,,,,,,,,,,,,,,,,,,,,,,,,,,,,,,,../data/driams/downloads/DRIAMS-C/id/2018/2018_clean.csv,28061405860_E1,28061405860_E1,1260.0,Finegoldia
Proteus mirabilis,28061408220_A6,S,R,S,R,S,S,S,R,S,R,R,R,,,,,,,,,,,,,,,,,,,,,,,,,,,,,,,,,,,,,,,,,,,,,../data/driams/downloads/DRIAMS-C/id/2018/2018_clean.csv,28061408220_A6,28061408220_A6,584.0,Proteus
Enterobacter cloacae,28061408290_A7,R,R,S,S,S,S,S,S,R,S,S,S,,,,,,,,,,,,,,,,,,,,,,,,,,,,,,,,,,,,,,,,,,,,,../data/driams/downloads/DRIAMS-C/id/2018/2018_clean.csv,28061408290_A7,28061408290_A7,550.0,Enterobacter
Enterococcus faecalis,28061408350_A10,S,S,,,,,,S,,,,I,,,,,R,,,,,R,S,,,,,,,,,,,,,,,,,,,,,,,,,,,,,,,,,,../data/driams/downloads/DRIAMS-C/id/2018/2018_clean.csv,28061408350_A10,28061408350_A10,1351.0,Enterococcus
Streptococcus oralis,28061408500_B5,,,,,R,,,,,,,,,,,,,,,,,,,,,,,,,,,,,,,,,,,,,,,,,,,,,,,,,,,,../data/driams/downloads/DRIAMS-C/id/2018/2018_clean.csv,28061408500_B5,28061408500_B5,1303.0,Streptococcus
Streptococcus oralis,28061408500_B6,,,,,R,,,,,,,,,,,,,,,,,,,,,,,,,,,,,,,,,,,,,,,,,,,,,,,,,,,,../data/driams/downloads/DRIAMS-C/id/2018/2018_clean.csv,28061408500_B6,28061408500_B6,1303.0,Streptococcus
Escherichia coli,28061408590_A11,S,R,S,R,S,S,R,S,R,R,S,S,,,,,,,,,,,,,,,,,,,,,,,,,,,,,,,,,,,,,,,,,,,,,../data/driams/downloads/DRIAMS-C/id/2018/2018_clean.csv,28061408590_A11,28061408590_A11,562.0,Escherichia
Escherichia coli,28061408590_C10,S,R,S,R,S,S,R,S,R,R,S,S,,,,,,,,,,,,,,,,,,,,,,,,,,,,,,,,,,,,,,,,,,,,,../data/driams/downloads/DRIAMS-C/id/2018/2018_clean.csv,28061408590_C10,28061408590_C10,562.0,Escherichia
Escherichia coli,28061408590_C9,S,R,S,R,S,S,R,S,R,R,S,S,,,,,,,,,,,,,,,,,,,,,,,,,,,,,,,,,,,,,,,,,,,,,../data/driams/downloads/DRIAMS-C/id/2018/2018_clean.csv,28061408590_C9,28061408590_C9,562.0,Escherichia
Citrobacter freundii,28061409070_E9,R,R,S,S,S,S,S,,,,S,S,,,,,,,,,,,S,,,S,S,S,,,,,,,,,,,,,,,,,,,,,,,,,,,,,../data/driams/downloads/DRIAMS-C/id/2018/2018_clean.csv,28061409070_E9,28061409070_E9,546.0,Citrobacter
Enterobacter cloacae,28061409890_E11,R,R,S,S,S,S,S,,,,S,S,,,,,,,,,,,S,,,S,S,S,,,,,,,,,,,,,,,,,,,,,,,,,,,,,../data/driams/downloads/DRIAMS-C/id/2018/2018_clean.csv,28061409890_E11,28061409890_E11,550.0,Enterobacter
Serratia marcescens,28061410120_B2,R,R,S,S,S,S,R,,,,R,S,,,,,,,,,,,S,,,S,S,S,,,,,,,,,,,,,,,,,,,,,,,,,,,,,../data/driams/downloads/DRIAMS-C/id/2018/2018_clean.csv,28061410120_B2,28061410120_B2,615.0,Serratia
Serratia marcescens,28061410120_B3,R,R,S,S,S,S,R,,,,R,S,,,,,,,,,,,S,,,S,S,S,,,,,,,,,,,,,,,,,,,,,,,,,,,,,../data/driams/downloads/DRIAMS-C/id/2018/2018_clean.csv,28061410120_B3,28061410120_B3,615.0,Serratia
Escherichia coli,28061411050_B4,S,R,S,R,S,S,R,S,S,R,S,R,,,,,,,,,,,,,,,,,,,,,,,,,,,,,,,,,,,,,,,,,,,,,../data/driams/downloads/DRIAMS-C/id/2018/2018_clean.csv,28061411050_B4,28061411050_B4,562.0,Escherichia
Escherichia coli,28061411050_C8,S,R,S,R,S,S,R,S,S,R,S,R,,,,,,,,,,,,,,,,,,,,,,,,,,,,,,,,,,,,,,,,,,,,,../data/driams/downloads/DRIAMS-C/id/2018/2018_clean.csv,28061411050_C8,28061411050_C8,562.0,Escherichia
Proteus mirabilis,28061506240_C5,S,S,S,S,S,S,S,R,S,S,R,S,,,,,,,,,,,,,,,,,,,,,,,,,,,,,,,,,,,,,,,,,,,,,../data/driams/downloads/DRIAMS-C/id/2018/2018_clean.csv,28061506240_C5,28061506240_C5,584.0,Proteus
Enterococcus faecalis,28061506420_C3,S,S,,,,,,S,,,,I,,,,,R,,,,,R,S,,,,,,,,,,,,,,,,,,,,,,,,,,,,,,,,,,../data/driams/downloads/DRIAMS-C/id/2018/2018_clean.csv,28061506420_C3,28061506420_C3,1351.0,Enterococcus
Staphylococcus aureus,28061506420_C4,S,R,,S,S,,,S,,S,,S,,,,,S,R,,,,,,,,,,,,,,,S,,,,,,,,,,,,,,,,,,,,,,,,../data/driams/downloads/DRIAMS-C/id/2018/2018_clean.csv,28061506420_C4,28061506420_C4,1280.0,Staphylococcus
Klebsiella pneumoniae,28061506440_C2,R,R,R,R,S,R,R,S,R,R,S,R,,,,,,,,,,,S,,,S,R,S,,,,,,,,,,,,,,,,,,,,,,,,,,,,,../data/driams/downloads/DRIAMS-C/id/2018/2018_clean.csv,28061506440_C2,28061506440_C2,573.0,Klebsiella
Citrobacter koseri,28061507740_B12,S,R,S,S,S,S,S,S,S,S,S,S,,,,,,,,,,,,,,,,,,,,,,,,,,,,,,,,,,,,,,,,,,,,,../data/driams/downloads/DRIAMS-C/id/2018/2018_clean.csv,28061507740_B12,28061507740_B12,545.0,Citrobacter
Escherichia coli,28061508440_B7,S,S,S,S,S,S,S,,,,S,S,,,,,,,,,,,S,,,S,S,S,,,,,,,,,,,,,,,,,,,,,,,,,,,,,../data/driams/downloads/DRIAMS-C/id/2018/2018_clean.csv,28061508440_B7,28061508440_B7,562.0,Escherichia
Enterococcus faecalis,28061508440_C9,S,S,,,R,,,,,,,,,R,,,R,,,S,S,R,S,,,,,,,,,,,,,,,,,,,,,,,,,,,,,,,,,,../data/driams/downloads/DRIAMS-C/id/2018/2018_clean.csv,28061508440_C9,28061508440_C9,1351.0,Enterococcus
Staphylococcus lugdunensis,28061508680_B12,S,S,,S,S,,,,,,,S,S,S,S,S,S,S,S,S,,,,,,,,,,,,,,,,,,,,,,,,,,,,,,,,,,,,,../data/driams/downloads/DRIAMS-C/id/2018/2018_clean.csv,28061508680_B12,28061508680_B12,28035.0,Staphylococcus
Morganella morganii,28061508950_B10,R,R,S,S,S,S,R,R,R,S,R,S,,,,,,,,,,,,,,,,,,,,,,,,,,,,,,,,,,,,,,,,,,,,,../data/driams/downloads/DRIAMS-C/id/2018/2018_clean.csv,28061508950_B10,28061508950_B10,582.0,Morganella
Vagococcus fluvialis,28061508950_B11,S,S,,,R,,,,,,,S,S,R,R,,R,S,,S,,,,,R,,,,,,,,,,,,,,,,,,,,,,,,,,,,,,,,../data/driams/downloads/DRIAMS-C/id/2018/2018_clean.csv,28061508950_B11,28061508950_B11,2738.0,Vagococcus
Escherichia coli,28061508950_D7,S,S,S,S,S,S,S,S,S,S,S,S,,,,,,,,,,,,,,,,,,,,,,,,,,,,,,,,,,,,,,,,,,,,,../data/driams/downloads/DRIAMS-C/id/2018/2018_clean.csv,28061508950_D7,28061508950_D7,562.0,Escherichia
Vagococcus fluvialis,28061508950_D8,S,S,,,R,,,,,,,S,S,R,R,,R,S,,S,,,,,R,,,,,,,,,,,,,,,,,,,,,,,,,,,,,,,,../data/driams/downloads/DRIAMS-C/id/2018/2018_clean.csv,28061508950_D8,28061508950_D8,2738.0,Vagococcus
Morganella morganii,28061508950_F7,R,R,S,S,S,S,R,R,R,S,R,S,,,,,,,,,,,,,,,,,,,,,,,,,,,,,,,,,,,,,,,,,,,,,../data/driams/downloads/DRIAMS-C/id/2018/2018_clean.csv,28061508950_F7,28061508950_F7,582.0,Morganella
Morganella morganii,28061508950_F9,R,R,S,S,S,S,R,R,R,S,R,S,,,,,,,,,,,,,,,,,,,,,,,,,,,,,,,,,,,,,,,,,,,,,../data/driams/downloads/DRIAMS-C/id/2018/2018_clean.csv,28061508950_F9,28061508950_F9,582.0,Morganella
Enterococcus faecalis,28061509820_B8,S,S,,,,,,S,,,,I,,,,,R,,,,,R,S,,,,,,,,,,,,,,,,,,,,,,,,,,,,,,,,,,../data/driams/downloads/DRIAMS-C/id/2018/2018_clean.csv,28061509820_B8,28061509820_B8,1351.0,Enterococcus
Escherichia coli,28061509950_C12,S,R,S,S,S,S,S,,,,S,R,,,,,,,,,,,S,,,S,S,S,,,,,,,,,,,,,,,,,,,,,,,,,,,,,../data/driams/downloads/DRIAMS-C/id/2018/2018_clean.csv,28061509950_C12,28061509950_C12,562.0,Escherichia
Staphylococcus aureus,28061510000_C1,S,R,,S,S,,,,,,,S,S,S,S,S,S,R,S,S,,,,,,,,,,,,,,,,,,,,,,,,,,,,,,,,,,,,,../data/driams/downloads/DRIAMS-C/id/2018/2018_clean.csv,28061510000_C1,28061510000_C1,1280.0,Staphylococcus
Klebsiella aerogenes,28061510060_D3,R,R,R,S,S,R,R,S,S,S,S,S,,,,,,,,,,,,,,,,,,,,,,,,,,,,,,,,,,,,,,,,,,,,,../data/driams/downloads/DRIAMS-C/id/2018/2018_clean.csv,28061510060_D3,28061510060_D3,548.0,
Klebsiella aerogenes,28061510060_D4,R,R,R,S,S,R,R,S,S,S,S,S,,,,,,,,,,,,,,,,,,,,,,,,,,,,,,,,,,,,,,,,,,,,,../data/driams/downloads/DRIAMS-C/id/2018/2018_clean.csv,28061510060_D4,28061510060_D4,548.0,
Klebsiella pneumoniae,28061510580_C6,R,R,S,S,S,S,S,,,,S,R,,,,,,,,,,,S,,,S,S,S,,,,,,,,,,,,,,,,,,,,,,,,,,,,,../data/driams/downloads/DRIAMS-C/id/2018/2018_clean.csv,28061510580_C6,28061510580_C6,573.0,Klebsiella
Klebsiella pneumoniae,28061511450_D1,S,R,S,S,S,S,S,S,R,S,S,S,,,,,,,,,,,,,,,,,,,,,,,,,,,,,,,,,,,,,,,,,,,,,../data/driams/downloads/DRIAMS-C/id/2018/2018_clean.csv,28061511450_D1,28061511450_D1,573.0,Klebsiella
Pseudomonas aeruginosa,28061511710_D5,R,R,S,S,S,R,R,,,,S,R,,,,,,,,,,,S,,,S,S,S,,,,,,,,,,,,,,,,,,,,,,,,,,,,,../data/driams/downloads/DRIAMS-C/id/2018/2018_clean.csv,28061511710_D5,28061511710_D5,287.0,Pseudomonas
Escherichia coli,28061511740_D6,S,R,R,S,S,I,S,S,S,S,S,R,,,,,,,,,,,S,,,S,S,S,,,,,,,,,,,,,,,,,,,,,,,,,,,,,../data/driams/downloads/DRIAMS-C/id/2018/2018_clean.csv,28061511740_D6,28061511740_D6,562.0,Escherichia
Staphylococcus aureus,28061512130_C5,S,R,,S,S,,,,,,,S,S,S,S,S,S,R,S,S,,,,,,,,,,,,,,,,,,,,,,,,,,,,,,,,,,,,,../data/driams/downloads/DRIAMS-C/id/2018/2018_clean.csv,28061512130_C5,28061512130_C5,1280.0,Staphylococcus
Staphylococcus aureus,28061512190_C2,S,R,,S,S,,,,,,,S,S,S,S,S,S,R,S,S,,,,,,,,,,,,,,,,,,,,,,,,,,,,,,,,,,,,,../data/driams/downloads/DRIAMS-C/id/2018/2018_clean.csv,28061512190_C2,28061512190_C2,1280.0,Staphylococcus
Staphylococcus aureus,28061512240_C3,S,R,,S,S,,,,,,,S,S,S,S,S,S,R,S,S,,,,,,,,,,,,,,,,,,,,,,,,,,,,,,,,,,,,,../data/driams/downloads/DRIAMS-C/id/2018/2018_clean.csv,28061512240_C3,28061512240_C3,1280.0,Staphylococcus
Proteus mirabilis,28061602590_D10,S,S,S,S,S,S,S,R,S,S,R,R,,,,,,,,,,,,,,,,,,,,,,,,,,,,,,,,,,,,,,,,,,,,,../data/driams/downloads/DRIAMS-C/id/2018/2018_clean.csv,28061602590_D10,28061602590_D10,584.0,Proteus
Staphylococcus aureus,28061603040_D10,S,R,,S,S,,,,,,,S,S,S,S,S,S,R,S,S,,,,,,,,,,,,,,,,,,,,,,,,,,,,,,,,,,,,,../data/driams/downloads/DRIAMS-C/id/2018/2018_clean.csv,28061603040_D10,28061603040_D10,1280.0,Staphylococcus
Staphylococcus aureus,28061603620_E1,S,R,,S,S,,,,,,,S,S,S,S,S,S,R,S,S,,,,,,,,,,,,,,,,,,,,,,,,,,,,,,,,,,,,,../data/driams/downloads/DRIAMS-C/id/2018/2018_clean.csv,28061603620_E1,28061603620_E1,1280.0,Staphylococcus
Enterococcus faecalis,28061603980_E11,S,S,,,,,,S,,,,I,,,,,R,,,,,R,S,,,,,,,,,,,,,,,,,,,,,,,,,,,,,,,,,,../data/driams/downloads/DRIAMS-C/id/2018/2018_clean.csv,28061603980_E11,28061603980_E11,1351.0,Enterococcus
Peptoniphilus harei,28061605000_C10,S,S,,,,,,,,,,,S,S,,,,S,,,,,,S,,,,,,,,,,,,,,,,,,,,,,,,,,,,,,,,,../data/driams/downloads/DRIAMS-C/id/2018/2018_clean.csv,28061605000_C10,28061605000_C10,54005.0,Peptoniphilus
Peptoniphilus harei,28061605000_C11,S,S,,,,,,,,,,,S,S,,,,S,,,,,,S,,,,,,,,,,,,,,,,,,,,,,,,,,,,,,,,,../data/driams/downloads/DRIAMS-C/id/2018/2018_clean.csv,28061605000_C11,28061605000_C11,54005.0,Peptoniphilus
Staphylococcus lugdunensis,28061605000_C12,S,S,,S,S,,,,,,,S,S,S,S,S,S,S,S,S,,,,,,,,,,,,,,,,,,,,,,,,,,,,,,,,,,,,,../data/driams/downloads/DRIAMS-C/id/2018/2018_clean.csv,28061605000_C12,28061605000_C12,28035.0,Staphylococcus
Staphylococcus aureus,28061605010_D3,S,R,,S,S,,,,,,,S,S,S,S,S,S,R,S,S,,,,,,,,,,,,,,,,,,,,,,,,,,,,,,,,,,,,,../data/driams/downloads/DRIAMS-C/id/2018/2018_clean.csv,28061605010_D3,28061605010_D3,1280.0,Staphylococcus
Staphylococcus aureus,28061605210_E3,S,R,,S,S,,,,,,,S,S,S,S,S,S,R,S,S,,,,,,,,,,,,,,,,,,,,,,,,,,,,,,,,,,,,,../data/driams/downloads/DRIAMS-C/id/2018/2018_clean.csv,28061605210_E3,28061605210_E3,1280.0,Staphylococcus
Staphylococcus aureus,28061702120_D4,S,R,,S,S,,,,,,,S,S,S,S,S,S,R,S,S,,,,,,,,,,,,,,,,,,,,,,,,,,,,,,,,,,,,,../data/driams/downloads/DRIAMS-C/id/2018/2018_clean.csv,28061702120_D4,28061702120_D4,1280.0,Staphylococcus
Proteus mirabilis,28061702180_D10,S,S,S,S,S,S,S,,,,R,S,,,,,,,,,,,S,,,S,S,S,,,,,,,,,,,,,,,,,,,,,,,,,,,,,../data/driams/downloads/DRIAMS-C/id/2018/2018_clean.csv,28061702180_D10,28061702180_D10,584.0,Proteus
Proteus mirabilis,28061702180_D8,S,S,S,S,S,S,S,,,,R,S,,,,,,,,,,,S,,,S,S,S,,,,,,,,,,,,,,,,,,,,,,,,,,,,,../data/driams/downloads/DRIAMS-C/id/2018/2018_clean.csv,28061702180_D8,28061702180_D8,584.0,Proteus
Proteus mirabilis,28061702180_D9,S,S,S,S,S,S,S,,,,R,S,,,,,,,,,,,S,,,S,S,S,,,,,,,,,,,,,,,,,,,,,,,,,,,,,../data/driams/downloads/DRIAMS-C/id/2018/2018_clean.csv,28061702180_D9,28061702180_D9,584.0,Proteus
Escherichia coli,28061702270_F4,S,S,S,S,S,S,S,,,,S,S,,,,,,,,,,,S,,,S,S,S,,,,,,,,,,,,,,,,,,,,,,,,,,,,,../data/driams/downloads/DRIAMS-C/id/2018/2018_clean.csv,28061702270_F4,28061702270_F4,562.0,Escherichia
Klebsiella pneumoniae,28061702520_E5,S,R,S,S,S,S,S,,,,S,S,,,,,,,,,,,S,,,S,S,S,,,,,,,,,,,,,,,,,,,,,,,,,,,,,../data/driams/downloads/DRIAMS-C/id/2018/2018_clean.csv,28061702520_E5,28061702520_E5,573.0,Klebsiella
Pseudomonas aeruginosa,28061702520_E6,R,R,S,S,S,R,R,,,,S,R,,,,,,,,,,,S,,,S,S,S,,,,,,,,,,,,,,,,,,,,,,,,,,,,,../data/driams/downloads/DRIAMS-C/id/2018/2018_clean.csv,28061702520_E6,28061702520_E6,287.0,Pseudomonas
Staphylococcus aureus,28061703950_E6,S,R,,S,S,,,,,,,S,S,S,S,R,S,R,S,S,,,,,,,,,,,,,,,,,,,,,,,,,,,,,,,,,,,,,../data/driams/downloads/DRIAMS-C/id/2018/2018_clean.csv,28061703950_E6,28061703950_E6,1280.0,Staphylococcus
Escherichia coli,28061704850_E7,R,R,S,S,S,S,S,,,,S,S,,,,,,,,,,,S,,,S,S,S,,,,,,,,,,,,,,,,,,,,,,,,,,,,,../data/driams/downloads/DRIAMS-C/id/2018/2018_clean.csv,28061704850_E7,28061704850_E7,562.0,Escherichia
Klebsiella pneumoniae,28061704850_E8,S,R,S,S,S,S,S,,,,S,S,,,,,,,,,,,S,,,S,S,S,,,,,,,,,,,,,,,,,,,,,,,,,,,,,../data/driams/downloads/DRIAMS-C/id/2018/2018_clean.csv,28061704850_E8,28061704850_E8,573.0,Klebsiella
Staphylococcus aureus,28061804080_F12,S,R,,R,S,,,,,,,S,S,S,S,S,S,R,S,S,,,,,,,,,,,,,,,,,,,,,,,,,,,,,,,,,,,,,../data/driams/downloads/DRIAMS-C/id/2018/2018_clean.csv,28061804080_F12,28061804080_F12,1280.0,Staphylococcus
Citrobacter koseri,28061804160_G3,S,R,S,S,S,S,S,,,,S,S,,,,,,,,,,,S,,,S,S,S,,,,,,,,,,,,,,,,,,,,,,,,,,,,,../data/driams/downloads/DRIAMS-C/id/2018/2018_clean.csv,28061804160_G3,28061804160_G3,545.0,Citrobacter
Staphylococcus aureus,28061804190_G4,S,R,,S,S,,,,,,,S,S,S,S,S,S,R,S,S,,,,,,,,,,,,,,,,,,,,,,,,,,,,,,,,,,,,,../data/driams/downloads/DRIAMS-C/id/2018/2018_clean.csv,28061804190_G4,28061804190_G4,1280.0,Staphylococcus
Escherichia coli,28061804890_F1,R,R,S,S,S,S,S,,,,S,R,,,,,,,,,,,S,,,S,S,S,,,,,,,,,,,,,,,,,,,,,,,,,,,,,../data/driams/downloads/DRIAMS-C/id/2018/2018_clean.csv,28061804890_F1,28061804890_F1,562.0,Escherichia
Escherichia coli,28061804890_F2,R,R,S,S,S,S,S,,,,S,R,,,,,,,,,,,S,,,S,S,S,,,,,,,,,,,,,,,,,,,,,,,,,,,,,../data/driams/downloads/DRIAMS-C/id/2018/2018_clean.csv,28061804890_F2,28061804890_F2,562.0,Escherichia
Campylobacter jejuni,28061805390_G2,,,,R,,,,,,,,,S,,,,,,,,,,,,,,,,S,S,R,S,,,,,,,,,,,,,,,,,,,,,,,,,../data/driams/downloads/DRIAMS-C/id/2018/2018_clean.csv,28061805390_G2,28061805390_G2,197.0,Campylobacter
Escherichia coli,28061807150_F1,S,S,S,S,S,S,S,S,S,S,S,S,,,,,,,,,,,,,,,,,,,,,,,,,,,,,,,,,,,,,,,,,,,,,../data/driams/downloads/DRIAMS-C/id/2018/2018_clean.csv,28061807150_F1,28061807150_F1,562.0,Escherichia
Escherichia coli,28061807170_F2,S,S,S,S,S,S,S,S,S,S,S,S,,,,,,,,,,,,,,,,,,,,,,,,,,,,,,,,,,,,,,,,,,,,,../data/driams/downloads/DRIAMS-C/id/2018/2018_clean.csv,28061807170_F2,28061807170_F2,562.0,Escherichia
Escherichia coli,28061807180_F3,S,S,S,S,S,S,S,S,S,S,S,S,,,,,,,,,,,,,,,,,,,,,,,,,,,,,,,,,,,,,,,,,,,,,../data/driams/downloads/DRIAMS-C/id/2018/2018_clean.csv,28061807180_F3,28061807180_F3,562.0,Escherichia
Escherichia coli,28061807200_F4,R,R,S,R,R,R,R,S,S,R,S,S,,,,,,,,,,,S,,,S,R,S,,,,,,,,,,,,,,,,,,,,,,,,,,,,,../data/driams/downloads/DRIAMS-C/id/2018/2018_clean.csv,28061807200_F4,28061807200_F4,562.0,Escherichia
Proteus mirabilis,28061807200_F10,S,R,S,S,S,S,S,R,R,S,R,R,,,,,,,,,,,S,,,S,S,S,,,,,,,,,,,,,,,,,,,,,,,,,,,,,../data/driams/downloads/DRIAMS-C/id/2018/2018_clean.csv,28061807200_F10,28061807200_F10,584.0,Proteus
Escherichia coli,28061807210_F5,S,S,S,S,S,S,S,S,S,S,S,S,,,,,,,,,,,,,,,,,,,,,,,,,,,,,,,,,,,,,,,,,,,,,../data/driams/downloads/DRIAMS-C/id/2018/2018_clean.csv,28061807210_F5,28061807210_F5,562.0,Escherichia
Escherichia coli,28061807220_F6,S,S,S,S,S,S,S,S,S,S,S,S,,,,,,,,,,,,,,,,,,,,,,,,,,,,,,,,,,,,,,,,,,,,,../data/driams/downloads/DRIAMS-C/id/2018/2018_clean.csv,28061807220_F6,28061807220_F6,562.0,Escherichia
Serratia marcescens,28061808530_F4,R,R,S,S,S,S,R,,,,R,S,,,,,,,,,,,S,,,S,S,S,,,,,,,,,,,,,,,,,,,,,,,,,,,,,../data/driams/downloads/DRIAMS-C/id/2018/2018_clean.csv,28061808530_F4,28061808530_F4,615.0,Serratia
Enterococcus faecalis,28061809490_G7,S,S,,,R,,,,,,,,R,S,,,R,,,S,S,R,S,,,,,,,,,,,,,,,,,,,,,,,,,,,,,,,,,,../data/driams/downloads/DRIAMS-C/id/2018/2018_clean.csv,28061809490_G7,28061809490_G7,1351.0,Enterococcus
Escherichia coli,28061809490_G8,R,R,R,R,R,R,R,,,,S,R,,,,,,,,,,,S,,,S,R,S,,,,,,,,,,,,,,,,,,,,,,,,,,,,,../data/driams/downloads/DRIAMS-C/id/2018/2018_clean.csv,28061809490_G8,28061809490_G8,562.0,Escherichia
Escherichia coli,28061809490_C8,R,R,R,R,R,R,R,,,,S,R,,,,,,,,,,,S,,,S,R,S,,,,,,,,,,,,,,,,,,,,,,,,,,,,,../data/driams/downloads/DRIAMS-C/id/2018/2018_clean.csv,28061809490_C8,28061809490_C8,562.0,Escherichia
Haemophilus influenzae,28061809580_G10,S,S,,S,,S,S,,,,,,I,,,,,S,,,,,,,,,,,,,,,,,,,,,,,,,,,,,,,,,,,,,,,../data/driams/downloads/DRIAMS-C/id/2018/2018_clean.csv,28061809580_G10,28061809580_G10,727.0,Haemophilus
Staphylococcus aureus,28061813120_E1,S,R,,S,S,,,,,,,S,S,S,S,S,S,R,S,S,,,,,,,,,,,,,,,,,,,,,,,,,,,,,,,,,,,,,../data/driams/downloads/DRIAMS-C/id/2018/2018_clean.csv,28061813120_E1,28061813120_E1,1280.0,Staphylococcus
Enterobacter cloacae,28061813120_E3,R,R,R,S,S,R,R,,,,S,S,,,,,,,,,,,R,,,S,S,S,,,,,,,,,,,,,,,,,,,,,,,,,,,,,../data/driams/downloads/DRIAMS-C/id/2018/2018_clean.csv,28061813120_E3,28061813120_E3,550.0,Enterobacter
Enterobacter cloacae,28061813120_E7,R,R,R,S,S,R,R,,,,S,S,,,,,,,,,,,R,,,S,S,S,,,,,,,,,,,,,,,,,,,,,,,,,,,,,../data/driams/downloads/DRIAMS-C/id/2018/2018_clean.csv,28061813120_E7,28061813120_E7,550.0,Enterobacter
Staphylococcus aureus,28061813500_F10,S,R,,S,S,,,,,,,S,S,S,S,S,S,R,S,S,,,,,,,,,,,,,,,,,,,,,,,,,,,,,,,,,,,,,../data/driams/downloads/DRIAMS-C/id/2018/2018_clean.csv,28061813500_F10,28061813500_F10,1280.0,Staphylococcus
Staphylococcus aureus,28061813500_F7,S,R,,S,S,,,,,,,S,S,S,S,S,S,R,S,S,,,,,,,,,,,,,,,,,,,,,,,,,,,,,,,,,,,,,../data/driams/downloads/DRIAMS-C/id/2018/2018_clean.csv,28061813500_F7,28061813500_F7,1280.0,Staphylococcus
Staphylococcus aureus,28061813500_F8,S,R,,S,S,,,,,,,S,S,S,S,S,S,R,S,S,,,,,,,,,,,,,,,,,,,,,,,,,,,,,,,,,,,,,../data/driams/downloads/DRIAMS-C/id/2018/2018_clean.csv,28061813500_F8,28061813500_F8,1280.0,Staphylococcus
Staphylococcus aureus,28061813500_F9,S,R,,S,S,,,,,,,S,S,S,S,S,S,R,S,S,,,,,,,,,,,,,,,,,,,,,,,,,,,,,,,,,,,,,../data/driams/downloads/DRIAMS-C/id/2018/2018_clean.csv,28061813500_F9,28061813500_F9,1280.0,Staphylococcus
Escherichia coli,28061903400_H1,S,S,S,S,S,S,S,,,,S,S,,,,,,,,,,,S,,,S,S,S,,,,,,,,,,,,,,,,,,,,,,,,,,,,,../data/driams/downloads/DRIAMS-C/id/2018/2018_clean.csv,28061903400_H1,28061903400_H1,562.0,Escherichia
,28061905020_C8,S,S,,,S,,,,,,,S,S,S,S,,S,S,,S,,,,,S,,,,,,,,,,,,,,,,,,,,,,,,,,,,,,,,../data/driams/downloads/DRIAMS-C/id/2018/2018_clean.csv,28061905020_C8,28061905020_C8,,
Escherichia coli,28061905120_F1,S,R,S,S,R,S,S,,,,S,R,,,,,,,,,,,S,,,S,S,S,,,,,,,,,,,,,,,,,,,,,,,,,,,,,../data/driams/downloads/DRIAMS-C/id/2018/2018_clean.csv,28061905120_F1,28061905120_F1,562.0,Escherichia
Staphylococcus aureus,28061905950_D1,S,R,,S,S,,,,,,,S,S,S,S,S,S,R,S,S,,,,,,,,,,,,,,,,,,,,,,,,,,,,,,,,,,,,,../data/driams/downloads/DRIAMS-C/id/2018/2018_clean.csv,28061905950_D1,28061905950_D1,1280.0,Staphylococcus
Providencia rettgeri,28061906880_A2,R,R,S,S,S,S,S,R,S,S,R,S,,,,,,,,,,,,,,,,,,,,,,,,,,,,,,,,,,,,,,,,,,,,,../data/driams/downloads/DRIAMS-C/id/2018/2018_clean.csv,28061906880_A2,28061906880_A2,587.0,Providencia
Providencia rettgeri,28061906880_A5,R,R,S,S,S,S,S,R,S,S,R,S,,,,,,,,,,,,,,,,,,,,,,,,,,,,,,,,,,,,,,,,,,,,,../data/driams/downloads/DRIAMS-C/id/2018/2018_clean.csv,28061906880_A5,28061906880_A5,587.0,Providencia
Streptococcus dysgalactiae,28061907350_H3,S,S,,,R,,,,,,,S,R,S,S,,S,S,,S,,,,,S,,,,,,,,,,,,,,,,,,,,,,,,,,,,,,,,../data/driams/downloads/DRIAMS-C/id/2018/2018_clean.csv,28061907350_H3,28061907350_H3,1334.0,Streptococcus
Streptococcus dysgalactiae,28061907350_H4,S,S,,,R,,,,,,,S,R,S,S,,S,S,,S,,,,,S,,,,,,,,,,,,,,,,,,,,,,,,,,,,,,,,../data/driams/downloads/DRIAMS-C/id/2018/2018_clean.csv,28061907350_H4,28061907350_H4,1334.0,Streptococcus
Enterobacter cloacae,28061907380_A4,R,R,S,S,S,S,S,,,,S,S,,,,,,,,,,,S,,,S,S,S,,,,,,,,,,,,,,,,,,,,,,,,,,,,,../data/driams/downloads/DRIAMS-C/id/2018/2018_clean.csv,28061907380_A4,28061907380_A4,550.0,Enterobacter
Escherichia coli,28061907380_A5,S,R,S,R,S,S,S,,,,S,S,,,,,,,,,,,S,,,S,S,S,,,,,,,,,,,,,,,,,,,,,,,,,,,,,../data/driams/downloads/DRIAMS-C/id/2018/2018_clean.csv,28061907380_A5,28061907380_A5,562.0,Escherichia
Pseudomonas aeruginosa,28061907530_D5,R,R,S,R,R,R,R,,,,S,R,,,,,,,,,,,S,,,R,S,R,,,,,,,,,,,,,,,,,,,,,,,,,,,,,../data/driams/downloads/DRIAMS-C/id/2018/2018_clean.csv,28061907530_D5,28061907530_D5,287.0,Pseudomonas
Pseudomonas aeruginosa,28061907530_D6,R,R,S,R,R,R,R,,,,S,R,,,,,,,,,,,S,,,R,S,R,,,,,,,,,,,,,,,,,,,,,,,,,,,,,../data/driams/downloads/DRIAMS-C/id/2018/2018_clean.csv,28061907530_D6,28061907530_D6,287.0,Pseudomonas
Pseudomonas aeruginosa,28061907530_A3,R,R,S,R,R,R,R,,,,S,R,,,,,,,,,,,S,,,R,S,R,,,,,,,,,,,,,,,,,,,,,,,,,,,,,../data/driams/downloads/DRIAMS-C/id/2018/2018_clean.csv,28061907530_A3,28061907530_A3,287.0,Pseudomonas
Pseudomonas aeruginosa,28061907530_A4,R,R,S,R,R,R,R,,,,S,R,,,,,,,,,,,S,,,R,S,R,,,,,,,,,,,,,,,,,,,,,,,,,,,,,../data/driams/downloads/DRIAMS-C/id/2018/2018_clean.csv,28061907530_A4,28061907530_A4,287.0,Pseudomonas
Serratia marcescens,28061907770_A12,R,R,,S,S,,R,,,,R,S,,,,,,,,,,,R,,,S,,S,,,,,,,,,,,,,,,,,,,,,,,,,,,,,../data/driams/downloads/DRIAMS-C/id/2018/2018_clean.csv,28061907770_A12,28061907770_A12,615.0,Serratia
Serratia marcescens,28061907770_C12,R,R,,S,S,,R,,,,R,S,,,,,,,,,,,R,,,S,,S,,,,,,,,,,,,,,,,,,,,,,,,,,,,,../data/driams/downloads/DRIAMS-C/id/2018/2018_clean.csv,28061907770_C12,28061907770_C12,615.0,Serratia
Klebsiella oxytoca,28061907870_G4,S,R,S,S,S,S,S,S,R,S,S,S,,,,,,,,,,,,,,,,,,,,,,,,,,,,,,,,,,,,,,,,,,,,,../data/driams/downloads/DRIAMS-C/id/2018/2018_clean.csv,28061907870_G4,28061907870_G4,571.0,Klebsiella
Escherichia coli,28061908540_G12,R,R,R,R,R,R,R,S,S,R,S,R,,,,,,,,,,,S,,,S,R,S,,,,,,,,,,,,,,,,,,,,,,,,,,,,,../data/driams/downloads/DRIAMS-C/id/2018/2018_clean.csv,28061908540_G12,28061908540_G12,562.0,Escherichia
Enterococcus faecalis,28061908650_G6,S,S,,,,,,S,,,,I,,,,,R,,,,,R,S,,,,,,,,,,,,,,,,,,,,,,,,,,,,,,,,,,../data/driams/downloads/DRIAMS-C/id/2018/2018_clean.csv,28061908650_G6,28061908650_G6,1351.0,Enterococcus
Escherichia coli,28061908650_G7,S,S,S,S,S,S,S,S,S,S,S,S,,,,,,,,,,,,,,,,,,,,,,,,,,,,,,,,,,,,,,,,,,,,,../data/driams/downloads/DRIAMS-C/id/2018/2018_clean.csv,28061908650_G7,28061908650_G7,562.0,Escherichia
Escherichia coli,28061908650_G8,S,S,S,S,S,S,S,S,S,S,S,S,,,,,,,,,,,,,,,,,,,,,,,,,,,,,,,,,,,,,,,,,,,,,../data/driams/downloads/DRIAMS-C/id/2018/2018_clean.csv,28061908650_G8,28061908650_G8,562.0,Escherichia
Pseudomonas aeruginosa,28061908910_F8,R,R,S,S,S,R,R,,,,S,R,,,,,,,,,,,S,,,S,S,S,,,,,,,,,,,,,,,,,,,,,,,,,,,,,../data/driams/downloads/DRIAMS-C/id/2018/2018_clean.csv,28061908910_F8,28061908910_F8,287.0,Pseudomonas
Pseudomonas aeruginosa,28061908910_F9,R,R,S,S,S,R,R,,,,S,R,,,,,,,,,,,S,,,S,S,S,,,,,,,,,,,,,,,,,,,,,,,,,,,,,../data/driams/downloads/DRIAMS-C/id/2018/2018_clean.csv,28061908910_F9,28061908910_F9,287.0,Pseudomonas
Staphylococcus aureus,28061908930_D6,S,R,,S,S,,,,,,,S,R,R,S,S,S,R,S,S,,,,,,,,,,,,,,,,,,,,,,,,,,,,,,,,,,,,,../data/driams/downloads/DRIAMS-C/id/2018/2018_clean.csv,28061908930_D6,28061908930_D6,1280.0,Staphylococcus
Staphylococcus aureus,28061908930_D7,S,R,,S,S,,,,,,,S,R,R,S,S,S,R,S,S,,,,,,,,,,,,,,,,,,,,,,,,,,,,,,,,,,,,,../data/driams/downloads/DRIAMS-C/id/2018/2018_clean.csv,28061908930_D7,28061908930_D7,1280.0,Staphylococcus
Klebsiella oxytoca,28061910100_B4,S,R,S,S,S,S,S,,,,S,S,,,,,,,,,,,S,,,S,S,S,,,,,,,,,,,,,,,,,,,,,,,,,,,,,../data/driams/downloads/DRIAMS-C/id/2018/2018_clean.csv,28061910100_B4,28061910100_B4,571.0,Klebsiella
Serratia marcescens,28061910100_C11,R,R,S,S,S,S,R,,,,R,S,,,,,,,,,,,S,,,S,S,S,,,,,,,,,,,,,,,,,,,,,,,,,,,,,../data/driams/downloads/DRIAMS-C/id/2018/2018_clean.csv,28061910100_C11,28061910100_C11,615.0,Serratia
Serratia marcescens,28061910100_D1,R,R,S,S,S,S,R,,,,R,S,,,,,,,,,,,S,,,S,S,S,,,,,,,,,,,,,,,,,,,,,,,,,,,,,../data/driams/downloads/DRIAMS-C/id/2018/2018_clean.csv,28061910100_D1,28061910100_D1,615.0,Serratia
Staphylococcus aureus,28061910530_B5,R,R,,R,S,,,,,,,S,R,R,S,S,R,R,S,S,,S,,,,,,,,,,,,,,,,,,,,,,,,,,,,,,,,,,,../data/driams/downloads/DRIAMS-C/id/2018/2018_clean.csv,28061910530_B5,28061910530_B5,1280.0,Staphylococcus
Klebsiella aerogenes,28061911370_G10,R,R,S,S,S,S,S,S,R,S,S,S,,,,,,,,,,,,,,,,,,,,,,,,,,,,,,,,,,,,,,,,,,,,,../data/driams/downloads/DRIAMS-C/id/2018/2018_clean.csv,28061911370_G10,28061911370_G10,548.0,
Klebsiella pneumoniae,28061913140_G11,S,R,S,S,S,S,S,S,R,S,S,S,,,,,,,,,,,,,,,,,,,,,,,,,,,,,,,,,,,,,,,,,,,,,../data/driams/downloads/DRIAMS-C/id/2018/2018_clean.csv,28061913140_G11,28061913140_G11,573.0,Klebsiella
Enterococcus faecalis,28061913140_A7,S,S,,,,,,S,,,,I,,,,,R,,,,,R,S,,,,,,,,,,,,,,,,,,,,,,,,,,,,,,,,,,../data/driams/downloads/DRIAMS-C/id/2018/2018_clean.csv,28061913140_A7,28061913140_A7,1351.0,Enterococcus
Enterobacter cloacae,28062004730_E6,R,R,S,S,S,S,S,,,,S,S,,,,,,,,,,,S,,,S,S,S,,,,,,,,,,,,,,,,,,,,,,,,,,,,,../data/driams/downloads/DRIAMS-C/id/2018/2018_clean.csv,28062004730_E6,28062004730_E6,550.0,Enterobacter
Pseudomonas aeruginosa,28062004730_E7,R,R,S,S,S,R,R,,,,S,R,,,,,,,,,,,S,,,S,S,S,,,,,,,,,,,,,,,,,,,,,,,,,,,,,../data/driams/downloads/DRIAMS-C/id/2018/2018_clean.csv,28062004730_E7,28062004730_E7,287.0,Pseudomonas
Pseudomonas aeruginosa,28062004730_E9,R,R,S,S,S,R,R,,,,S,R,,,,,,,,,,,S,,,S,S,S,,,,,,,,,,,,,,,,,,,,,,,,,,,,,../data/driams/downloads/DRIAMS-C/id/2018/2018_clean.csv,28062004730_E9,28062004730_E9,287.0,Pseudomonas
Enterobacter cloacae,28062004730_A2,R,R,S,S,S,S,S,,,,S,S,,,,,,,,,,,S,,,S,S,S,,,,,,,,,,,,,,,,,,,,,,,,,,,,,../data/driams/downloads/DRIAMS-C/id/2018/2018_clean.csv,28062004730_A2,28062004730_A2,550.0,Enterobacter
Staphylococcus aureus,28062005480_E12,S,S,,S,S,,,,,,,S,S,S,S,S,S,S,S,S,,,,,,,,,,,,,,,,,,,,,,,,,,,,,,,,,,,,,../data/driams/downloads/DRIAMS-C/id/2018/2018_clean.csv,28062005480_E12,28062005480_E12,1280.0,Staphylococcus
Staphylococcus aureus,28062005480_F1,S,S,,S,S,,,,,,,S,S,S,S,S,S,S,S,S,,,,,,,,,,,,,,,,,,,,,,,,,,,,,,,,,,,,,../data/driams/downloads/DRIAMS-C/id/2018/2018_clean.csv,28062005480_F1,28062005480_F1,1280.0,Staphylococcus
Escherichia coli,28062006590_C2,S,R,S,S,S,S,S,S,S,S,S,R,,,,,,,,,,,,,,,,,,,,,,,,,,,,,,,,,,,,,,,,,,,,,../data/driams/downloads/DRIAMS-C/id/2018/2018_clean.csv,28062006590_C2,28062006590_C2,562.0,Escherichia
Staphylococcus epidermidis,28062007010_F3,R,R,,R,R,,,,,,,R,R,R,S,R,R,R,S,S,,,,,,,,,,,,,,,,,,,,,,,,,,,,,,,,,,,,,../data/driams/downloads/DRIAMS-C/id/2018/2018_clean.csv,28062007010_F3,28062007010_F3,1282.0,Staphylococcus
Staphylococcus epidermidis,28062007010_F8,R,R,,R,R,,,,,,,R,R,R,S,R,R,R,S,S,,,,,,,,,,,,,,,,,,,,,,,,,,,,,,,,,,,,,../data/driams/downloads/DRIAMS-C/id/2018/2018_clean.csv,28062007010_F8,28062007010_F8,1282.0,Staphylococcus
Enterococcus faecalis,28062008540_A9,S,S,,,,,,S,,,,I,,,,,R,,,,,R,S,,,,,,,,,,,,,,,,,,,,,,,,,,,,,,,,,,../data/driams/downloads/DRIAMS-C/id/2018/2018_clean.csv,28062008540_A9,28062008540_A9,1351.0,Enterococcus
Staphylococcus aureus,28062008630_F2,S,R,,S,S,,,,,,,S,S,S,S,S,S,R,S,S,,,,,,,,,,,,,,,,,,,,,,,,,,,,,,,,,,,,,../data/driams/downloads/DRIAMS-C/id/2018/2018_clean.csv,28062008630_F2,28062008630_F2,1280.0,Staphylococcus
Staphylococcus aureus,28062008630_C8,S,R,,S,S,,,,,,,S,S,S,S,S,S,R,S,S,,,,,,,,,,,,,,,,,,,,,,,,,,,,,,,,,,,,,../data/driams/downloads/DRIAMS-C/id/2018/2018_clean.csv,28062008630_C8,28062008630_C8,1280.0,Staphylococcus
Klebsiella pneumoniae,28062009640_A10,S,R,S,S,S,S,S,S,R,S,S,S,,,,,,,,,,,,,,,,,,,,,,,,,,,,,,,,,,,,,,,,,,,,,../data/driams/downloads/DRIAMS-C/id/2018/2018_clean.csv,28062009640_A10,28062009640_A10,573.0,Klebsiella
Enterococcus faecalis,28062009820_A12,S,S,,,,,,S,,,,I,,,,,R,,,,,R,S,,,,,,,,,,,,,,,,,,,,,,,,,,,,,,,,,,../data/driams/downloads/DRIAMS-C/id/2018/2018_clean.csv,28062009820_A12,28062009820_A12,1351.0,Enterococcus
Klebsiella pneumoniae,28062009840_B1,S,R,S,S,S,S,S,S,R,S,S,S,,,,,,,,,,,,,,,,,,,,,,,,,,,,,,,,,,,,,,,,,,,,,../data/driams/downloads/DRIAMS-C/id/2018/2018_clean.csv,28062009840_B1,28062009840_B1,573.0,Klebsiella
Proteus vulgaris,28062009930_B2,S,R,S,S,S,S,R,R,S,S,R,S,,,,,,,,,,,,,,,,,,,,,,,,,,,,,,,,,,,,,,,,,,,,,../data/driams/downloads/DRIAMS-C/id/2018/2018_clean.csv,28062009930_B2,28062009930_B2,585.0,Proteus
Proteus vulgaris,28062009930_B3,S,R,S,S,S,S,R,R,S,S,R,S,,,,,,,,,,,,,,,,,,,,,,,,,,,,,,,,,,,,,,,,,,,,,../data/driams/downloads/DRIAMS-C/id/2018/2018_clean.csv,28062009930_B3,28062009930_B3,585.0,Proteus
Proteus vulgaris,28062009930_B4,S,R,S,S,S,S,R,R,S,S,R,S,,,,,,,,,,,,,,,,,,,,,,,,,,,,,,,,,,,,,,,,,,,,,../data/driams/downloads/DRIAMS-C/id/2018/2018_clean.csv,28062009930_B4,28062009930_B4,585.0,Proteus
Cronobacter sakazakii,28062010900_B5,R,R,S,S,S,S,S,S,R,S,S,S,,,,,,,,,,,,,,,,,,,,,,,,,,,,,,,,,,,,,,,,,,,,,../data/driams/downloads/DRIAMS-C/id/2018/2018_clean.csv,28062010900_B5,28062010900_B5,28141.0,Cronobacter
Enterococcus faecalis,28062010900_B6,S,S,,,,,,S,,,,I,,,,,R,,,,,R,S,,,,,,,,,,,,,,,,,,,,,,,,,,,,,,,,,,../data/driams/downloads/DRIAMS-C/id/2018/2018_clean.csv,28062010900_B6,28062010900_B6,1351.0,Enterococcus
Escherichia coli,28062010900_B7,S,S,S,S,S,S,S,S,S,S,S,S,,,,,,,,,,,,,,,,,,,,,,,,,,,,,,,,,,,,,,,,,,,,,../data/driams/downloads/DRIAMS-C/id/2018/2018_clean.csv,28062010900_B7,28062010900_B7,562.0,Escherichia
Cronobacter sakazakii,28062010900_C3,R,R,S,S,S,S,S,S,R,S,S,S,,,,,,,,,,,,,,,,,,,,,,,,,,,,,,,,,,,,,,,,,,,,,../data/driams/downloads/DRIAMS-C/id/2018/2018_clean.csv,28062010900_C3,28062010900_C3,28141.0,Cronobacter
Escherichia coli,28062010900_C4,S,S,S,S,S,S,S,S,S,S,S,S,,,,,,,,,,,,,,,,,,,,,,,,,,,,,,,,,,,,,,,,,,,,,../data/driams/downloads/DRIAMS-C/id/2018/2018_clean.csv,28062010900_C4,28062010900_C4,562.0,Escherichia
Enterococcus faecalis,28062011040_A8,S,S,,,R,,,,,,,,,R,,,R,,,S,S,R,S,,,,,,,,,,,,,,,,,,,,,,,,,,,,,,,,,,../data/driams/downloads/DRIAMS-C/id/2018/2018_clean.csv,28062011040_A8,28062011040_A8,1351.0,Enterococcus
Enterococcus faecium,28062012250_C5,R,R,,,R,,,,,,,,,R,,,R,,,S,S,S,R,,,,,,,,,,,,,,,,,,,,,,,,,,,,,,,,,,../data/driams/downloads/DRIAMS-C/id/2018/2018_clean.csv,28062012250_C5,28062012250_C5,1352.0,Enterococcus
Enterococcus faecium,28062012250_E11,R,R,,,R,,,,,,,,,R,,,R,,,S,S,S,R,,,,,,,,,,,,,,,,,,,,,,,,,,,,,,,,,,../data/driams/downloads/DRIAMS-C/id/2018/2018_clean.csv,28062012250_E11,28062012250_E11,1352.0,Enterococcus
Aerococcus urinae,28062012270_E12,S,S,,S,,,,S,,,,,,,,,,,,,,,,,,,,,,,,,,,,,,,,,,,,,,,,,,,,,,,,,../data/driams/downloads/DRIAMS-C/id/2018/2018_clean.csv,28062012270_E12,28062012270_E12,1376.0,Aerococcus
Escherichia coli,28062012330_C1,S,S,S,S,S,S,S,S,S,S,S,R,,,,,,,,,,,,,,,,,,,,,,,,,,,,,,,,,,,,,,,,,,,,,../data/driams/downloads/DRIAMS-C/id/2018/2018_clean.csv,28062012330_C1,28062012330_C1,562.0,Escherichia
Escherichia coli,28062012330_C8,S,S,S,S,S,S,S,S,S,S,S,R,,,,,,,,,,,,,,,,,,,,,,,,,,,,,,,,,,,,,,,,,,,,,../data/driams/downloads/DRIAMS-C/id/2018/2018_clean.csv,28062012330_C8,28062012330_C8,562.0,Escherichia
Staphylococcus aureus,28062013170_H8,S,S,,S,S,,,,,,,S,S,S,S,S,S,S,S,S,,,,,,,,,,,,,,,,,,,,,,,,,,,,,,,,,,,,,../data/driams/downloads/DRIAMS-C/id/2018/2018_clean.csv,28062013170_H8,28062013170_H8,1280.0,Staphylococcus
Klebsiella pneumoniae,28062013880_B10,S,R,S,S,S,S,S,S,R,S,S,S,,,,,,,,,,,,,,,,,,,,,,,,,,,,,,,,,,,,,,,,,,,,,../data/driams/downloads/DRIAMS-C/id/2018/2018_clean.csv,28062013880_B10,28062013880_B10,573.0,Klebsiella
Staphylococcus aureus,28062104080_E3,S,S,,S,S,,,,,,,S,S,S,S,S,S,S,S,S,,,,,,,,,,,,,,,,,,,,,,,,,,,,,,,,,,,,,../data/driams/downloads/DRIAMS-C/id/2018/2018_clean.csv,28062104080_E3,28062104080_E3,1280.0,Staphylococcus
Staphylococcus aureus,28062104080_E4,S,S,,S,S,,,,,,,S,S,S,S,S,S,S,S,S,,,,,,,,,,,,,,,,,,,,,,,,,,,,,,,,,,,,,../data/driams/downloads/DRIAMS-C/id/2018/2018_clean.csv,28062104080_E4,28062104080_E4,1280.0,Staphylococcus
Staphylococcus aureus,28062104080_F7,S,S,,S,S,,,,,,,S,S,S,S,S,S,S,S,S,,,,,,,,,,,,,,,,,,,,,,,,,,,,,,,,,,,,,../data/driams/downloads/DRIAMS-C/id/2018/2018_clean.csv,28062104080_F7,28062104080_F7,1280.0,Staphylococcus
Klebsiella pneumoniae,28062104090_C9,S,R,S,S,S,S,S,S,R,S,S,S,,,,,,,,,,,,,,,,,,,,,,,,,,,,,,,,,,,,,,,,,,,,,../data/driams/downloads/DRIAMS-C/id/2018/2018_clean.csv,28062104090_C9,28062104090_C9,573.0,Klebsiella
Staphylococcus aureus,28062104170_F8,S,S,,S,S,,,,,,,S,S,S,S,S,S,S,S,S,,,,,,,,,,,,,,,,,,,,,,,,,,,,,,,,,,,,,../data/driams/downloads/DRIAMS-C/id/2018/2018_clean.csv,28062104170_F8,28062104170_F8,1280.0,Staphylococcus
Escherichia coli,28062104410_F12,S,S,S,S,S,S,S,,,,S,S,,,,,,,,,,,S,,,S,S,S,,,,,,,,,,,,,,,,,,,,,,,,,,,,,../data/driams/downloads/DRIAMS-C/id/2018/2018_clean.csv,28062104410_F12,28062104410_F12,562.0,Escherichia
Enterococcus hirae,28062104410_G2,S,S,,,R,,,,,,,,,R,,,R,,,S,S,R,S,,,,,,,,,,,,,,,,,,,,,,,,,,,,,,,,,,../data/driams/downloads/DRIAMS-C/id/2018/2018_clean.csv,28062104410_G2,28062104410_G2,1354.0,Enterococcus
Staphylococcus lugdunensis,28062104520_G5,S,R,,S,S,,,,,,,S,R,R,S,S,S,R,S,S,,,,,,,,,,,,,,,,,,,,,,,,,,,,,,,,,,,,,../data/driams/downloads/DRIAMS-C/id/2018/2018_clean.csv,28062104520_G5,28062104520_G5,28035.0,Staphylococcus
Escherichia coli,28062104520_G6,S,S,S,S,S,S,S,,,,S,S,,,,,,,,,,,S,,,S,S,S,,,,,,,,,,,,,,,,,,,,,,,,,,,,,../data/driams/downloads/DRIAMS-C/id/2018/2018_clean.csv,28062104520_G6,28062104520_G6,562.0,Escherichia
Staphylococcus lugdunensis,28062104520_A9,S,R,,S,S,,,,,,,S,R,R,S,S,S,R,S,S,,,,,,,,,,,,,,,,,,,,,,,,,,,,,,,,,,,,,../data/driams/downloads/DRIAMS-C/id/2018/2018_clean.csv,28062104520_A9,28062104520_A9,28035.0,Staphylococcus
Enterobacter cloacae,28062108190_C10,R,R,S,S,S,S,S,S,S,S,S,S,,,,,,,,,,,S,,,S,S,S,,,,,,,,,,,,,,,,,,,,,,,,,,,,,../data/driams/downloads/DRIAMS-C/id/2018/2018_clean.csv,28062108190_C10,28062108190_C10,550.0,Enterobacter
Pseudomonas aeruginosa,28062108190_C11,R,R,S,S,S,R,R,,,,S,R,,,,,,,,,,,S,,,S,S,S,,,,,,,,,,,,,,,,,,,,,,,,,,,,,../data/driams/downloads/DRIAMS-C/id/2018/2018_clean.csv,28062108190_C11,28062108190_C11,287.0,Pseudomonas
Enterococcus faecalis,28062108230_D2,S,S,,,,,,S,,,,R,,,,,R,,,,,R,S,,,,,,,,,,,,,,,,,,,,,,,,,,,,,,,,,,../data/driams/downloads/DRIAMS-C/id/2018/2018_clean.csv,28062108230_D2,28062108230_D2,1351.0,Enterococcus
Enterococcus faecalis,28062108290_D4,S,S,,,,,,S,,,,I,,,,,R,,,,,R,S,,,,,,,,,,,,,,,,,,,,,,,,,,,,,,,,,,../data/driams/downloads/DRIAMS-C/id/2018/2018_clean.csv,28062108290_D4,28062108290_D4,1351.0,Enterococcus
Citrobacter koseri,28062108310_B12,S,R,S,S,S,S,S,,,,S,S,,,,,,,,,,,S,,,S,S,S,,,,,,,,,,,,,,,,,,,,,,,,,,,,,../data/driams/downloads/DRIAMS-C/id/2018/2018_clean.csv,28062108310_B12,28062108310_B12,545.0,Citrobacter
Klebsiella aerogenes,28062108310_D3,R,R,S,S,S,S,S,,,,S,S,,,,,,,,,,,S,,,S,S,S,,,,,,,,,,,,,,,,,,,,,,,,,,,,,../data/driams/downloads/DRIAMS-C/id/2018/2018_clean.csv,28062108310_D3,28062108310_D3,548.0,
Staphylococcus aureus,28062108750_G7,S,R,,S,S,,,,,,,S,S,S,R,S,S,R,S,S,,,,,,,,,,,,,,,,,,,,,,,,,,,,,,,,,,,,,../data/driams/downloads/DRIAMS-C/id/2018/2018_clean.csv,28062108750_G7,28062108750_G7,1280.0,Staphylococcus
Aerococcus urinae,28062109630_D8,S,S,,S,,,,S,,,,,,,,,,,,,,,,,,,,,,,,,,,,,,,,,,,,,,,,,,,,,,,,,../data/driams/downloads/DRIAMS-C/id/2018/2018_clean.csv,28062109630_D8,28062109630_D8,1376.0,Aerococcus
Klebsiella pneumoniae,28062109680_D10,R,R,R,S,S,R,R,S,R,S,S,R,,,,,,,,,,,S,,,S,R,S,,,,,,,,,,,,,,,,,,,,,,,,,,,,,../data/driams/downloads/DRIAMS-C/id/2018/2018_clean.csv,28062109680_D10,28062109680_D10,573.0,Klebsiella
Escherichia coli,28062109980_D5,S,S,S,S,S,S,S,,,,S,S,,,,,,,,,,,S,,,S,S,S,,,,,,,,,,,,,,,,,,,,,,,,,,,,,../data/driams/downloads/DRIAMS-C/id/2018/2018_clean.csv,28062109980_D5,28062109980_D5,562.0,Escherichia
Pantoea agglomerans,28062110550_C8,S,S,S,S,S,S,S,,,,S,S,,,,,,,,,,,S,,,S,S,S,,,,,,,,,,,,,,,,,,,,,,,,,,,,,../data/driams/downloads/DRIAMS-C/id/2018/2018_clean.csv,28062110550_C8,28062110550_C8,549.0,Pantoea
Pantoea agglomerans,28062110550_D7,S,S,S,S,S,S,S,,,,S,S,,,,,,,,,,,S,,,S,S,S,,,,,,,,,,,,,,,,,,,,,,,,,,,,,../data/driams/downloads/DRIAMS-C/id/2018/2018_clean.csv,28062110550_D7,28062110550_D7,549.0,Pantoea
Pantoea agglomerans,28062110550_D8,S,S,S,S,S,S,S,,,,S,S,,,,,,,,,,,S,,,S,S,S,,,,,,,,,,,,,,,,,,,,,,,,,,,,,../data/driams/downloads/DRIAMS-C/id/2018/2018_clean.csv,28062110550_D8,28062110550_D8,549.0,Pantoea
Pantoea agglomerans,28062110550_D9,S,S,S,S,S,S,S,,,,S,S,,,,,,,,,,,S,,,S,S,S,,,,,,,,,,,,,,,,,,,,,,,,,,,,,../data/driams/downloads/DRIAMS-C/id/2018/2018_clean.csv,28062110550_D9,28062110550_D9,549.0,Pantoea
Proteus mirabilis,28062112290_G8,S,S,S,S,S,S,S,,,,R,S,,,,,,,,,,,S,,,S,S,S,,,,,,,,,,,,,,,,,,,,,,,,,,,,,../data/driams/downloads/DRIAMS-C/id/2018/2018_clean.csv,28062112290_G8,28062112290_G8,584.0,Proteus
Citrobacter braakii,28062112780_E6,R,R,S,S,S,S,S,S,S,S,S,S,,,,,,,,,,,,,,,,,,,,,,,,,,,,,,,,,,,,,,,,,,,,,../data/driams/downloads/DRIAMS-C/id/2018/2018_clean.csv,28062112780_E6,28062112780_E6,57706.0,Citrobacter
Klebsiella pneumoniae,28062112780_E7,S,R,S,S,S,S,S,S,R,S,S,S,,,,,,,,,,,,,,,,,,,,,,,,,,,,,,,,,,,,,,,,,,,,,../data/driams/downloads/DRIAMS-C/id/2018/2018_clean.csv,28062112780_E7,28062112780_E7,573.0,Klebsiella
Pseudomonas aeruginosa,28062112790_F2,R,R,S,S,S,R,R,,,,S,R,,,,,,,,,,,S,,,S,S,S,,,,,,,,,,,,,,,,,,,,,,,,,,,,,../data/driams/downloads/DRIAMS-C/id/2018/2018_clean.csv,28062112790_F2,28062112790_F2,287.0,Pseudomonas
Enterococcus faecalis,28062112790_F3,S,S,,,,,,S,,,,I,,,,,R,,,,,R,S,,,,,,,,,,,,,,,,,,,,,,,,,,,,,,,,,,../data/driams/downloads/DRIAMS-C/id/2018/2018_clean.csv,28062112790_F3,28062112790_F3,1351.0,Enterococcus
Klebsiella pneumoniae,28062112980_E8,S,R,S,S,S,S,S,S,R,S,S,S,,,,,,,,,,,,,,,,,,,,,,,,,,,,,,,,,,,,,,,,,,,,,../data/driams/downloads/DRIAMS-C/id/2018/2018_clean.csv,28062112980_E8,28062112980_E8,573.0,Klebsiella
Escherichia coli,28062202660_F2,S,S,S,S,S,S,S,,,,S,S,,,,,,,,,,,S,,,S,S,S,,,,,,,,,,,,,,,,,,,,,,,,,,,,,../data/driams/downloads/DRIAMS-C/id/2018/2018_clean.csv,28062202660_F2,28062202660_F2,562.0,Escherichia
Pseudomonas aeruginosa,28062205000_B3,R,R,S,S,S,R,R,,,,S,R,,,,,,,,,,,S,,,S,S,S,,,,,,,,,,,,,,,,,,,,,,,,,,,,,../data/driams/downloads/DRIAMS-C/id/2018/2018_clean.csv,28062205000_B3,28062205000_B3,287.0,Pseudomonas
Prevotella bivia,28062205030_F1,S,R,,,,,,,,,,,R,R,,,,R,,,,,,S,,,,,,,,,,,,,,,,,,,,,,,,,,,,,,,,,../data/driams/downloads/DRIAMS-C/id/2018/2018_clean.csv,28062205030_F1,28062205030_F1,28125.0,Prevotella
Staphylococcus aureus,28062206120_F4,S,S,,S,S,,,S,,S,,S,,,,,S,S,,,,,,,,,,,,,,,S,,,,,,,,,,,,,,,,,,,,,,,,../data/driams/downloads/DRIAMS-C/id/2018/2018_clean.csv,28062206120_F4,28062206120_F4,1280.0,Staphylococcus
Enterococcus faecalis,28062206120_F5,S,S,,,,,,S,,,,I,,,,,R,,,,,R,S,,,,,,,,,,,,,,,,,,,,,,,,,,,,,,,,,,../data/driams/downloads/DRIAMS-C/id/2018/2018_clean.csv,28062206120_F5,28062206120_F5,1351.0,Enterococcus
Campylobacter jejuni,28062207490_G1,,,,R,,,,,,,,,S,,,,,,,,,,,,,,,,S,S,R,R,,,,,,,,,,,,,,,,,,,,,,,,,../data/driams/downloads/DRIAMS-C/id/2018/2018_clean.csv,28062207490_G1,28062207490_G1,197.0,Campylobacter
Staphylococcus saprophyticus,28062207590_F6,S,S,,S,S,,,S,,S,,S,,,,,S,R,,,,,,,,,,,,,,,R,,,,,,,,,,,,,,,,,,,,,,,,../data/driams/downloads/DRIAMS-C/id/2018/2018_clean.csv,28062207590_F6,28062207590_F6,29385.0,Staphylococcus
Aerococcus urinae,28062207950_F7,S,S,,S,,,,S,,,,,,,,,,,,,,,,,,,,,,,,,,,,,,,,,,,,,,,,,,,,,,,,,../data/driams/downloads/DRIAMS-C/id/2018/2018_clean.csv,28062207950_F7,28062207950_F7,1376.0,Aerococcus
Klebsiella pneumoniae,28062208000_F8,S,R,S,S,S,S,S,S,R,S,S,R,,,,,,,,,,,,,,,,,,,,,,,,,,,,,,,,,,,,,,,,,,,,,../data/driams/downloads/DRIAMS-C/id/2018/2018_clean.csv,28062208000_F8,28062208000_F8,573.0,Klebsiella
Klebsiella pneumoniae,28062208110_F10,S,R,S,S,S,S,S,S,R,S,S,S,,,,,,,,,,,,,,,,,,,,,,,,,,,,,,,,,,,,,,,,,,,,,../data/driams/downloads/DRIAMS-C/id/2018/2018_clean.csv,28062208110_F10,28062208110_F10,573.0,Klebsiella
Klebsiella oxytoca,28062208470_B10,S,R,S,S,S,S,S,,,,S,S,,,,,,,,,,,S,,,S,S,S,,,,,,,,,,,,,,,,,,,,,,,,,,,,,../data/driams/downloads/DRIAMS-C/id/2018/2018_clean.csv,28062208470_B10,28062208470_B10,571.0,Klebsiella
Staphylococcus aureus,28062208470_B8,S,R,,S,S,,,,,,,S,S,S,R,S,S,R,S,S,,,,,,,,,,,,,,,,,,,,,,,,,,,,,,,,,,,,,../data/driams/downloads/DRIAMS-C/id/2018/2018_clean.csv,28062208470_B8,28062208470_B8,1280.0,Staphylococcus
Staphylococcus lugdunensis,28062209700_B6,S,R,,S,S,,,,,,,S,S,S,S,S,S,R,S,S,,,,,,,,,,,,,,,,,,,,,,,,,,,,,,,,,,,,,../data/driams/downloads/DRIAMS-C/id/2018/2018_clean.csv,28062209700_B6,28062209700_B6,28035.0,Staphylococcus
Staphylococcus lugdunensis,28062209700_C2,S,R,,S,S,,,,,,,S,S,S,S,S,S,R,S,S,,,,,,,,,,,,,,,,,,,,,,,,,,,,,,,,,,,,,../data/driams/downloads/DRIAMS-C/id/2018/2018_clean.csv,28062209700_C2,28062209700_C2,28035.0,Staphylococcus
Finegoldia magna,28062209700_E9,S,S,,,,,,,,,,,S,S,,,,S,,,,,,S,,,,,,,,,,,,,,,,,,,,,,,,,,,,,,,,,../data/driams/downloads/DRIAMS-C/id/2018/2018_clean.csv,28062209700_E9,28062209700_E9,1260.0,Finegoldia
Enterococcus faecalis,28062209840_E9,S,S,,,,,,S,,,,I,,,,,R,,,,,R,S,,,,,,,,,,,,,,,,,,,,,,,,,,,,,,,,,,../data/driams/downloads/DRIAMS-C/id/2018/2018_clean.csv,28062209840_E9,28062209840_E9,1351.0,Enterococcus
Proteus mirabilis,28062211210_F12,S,S,S,S,S,S,S,R,S,S,R,S,,,,,,,,,,,,,,,,,,,,,,,,,,,,,,,,,,,,,,,,,,,,,../data/driams/downloads/DRIAMS-C/id/2018/2018_clean.csv,28062211210_F12,28062211210_F12,584.0,Proteus
Klebsiella aerogenes,28062212150_F11,R,R,S,S,S,S,S,,,,S,S,,,,,,,,,,,S,,,S,S,S,,,,,,,,,,,,,,,,,,,,,,,,,,,,,../data/driams/downloads/DRIAMS-C/id/2018/2018_clean.csv,28062212150_F11,28062212150_F11,548.0,
Candida parapsilosis,28062212810_H1,,,,,,,,,,,,,,,,,,,,,,,,,,,,,,,,,,,,,S,S,,,S,,,,,S,,,,,,,,S,,,../data/driams/downloads/DRIAMS-C/id/2018/2018_clean.csv,28062212810_H1,28062212810_H1,5480.0,Candida
Candida parapsilosis,28062212810_H2,,,,,,,,,,,,,,,,,,,,,,,,,,,,,,,,,,,,,S,S,,,S,,,,,S,,,,,,,,S,,,../data/driams/downloads/DRIAMS-C/id/2018/2018_clean.csv,28062212810_H2,28062212810_H2,5480.0,Candida
Candida parapsilosis,28062212810_H3,,,,,,,,,,,,,,,,,,,,,,,,,,,,,,,,,,,,,S,S,,,S,,,,,S,,,,,,,,S,,,../data/driams/downloads/DRIAMS-C/id/2018/2018_clean.csv,28062212810_H3,28062212810_H3,5480.0,Candida
Citrobacter koseri,28062302460_A1,S,R,S,S,S,S,S,S,S,S,S,S,,,,,,,,,,,,,,,,,,,,,,,,,,,,,,,,,,,,,,,,,,,,,../data/driams/downloads/DRIAMS-C/id/2018/2018_clean.csv,28062302460_A1,28062302460_A1,545.0,Citrobacter
Escherichia coli,28062302840_C5,S,S,S,S,S,S,S,,,,S,S,,,,,,,,,,,S,,,S,S,S,,,,,,,,,,,,,,,,,,,,,,,,,,,,,../data/driams/downloads/DRIAMS-C/id/2018/2018_clean.csv,28062302840_C5,28062302840_C5,562.0,Escherichia
Escherichia coli,28062302920_C7,S,R,S,S,S,S,S,,,,S,S,,,,,,,,,,,S,,,S,S,S,,,,,,,,,,,,,,,,,,,,,,,,,,,,,../data/driams/downloads/DRIAMS-C/id/2018/2018_clean.csv,28062302920_C7,28062302920_C7,562.0,Escherichia
Enterobacter asburiae,28062302920_C8,R,R,S,S,S,S,S,,,,S,S,,,,,,,,,,,S,,,S,S,S,,,,,,,,,,,,,,,,,,,,,,,,,,,,,../data/driams/downloads/DRIAMS-C/id/2018/2018_clean.csv,28062302920_C8,28062302920_C8,61645.0,Enterobacter
Escherichia coli,28062303230_F7,S,S,S,S,S,S,S,,,,S,S,,,,,,,,,,,S,,,S,S,S,,,,,,,,,,,,,,,,,,,,,,,,,,,,,../data/driams/downloads/DRIAMS-C/id/2018/2018_clean.csv,28062303230_F7,28062303230_F7,562.0,Escherichia
Proteus mirabilis,28062304420_A12,S,R,S,R,S,S,S,R,S,R,R,R,,,,,,,,,,,,,,,,,,,,,,,,,,,,,,,,,,,,,,,,,,,,,../data/driams/downloads/DRIAMS-C/id/2018/2018_clean.csv,28062304420_A12,28062304420_A12,584.0,Proteus
Escherichia coli,28062304440_G11,S,R,S,S,S,S,S,,,,S,S,,,,,,,,,,,S,,,S,S,S,,,,,,,,,,,,,,,,,,,,,,,,,,,,,../data/driams/downloads/DRIAMS-C/id/2018/2018_clean.csv,28062304440_G11,28062304440_G11,562.0,Escherichia
Escherichia coli,28062304690_C11,S,R,S,S,S,S,S,,,,S,S,,,,,,,,,,,S,,,S,S,S,,,,,,,,,,,,,,,,,,,,,,,,,,,,,../data/driams/downloads/DRIAMS-C/id/2018/2018_clean.csv,28062304690_C11,28062304690_C11,562.0,Escherichia
Escherichia coli,28062304690_C12,S,R,S,S,S,S,S,,,,S,S,,,,,,,,,,,S,,,S,S,S,,,,,,,,,,,,,,,,,,,,,,,,,,,,,../data/driams/downloads/DRIAMS-C/id/2018/2018_clean.csv,28062304690_C12,28062304690_C12,562.0,Escherichia
Escherichia coli,28062304690_D1,S,R,S,S,S,S,S,,,,S,S,,,,,,,,,,,S,,,S,S,S,,,,,,,,,,,,,,,,,,,,,,,,,,,,,../data/driams/downloads/DRIAMS-C/id/2018/2018_clean.csv,28062304690_D1,28062304690_D1,562.0,Escherichia
Escherichia coli,28062304690_E2,S,R,S,S,S,S,S,,,,S,S,,,,,,,,,,,S,,,S,S,S,,,,,,,,,,,,,,,,,,,,,,,,,,,,,../data/driams/downloads/DRIAMS-C/id/2018/2018_clean.csv,28062304690_E2,28062304690_E2,562.0,Escherichia
Proteus mirabilis,28062305350_B2,S,S,S,S,S,S,S,R,S,S,R,S,,,,,,,,,,,S,,,S,S,S,,,,,,,,,,,,,,,,,,,,,,,,,,,,,../data/driams/downloads/DRIAMS-C/id/2018/2018_clean.csv,28062305350_B2,28062305350_B2,584.0,Proteus
Enterococcus faecalis,28062305350_B4,S,S,,,,,,S,,,,I,,,,,R,,,,,R,S,,,,,,,,,,,,,,,,,,,,,,,,,,,,,,,,,,../data/driams/downloads/DRIAMS-C/id/2018/2018_clean.csv,28062305350_B4,28062305350_B4,1351.0,Enterococcus
Escherichia coli,28062305470_A1,R,R,S,S,S,S,S,,,,S,R,,,,,,,,,,,S,,,S,S,S,,,,,,,,,,,,,,,,,,,,,,,,,,,,,../data/driams/downloads/DRIAMS-C/id/2018/2018_clean.csv,28062305470_A1,28062305470_A1,562.0,Escherichia
Escherichia coli,28062305470_G10,R,R,S,S,S,S,S,,,,S,R,,,,,,,,,,,S,,,S,S,S,,,,,,,,,,,,,,,,,,,,,,,,,,,,,../data/driams/downloads/DRIAMS-C/id/2018/2018_clean.csv,28062305470_G10,28062305470_G10,562.0,Escherichia
,28062402870_A4,R,R,S,S,S,R,R,,,,S,R,,,,,,,,,,,S,,,S,S,S,,,,,,,,,,,,,,,,,,,,,,,,,,,,,../data/driams/downloads/DRIAMS-C/id/2018/2018_clean.csv,28062402870_A4,28062402870_A4,,
,28062402870_A5,R,R,S,S,S,R,R,,,,S,R,,,,,,,,,,,S,,,S,S,S,,,,,,,,,,,,,,,,,,,,,,,,,,,,,../data/driams/downloads/DRIAMS-C/id/2018/2018_clean.csv,28062402870_A5,28062402870_A5,,
Staphylococcus saprophyticus,28062402980_B5,S,S,,S,S,,,S,,S,,S,,,,,S,R,,,,,,,,,,,,,,,R,,,,,,,,,,,,,,,,,,,,,,,,../data/driams/downloads/DRIAMS-C/id/2018/2018_clean.csv,28062402980_B5,28062402980_B5,29385.0,Staphylococcus
Enterococcus faecalis,28062402990_B6,S,S,,,,,,S,,,,I,,,,,R,,,,,R,S,,,,,,,,,,,,,,,,,,,,,,,,,,,,,,,,,,../data/driams/downloads/DRIAMS-C/id/2018/2018_clean.csv,28062402990_B6,28062402990_B6,1351.0,Enterococcus
Escherichia coli,28062404090_D2,S,S,S,S,S,S,S,,,,S,S,,,,,,,,,,,S,,,S,S,S,,,,,,,,,,,,,,,,,,,,,,,,,,,,,../data/driams/downloads/DRIAMS-C/id/2018/2018_clean.csv,28062404090_D2,28062404090_D2,562.0,Escherichia
Enterococcus faecalis,28062404090_D4,S,S,,,R,,,,,,,,,R,,,R,,,S,S,R,S,,,,,,,,,,,,,,,,,,,,,,,,,,,,,,,,,,../data/driams/downloads/DRIAMS-C/id/2018/2018_clean.csv,28062404090_D4,28062404090_D4,1351.0,Enterococcus
Escherichia coli,28062404090_D5,S,S,S,S,S,S,S,,,,S,S,,,,,,,,,,,S,,,S,S,S,,,,,,,,,,,,,,,,,,,,,,,,,,,,,../data/driams/downloads/DRIAMS-C/id/2018/2018_clean.csv,28062404090_D5,28062404090_D5,562.0,Escherichia
Staphylococcus aureus,28062404160_D7,S,R,,S,S,,,,,,,S,S,S,S,S,S,R,S,S,,,,,,,,,,,,,,,,,,,,,,,,,,,,,,,,,,,,,../data/driams/downloads/DRIAMS-C/id/2018/2018_clean.csv,28062404160_D7,28062404160_D7,1280.0,Staphylococcus
Staphylococcus aureus,28062404270_F2,S,R,,S,S,,,,,,,S,S,S,S,S,S,R,S,S,,,,,,,,,,,,,,,,,,,,,,,,,,,,,,,,,,,,,../data/driams/downloads/DRIAMS-C/id/2018/2018_clean.csv,28062404270_F2,28062404270_F2,1280.0,Staphylococcus
Enterococcus faecalis,28062404290_D9,S,S,,,R,,,,,,,,,R,,,R,,,S,S,R,S,,,,,,,,,,,,,,,,,,,,,,,,,,,,,,,,,,../data/driams/downloads/DRIAMS-C/id/2018/2018_clean.csv,28062404290_D9,28062404290_D9,1351.0,Enterococcus
Citrobacter koseri,28062404560_D10,R,R,S,S,S,S,S,,,,S,S,,,,,,,,,,,S,,,S,S,S,,,,,,,,,,,,,,,,,,,,,,,,,,,,,../data/driams/downloads/DRIAMS-C/id/2018/2018_clean.csv,28062404560_D10,28062404560_D10,545.0,Citrobacter
Providencia stuartii,28062404560_D11,R,R,S,S,S,S,R,,,,R,S,,,,,,,,,,,S,,,S,S,S,,,,,,,,,,,,,,,,,,,,,,,,,,,,,../data/driams/downloads/DRIAMS-C/id/2018/2018_clean.csv,28062404560_D11,28062404560_D11,588.0,Providencia
Citrobacter koseri,28062404560_E1,R,R,S,S,S,S,S,,,,S,S,,,,,,,,,,,S,,,S,S,S,,,,,,,,,,,,,,,,,,,,,,,,,,,,,../data/driams/downloads/DRIAMS-C/id/2018/2018_clean.csv,28062404560_E1,28062404560_E1,545.0,Citrobacter
Staphylococcus aureus,28062404560_E10,R,R,,R,R,,,,,,,S,R,R,S,S,R,R,S,S,,S,,,,,,,,,,,,,,,,,,,,,,,,,,,,,,,,,,,../data/driams/downloads/DRIAMS-C/id/2018/2018_clean.csv,28062404560_E10,28062404560_E10,1280.0,Staphylococcus
Citrobacter koseri,28062504160_F6,S,R,S,S,S,S,S,,,,S,S,,,,,,,,,,,S,,,S,S,S,,,,,,,,,,,,,,,,,,,,,,,,,,,,,../data/driams/downloads/DRIAMS-C/id/2018/2018_clean.csv,28062504160_F6,28062504160_F6,545.0,Citrobacter
Enterococcus faecalis,28062505300_B12,S,S,,,,,,S,,,,I,,,,,R,,,,,R,S,,,,,,,,,,,,,,,,,,,,,,,,,,,,,,,,,,../data/driams/downloads/DRIAMS-C/id/2018/2018_clean.csv,28062505300_B12,28062505300_B12,1351.0,Enterococcus
Pseudomonas aeruginosa,28062505300_C1,R,R,S,S,S,R,R,,,,S,R,,,,,,,,,,,S,,,S,S,S,,,,,,,,,,,,,,,,,,,,,,,,,,,,,../data/driams/downloads/DRIAMS-C/id/2018/2018_clean.csv,28062505300_C1,28062505300_C1,287.0,Pseudomonas
Staphylococcus saprophyticus,28062505350_C2,S,S,,S,S,,,S,,S,,S,,,,,S,R,,,,,,,,,,,,,,,R,,,,,,,,,,,,,,,,,,,,,,,,../data/driams/downloads/DRIAMS-C/id/2018/2018_clean.csv,28062505350_C2,28062505350_C2,29385.0,Staphylococcus
Staphylococcus aureus,28062506350_B3,S,R,,S,S,,,,,,,S,S,S,S,S,S,R,S,S,,,,,,,,,,,,,,,,,,,,,,,,,,,,,,,,,,,,,../data/driams/downloads/DRIAMS-C/id/2018/2018_clean.csv,28062506350_B3,28062506350_B3,1280.0,Staphylococcus
Pseudomonas aeruginosa,28062507260_C6,R,R,S,S,S,R,R,,,,S,R,,,,,,,,,,,S,,,S,S,S,,,,,,,,,,,,,,,,,,,,,,,,,,,,,../data/driams/downloads/DRIAMS-C/id/2018/2018_clean.csv,28062507260_C6,28062507260_C6,287.0,Pseudomonas
Pseudomonas aeruginosa,28062507260_C7,R,R,S,S,S,R,R,,,,S,R,,,,,,,,,,,S,,,S,S,S,,,,,,,,,,,,,,,,,,,,,,,,,,,,,../data/driams/downloads/DRIAMS-C/id/2018/2018_clean.csv,28062507260_C7,28062507260_C7,287.0,Pseudomonas
Klebsiella pneumoniae,28062508110_G10,S,R,S,S,S,S,S,,,,S,S,,,,,,,,,,,S,,,S,S,S,,,,,,,,,,,,,,,,,,,,,,,,,,,,,../data/driams/downloads/DRIAMS-C/id/2018/2018_clean.csv,28062508110_G10,28062508110_G10,573.0,Klebsiella
Citrobacter koseri,28062508110_G11,R,R,S,S,S,S,R,,,,S,S,,,,,,,,,,,S,,,S,S,S,,,,,,,,,,,,,,,,,,,,,,,,,,,,,../data/driams/downloads/DRIAMS-C/id/2018/2018_clean.csv,28062508110_G11,28062508110_G11,545.0,Citrobacter
Enterococcus faecalis,28062508110_G7,S,S,,,R,,,,,,,,,R,,,R,,,S,S,R,S,,,,,,,,,,,,,,,,,,,,,,,,,,,,,,,,,,../data/driams/downloads/DRIAMS-C/id/2018/2018_clean.csv,28062508110_G7,28062508110_G7,1351.0,Enterococcus
Enterococcus faecalis,28062508110_G8,S,S,,,R,,,,,,,,,R,,,R,,,S,S,R,S,,,,,,,,,,,,,,,,,,,,,,,,,,,,,,,,,,../data/driams/downloads/DRIAMS-C/id/2018/2018_clean.csv,28062508110_G8,28062508110_G8,1351.0,Enterococcus
Bacteroides thetaiotaomicron,28062508110_A2,S,R,,,,,,,,,,,S,S,,,,R,,,,,,S,,,,,,,,,,,,,,,,,,,,,,,,,,,,,,,,,../data/driams/downloads/DRIAMS-C/id/2018/2018_clean.csv,28062508110_A2,28062508110_A2,818.0,Bacteroides
,28062508620_E6,S,S,,,S,S,,,,,,S,S,S,S,,S,S,,S,,,,,S,,,,,,,,,,,,,,,,,,,,,,,,,,,,,,,,../data/driams/downloads/DRIAMS-C/id/2018/2018_clean.csv,28062508620_E6,28062508620_E6,,
Staphylococcus aureus,28062508680_A6,S,S,,S,S,,,,,,,S,S,S,S,S,S,S,S,S,,,,,,,,,,,,,,,,,,,,,,,,,,,,,,,,,,,,,../data/driams/downloads/DRIAMS-C/id/2018/2018_clean.csv,28062508680_A6,28062508680_A6,1280.0,Staphylococcus
Staphylococcus aureus,28062508680_A7,S,S,,S,S,,,,,,,S,S,S,S,S,S,S,S,S,,,,,,,,,,,,,,,,,,,,,,,,,,,,,,,,,,,,,../data/driams/downloads/DRIAMS-C/id/2018/2018_clean.csv,28062508680_A7,28062508680_A7,1280.0,Staphylococcus
Enterococcus faecium,28062509020_C11,R,R,,,R,,,,,,,,,R,,,R,,,S,S,S,R,,,,,,,,,,,,,,,,,,,,,,,,,,,,,,,,,,../data/driams/downloads/DRIAMS-C/id/2018/2018_clean.csv,28062509020_C11,28062509020_C11,1352.0,Enterococcus
Pseudomonas aeruginosa,28062509690_D1,R,R,S,S,S,R,R,R,R,S,S,R,,,,,,,,,,,S,,,S,S,S,,,,,,,,,,,,,,,,,,,,,,,,,,,,,../data/driams/downloads/DRIAMS-C/id/2018/2018_clean.csv,28062509690_D1,28062509690_D1,287.0,Pseudomonas
Pseudomonas aeruginosa,28062509690_D2,R,R,S,S,S,R,R,R,R,S,S,R,,,,,,,,,,,S,,,S,S,S,,,,,,,,,,,,,,,,,,,,,,,,,,,,,../data/driams/downloads/DRIAMS-C/id/2018/2018_clean.csv,28062509690_D2,28062509690_D2,287.0,Pseudomonas
Pseudomonas aeruginosa,28062509690_D3,R,R,S,S,S,R,R,R,R,S,S,R,,,,,,,,,,,S,,,S,S,S,,,,,,,,,,,,,,,,,,,,,,,,,,,,,../data/driams/downloads/DRIAMS-C/id/2018/2018_clean.csv,28062509690_D3,28062509690_D3,287.0,Pseudomonas
Escherichia coli,28062509700_D4,R,R,R,R,S,R,R,S,S,R,S,S,,,,,,,,,,,S,,,S,R,S,,,,,,,,,,,,,,,,,,,,,,,,,,,,,../data/driams/downloads/DRIAMS-C/id/2018/2018_clean.csv,28062509700_D4,28062509700_D4,562.0,Escherichia
Escherichia coli,28062509700_D5,R,R,R,R,S,R,R,S,S,R,S,S,,,,,,,,,,,S,,,S,R,S,,,,,,,,,,,,,,,,,,,,,,,,,,,,,../data/driams/downloads/DRIAMS-C/id/2018/2018_clean.csv,28062509700_D5,28062509700_D5,562.0,Escherichia
Escherichia coli,28062509700_D6,R,R,R,R,S,R,R,S,S,R,S,S,,,,,,,,,,,S,,,S,R,S,,,,,,,,,,,,,,,,,,,,,,,,,,,,,../data/driams/downloads/DRIAMS-C/id/2018/2018_clean.csv,28062509700_D6,28062509700_D6,562.0,Escherichia
Escherichia coli,28062509700_D7,R,R,R,R,S,R,R,S,S,R,S,S,,,,,,,,,,,S,,,S,R,S,,,,,,,,,,,,,,,,,,,,,,,,,,,,,../data/driams/downloads/DRIAMS-C/id/2018/2018_clean.csv,28062509700_D7,28062509700_D7,562.0,Escherichia
Escherichia coli,28062509700_D9,R,R,R,R,S,R,R,S,S,R,S,S,,,,,,,,,,,S,,,S,R,S,,,,,,,,,,,,,,,,,,,,,,,,,,,,,../data/driams/downloads/DRIAMS-C/id/2018/2018_clean.csv,28062509700_D9,28062509700_D9,562.0,Escherichia
Proteus mirabilis,28062509860_G12,S,R,S,S,S,S,S,,,,R,S,,,,,,,,,,,S,,,S,S,S,,,,,,,,,,,,,,,,,,,,,,,,,,,,,../data/driams/downloads/DRIAMS-C/id/2018/2018_clean.csv,28062509860_G12,28062509860_G12,584.0,Proteus
Proteus mirabilis,28062509860_H1,S,R,S,S,S,S,S,,,,R,S,,,,,,,,,,,S,,,S,S,S,,,,,,,,,,,,,,,,,,,,,,,,,,,,,../data/driams/downloads/DRIAMS-C/id/2018/2018_clean.csv,28062509860_H1,28062509860_H1,584.0,Proteus
Serratia marcescens,28062509860_H2,R,R,S,S,S,S,R,,,,R,S,,,,,,,,,,,S,,,S,S,S,,,,,,,,,,,,,,,,,,,,,,,,,,,,,../data/driams/downloads/DRIAMS-C/id/2018/2018_clean.csv,28062509860_H2,28062509860_H2,615.0,Serratia
Escherichia coli,28062510020_B6,S,R,S,R,S,S,S,,,,S,R,,,,,,,,,,,S,,,S,S,S,,,,,,,,,,,,,,,,,,,,,,,,,,,,,../data/driams/downloads/DRIAMS-C/id/2018/2018_clean.csv,28062510020_B6,28062510020_B6,562.0,Escherichia
Staphylococcus aureus,28062511370_H7,S,R,,S,S,,,,,,,S,S,S,S,S,S,R,S,S,,,,,,,,,,,,,,,,,,,,,,,,,,,,,,,,,,,,,../data/driams/downloads/DRIAMS-C/id/2018/2018_clean.csv,28062511370_H7,28062511370_H7,1280.0,Staphylococcus
Staphylococcus aureus,28062511370_H8,S,R,,S,S,,,,,,,S,S,S,S,S,S,R,S,S,,,,,,,,,,,,,,,,,,,,,,,,,,,,,,,,,,,,,../data/driams/downloads/DRIAMS-C/id/2018/2018_clean.csv,28062511370_H8,28062511370_H8,1280.0,Staphylococcus
Klebsiella pneumoniae,28062511870_D12,S,R,S,S,S,S,S,S,R,S,S,S,,,,,,,,,,,,,,,,,,,,,,,,,,,,,,,,,,,,,,,,,,,,,../data/driams/downloads/DRIAMS-C/id/2018/2018_clean.csv,28062511870_D12,28062511870_D12,573.0,Klebsiella
Staphylococcus aureus,28062602290_A12,S,R,,S,S,,,,,,,S,S,S,S,S,S,R,S,S,,,,,,,,,,,,,,,,,,,,,,,,,,,,,,,,,,,,,../data/driams/downloads/DRIAMS-C/id/2018/2018_clean.csv,28062602290_A12,28062602290_A12,1280.0,Staphylococcus
Citrobacter freundii,28062602290_B1,R,R,S,S,S,S,R,,,,S,S,,,,,,,,,,,S,,,S,S,S,,,,,,,,,,,,,,,,,,,,,,,,,,,,,../data/driams/downloads/DRIAMS-C/id/2018/2018_clean.csv,28062602290_B1,28062602290_B1,546.0,Citrobacter
Raoultella ornithinolytica,28062602290_B2,S,R,S,S,S,S,S,,,,S,S,,,,,,,,,,,S,,,S,S,S,,,,,,,,,,,,,,,,,,,,,,,,,,,,,../data/driams/downloads/DRIAMS-C/id/2018/2018_clean.csv,28062602290_B2,28062602290_B2,54291.0,Raoultella
Enterococcus faecalis,28062603500_B3,S,S,,,R,,,,,,,,,R,,,R,,,S,S,R,S,,,,,,,,,,,,,,,,,,,,,,,,,,,,,,,,,,../data/driams/downloads/DRIAMS-C/id/2018/2018_clean.csv,28062603500_B3,28062603500_B3,1351.0,Enterococcus
Stenotrophomonas maltophilia,28062603500_B4,,,,,,,,,,,,S,,,,,,,,,,,,,,,,,,,,,,,,,,,,,,,,,,,,,,,,,,,,,../data/driams/downloads/DRIAMS-C/id/2018/2018_clean.csv,28062603500_B4,28062603500_B4,40324.0,Stenotrophomonas
Stenotrophomonas maltophilia,28062603500_B5,,,,,,,,,,,,S,,,,,,,,,,,,,,,,,,,,,,,,,,,,,,,,,,,,,,,,,,,,,../data/driams/downloads/DRIAMS-C/id/2018/2018_clean.csv,28062603500_B5,28062603500_B5,40324.0,Stenotrophomonas
Staphylococcus aureus,28062609300_B6,S,R,,S,S,,,,,,,S,S,S,R,S,S,R,S,S,,,,,,,,,,,,,,,,,,,,,,,,,,,,,,,,,,,,,../data/driams/downloads/DRIAMS-C/id/2018/2018_clean.csv,28062609300_B6,28062609300_B6,1280.0,Staphylococcus
Klebsiella oxytoca,28062609370_B10,S,R,S,S,S,S,S,,,,S,S,,,,,,,,,,,S,,,S,S,S,,,,,,,,,,,,,,,,,,,,,,,,,,,,,../data/driams/downloads/DRIAMS-C/id/2018/2018_clean.csv,28062609370_B10,28062609370_B10,571.0,Klebsiella
Staphylococcus aureus,28062609370_B9,S,S,,S,S,,,,,,,S,S,S,S,S,S,S,S,S,,,,,,,,,,,,,,,,,,,,,,,,,,,,,,,,,,,,,../data/driams/downloads/DRIAMS-C/id/2018/2018_clean.csv,28062609370_B9,28062609370_B9,1280.0,Staphylococcus
Enterococcus faecium,28062609780_C4,R,R,,,R,,,,,,,,,R,,,R,,,S,S,S,R,,,,,,,,,,,,,,,,,,,,,,,,,,,,,,,,,,../data/driams/downloads/DRIAMS-C/id/2018/2018_clean.csv,28062609780_C4,28062609780_C4,1352.0,Enterococcus
Enterococcus faecium,28062609780_B9,R,R,,,R,,,,,,,,,R,,,R,,,S,S,S,R,,,,,,,,,,,,,,,,,,,,,,,,,,,,,,,,,,../data/driams/downloads/DRIAMS-C/id/2018/2018_clean.csv,28062609780_B9,28062609780_B9,1352.0,Enterococcus
Pseudomonas aeruginosa,28062609830_F1,R,R,S,S,S,R,R,,,,S,R,,,,,,,,,,,S,,,S,S,S,,,,,,,,,,,,,,,,,,,,,,,,,,,,,../data/driams/downloads/DRIAMS-C/id/2018/2018_clean.csv,28062609830_F1,28062609830_F1,287.0,Pseudomonas
Escherichia coli,28062611400_B11,S,S,S,S,S,S,S,,,,S,S,,,,,,,,,,,S,,,S,S,S,,,,,,,,,,,,,,,,,,,,,,,,,,,,,../data/driams/downloads/DRIAMS-C/id/2018/2018_clean.csv,28062611400_B11,28062611400_B11,562.0,Escherichia
Escherichia coli,28062611400_B12,S,S,S,S,S,S,S,,,,S,S,,,,,,,,,,,S,,,S,S,S,,,,,,,,,,,,,,,,,,,,,,,,,,,,,../data/driams/downloads/DRIAMS-C/id/2018/2018_clean.csv,28062611400_B12,28062611400_B12,562.0,Escherichia
Escherichia coli,28062611450_F6,S,,S,S,S,S,S,S,S,S,S,,,,,,,,,,,,,,,,,,,,,,,,,,,,,,,,,,,,,,,,,,,,,,../data/driams/downloads/DRIAMS-C/id/2018/2018_clean.csv,28062611450_F6,28062611450_F6,562.0,Escherichia
Escherichia coli,28062611450_F7,S,,S,S,S,S,S,S,S,S,S,,,,,,,,,,,,,,,,,,,,,,,,,,,,,,,,,,,,,,,,,,,,,,../data/driams/downloads/DRIAMS-C/id/2018/2018_clean.csv,28062611450_F7,28062611450_F7,562.0,Escherichia
Escherichia coli,28062611450_F8,S,,S,S,S,S,S,S,S,S,S,,,,,,,,,,,,,,,,,,,,,,,,,,,,,,,,,,,,,,,,,,,,,,../data/driams/downloads/DRIAMS-C/id/2018/2018_clean.csv,28062611450_F8,28062611450_F8,562.0,Escherichia
Citrobacter koseri,28062612650_C1,S,R,S,S,S,S,S,,,,S,S,,,,,,,,,,,S,,,S,S,S,,,,,,,,,,,,,,,,,,,,,,,,,,,,,../data/driams/downloads/DRIAMS-C/id/2018/2018_clean.csv,28062612650_C1,28062612650_C1,545.0,Citrobacter
Citrobacter koseri,28062612650_C2,S,R,S,S,S,S,S,,,,S,S,,,,,,,,,,,S,,,S,S,S,,,,,,,,,,,,,,,,,,,,,,,,,,,,,../data/driams/downloads/DRIAMS-C/id/2018/2018_clean.csv,28062612650_C2,28062612650_C2,545.0,Citrobacter
Pseudomonas aeruginosa,28063002560_F6,R,R,S,S,S,R,R,,,,S,R,,,,,,,,,,,S,,,S,S,S,,,,,,,,,,,,,,,,,,,,,,,,,,,,,../data/driams/downloads/DRIAMS-C/id/2018/2018_clean.csv,28063002560_F6,28063002560_F6,287.0,Pseudomonas
Pseudomonas aeruginosa,28063002560_F8,R,R,S,S,S,R,R,,,,S,R,,,,,,,,,,,S,,,S,S,S,,,,,,,,,,,,,,,,,,,,,,,,,,,,,../data/driams/downloads/DRIAMS-C/id/2018/2018_clean.csv,28063002560_F8,28063002560_F8,287.0,Pseudomonas
Pseudomonas aeruginosa,28063002560_F9,R,R,S,S,S,R,R,,,,S,R,,,,,,,,,,,S,,,S,S,S,,,,,,,,,,,,,,,,,,,,,,,,,,,,,../data/driams/downloads/DRIAMS-C/id/2018/2018_clean.csv,28063002560_F9,28063002560_F9,287.0,Pseudomonas
Campylobacter jejuni,28070203180_C6,,,,S,,,,,,,,,S,,,,,,,,,,,,,,,,S,S,R,R,,,,,,,,,,,,,,,,,,,,,,,,,../data/driams/downloads/DRIAMS-C/id/2018/2018_clean.csv,28070203180_C6,28070203180_C6,197.0,Campylobacter
Staphylococcus aureus,28070203990_G5,S,R,,S,S,,,,,,,S,R,R,S,S,S,R,S,S,,,,,,,,,,,,,,,,,,,,,,,,,,,,,,,,,,,,,../data/driams/downloads/DRIAMS-C/id/2018/2018_clean.csv,28070203990_G5,28070203990_G5,1280.0,Staphylococcus
Klebsiella pneumoniae,28070203990_G6,,R,,S,S,S,S,,,,S,S,,,,,,,,,,,,,,S,S,S,,,,,,,,,,,,,,,,,,,,,,,,,,,,,../data/driams/downloads/DRIAMS-C/id/2018/2018_clean.csv,28070203990_G6,28070203990_G6,573.0,Klebsiella
Pseudomonas aeruginosa,28070204280_G8,R,R,R,S,S,R,S,,,,S,R,,,,,,,,,,,S,,,S,S,S,,,,,,,,,,,,,,,,,,,,,,,,,,,,,../data/driams/downloads/DRIAMS-C/id/2018/2018_clean.csv,28070204280_G8,28070204280_G8,287.0,Pseudomonas
Pseudomonas aeruginosa,28070204280_G9,R,R,R,S,S,R,S,,,,S,R,,,,,,,,,,,S,,,S,S,S,,,,,,,,,,,,,,,,,,,,,,,,,,,,,../data/driams/downloads/DRIAMS-C/id/2018/2018_clean.csv,28070204280_G9,28070204280_G9,287.0,Pseudomonas
Pseudomonas aeruginosa,28070204280_A8,R,R,R,S,S,R,S,,,,S,R,,,,,,,,,,,S,,,S,S,S,,,,,,,,,,,,,,,,,,,,,,,,,,,,,../data/driams/downloads/DRIAMS-C/id/2018/2018_clean.csv,28070204280_A8,28070204280_A8,287.0,Pseudomonas
Staphylococcus aureus,28070204440_G10,S,R,,S,S,,,,,,,S,S,S,S,S,S,R,S,S,,,,,,,,,,,,,,,,,,,,,,,,,,,,,,,,,,,,,../data/driams/downloads/DRIAMS-C/id/2018/2018_clean.csv,28070204440_G10,28070204440_G10,1280.0,Staphylococcus
Staphylococcus aureus,28070204790_H8,S,S,,S,S,,,,,,,S,S,S,S,S,S,S,S,S,,,,,,,,,,,,,,,,,,,,,,,,,,,,,,,,,,,,,../data/driams/downloads/DRIAMS-C/id/2018/2018_clean.csv,28070204790_H8,28070204790_H8,1280.0,Staphylococcus
Enterococcus faecalis,28070208340_E6,S,S,,,,,,S,,,,I,,,,,R,,,,,R,S,,,,,,,,,,,,,,,,,,,,,,,,,,,,,,,,,,../data/driams/downloads/DRIAMS-C/id/2018/2018_clean.csv,28070208340_E6,28070208340_E6,1351.0,Enterococcus
Escherichia coli,28070208340_E7,S,,,,S,,,S,S,,S,,,,,,,,,,,,S,,,S,R,S,,,,,,,,,,,,,,,,,,,,,,,,,,,,,../data/driams/downloads/DRIAMS-C/id/2018/2018_clean.csv,28070208340_E7,28070208340_E7,562.0,Escherichia
Escherichia coli,28070208340_A6,S,,,,S,,,S,S,,S,,,,,,,,,,,,S,,,S,R,S,,,,,,,,,,,,,,,,,,,,,,,,,,,,,../data/driams/downloads/DRIAMS-C/id/2018/2018_clean.csv,28070208340_A6,28070208340_A6,562.0,Escherichia
Escherichia coli,28070208340_A7,S,,,,S,,,S,S,,S,,,,,,,,,,,,S,,,S,R,S,,,,,,,,,,,,,,,,,,,,,,,,,,,,,../data/driams/downloads/DRIAMS-C/id/2018/2018_clean.csv,28070208340_A7,28070208340_A7,562.0,Escherichia
Escherichia coli,28070208340_A8,S,,,,S,,,S,S,,S,,,,,,,,,,,,S,,,S,R,S,,,,,,,,,,,,,,,,,,,,,,,,,,,,,../data/driams/downloads/DRIAMS-C/id/2018/2018_clean.csv,28070208340_A8,28070208340_A8,562.0,Escherichia
Pseudomonas aeruginosa,28070208350_E8,R,R,S,S,S,R,R,,,,S,R,,,,,,,,,,,S,,,S,S,S,,,,,,,,,,,,,,,,,,,,,,,,,,,,,../data/driams/downloads/DRIAMS-C/id/2018/2018_clean.csv,28070208350_E8,28070208350_E8,287.0,Pseudomonas
Escherichia coli,28070208350_E9,S,R,S,S,S,S,S,S,S,S,S,R,,,,,,,,,,,S,,,S,S,S,,,,,,,,,,,,,,,,,,,,,,,,,,,,,../data/driams/downloads/DRIAMS-C/id/2018/2018_clean.csv,28070208350_E9,28070208350_E9,562.0,Escherichia
Enterobacter asburiae,28070208350_A12,R,R,R,S,S,R,R,S,R,S,S,S,,,,,,,,,,,R,,,S,S,S,,,,,,,,,,,,,,,,,,,,,,,,,,,,,../data/driams/downloads/DRIAMS-C/id/2018/2018_clean.csv,28070208350_A12,28070208350_A12,61645.0,Enterobacter
Enterobacter asburiae,28070208350_A9,R,R,R,S,S,R,R,S,R,S,S,S,,,,,,,,,,,R,,,S,S,S,,,,,,,,,,,,,,,,,,,,,,,,,,,,,../data/driams/downloads/DRIAMS-C/id/2018/2018_clean.csv,28070208350_A9,28070208350_A9,61645.0,Enterobacter
Enterobacter asburiae,28070208350_A2,R,R,R,S,S,R,R,S,R,S,S,S,,,,,,,,,,,R,,,S,S,S,,,,,,,,,,,,,,,,,,,,,,,,,,,,,../data/driams/downloads/DRIAMS-C/id/2018/2018_clean.csv,28070208350_A2,28070208350_A2,61645.0,Enterobacter
Escherichia coli,28070208350_A3,S,R,S,S,S,S,S,S,S,S,S,R,,,,,,,,,,,S,,,S,S,S,,,,,,,,,,,,,,,,,,,,,,,,,,,,,../data/driams/downloads/DRIAMS-C/id/2018/2018_clean.csv,28070208350_A3,28070208350_A3,562.0,Escherichia
Enterococcus faecalis,28070208380_E11,S,S,,,,,,S,,,,I,,,,,R,,,,,R,S,,,,,,,,,,,,,,,,,,,,,,,,,,,,,,,,,,../data/driams/downloads/DRIAMS-C/id/2018/2018_clean.csv,28070208380_E11,28070208380_E11,1351.0,Enterococcus
Klebsiella pneumoniae,28070208570_B10,S,R,S,S,S,S,S,,,,S,S,,,,,,,,,,,S,,,S,S,S,,,,,,,,,,,,,,,,,,,,,,,,,,,,,../data/driams/downloads/DRIAMS-C/id/2018/2018_clean.csv,28070208570_B10,28070208570_B10,573.0,Klebsiella
Klebsiella pneumoniae,28070208570_B7,S,R,S,S,S,S,S,,,,S,S,,,,,,,,,,,S,,,S,S,S,,,,,,,,,,,,,,,,,,,,,,,,,,,,,../data/driams/downloads/DRIAMS-C/id/2018/2018_clean.csv,28070208570_B7,28070208570_B7,573.0,Klebsiella
Haemophilus influenzae,28070208780_H3,R,R,,S,,S,S,,,,,,I,,,,,R,,,,,,,,,,,,,,,,,,,,,,,,,,,,,,,,,,,,,,,../data/driams/downloads/DRIAMS-C/id/2018/2018_clean.csv,28070208780_H3,28070208780_H3,727.0,Haemophilus
Haemophilus influenzae,28070208810_H4,S,S,,S,,S,S,,,,,,I,,,,,S,,,,,,,,,,,,,,,,,,,,,,,,,,,,,,,,,,,,,,,../data/driams/downloads/DRIAMS-C/id/2018/2018_clean.csv,28070208810_H4,28070208810_H4,727.0,Haemophilus
Escherichia coli,28070210530_C2,R,R,S,S,S,S,R,,,,S,R,,,,,,,,,,,R,,,S,R,S,,,,,,,,,,,,,,,,,,,,,,,,,,,,,../data/driams/downloads/DRIAMS-C/id/2018/2018_clean.csv,28070210530_C2,28070210530_C2,562.0,Escherichia
Escherichia coli,28070210530_A4,R,R,S,S,S,S,R,,,,S,R,,,,,,,,,,,R,,,S,R,S,,,,,,,,,,,,,,,,,,,,,,,,,,,,,../data/driams/downloads/DRIAMS-C/id/2018/2018_clean.csv,28070210530_A4,28070210530_A4,562.0,Escherichia
Staphylococcus aureus,28070212050_H5,S,R,,S,S,,,,,,,S,S,S,S,S,S,R,S,S,,,,,,,,,,,,,,,,,,,,,,,,,,,,,,,,,,,,,../data/driams/downloads/DRIAMS-C/id/2018/2018_clean.csv,28070212050_H5,28070212050_H5,1280.0,Staphylococcus
Staphylococcus aureus,28070212100_H6,S,R,,S,S,,,,,,,S,S,S,S,S,S,R,S,S,,,,,,,,,,,,,,,,,,,,,,,,,,,,,,,,,,,,,../data/driams/downloads/DRIAMS-C/id/2018/2018_clean.csv,28070212100_H6,28070212100_H6,1280.0,Staphylococcus
Neisseria gonorrhoeae,28070301510_A1,,,,R,,S,,,,,,,,,,,,R,,,,,,,,,,,S,,,S,,,,,,,,,,,,,,,,,,,,,,,,,../data/driams/downloads/DRIAMS-C/id/2018/2018_clean.csv,28070301510_A1,28070301510_A1,485.0,Neisseria
Neisseria gonorrhoeae,28070301510_A2,,,,R,,S,,,,,,,,,,,,R,,,,,,,,,,,S,,,S,,,,,,,,,,,,,,,,,,,,,,,,,../data/driams/downloads/DRIAMS-C/id/2018/2018_clean.csv,28070301510_A2,28070301510_A2,485.0,Neisseria
Achromobacter xylosoxidans,28070302910_B7,R,R,R,R,R,R,R,,,,S,S,,,,,,,,,,,S,,,R,R,S,,,,,,,,,,,,,,,,,,,,,,,,,,,,,../data/driams/downloads/DRIAMS-C/id/2018/2018_clean.csv,28070302910_B7,28070302910_B7,85698.0,Achromobacter
Bacteroides fragilis,28070303240_D9,S,R,,,,,,,,,,,R,R,,,,R,,,,,,S,,,,,,,,,,,,,,,,,,,,,,,,,,,,,,,,,../data/driams/downloads/DRIAMS-C/id/2018/2018_clean.csv,28070303240_D9,28070303240_D9,817.0,Bacteroides
Staphylococcus aureus,28070303590_F1,S,R,,S,S,,,,,,,S,S,S,S,S,S,R,S,S,,,,,,,,,,,,,,,,,,,,,,,,,,,,,,,,,,,,,../data/driams/downloads/DRIAMS-C/id/2018/2018_clean.csv,28070303590_F1,28070303590_F1,1280.0,Staphylococcus
Escherichia coli,28070306250_C5,S,S,S,S,S,S,S,S,S,S,S,S,,,,,,,,,,,S,,,S,S,S,,,,,,,,,,,,,,,,,,,,,,,,,,,,,../data/driams/downloads/DRIAMS-C/id/2018/2018_clean.csv,28070306250_C5,28070306250_C5,562.0,Escherichia
Proteus vulgaris,28070308510_F6,S,R,S,S,S,S,R,,,,R,S,,,,,,,,,,,S,,,S,S,S,,,,,,,,,,,,,,,,,,,,,,,,,,,,,../data/driams/downloads/DRIAMS-C/id/2018/2018_clean.csv,28070308510_F6,28070308510_F6,585.0,Proteus
Enterococcus faecalis,28070308550_C11,S,S,,,,,,S,,,,I,,,,,R,,,,,R,S,,,,,,,,,,,,,,,,,,,,,,,,,,,,,,,,,,../data/driams/downloads/DRIAMS-C/id/2018/2018_clean.csv,28070308550_C11,28070308550_C11,1351.0,Enterococcus
Escherichia coli,28070308770_D3,S,S,S,S,S,S,S,S,S,S,S,S,,,,,,,,,,,,,,,,,,,,,,,,,,,,,,,,,,,,,,,,,,,,,../data/driams/downloads/DRIAMS-C/id/2018/2018_clean.csv,28070308770_D3,28070308770_D3,562.0,Escherichia
Klebsiella pneumoniae,28070308770_D4,S,R,S,S,S,S,S,S,R,S,S,S,,,,,,,,,,,,,,,,,,,,,,,,,,,,,,,,,,,,,,,,,,,,,../data/driams/downloads/DRIAMS-C/id/2018/2018_clean.csv,28070308770_D4,28070308770_D4,573.0,Klebsiella
Enterococcus faecalis,28070308770_A3,S,S,,,,,,S,,,,I,,,,,R,,,,,R,S,,,,,,,,,,,,,,,,,,,,,,,,,,,,,,,,,,../data/driams/downloads/DRIAMS-C/id/2018/2018_clean.csv,28070308770_A3,28070308770_A3,1351.0,Enterococcus
Enterococcus faecalis,28070308770_A4,S,S,,,,,,S,,,,I,,,,,R,,,,,R,S,,,,,,,,,,,,,,,,,,,,,,,,,,,,,,,,,,../data/driams/downloads/DRIAMS-C/id/2018/2018_clean.csv,28070308770_A4,28070308770_A4,1351.0,Enterococcus
Klebsiella pneumoniae,28070308810_D5,S,R,S,S,S,S,S,S,R,S,S,S,,,,,,,,,,,S,,,S,S,S,,,,,,,,,,,,,,,,,,,,,,,,,,,,,../data/driams/downloads/DRIAMS-C/id/2018/2018_clean.csv,28070308810_D5,28070308810_D5,573.0,Klebsiella
Pseudomonas aeruginosa,28070308810_D6,R,R,S,S,S,R,R,,,,S,R,,,,,,,,,,,S,,,S,S,S,,,,,,,,,,,,,,,,,,,,,,,,,,,,,../data/driams/downloads/DRIAMS-C/id/2018/2018_clean.csv,28070308810_D6,28070308810_D6,287.0,Pseudomonas
Staphylococcus aureus,28070308970_D9,S,S,,S,S,,,S,,S,,S,,,,,S,S,,,,,,,,,,,,,,,S,,,,,,,,,,,,,,,,,,,,,,,,../data/driams/downloads/DRIAMS-C/id/2018/2018_clean.csv,28070308970_D9,28070308970_D9,1280.0,Staphylococcus
Escherichia coli,28070309030_D10,S,S,S,S,S,S,S,S,S,S,S,S,,,,,,,,,,,,,,,,,,,,,,,,,,,,,,,,,,,,,,,,,,,,,../data/driams/downloads/DRIAMS-C/id/2018/2018_clean.csv,28070309030_D10,28070309030_D10,562.0,Escherichia
Escherichia coli,28070309030_A10,S,S,S,S,S,S,S,S,S,S,S,S,,,,,,,,,,,,,,,,,,,,,,,,,,,,,,,,,,,,,,,,,,,,,../data/driams/downloads/DRIAMS-C/id/2018/2018_clean.csv,28070309030_A10,28070309030_A10,562.0,Escherichia
Enterococcus faecium,28070309030_A8,R,R,,,R,,,,,,,,,R,,,R,,,S,S,S,R,,,,,,,,,,,,,,,,,,,,,,,,,,,,,,,,,,../data/driams/downloads/DRIAMS-C/id/2018/2018_clean.csv,28070309030_A8,28070309030_A8,1352.0,Enterococcus
Escherichia coli,28070309030_A9,S,S,S,S,S,S,S,S,S,S,S,S,,,,,,,,,,,,,,,,,,,,,,,,,,,,,,,,,,,,,,,,,,,,,../data/driams/downloads/DRIAMS-C/id/2018/2018_clean.csv,28070309030_A9,28070309030_A9,562.0,Escherichia
Escherichia coli,28070309170_E1,R,R,S,S,S,S,S,S,S,S,S,S,,,,,,,,,,,,,,,,,,,,,,,,,,,,,,,,,,,,,,,,,,,,,../data/driams/downloads/DRIAMS-C/id/2018/2018_clean.csv,28070309170_E1,28070309170_E1,562.0,Escherichia
Escherichia coli,28070309170_E2,R,R,S,S,S,S,S,S,S,S,S,S,,,,,,,,,,,,,,,,,,,,,,,,,,,,,,,,,,,,,,,,,,,,,../data/driams/downloads/DRIAMS-C/id/2018/2018_clean.csv,28070309170_E2,28070309170_E2,562.0,Escherichia
Klebsiella oxytoca,28070309210_C1,S,R,S,S,S,S,S,,,,S,S,,,,,,,,,,,S,,,S,S,S,,,,,,,,,,,,,,,,,,,,,,,,,,,,,../data/driams/downloads/DRIAMS-C/id/2018/2018_clean.csv,28070309210_C1,28070309210_C1,571.0,Klebsiella
Haemophilus influenzae,28070309210_C2,S,S,,S,,S,S,,,,,,I,,,,,S,,,,,,,,,,,,,,,,,,,,,,,,,,,,,,,,,,,,,,,../data/driams/downloads/DRIAMS-C/id/2018/2018_clean.csv,28070309210_C2,28070309210_C2,727.0,Haemophilus
Staphylococcus lugdunensis,28070309360_C3,S,S,,S,S,,,,,,,S,S,S,S,S,S,S,S,S,,,,,,,,,,,,,,,,,,,,,,,,,,,,,,,,,,,,,../data/driams/downloads/DRIAMS-C/id/2018/2018_clean.csv,28070309360_C3,28070309360_C3,28035.0,Staphylococcus
Staphylococcus lugdunensis,28070309360_C4,S,S,,S,S,,,,,,,S,S,S,S,S,S,S,S,S,,,,,,,,,,,,,,,,,,,,,,,,,,,,,,,,,,,,,../data/driams/downloads/DRIAMS-C/id/2018/2018_clean.csv,28070309360_C4,28070309360_C4,28035.0,Staphylococcus
Haemophilus influenzae,28070309410_C6,S,S,,S,,S,S,,,,,,I,,,,,S,,,,,,,,,,,,,,,,,,,,,,,,,,,,,,,,,,,,,,,../data/driams/downloads/DRIAMS-C/id/2018/2018_clean.csv,28070309410_C6,28070309410_C6,727.0,Haemophilus
,28070310490_D12,S,S,,,S,,,,,,,R,R,R,S,,S,S,,S,,,,S,S,,,,,,,,,,,,,,,,,,,,,,,,,,,,,,,,../data/driams/downloads/DRIAMS-C/id/2018/2018_clean.csv,28070310490_D12,28070310490_D12,,
Acinetobacter ursingii,28070311080_E8,R,R,S,S,S,S,R,,,,S,S,,,,,,,,,,,S,,,S,S,S,,,,,,,,,,,,,,,,,,,,,,,,,,,,,../data/driams/downloads/DRIAMS-C/id/2018/2018_clean.csv,28070311080_E8,28070311080_E8,108980.0,Acinetobacter
Acinetobacter ursingii,28070311080_B4,R,R,S,S,S,S,R,,,,S,S,,,,,,,,,,,S,,,S,S,S,,,,,,,,,,,,,,,,,,,,,,,,,,,,,../data/driams/downloads/DRIAMS-C/id/2018/2018_clean.csv,28070311080_B4,28070311080_B4,108980.0,Acinetobacter
Pseudomonas fluorescens,28070311080_B6,R,R,S,S,S,R,R,,,,S,R,,,,,,,,,,,S,,,S,S,S,,,,,,,,,,,,,,,,,,,,,,,,,,,,,../data/driams/downloads/DRIAMS-C/id/2018/2018_clean.csv,28070311080_B6,28070311080_B6,294.0,Pseudomonas
Klebsiella pneumoniae,28070313970_E12,S,R,S,S,S,S,S,S,R,S,S,S,,,,,,,,,,,,,,,,,,,,,,,,,,,,,,,,,,,,,,,,,,,,,../data/driams/downloads/DRIAMS-C/id/2018/2018_clean.csv,28070313970_E12,28070313970_E12,573.0,Klebsiella
Escherichia coli,28070313980_F1,S,S,S,S,S,S,S,S,S,S,S,S,,,,,,,,,,,,,,,,,,,,,,,,,,,,,,,,,,,,,,,,,,,,,../data/driams/downloads/DRIAMS-C/id/2018/2018_clean.csv,28070313980_F1,28070313980_F1,562.0,Escherichia
Escherichia coli,28070313980_F2,S,S,S,S,S,S,S,S,S,S,S,S,,,,,,,,,,,,,,,,,,,,,,,,,,,,,,,,,,,,,,,,,,,,,../data/driams/downloads/DRIAMS-C/id/2018/2018_clean.csv,28070313980_F2,28070313980_F2,562.0,Escherichia
Enterococcus faecalis,28070313980_B7,S,S,,,,,,S,,,,I,,,,,R,,,,,R,S,,,,,,,,,,,,,,,,,,,,,,,,,,,,,,,,,,../data/driams/downloads/DRIAMS-C/id/2018/2018_clean.csv,28070313980_B7,28070313980_B7,1351.0,Enterococcus
Escherichia coli,28070408600_B12,S,S,S,S,S,S,S,S,S,S,S,S,,,,,,,,,,,S,,,S,S,S,,,,,,,,,,,,,,,,,,,,,,,,,,,,,../data/driams/downloads/DRIAMS-C/id/2018/2018_clean.csv,28070408600_B12,28070408600_B12,562.0,Escherichia
Citrobacter koseri,28070408600_C1,S,R,S,S,S,S,S,S,S,S,S,S,,,,,,,,,,,S,,,S,S,S,,,,,,,,,,,,,,,,,,,,,,,,,,,,,../data/driams/downloads/DRIAMS-C/id/2018/2018_clean.csv,28070408600_C1,28070408600_C1,545.0,Citrobacter
Pseudomonas aeruginosa,28070408600_C2,R,R,S,S,S,R,R,,,,S,R,,,,,,,,,,,S,,,S,S,S,,,,,,,,,,,,,,,,,,,,,,,,,,,,,../data/driams/downloads/DRIAMS-C/id/2018/2018_clean.csv,28070408600_C2,28070408600_C2,287.0,Pseudomonas
Pseudomonas aeruginosa,28070408610_C3,R,R,S,S,S,R,R,,,,S,R,,,,,,,,,,,S,,,S,S,S,,,,,,,,,,,,,,,,,,,,,,,,,,,,,../data/driams/downloads/DRIAMS-C/id/2018/2018_clean.csv,28070408610_C3,28070408610_C3,287.0,Pseudomonas
Enterococcus faecalis,28070408610_C4,S,S,,,,,,S,,,,I,,,,,R,,,,,R,S,,,,,,,,,,,,,,,,,,,,,,,,,,,,,,,,,,../data/driams/downloads/DRIAMS-C/id/2018/2018_clean.csv,28070408610_C4,28070408610_C4,1351.0,Enterococcus
Enterococcus faecalis,28070408900_A1,S,S,,,,,,S,,,,I,,,,,R,,,,,R,S,,,,,,,,,,,,,,,,,,,,,,,,,,,,,,,,,,../data/driams/downloads/DRIAMS-C/id/2018/2018_clean.csv,28070408900_A1,28070408900_A1,1351.0,Enterococcus
Enterococcus faecalis,28070408900_C7,S,S,,,,,,S,,,,I,,,,,R,,,,,R,S,,,,,,,,,,,,,,,,,,,,,,,,,,,,,,,,,,../data/driams/downloads/DRIAMS-C/id/2018/2018_clean.csv,28070408900_C7,28070408900_C7,1351.0,Enterococcus
Klebsiella pneumoniae,28070408900_C8,S,R,S,S,S,S,S,S,R,S,S,S,,,,,,,,,,,,,,,,,,,,,,,,,,,,,,,,,,,,,,,,,,,,,../data/driams/downloads/DRIAMS-C/id/2018/2018_clean.csv,28070408900_C8,28070408900_C8,573.0,Klebsiella
Klebsiella pneumoniae,28070408920_C10,S,R,S,S,S,S,S,S,R,S,S,S,,,,,,,,,,,,,,,,,,,,,,,,,,,,,,,,,,,,,,,,,,,,,../data/driams/downloads/DRIAMS-C/id/2018/2018_clean.csv,28070408920_C10,28070408920_C10,573.0,Klebsiella
Pseudomonas aeruginosa,28070408980_C12,R,R,S,S,S,R,R,,,,S,R,,,,,,,,,,,S,,,S,S,S,,,,,,,,,,,,,,,,,,,,,,,,,,,,,../data/driams/downloads/DRIAMS-C/id/2018/2018_clean.csv,28070408980_C12,28070408980_C12,287.0,Pseudomonas
Staphylococcus aureus,28070412030_E4,S,R,,S,S,,,,,,,S,S,S,S,S,S,R,S,S,,,,,,,,,,,,,,,,,,,,,,,,,,,,,,,,,,,,,../data/driams/downloads/DRIAMS-C/id/2018/2018_clean.csv,28070412030_E4,28070412030_E4,1280.0,Staphylococcus
Staphylococcus aureus,28070412030_E5,S,R,,S,S,,,,,,,S,S,S,S,S,S,R,S,S,,,,,,,,,,,,,,,,,,,,,,,,,,,,,,,,,,,,,../data/driams/downloads/DRIAMS-C/id/2018/2018_clean.csv,28070412030_E5,28070412030_E5,1280.0,Staphylococcus
Staphylococcus aureus,28070412030_E6,S,R,,S,S,,,,,,,S,S,S,S,S,S,R,S,S,,,,,,,,,,,,,,,,,,,,,,,,,,,,,,,,,,,,,../data/driams/downloads/DRIAMS-C/id/2018/2018_clean.csv,28070412030_E6,28070412030_E6,1280.0,Staphylococcus
Staphylococcus aureus,28070412030_E7,S,R,,S,S,,,,,,,S,S,S,S,S,S,R,S,S,,,,,,,,,,,,,,,,,,,,,,,,,,,,,,,,,,,,,../data/driams/downloads/DRIAMS-C/id/2018/2018_clean.csv,28070412030_E7,28070412030_E7,1280.0,Staphylococcus
Staphylococcus aureus,28070412030_G4,S,R,,S,S,,,,,,,S,S,S,S,S,S,R,S,S,,,,,,,,,,,,,,,,,,,,,,,,,,,,,,,,,,,,,../data/driams/downloads/DRIAMS-C/id/2018/2018_clean.csv,28070412030_G4,28070412030_G4,1280.0,Staphylococcus
Staphylococcus lugdunensis,28070412220_E10,S,S,,S,S,,,,,,,S,S,S,S,S,S,S,S,S,,,,,,,,,,,,,,,,,,,,,,,,,,,,,,,,,,,,,../data/driams/downloads/DRIAMS-C/id/2018/2018_clean.csv,28070412220_E10,28070412220_E10,28035.0,Staphylococcus
Staphylococcus lugdunensis,28070412220_A10,S,S,,S,S,,,,,,,S,S,S,S,S,S,S,S,S,,,,,,,,,,,,,,,,,,,,,,,,,,,,,,,,,,,,,../data/driams/downloads/DRIAMS-C/id/2018/2018_clean.csv,28070412220_A10,28070412220_A10,28035.0,Staphylococcus
Morganella morganii,28070412440_D3,R,R,S,I,S,S,R,R,R,I,R,R,,,,,,,,,,,,,,,,,,,,,,,,,,,,,,,,,,,,,,,,,,,,,../data/driams/downloads/DRIAMS-C/id/2018/2018_clean.csv,28070412440_D3,28070412440_D3,582.0,Morganella
Morganella morganii,28070412440_D4,R,R,S,I,S,S,R,R,R,I,R,R,,,,,,,,,,,,,,,,,,,,,,,,,,,,,,,,,,,,,,,,,,,,,../data/driams/downloads/DRIAMS-C/id/2018/2018_clean.csv,28070412440_D4,28070412440_D4,582.0,Morganella
Morganella morganii,28070412440_A5,R,R,S,I,S,S,R,R,R,I,R,R,,,,,,,,,,,,,,,,,,,,,,,,,,,,,,,,,,,,,,,,,,,,,../data/driams/downloads/DRIAMS-C/id/2018/2018_clean.csv,28070412440_A5,28070412440_A5,582.0,Morganella
Klebsiella pneumoniae,28070412530_E12,S,R,S,S,S,S,S,,,,S,S,,,,,,,,,,,S,,,S,S,S,,,,,,,,,,,,,,,,,,,,,,,,,,,,,../data/driams/downloads/DRIAMS-C/id/2018/2018_clean.csv,28070412530_E12,28070412530_E12,573.0,Klebsiella
Citrobacter koseri,28070412530_F1,R,R,S,S,S,S,R,,,,S,S,,,,,,,,,,,R,,,S,S,S,,,,,,,,,,,,,,,,,,,,,,,,,,,,,../data/driams/downloads/DRIAMS-C/id/2018/2018_clean.csv,28070412530_F1,28070412530_F1,545.0,Citrobacter
Enterococcus faecalis,28070412530_F2,S,S,,,R,,,,,,,,,R,,,R,,,S,S,R,S,,,,,,,,,,,,,,,,,,,,,,,,,,,,,,,,,,../data/driams/downloads/DRIAMS-C/id/2018/2018_clean.csv,28070412530_F2,28070412530_F2,1351.0,Enterococcus
Bacteroides thetaiotaomicron,28070412530_A11,S,R,,,,,,,,,,,S,S,,,,R,,,,,,S,,,,,,,,,,,,,,,,,,,,,,,,,,,,,,,,,../data/driams/downloads/DRIAMS-C/id/2018/2018_clean.csv,28070412530_A11,28070412530_A11,818.0,Bacteroides
Citrobacter koseri,28070412530_A12,R,R,S,S,S,S,R,,,,S,S,,,,,,,,,,,R,,,S,S,S,,,,,,,,,,,,,,,,,,,,,,,,,,,,,../data/driams/downloads/DRIAMS-C/id/2018/2018_clean.csv,28070412530_A12,28070412530_A12,545.0,Citrobacter
Citrobacter koseri,28070412530_C10,R,R,S,S,S,S,R,,,,S,S,,,,,,,,,,,R,,,S,S,S,,,,,,,,,,,,,,,,,,,,,,,,,,,,,../data/driams/downloads/DRIAMS-C/id/2018/2018_clean.csv,28070412530_C10,28070412530_C10,545.0,Citrobacter
Citrobacter koseri,28070412530_C11,R,R,S,S,S,S,R,,,,S,S,,,,,,,,,,,R,,,S,S,S,,,,,,,,,,,,,,,,,,,,,,,,,,,,,../data/driams/downloads/DRIAMS-C/id/2018/2018_clean.csv,28070412530_C11,28070412530_C11,545.0,Citrobacter
Klebsiella pneumoniae,28070412590_D8,S,R,S,S,S,S,S,S,R,S,S,S,,,,,,,,,,,,,,,,,,,,,,,,,,,,,,,,,,,,,,,,,,,,,../data/driams/downloads/DRIAMS-C/id/2018/2018_clean.csv,28070412590_D8,28070412590_D8,573.0,Klebsiella
Enterobacter cloacae,28070415120_C12,R,R,S,S,S,S,S,,,,S,S,,,,,,,,,,,S,,,S,S,S,,,,,,,,,,,,,,,,,,,,,,,,,,,,,../data/driams/downloads/DRIAMS-C/id/2018/2018_clean.csv,28070415120_C12,28070415120_C12,550.0,Enterobacter
Escherichia coli,28070415660_D12,S,S,S,S,S,S,S,S,S,S,S,S,,,,,,,,,,,,,,,,,,,,,,,,,,,,,,,,,,,,,,,,,,,,,../data/driams/downloads/DRIAMS-C/id/2018/2018_clean.csv,28070415660_D12,28070415660_D12,562.0,Escherichia
Escherichia coli,28070415670_E1,S,S,S,S,S,S,S,S,S,S,S,S,,,,,,,,,,,,,,,,,,,,,,,,,,,,,,,,,,,,,,,,,,,,,../data/driams/downloads/DRIAMS-C/id/2018/2018_clean.csv,28070415670_E1,28070415670_E1,562.0,Escherichia
Klebsiella pneumoniae,28070415670_E2,S,R,S,S,S,S,S,S,R,S,S,S,,,,,,,,,,,,,,,,,,,,,,,,,,,,,,,,,,,,,,,,,,,,,../data/driams/downloads/DRIAMS-C/id/2018/2018_clean.csv,28070415670_E2,28070415670_E2,573.0,Klebsiella
Enterobacter cloacae,28070415670_A10,R,R,S,S,S,S,S,S,R,S,S,S,,,,,,,,,,,,,,,,,,,,,,,,,,,,,,,,,,,,,,,,,,,,,../data/driams/downloads/DRIAMS-C/id/2018/2018_clean.csv,28070415670_A10,28070415670_A10,550.0,Enterobacter
Enterobacter cloacae,28070415670_A11,R,R,S,S,S,S,S,S,R,S,S,S,,,,,,,,,,,,,,,,,,,,,,,,,,,,,,,,,,,,,,,,,,,,,../data/driams/downloads/DRIAMS-C/id/2018/2018_clean.csv,28070415670_A11,28070415670_A11,550.0,Enterobacter
Staphylococcus aureus,28070502420_F11,S,R,,S,S,,,,,,,S,S,S,S,S,S,R,S,S,,,,,,,,,,,,,,,,,,,,,,,,,,,,,,,,,,,,,../data/driams/downloads/DRIAMS-C/id/2018/2018_clean.csv,28070502420_F11,28070502420_F11,1280.0,Staphylococcus
Escherichia coli,28070502530_E1,R,R,R,S,S,R,R,,,,S,S,,,,,,,,,,,S,,,S,S,S,,,,,,,,,,,,,,,,,,,,,,,,,,,,,../data/driams/downloads/DRIAMS-C/id/2018/2018_clean.csv,28070502530_E1,28070502530_E1,562.0,Escherichia
Escherichia coli,28070505340_B5,S,S,S,S,S,S,S,,,,S,S,,,,,,,,,,,S,,,S,S,S,,,,,,,,,,,,,,,,,,,,,,,,,,,,,../data/driams/downloads/DRIAMS-C/id/2018/2018_clean.csv,28070505340_B5,28070505340_B5,562.0,Escherichia
Staphylococcus lugdunensis,28070505370_D6,S,S,,S,S,,,,,,,S,S,S,S,S,S,S,S,S,,,,,,,,,,,,,,,,,,,,,,,,,,,,,,,,,,,,,../data/driams/downloads/DRIAMS-C/id/2018/2018_clean.csv,28070505370_D6,28070505370_D6,28035.0,Staphylococcus
Escherichia coli,28070506430_B3,S,S,S,R,S,S,S,S,S,R,S,S,,,,,,,,,,,,,,,,,,,,,,,,,,,,,,,,,,,,,,,,,,,,,../data/driams/downloads/DRIAMS-C/id/2018/2018_clean.csv,28070506430_B3,28070506430_B3,562.0,Escherichia
Escherichia coli,28070506430_B4,S,S,S,R,S,S,S,S,S,R,S,S,,,,,,,,,,,,,,,,,,,,,,,,,,,,,,,,,,,,,,,,,,,,,../data/driams/downloads/DRIAMS-C/id/2018/2018_clean.csv,28070506430_B4,28070506430_B4,562.0,Escherichia
Enterococcus faecalis,28070507300_D9,S,S,,,R,,,,,,,,,R,,,R,,,S,S,R,S,,,,,,,,,,,,,,,,,,,,,,,,,,,,,,,,,,../data/driams/downloads/DRIAMS-C/id/2018/2018_clean.csv,28070507300_D9,28070507300_D9,1351.0,Enterococcus
Aerococcus urinae,28070508470_A12,S,S,,S,,,,S,,,,,,,,,,,,,,,,,,,,,,,,,,,,,,,,,,,,,,,,,,,,,,,,,../data/driams/downloads/DRIAMS-C/id/2018/2018_clean.csv,28070508470_A12,28070508470_A12,1376.0,Aerococcus
Proteus mirabilis,28070509420_B12,S,S,S,S,S,S,S,R,R,S,R,R,,,,,,,,,,,,,,,,,,,,,,,,,,,,,,,,,,,,,,,,,,,,,../data/driams/downloads/DRIAMS-C/id/2018/2018_clean.csv,28070509420_B12,28070509420_B12,584.0,Proteus
Proteus mirabilis,28070509420_C1,S,S,S,S,S,S,S,R,R,S,R,R,,,,,,,,,,,,,,,,,,,,,,,,,,,,,,,,,,,,,,,,,,,,,../data/driams/downloads/DRIAMS-C/id/2018/2018_clean.csv,28070509420_C1,28070509420_C1,584.0,Proteus
Escherichia coli,28070509450_C2,R,R,R,R,R,R,R,S,R,R,S,R,,,,,,,,,,,I,,,S,R,S,,,,,,,,,,,,,,,,,,,,,,,,,,,,,../data/driams/downloads/DRIAMS-C/id/2018/2018_clean.csv,28070509450_C2,28070509450_C2,562.0,Escherichia
Enterococcus faecalis,28070509480_C3,S,S,,,,,,S,,,,I,,,,,R,,,,,R,S,,,,,,,,,,,,,,,,,,,,,,,,,,,,,,,,,,../data/driams/downloads/DRIAMS-C/id/2018/2018_clean.csv,28070509480_C3,28070509480_C3,1351.0,Enterococcus
Enterococcus faecalis,28070509480_C4,S,S,,,,,,S,,,,I,,,,,R,,,,,R,S,,,,,,,,,,,,,,,,,,,,,,,,,,,,,,,,,,../data/driams/downloads/DRIAMS-C/id/2018/2018_clean.csv,28070509480_C4,28070509480_C4,1351.0,Enterococcus
Klebsiella pneumoniae,28070509490_C5,S,R,S,S,S,S,S,S,R,S,S,S,,,,,,,,,,,,,,,,,,,,,,,,,,,,,,,,,,,,,,,,,,,,,../data/driams/downloads/DRIAMS-C/id/2018/2018_clean.csv,28070509490_C5,28070509490_C5,573.0,Klebsiella
Pseudomonas aeruginosa,28070509500_C7,R,R,S,S,S,R,R,,,,S,R,,,,,,,,,,,S,,,S,S,S,,,,,,,,,,,,,,,,,,,,,,,,,,,,,../data/driams/downloads/DRIAMS-C/id/2018/2018_clean.csv,28070509500_C7,28070509500_C7,287.0,Pseudomonas
Escherichia coli,28070509660_B2,R,R,S,S,S,S,R,S,S,S,S,S,,,,,,,,,,,,,,,,,,,,,,,,,,,,,,,,,,,,,,,,,,,,,../data/driams/downloads/DRIAMS-C/id/2018/2018_clean.csv,28070509660_B2,28070509660_B2,562.0,Escherichia
Staphylococcus aureus,28070510820_C10,S,R,,S,S,,,,,,,S,S,S,S,S,S,R,S,S,,,,,,,,,,,,,,,,,,,,,,,,,,,,,,,,,,,,,../data/driams/downloads/DRIAMS-C/id/2018/2018_clean.csv,28070510820_C10,28070510820_C10,1280.0,Staphylococcus
Pantoea agglomerans,28070510820_E6,R,R,S,S,S,S,S,,,,S,S,,,,,,,,,,,S,,,S,S,S,,,,,,,,,,,,,,,,,,,,,,,,,,,,,../data/driams/downloads/DRIAMS-C/id/2018/2018_clean.csv,28070510820_E6,28070510820_E6,549.0,Pantoea
Agrobacterium radiobacter,28070510820_E8,R,R,R,S,S,R,S,,,,S,S,,,,,,,,,,,S,,,S,S,S,,,,,,,,,,,,,,,,,,,,,,,,,,,,,../data/driams/downloads/DRIAMS-C/id/2018/2018_clean.csv,28070510820_E8,28070510820_E8,362.0,
Klebsiella aerogenes,28070511310_E3,R,R,S,S,S,S,S,,,,S,S,,,,,,,,,,,S,,,S,S,S,,,,,,,,,,,,,,,,,,,,,,,,,,,,,../data/driams/downloads/DRIAMS-C/id/2018/2018_clean.csv,28070511310_E3,28070511310_E3,548.0,
Aerococcus urinae,28070511510_B7,S,S,,S,,,,S,,,,,,,,,,,,,,,,,,,,,,,,,,,,,,,,,,,,,,,,,,,,,,,,,../data/driams/downloads/DRIAMS-C/id/2018/2018_clean.csv,28070511510_B7,28070511510_B7,1376.0,Aerococcus
Aerococcus urinae,28070511510_B8,S,S,,S,,,,S,,,,,,,,,,,,,,,,,,,,,,,,,,,,,,,,,,,,,,,,,,,,,,,,,../data/driams/downloads/DRIAMS-C/id/2018/2018_clean.csv,28070511510_B8,28070511510_B8,1376.0,Aerococcus
Escherichia coli,28070511620_D5,R,R,R,R,S,S,R,S,S,R,S,R,,,,,,,,,,,S,,,S,S,S,,,,,,,,,,,,,,,,,,,,,,,,,,,,,../data/driams/downloads/DRIAMS-C/id/2018/2018_clean.csv,28070511620_D5,28070511620_D5,562.0,Escherichia
Klebsiella oxytoca,28070511620_D6,S,R,S,S,S,S,S,S,R,S,S,S,,,,,,,,,,,S,,,S,S,S,,,,,,,,,,,,,,,,,,,,,,,,,,,,,../data/driams/downloads/DRIAMS-C/id/2018/2018_clean.csv,28070511620_D6,28070511620_D6,571.0,Klebsiella
Pseudomonas aeruginosa,28070511620_D7,R,R,S,S,S,R,R,,,,S,R,,,,,,,,,,,S,,,S,S,S,,,,,,,,,,,,,,,,,,,,,,,,,,,,,../data/driams/downloads/DRIAMS-C/id/2018/2018_clean.csv,28070511620_D7,28070511620_D7,287.0,Pseudomonas
Enterococcus faecalis,28070511620_D8,S,S,,,,,,S,,,,I,,,,,R,,,,,R,S,,,,,,,,,,,,,,,,,,,,,,,,,,,,,,,,,,../data/driams/downloads/DRIAMS-C/id/2018/2018_clean.csv,28070511620_D8,28070511620_D8,1351.0,Enterococcus
Escherichia coli,28070511620_C5,R,R,R,R,S,S,R,S,S,R,S,R,,,,,,,,,,,S,,,S,S,S,,,,,,,,,,,,,,,,,,,,,,,,,,,,,../data/driams/downloads/DRIAMS-C/id/2018/2018_clean.csv,28070511620_C5,28070511620_C5,562.0,Escherichia
Pseudomonas aeruginosa,28070511620_C7,R,R,S,S,S,R,R,,,,S,R,,,,,,,,,,,S,,,S,S,S,,,,,,,,,,,,,,,,,,,,,,,,,,,,,../data/driams/downloads/DRIAMS-C/id/2018/2018_clean.csv,28070511620_C7,28070511620_C7,287.0,Pseudomonas
Escherichia coli,28070511700_D10,R,R,R,R,R,R,R,S,S,R,S,S,,,,,,,,,,,S,,,S,R,S,,,,,,,,,,,,,,,,,,,,,,,,,,,,,../data/driams/downloads/DRIAMS-C/id/2018/2018_clean.csv,28070511700_D10,28070511700_D10,562.0,Escherichia
Enterococcus faecalis,28070511700_D11,S,S,,,,,,S,,,,S,,,,,R,,,,,R,S,,,,,,,,,,,,,,,,,,,,,,,,,,,,,,,,,,../data/driams/downloads/DRIAMS-C/id/2018/2018_clean.csv,28070511700_D11,28070511700_D11,1351.0,Enterococcus
Pseudomonas aeruginosa,28070511970_B12,R,R,S,S,S,R,R,,,,S,R,,,,,,,,,,,S,,,S,S,S,,,,,,,,,,,,,,,,,,,,,,,,,,,,,../data/driams/downloads/DRIAMS-C/id/2018/2018_clean.csv,28070511970_B12,28070511970_B12,287.0,Pseudomonas
Pseudomonas aeruginosa,28070511970_A2,R,R,S,S,S,R,R,,,,S,R,,,,,,,,,,,S,,,S,S,S,,,,,,,,,,,,,,,,,,,,,,,,,,,,,../data/driams/downloads/DRIAMS-C/id/2018/2018_clean.csv,28070511970_A2,28070511970_A2,287.0,Pseudomonas
Escherichia coli,28070513530_C5,S,S,S,S,S,S,S,,,,S,S,,,,,,,,,,,S,,,S,S,S,,,,,,,,,,,,,,,,,,,,,,,,,,,,,../data/driams/downloads/DRIAMS-C/id/2018/2018_clean.csv,28070513530_C5,28070513530_C5,562.0,Escherichia
Enterococcus faecalis,28070513530_C6,S,S,,,R,,,,,,,,,R,,,R,,,S,S,R,S,,,,,,,,,,,,,,,,,,,,,,,,,,,,,,,,,,../data/driams/downloads/DRIAMS-C/id/2018/2018_clean.csv,28070513530_C6,28070513530_C6,1351.0,Enterococcus
Escherichia coli,28070513530_E2,S,S,S,S,S,S,S,,,,S,S,,,,,,,,,,,S,,,S,S,S,,,,,,,,,,,,,,,,,,,,,,,,,,,,,../data/driams/downloads/DRIAMS-C/id/2018/2018_clean.csv,28070513530_E2,28070513530_E2,562.0,Escherichia
Escherichia coli,28070514310_E3,S,R,R,S,S,R,S,S,S,S,S,R,,,,,,,,,,,S,,,S,S,S,,,,,,,,,,,,,,,,,,,,,,,,,,,,,../data/driams/downloads/DRIAMS-C/id/2018/2018_clean.csv,28070514310_E3,28070514310_E3,562.0,Escherichia
Escherichia coli,28070514530_E7,,R,S,,S,S,S,S,S,,S,,,,,,,,,,,,,,,,,,,,,,,,,,,,,,,,,,,,,,,,,,,,,,../data/driams/downloads/DRIAMS-C/id/2018/2018_clean.csv,28070514530_E7,28070514530_E7,562.0,Escherichia
Escherichia coli,28070514530_E9,,R,S,,S,S,S,S,S,,S,,,,,,,,,,,,,,,,,,,,,,,,,,,,,,,,,,,,,,,,,,,,,,../data/driams/downloads/DRIAMS-C/id/2018/2018_clean.csv,28070514530_E9,28070514530_E9,562.0,Escherichia
Escherichia coli,28070514530_D1,,R,S,,S,S,S,S,S,,S,,,,,,,,,,,,,,,,,,,,,,,,,,,,,,,,,,,,,,,,,,,,,,../data/driams/downloads/DRIAMS-C/id/2018/2018_clean.csv,28070514530_D1,28070514530_D1,562.0,Escherichia
Escherichia coli,28070514530_D2,,R,S,,S,S,S,S,S,,S,,,,,,,,,,,,,,,,,,,,,,,,,,,,,,,,,,,,,,,,,,,,,,../data/driams/downloads/DRIAMS-C/id/2018/2018_clean.csv,28070514530_D2,28070514530_D2,562.0,Escherichia
Escherichia coli,28070514530_D3,,R,S,,S,S,S,S,S,,S,,,,,,,,,,,,,,,,,,,,,,,,,,,,,,,,,,,,,,,,,,,,,,../data/driams/downloads/DRIAMS-C/id/2018/2018_clean.csv,28070514530_D3,28070514530_D3,562.0,Escherichia
Escherichia coli,28070514530_D4,,R,S,,S,S,S,S,S,,S,,,,,,,,,,,,,,,,,,,,,,,,,,,,,,,,,,,,,,,,,,,,,,../data/driams/downloads/DRIAMS-C/id/2018/2018_clean.csv,28070514530_D4,28070514530_D4,562.0,Escherichia
Enterococcus faecium,28070514530_D5,R,R,,,R,,,,,,,,,S,,,R,,,S,S,S,R,,,,,,,,,,,,,,,,,,,,,,,,,,,,,,,,,,../data/driams/downloads/DRIAMS-C/id/2018/2018_clean.csv,28070514530_D5,28070514530_D5,1352.0,Enterococcus
Citrobacter freundii,28070515370_E12,R,R,S,S,S,S,S,S,S,S,S,S,,,,,,,,,,,,,,,,,,,,,,,,,,,,,,,,,,,,,,,,,,,,,../data/driams/downloads/DRIAMS-C/id/2018/2018_clean.csv,28070515370_E12,28070515370_E12,546.0,Citrobacter
Enterococcus faecalis,28070515370_D7,S,S,,,,,,S,,,,I,,,,,R,,,,,R,S,,,,,,,,,,,,,,,,,,,,,,,,,,,,,,,,,,../data/driams/downloads/DRIAMS-C/id/2018/2018_clean.csv,28070515370_D7,28070515370_D7,1351.0,Enterococcus
Citrobacter freundii,28070515370_D8,R,R,S,S,S,S,S,S,S,S,S,S,,,,,,,,,,,,,,,,,,,,,,,,,,,,,,,,,,,,,,,,,,,,,../data/driams/downloads/DRIAMS-C/id/2018/2018_clean.csv,28070515370_D8,28070515370_D8,546.0,Citrobacter
Campylobacter jejuni,28070515420_G12,,,,S,,,,,,,,,S,,,,,,,,,,,,,,,,S,S,R,S,,,,,,,,,,,,,,,,,,,,,,,,,../data/driams/downloads/DRIAMS-C/id/2018/2018_clean.csv,28070515420_G12,28070515420_G12,197.0,Campylobacter
Campylobacter jejuni,28070515420_H1,,,,S,,,,,,,,,S,,,,,,,,,,,,,,,,S,S,R,S,,,,,,,,,,,,,,,,,,,,,,,,,../data/driams/downloads/DRIAMS-C/id/2018/2018_clean.csv,28070515420_H1,28070515420_H1,197.0,Campylobacter
Staphylococcus aureus,28070515560_C11,S,R,,S,S,,,,,,,S,S,S,S,S,S,R,S,S,,,,,,,,,,,,,,,,,,,,,,,,,,,,,,,,,,,,,../data/driams/downloads/DRIAMS-C/id/2018/2018_clean.csv,28070515560_C11,28070515560_C11,1280.0,Staphylococcus
Staphylococcus aureus,28070515560_C12,S,R,,S,S,,,,,,,S,S,S,S,S,S,R,S,S,,,,,,,,,,,,,,,,,,,,,,,,,,,,,,,,,,,,,../data/driams/downloads/DRIAMS-C/id/2018/2018_clean.csv,28070515560_C12,28070515560_C12,1280.0,Staphylococcus
Escherichia coli,28070515750_F3,S,S,S,S,S,S,S,,,,S,S,,,,,,,,,,,S,,,S,S,S,,,,,,,,,,,,,,,,,,,,,,,,,,,,,../data/driams/downloads/DRIAMS-C/id/2018/2018_clean.csv,28070515750_F3,28070515750_F3,562.0,Escherichia
Streptococcus gallolyticus,28070515750_G4,S,S,,,R,,,,,,,R,R,R,R,,S,S,,S,,,,,S,,,,,,,,,,,,,,,,,,,,,,,,,,,,,,,,../data/driams/downloads/DRIAMS-C/id/2018/2018_clean.csv,28070515750_G4,28070515750_G4,315405.0,Streptococcus
Klebsiella oxytoca,28070515750_G5,S,R,S,S,S,S,S,,,,S,S,,,,,,,,,,,S,,,S,S,S,,,,,,,,,,,,,,,,,,,,,,,,,,,,,../data/driams/downloads/DRIAMS-C/id/2018/2018_clean.csv,28070515750_G5,28070515750_G5,571.0,Klebsiella
Streptococcus gallolyticus,28070515750_G6,S,S,,,R,,,,,,,R,R,R,R,,S,S,,S,,,,,S,,,,,,,,,,,,,,,,,,,,,,,,,,,,,,,,../data/driams/downloads/DRIAMS-C/id/2018/2018_clean.csv,28070515750_G6,28070515750_G6,315405.0,Streptococcus
Escherichia coli,28070515750_G7,S,S,S,S,S,S,S,,,,S,S,,,,,,,,,,,S,,,S,S,S,,,,,,,,,,,,,,,,,,,,,,,,,,,,,../data/driams/downloads/DRIAMS-C/id/2018/2018_clean.csv,28070515750_G7,28070515750_G7,562.0,Escherichia
Klebsiella pneumoniae,28070602880_C2,R,R,R,R,S,R,R,,,,S,R,,,,,,,,,,,R,,,S,R,S,,,,,,,,,,,,,,,,,,,,,,,,,,,,,../data/driams/downloads/DRIAMS-C/id/2018/2018_clean.csv,28070602880_C2,28070602880_C2,573.0,Klebsiella
Klebsiella pneumoniae,28070602880_C3,R,R,R,R,S,R,R,,,,S,R,,,,,,,,,,,R,,,S,R,S,,,,,,,,,,,,,,,,,,,,,,,,,,,,,../data/driams/downloads/DRIAMS-C/id/2018/2018_clean.csv,28070602880_C3,28070602880_C3,573.0,Klebsiella
Klebsiella pneumoniae,28070602880_H8,R,R,R,R,S,R,R,,,,S,R,,,,,,,,,,,R,,,S,R,S,,,,,,,,,,,,,,,,,,,,,,,,,,,,,../data/driams/downloads/DRIAMS-C/id/2018/2018_clean.csv,28070602880_H8,28070602880_H8,573.0,Klebsiella
Klebsiella pneumoniae,28070603380_E10,R,R,R,R,S,R,R,,,,S,R,,,,,,,,,,,R,,,S,R,S,,,,,,,,,,,,,,,,,,,,,,,,,,,,,../data/driams/downloads/DRIAMS-C/id/2018/2018_clean.csv,28070603380_E10,28070603380_E10,573.0,Klebsiella
Klebsiella pneumoniae,28070603380_E6,R,R,R,R,S,R,R,,,,S,R,,,,,,,,,,,R,,,S,R,S,,,,,,,,,,,,,,,,,,,,,,,,,,,,,../data/driams/downloads/DRIAMS-C/id/2018/2018_clean.csv,28070603380_E6,28070603380_E6,573.0,Klebsiella
Klebsiella pneumoniae,28070603380_E7,R,R,R,R,S,R,R,,,,S,R,,,,,,,,,,,R,,,S,R,S,,,,,,,,,,,,,,,,,,,,,,,,,,,,,../data/driams/downloads/DRIAMS-C/id/2018/2018_clean.csv,28070603380_E7,28070603380_E7,573.0,Klebsiella
Klebsiella pneumoniae,28070603380_E8,R,R,R,R,S,R,R,,,,S,R,,,,,,,,,,,R,,,S,R,S,,,,,,,,,,,,,,,,,,,,,,,,,,,,,../data/driams/downloads/DRIAMS-C/id/2018/2018_clean.csv,28070603380_E8,28070603380_E8,573.0,Klebsiella
Klebsiella pneumoniae,28070603380_E9,R,R,R,R,S,R,R,,,,S,R,,,,,,,,,,,R,,,S,R,S,,,,,,,,,,,,,,,,,,,,,,,,,,,,,../data/driams/downloads/DRIAMS-C/id/2018/2018_clean.csv,28070603380_E9,28070603380_E9,573.0,Klebsiella
Klebsiella pneumoniae,28070603380_F2,R,R,R,R,S,R,R,,,,S,R,,,,,,,,,,,R,,,S,R,S,,,,,,,,,,,,,,,,,,,,,,,,,,,,,../data/driams/downloads/DRIAMS-C/id/2018/2018_clean.csv,28070603380_F2,28070603380_F2,573.0,Klebsiella
Klebsiella pneumoniae,28070603380_F3,R,R,R,R,S,R,R,,,,S,R,,,,,,,,,,,R,,,S,R,S,,,,,,,,,,,,,,,,,,,,,,,,,,,,,../data/driams/downloads/DRIAMS-C/id/2018/2018_clean.csv,28070603380_F3,28070603380_F3,573.0,Klebsiella
Enterobacter cloacae,28070603440_E12,R,R,S,S,S,S,S,,,,S,S,,,,,,,,,,,S,,,S,S,S,,,,,,,,,,,,,,,,,,,,,,,,,,,,,../data/driams/downloads/DRIAMS-C/id/2018/2018_clean.csv,28070603440_E12,28070603440_E12,550.0,Enterobacter
Klebsiella pneumoniae,28070603480_G5,R,R,R,R,S,R,R,,,,S,R,,,,,,,,,,,R,,,S,R,S,,,,,,,,,,,,,,,,,,,,,,,,,,,,,../data/driams/downloads/DRIAMS-C/id/2018/2018_clean.csv,28070603480_G5,28070603480_G5,573.0,Klebsiella
Escherichia coli,28070603480_F3,S,S,S,S,S,S,S,,,,S,S,,,,,,,,,,,S,,,S,S,S,,,,,,,,,,,,,,,,,,,,,,,,,,,,,../data/driams/downloads/DRIAMS-C/id/2018/2018_clean.csv,28070603480_F3,28070603480_F3,562.0,Escherichia
Proteus vulgaris,28070603480_F5,S,R,S,S,S,S,R,,,,R,S,,,,,,,,,,,S,,,S,S,S,,,,,,,,,,,,,,,,,,,,,,,,,,,,,../data/driams/downloads/DRIAMS-C/id/2018/2018_clean.csv,28070603480_F5,28070603480_F5,585.0,Proteus
Staphylococcus aureus,28070603480_F6,S,R,,S,S,,,,,,,S,S,S,S,S,S,R,S,S,,,,,,,,,,,,,,,,,,,,,,,,,,,,,,,,,,,,,../data/driams/downloads/DRIAMS-C/id/2018/2018_clean.csv,28070603480_F6,28070603480_F6,1280.0,Staphylococcus
Pseudomonas aeruginosa,28070603480_F7,R,R,S,S,S,R,R,,,,S,R,,,,,,,,,,,S,,,S,S,S,,,,,,,,,,,,,,,,,,,,,,,,,,,,,../data/driams/downloads/DRIAMS-C/id/2018/2018_clean.csv,28070603480_F7,28070603480_F7,287.0,Pseudomonas
Enterococcus faecalis,28070604090_D9,S,S,,,,,,S,,,,I,,,,,R,,,,,R,S,,,,,,,,,,,,,,,,,,,,,,,,,,,,,,,,,,../data/driams/downloads/DRIAMS-C/id/2018/2018_clean.csv,28070604090_D9,28070604090_D9,1351.0,Enterococcus
Enterococcus faecalis,28070604140_D10,S,S,,,,,,S,,,,I,,,,,R,,,,,R,S,,,,,,,,,,,,,,,,,,,,,,,,,,,,,,,,,,../data/driams/downloads/DRIAMS-C/id/2018/2018_clean.csv,28070604140_D10,28070604140_D10,1351.0,Enterococcus
Staphylococcus aureus,28070604140_D11,S,R,,S,S,,,S,,S,,S,,,,,S,R,,,,,,,,,,,,,,,S,,,,,,,,,,,,,,,,,,,,,,,,../data/driams/downloads/DRIAMS-C/id/2018/2018_clean.csv,28070604140_D11,28070604140_D11,1280.0,Staphylococcus
Staphylococcus lugdunensis,28070604390_F2,S,R,,S,S,,,,,,,S,S,S,S,S,S,R,S,S,,,,,,,,,,,,,,,,,,,,,,,,,,,,,,,,,,,,,../data/driams/downloads/DRIAMS-C/id/2018/2018_clean.csv,28070604390_F2,28070604390_F2,28035.0,Staphylococcus
Staphylococcus lugdunensis,28070604390_F3,S,R,,S,S,,,,,,,S,S,S,S,S,S,R,S,S,,,,,,,,,,,,,,,,,,,,,,,,,,,,,,,,,,,,,../data/driams/downloads/DRIAMS-C/id/2018/2018_clean.csv,28070604390_F3,28070604390_F3,28035.0,Staphylococcus
Klebsiella aerogenes,28070605420_E5,R,R,R,S,S,R,R,R,R,S,S,S,,,,,,,,,,,R,,,S,S,S,,,,,,,,,,,,,,,,,,,,,,,,,,,,,../data/driams/downloads/DRIAMS-C/id/2018/2018_clean.csv,28070605420_E5,28070605420_E5,548.0,
Klebsiella aerogenes,28070605420_E6,R,R,R,S,S,R,R,R,R,S,S,S,,,,,,,,,,,R,,,S,S,S,,,,,,,,,,,,,,,,,,,,,,,,,,,,,../data/driams/downloads/DRIAMS-C/id/2018/2018_clean.csv,28070605420_E6,28070605420_E6,548.0,
Enterobacter cloacae,28070607570_F6,R,R,S,S,S,S,S,,,,S,S,,,,,,,,,,,S,,,S,S,S,,,,,,,,,,,,,,,,,,,,,,,,,,,,,../data/driams/downloads/DRIAMS-C/id/2018/2018_clean.csv,28070607570_F6,28070607570_F6,550.0,Enterobacter
Enterobacter cloacae,28070607570_F7,R,R,S,S,S,S,S,,,,S,S,,,,,,,,,,,S,,,S,S,S,,,,,,,,,,,,,,,,,,,,,,,,,,,,,../data/driams/downloads/DRIAMS-C/id/2018/2018_clean.csv,28070607570_F7,28070607570_F7,550.0,Enterobacter
Staphylococcus aureus,28070607570_F8,S,R,,S,S,,,,,,,S,S,S,S,S,S,R,S,S,,,,,,,,,,,,,,,,,,,,,,,,,,,,,,,,,,,,,../data/driams/downloads/DRIAMS-C/id/2018/2018_clean.csv,28070607570_F8,28070607570_F8,1280.0,Staphylococcus
Enterococcus faecalis,28070607570_F9,S,S,,,R,,,,,,,,,R,,,R,,,S,S,R,S,,,,,,,,,,,,,,,,,,,,,,,,,,,,,,,,,,../data/driams/downloads/DRIAMS-C/id/2018/2018_clean.csv,28070607570_F9,28070607570_F9,1351.0,Enterococcus
Prevotella bivia,28070607570_F11,S,R,,,,,,,,,,,S,S,,,,R,,,,,,S,,,,,,,,,,,,,,,,,,,,,,,,,,,,,,,,,../data/driams/downloads/DRIAMS-C/id/2018/2018_clean.csv,28070607570_F11,28070607570_F11,28125.0,Prevotella
Enterococcus faecalis,28070607590_E10,S,S,,,,,,S,,,,I,,,,,R,,,,,R,S,,,,,,,,,,,,,,,,,,,,,,,,,,,,,,,,,,../data/driams/downloads/DRIAMS-C/id/2018/2018_clean.csv,28070607590_E10,28070607590_E10,1351.0,Enterococcus
Enterococcus faecalis,28070607590_E9,S,S,,,,,,S,,,,I,,,,,R,,,,,R,S,,,,,,,,,,,,,,,,,,,,,,,,,,,,,,,,,,../data/driams/downloads/DRIAMS-C/id/2018/2018_clean.csv,28070607590_E9,28070607590_E9,1351.0,Enterococcus
Proteus mirabilis,28070702290_F1,S,S,S,S,S,S,S,R,S,S,R,S,,,,,,,,,,,,,,,,,,,,,,,,,,,,,,,,,,,,,,,,,,,,,../data/driams/downloads/DRIAMS-C/id/2018/2018_clean.csv,28070702290_F1,28070702290_F1,584.0,Proteus
Parvimonas micra,28070702520_D2,S,S,,,,,,,,,,,S,S,,,,S,,,,,,S,,,,,,,,,,,,,,,,,,,,,,,,,,,,,,,,,../data/driams/downloads/DRIAMS-C/id/2018/2018_clean.csv,28070702520_D2,28070702520_D2,33033.0,Parvimonas
Parvimonas micra,28070702520_D3,S,S,,,,,,,,,,,S,S,,,,S,,,,,,S,,,,,,,,,,,,,,,,,,,,,,,,,,,,,,,,,../data/driams/downloads/DRIAMS-C/id/2018/2018_clean.csv,28070702520_D3,28070702520_D3,33033.0,Parvimonas
Klebsiella pneumoniae,28070703220_A10,R,R,I,S,S,S,S,,,,S,S,,,,,,,,,,,I,,,S,S,S,,,,,,,,,,,,,,,,,,,,,,,,,,,,,../data/driams/downloads/DRIAMS-C/id/2018/2018_clean.csv,28070703220_A10,28070703220_A10,573.0,Klebsiella
Enterococcus faecalis,28070703220_A8,S,S,,,R,,,,,,,,R,R,,,R,,,S,S,R,S,,,,,,,,,,,,,,,,,,,,,,,,,,,,,,,,,,../data/driams/downloads/DRIAMS-C/id/2018/2018_clean.csv,28070703220_A8,28070703220_A8,1351.0,Enterococcus
Staphylococcus aureus,28070703380_D8,S,R,,S,S,,,,,,,S,S,S,S,S,S,R,S,S,,,,,,,,,,,,,,,,,,,,,,,,,,,,,,,,,,,,,../data/driams/downloads/DRIAMS-C/id/2018/2018_clean.csv,28070703380_D8,28070703380_D8,1280.0,Staphylococcus
Proteus mirabilis,28070704720_F3,S,R,S,S,S,S,S,R,R,S,R,R,,,,,,,,,,,,,,,,,,,,,,,,,,,,,,,,,,,,,,,,,,,,,../data/driams/downloads/DRIAMS-C/id/2018/2018_clean.csv,28070704720_F3,28070704720_F3,584.0,Proteus
Klebsiella pneumoniae,28070705160_F6,S,R,S,S,S,S,S,S,R,S,S,S,,,,,,,,,,,,,,,,,,,,,,,,,,,,,,,,,,,,,,,,,,,,,../data/driams/downloads/DRIAMS-C/id/2018/2018_clean.csv,28070705160_F6,28070705160_F6,573.0,Klebsiella
Enterococcus faecium,28070803550_E5,R,R,,,R,,,,,,,,,R,,,R,,,S,S,S,R,,,,,,,,,,,,,,,,,,,,,,,,,,,,,,,,,,../data/driams/downloads/DRIAMS-C/id/2018/2018_clean.csv,28070803550_E5,28070803550_E5,1352.0,Enterococcus
Enterococcus faecalis,28070803550_E6,S,S,,,R,,,,,,,,,R,,,R,,,S,S,R,S,,,,,,,,,,,,,,,,,,,,,,,,,,,,,,,,,,../data/driams/downloads/DRIAMS-C/id/2018/2018_clean.csv,28070803550_E6,28070803550_E6,1351.0,Enterococcus
Enterococcus faecium,28070803550_C7,R,R,,,R,,,,,,,,,R,,,R,,,S,S,S,R,,,,,,,,,,,,,,,,,,,,,,,,,,,,,,,,,,../data/driams/downloads/DRIAMS-C/id/2018/2018_clean.csv,28070803550_C7,28070803550_C7,1352.0,Enterococcus
Pseudomonas aeruginosa,28070804220_B1,R,R,S,S,S,R,R,,,,S,R,,,,,,,,,,,S,,,S,S,S,,,,,,,,,,,,,,,,,,,,,,,,,,,,,../data/driams/downloads/DRIAMS-C/id/2018/2018_clean.csv,28070804220_B1,28070804220_B1,287.0,Pseudomonas
Pseudomonas aeruginosa,28070804220_B3,R,R,S,S,S,R,R,,,,S,R,,,,,,,,,,,S,,,S,S,S,,,,,,,,,,,,,,,,,,,,,,,,,,,,,../data/driams/downloads/DRIAMS-C/id/2018/2018_clean.csv,28070804220_B3,28070804220_B3,287.0,Pseudomonas
Pseudomonas aeruginosa,28070804220_D2,R,R,S,S,S,R,R,,,,S,R,,,,,,,,,,,S,,,S,S,S,,,,,,,,,,,,,,,,,,,,,,,,,,,,,../data/driams/downloads/DRIAMS-C/id/2018/2018_clean.csv,28070804220_D2,28070804220_D2,287.0,Pseudomonas
Klebsiella pneumoniae,28070804250_B4,R,R,S,S,S,S,S,,,,S,S,,,,,,,,,,,I,,,S,S,S,,,,,,,,,,,,,,,,,,,,,,,,,,,,,../data/driams/downloads/DRIAMS-C/id/2018/2018_clean.csv,28070804250_B4,28070804250_B4,573.0,Klebsiella
Staphylococcus aureus,28070804250_D3,S,S,,S,S,,,,,,,S,S,S,S,S,S,S,S,S,,,,,,,,,,,,,,,,,,,,,,,,,,,,,,,,,,,,,../data/driams/downloads/DRIAMS-C/id/2018/2018_clean.csv,28070804250_D3,28070804250_D3,1280.0,Staphylococcus
Staphylococcus aureus,28070804250_D4,S,S,,S,S,,,,,,,S,S,S,S,S,S,S,S,S,,,,,,,,,,,,,,,,,,,,,,,,,,,,,,,,,,,,,../data/driams/downloads/DRIAMS-C/id/2018/2018_clean.csv,28070804250_D4,28070804250_D4,1280.0,Staphylococcus
Klebsiella pneumoniae,28070804270_B6,R,R,S,S,S,S,S,,,,S,S,,,,,,,,,,,S,,,S,S,S,,,,,,,,,,,,,,,,,,,,,,,,,,,,,../data/driams/downloads/DRIAMS-C/id/2018/2018_clean.csv,28070804270_B6,28070804270_B6,573.0,Klebsiella
Klebsiella pneumoniae,28070804310_B11,S,R,S,S,S,S,S,,,,S,S,,,,,,,,,,,S,,,S,S,S,,,,,,,,,,,,,,,,,,,,,,,,,,,,,../data/driams/downloads/DRIAMS-C/id/2018/2018_clean.csv,28070804310_B11,28070804310_B11,573.0,Klebsiella
Citrobacter koseri,28070804310_B12,S,R,S,S,S,S,R,,,,S,S,,,,,,,,,,,I,,,S,S,S,,,,,,,,,,,,,,,,,,,,,,,,,,,,,../data/driams/downloads/DRIAMS-C/id/2018/2018_clean.csv,28070804310_B12,28070804310_B12,545.0,Citrobacter
Enterococcus faecalis,28070804310_C1,S,S,,,R,,,,,,,,,R,,,R,,,S,S,R,S,,,,,,,,,,,,,,,,,,,,,,,,,,,,,,,,,,../data/driams/downloads/DRIAMS-C/id/2018/2018_clean.csv,28070804310_C1,28070804310_C1,1351.0,Enterococcus
Enterococcus faecalis,28070804310_C2,S,S,,,R,,,,,,,,,R,,,R,,,S,S,R,S,,,,,,,,,,,,,,,,,,,,,,,,,,,,,,,,,,../data/driams/downloads/DRIAMS-C/id/2018/2018_clean.csv,28070804310_C2,28070804310_C2,1351.0,Enterococcus
Escherichia coli,28070804630_E9,S,R,S,S,S,S,S,,,,S,S,,,,,,,,,,,S,,,S,S,S,,,,,,,,,,,,,,,,,,,,,,,,,,,,,../data/driams/downloads/DRIAMS-C/id/2018/2018_clean.csv,28070804630_E9,28070804630_E9,562.0,Escherichia
Enterococcus faecium,28070804630_C10,R,R,,,R,,,,,,,,,R,,,R,,,S,S,S,R,,,,,,,,,,,,,,,,,,,,,,,,,,,,,,,,,,../data/driams/downloads/DRIAMS-C/id/2018/2018_clean.csv,28070804630_C10,28070804630_C10,1352.0,Enterococcus
Enterococcus faecium,28070804630_C11,R,R,,,R,,,,,,,,,R,,,R,,,S,S,S,R,,,,,,,,,,,,,,,,,,,,,,,,,,,,,,,,,,../data/driams/downloads/DRIAMS-C/id/2018/2018_clean.csv,28070804630_C11,28070804630_C11,1352.0,Enterococcus
Bacteroides fragilis,28070804630_C12,S,R,,,,,,,,,,,R,R,,,,R,,,,,,S,,,,,,,,,,,,,,,,,,,,,,,,,,,,,,,,,../data/driams/downloads/DRIAMS-C/id/2018/2018_clean.csv,28070804630_C12,28070804630_C12,817.0,Bacteroides
Bacteroides fragilis,28070804630_D1,S,R,,,,,,,,,,,R,R,,,,R,,,,,,S,,,,,,,,,,,,,,,,,,,,,,,,,,,,,,,,,../data/driams/downloads/DRIAMS-C/id/2018/2018_clean.csv,28070804630_D1,28070804630_D1,817.0,Bacteroides
Staphylococcus aureus,28070804640_E11,S,R,,S,S,,,,,,,S,S,S,S,S,S,R,S,S,,,,,,,,,,,,,,,,,,,,,,,,,,,,,,,,,,,,,../data/driams/downloads/DRIAMS-C/id/2018/2018_clean.csv,28070804640_E11,28070804640_E11,1280.0,Staphylococcus
Haemophilus influenzae,28070904980_A9,R,R,,S,,S,S,,,,,,I,,,,,R,,,,,,,,,,,,,,,,,,,,,,,,,,,,,,,,,,,,,,,../data/driams/downloads/DRIAMS-C/id/2018/2018_clean.csv,28070904980_A9,28070904980_A9,727.0,Haemophilus
Staphylococcus lugdunensis,28070905400_F10,S,R,,S,S,,,S,,S,,S,,,,,S,R,,,,,,,,,,,,,,,S,,,,,,,,,,,,,,,,,,,,,,,,../data/driams/downloads/DRIAMS-C/id/2018/2018_clean.csv,28070905400_F10,28070905400_F10,28035.0,Staphylococcus
Enterococcus faecalis,28070906680_F2,S,S,,,R,,,,,,,,,R,,,R,,,S,S,R,S,,,,,,,,,,,,,,,,,,,,,,,,,,,,,,,,,,../data/driams/downloads/DRIAMS-C/id/2018/2018_clean.csv,28070906680_F2,28070906680_F2,1351.0,Enterococcus
Proteus mirabilis,28070906680_F3,S,R,S,S,S,S,S,,,,R,R,,,,,,,,,,,S,,,S,S,S,,,,,,,,,,,,,,,,,,,,,,,,,,,,,../data/driams/downloads/DRIAMS-C/id/2018/2018_clean.csv,28070906680_F3,28070906680_F3,584.0,Proteus
Escherichia coli,28070908370_H6,S,R,S,S,S,S,S,S,S,S,S,S,,,,,,,,,,,,,,,,,,,,,,,,,,,,,,,,,,,,,,,,,,,,,../data/driams/downloads/DRIAMS-C/id/2018/2018_clean.csv,28070908370_H6,28070908370_H6,562.0,Escherichia
Staphylococcus aureus,28070908780_D10,R,R,,S,S,,,,,,,S,R,S,R,S,R,R,S,S,,,,,,,,,,,,,,,,,,,,,,,,,,,,,,,,,,,,,../data/driams/downloads/DRIAMS-C/id/2018/2018_clean.csv,28070908780_D10,28070908780_D10,1280.0,Staphylococcus
Staphylococcus aureus,28070909120_B2,S,R,,S,S,,,,,,,S,S,S,S,S,S,R,S,S,,,,,,,,,,,,,,,,,,,,,,,,,,,,,,,,,,,,,../data/driams/downloads/DRIAMS-C/id/2018/2018_clean.csv,28070909120_B2,28070909120_B2,1280.0,Staphylococcus
Klebsiella pneumoniae,28070909120_B3,S,R,S,S,S,S,S,,,,S,S,,,,,,,,,,,S,,,S,S,S,,,,,,,,,,,,,,,,,,,,,,,,,,,,,../data/driams/downloads/DRIAMS-C/id/2018/2018_clean.csv,28070909120_B3,28070909120_B3,573.0,Klebsiella
Pseudomonas aeruginosa,28070910360_G5,R,R,S,S,S,R,R,,,,S,R,,,,,,,,,,,S,,,S,S,S,,,,,,,,,,,,,,,,,,,,,,,,,,,,,../data/driams/downloads/DRIAMS-C/id/2018/2018_clean.csv,28070910360_G5,28070910360_G5,287.0,Pseudomonas
Staphylococcus aureus,28070910610_E1,S,R,,S,S,,,,,,,S,S,S,S,S,S,R,S,S,,,,,,,,,,,,,,,,,,,,,,,,,,,,,,,,,,,,,../data/driams/downloads/DRIAMS-C/id/2018/2018_clean.csv,28070910610_E1,28070910610_E1,1280.0,Staphylococcus
Campylobacter jejuni,28070910950_C5,,,,S,,,,,,,,,S,,,,,,,,,,,,,,,,S,S,R,S,,,,,,,,,,,,,,,,,,,,,,,,,../data/driams/downloads/DRIAMS-C/id/2018/2018_clean.csv,28070910950_C5,28070910950_C5,197.0,Campylobacter
Klebsiella oxytoca,28070911960_G7,S,R,S,S,S,S,S,S,R,S,S,S,,,,,,,,,,,,,,,,,,,,,,,,,,,,,,,,,,,,,,,,,,,,,../data/driams/downloads/DRIAMS-C/id/2018/2018_clean.csv,28070911960_G7,28070911960_G7,571.0,Klebsiella
Enterococcus faecalis,28070912080_G11,S,S,,,,,,S,,,,I,,,,,R,,,,,R,S,,,,,,,,,,,,,,,,,,,,,,,,,,,,,,,,,,../data/driams/downloads/DRIAMS-C/id/2018/2018_clean.csv,28070912080_G11,28070912080_G11,1351.0,Enterococcus
Enterococcus faecalis,28070912100_G12,S,S,,,,,,S,,,,I,,,,,R,,,,,R,S,,,,,,,,,,,,,,,,,,,,,,,,,,,,,,,,,,../data/driams/downloads/DRIAMS-C/id/2018/2018_clean.csv,28070912100_G12,28070912100_G12,1351.0,Enterococcus
Escherichia coli,28070912100_H1,S,R,S,S,R,S,S,S,S,S,S,R,,,,,,,,,,,,,,,,,,,,,,,,,,,,,,,,,,,,,,,,,,,,,../data/driams/downloads/DRIAMS-C/id/2018/2018_clean.csv,28070912100_H1,28070912100_H1,562.0,Escherichia
Klebsiella pneumoniae,28070913300_H3,S,R,S,S,S,S,S,R,R,S,S,S,,,,,,,,,,,,,,,,,,,,,,,,,,,,,,,,,,,,,,,,,,,,,../data/driams/downloads/DRIAMS-C/id/2018/2018_clean.csv,28070913300_H3,28070913300_H3,573.0,Klebsiella
Escherichia coli,28071004650_A2,R,R,S,S,S,S,S,,,,S,S,,,,,,,,,,,R,,,S,S,S,,,,,,,,,,,,,,,,,,,,,,,,,,,,,../data/driams/downloads/DRIAMS-C/id/2018/2018_clean.csv,28071004650_A2,28071004650_A2,562.0,Escherichia
Enterococcus faecalis,28071004650_A3,S,S,,,R,,,,,,,,,R,,,R,,,S,S,R,S,,,,,,,,,,,,,,,,,,,,,,,,,,,,,,,,,,../data/driams/downloads/DRIAMS-C/id/2018/2018_clean.csv,28071004650_A3,28071004650_A3,1351.0,Enterococcus
Staphylococcus aureus,28071004650_E7,S,R,,S,S,,,,,,,S,S,S,S,S,S,R,S,S,,,,,,,,,,,,,,,,,,,,,,,,,,,,,,,,,,,,,../data/driams/downloads/DRIAMS-C/id/2018/2018_clean.csv,28071004650_E7,28071004650_E7,1280.0,Staphylococcus
Escherichia coli,28071004650_C4,R,R,S,S,S,S,S,,,,S,S,,,,,,,,,,,R,,,S,S,S,,,,,,,,,,,,,,,,,,,,,,,,,,,,,../data/driams/downloads/DRIAMS-C/id/2018/2018_clean.csv,28071004650_C4,28071004650_C4,562.0,Escherichia
Escherichia coli,28071004650_C5,R,R,S,S,S,S,S,,,,S,S,,,,,,,,,,,R,,,S,S,S,,,,,,,,,,,,,,,,,,,,,,,,,,,,,../data/driams/downloads/DRIAMS-C/id/2018/2018_clean.csv,28071004650_C5,28071004650_C5,562.0,Escherichia
Escherichia coli,28071004650_D5,R,R,S,S,S,S,S,,,,S,S,,,,,,,,,,,R,,,S,S,S,,,,,,,,,,,,,,,,,,,,,,,,,,,,,../data/driams/downloads/DRIAMS-C/id/2018/2018_clean.csv,28071004650_D5,28071004650_D5,562.0,Escherichia
Klebsiella oxytoca,28071004710_A6,S,R,S,S,S,S,S,,,,S,S,,,,,,,,,,,S,,,S,S,S,,,,,,,,,,,,,,,,,,,,,,,,,,,,,../data/driams/downloads/DRIAMS-C/id/2018/2018_clean.csv,28071004710_A6,28071004710_A6,571.0,Klebsiella
Citrobacter amalonaticus,28071004740_A7,R,R,S,S,S,S,S,,,,S,S,,,,,,,,,,,S,,,S,S,S,,,,,,,,,,,,,,,,,,,,,,,,,,,,,../data/driams/downloads/DRIAMS-C/id/2018/2018_clean.csv,28071004740_A7,28071004740_A7,35703.0,Citrobacter
,28071004740_E10,S,R,,,,,,,,,,,S,S,,,,R,,,,,,S,,,,,,,,,,,,,,,,,,,,,,,,,,,,,,,,,../data/driams/downloads/DRIAMS-C/id/2018/2018_clean.csv,28071004740_E10,28071004740_E10,,
,28071004740_E11,S,R,,,,,,,,,,,S,S,,,,R,,,,,,S,,,,,,,,,,,,,,,,,,,,,,,,,,,,,,,,,../data/driams/downloads/DRIAMS-C/id/2018/2018_clean.csv,28071004740_E11,28071004740_E11,,
,28071004740_E9,S,R,,,,,,,,,,,S,S,,,,R,,,,,,S,,,,,,,,,,,,,,,,,,,,,,,,,,,,,,,,,../data/driams/downloads/DRIAMS-C/id/2018/2018_clean.csv,28071004740_E9,28071004740_E9,,
Citrobacter amalonaticus,28071004740_C6,R,R,S,S,S,S,S,,,,S,S,,,,,,,,,,,S,,,S,S,S,,,,,,,,,,,,,,,,,,,,,,,,,,,,,../data/driams/downloads/DRIAMS-C/id/2018/2018_clean.csv,28071004740_C6,28071004740_C6,35703.0,Citrobacter
Citrobacter amalonaticus,28071004740_C7,R,R,S,S,S,S,S,,,,S,S,,,,,,,,,,,S,,,S,S,S,,,,,,,,,,,,,,,,,,,,,,,,,,,,,../data/driams/downloads/DRIAMS-C/id/2018/2018_clean.csv,28071004740_C7,28071004740_C7,35703.0,Citrobacter
Klebsiella pneumoniae,28071008630_A6,S,R,S,S,S,S,S,R,R,S,S,R,,,,,,,,,,,,,,,,,,,,,,,,,,,,,,,,,,,,,,,,,,,,,../data/driams/downloads/DRIAMS-C/id/2018/2018_clean.csv,28071008630_A6,28071008630_A6,573.0,Klebsiella
Pseudomonas aeruginosa,28071009930_A10,R,R,S,S,S,R,R,,,,S,R,,,,,,,,,,,S,,,S,S,S,,,,,,,,,,,,,,,,,,,,,,,,,,,,,../data/driams/downloads/DRIAMS-C/id/2018/2018_clean.csv,28071009930_A10,28071009930_A10,287.0,Pseudomonas
Klebsiella aerogenes,28071009930_A8,R,R,S,S,S,S,S,R,R,S,S,S,,,,,,,,,,,S,,,S,S,S,,,,,,,,,,,,,,,,,,,,,,,,,,,,,../data/driams/downloads/DRIAMS-C/id/2018/2018_clean.csv,28071009930_A8,28071009930_A8,548.0,
Serratia marcescens,28071009930_A9,R,R,S,S,S,S,R,R,R,S,R,S,,,,,,,,,,,S,,,S,S,S,,,,,,,,,,,,,,,,,,,,,,,,,,,,,../data/driams/downloads/DRIAMS-C/id/2018/2018_clean.csv,28071009930_A9,28071009930_A9,615.0,Serratia
Citrobacter koseri,28071009970_A11,S,R,S,S,S,S,S,S,S,S,S,S,,,,,,,,,,,,,,,,,,,,,,,,,,,,,,,,,,,,,,,,,,,,,../data/driams/downloads/DRIAMS-C/id/2018/2018_clean.csv,28071009970_A11,28071009970_A11,545.0,Citrobacter
Enterococcus faecalis,28071010190_B3,S,S,,,,,,S,,,,I,,,,,R,,,,,R,S,,,,,,,,,,,,,,,,,,,,,,,,,,,,,,,,,,../data/driams/downloads/DRIAMS-C/id/2018/2018_clean.csv,28071010190_B3,28071010190_B3,1351.0,Enterococcus
Citrobacter koseri,28071011050_B4,S,R,S,S,S,S,S,S,S,S,S,S,,,,,,,,,,,,,,,,,,,,,,,,,,,,,,,,,,,,,,,,,,,,,../data/driams/downloads/DRIAMS-C/id/2018/2018_clean.csv,28071011050_B4,28071011050_B4,545.0,Citrobacter
Escherichia coli,28071012350_G10,S,S,S,S,S,S,S,,,,S,S,,,,,,,,,,,S,,,S,S,S,,,,,,,,,,,,,,,,,,,,,,,,,,,,,../data/driams/downloads/DRIAMS-C/id/2018/2018_clean.csv,28071012350_G10,28071012350_G10,562.0,Escherichia
Staphylococcus aureus,28071013390_H2,S,R,,S,S,,,,,,,S,S,S,S,S,S,R,S,S,,,,,,,,,,,,,,,,,,,,,,,,,,,,,,,,,,,,,../data/driams/downloads/DRIAMS-C/id/2018/2018_clean.csv,28071013390_H2,28071013390_H2,1280.0,Staphylococcus
Enterococcus faecalis,28071013590_B5,S,S,,,,,,S,,,,I,,,,,R,,,,,R,S,,,,,,,,,,,,,,,,,,,,,,,,,,,,,,,,,,../data/driams/downloads/DRIAMS-C/id/2018/2018_clean.csv,28071013590_B5,28071013590_B5,1351.0,Enterococcus
Escherichia coli,28071013590_B6,S,R,S,S,R,S,S,S,S,S,S,S,,,,,,,,,,,,,,,,,,,,,,,,,,,,,,,,,,,,,,,,,,,,,../data/driams/downloads/DRIAMS-C/id/2018/2018_clean.csv,28071013590_B6,28071013590_B6,562.0,Escherichia
Proteus mirabilis,28071102810_C1,S,R,S,S,S,S,S,R,S,S,R,R,,,,,,,,,,,,,,,,,,,,,,,,,,,,,,,,,,,,,,,,,,,,,../data/driams/downloads/DRIAMS-C/id/2018/2018_clean.csv,28071102810_C1,28071102810_C1,584.0,Proteus
Staphylococcus aureus,28071103620_C12,S,R,,S,S,,,,,,,S,S,S,S,S,S,R,S,S,,,,,,,,,,,,,,,,,,,,,,,,,,,,,,,,,,,,,../data/driams/downloads/DRIAMS-C/id/2018/2018_clean.csv,28071103620_C12,28071103620_C12,1280.0,Staphylococcus
Klebsiella oxytoca,28071107310_C5,S,R,S,S,S,S,S,S,R,S,S,S,,,,,,,,,,,,,,,,,,,,,,,,,,,,,,,,,,,,,,,,,,,,,../data/driams/downloads/DRIAMS-C/id/2018/2018_clean.csv,28071107310_C5,28071107310_C5,571.0,Klebsiella
Citrobacter koseri,28071109830_D2,S,R,S,S,S,S,S,,,,S,S,,,,,,,,,,,S,,,S,S,S,,,,,,,,,,,,,,,,,,,,,,,,,,,,,../data/driams/downloads/DRIAMS-C/id/2018/2018_clean.csv,28071109830_D2,28071109830_D2,545.0,Citrobacter
Klebsiella pneumoniae,28071110550_C6,S,R,S,S,S,S,S,S,R,S,S,R,,,,,,,,,,,,,,,,,,,,,,,,,,,,,,,,,,,,,,,,,,,,,../data/driams/downloads/DRIAMS-C/id/2018/2018_clean.csv,28071110550_C6,28071110550_C6,573.0,Klebsiella
Enterococcus faecalis,28071110590_C7,S,S,,,,,,S,,,,I,,,,,R,,,,,R,S,,,,,,,,,,,,,,,,,,,,,,,,,,,,,,,,,,../data/driams/downloads/DRIAMS-C/id/2018/2018_clean.csv,28071110590_C7,28071110590_C7,1351.0,Enterococcus
Pseudomonas aeruginosa,28071110590_C8,R,R,S,S,S,R,R,,,,S,R,,,,,,,,,,,S,,,S,S,S,,,,,,,,,,,,,,,,,,,,,,,,,,,,,../data/driams/downloads/DRIAMS-C/id/2018/2018_clean.csv,28071110590_C8,28071110590_C8,287.0,Pseudomonas
Staphylococcus aureus,28071110910_E7,S,S,,S,S,,,,,,,S,S,S,S,S,S,S,S,S,,,,,,,,,,,,,,,,,,,,,,,,,,,,,,,,,,,,,../data/driams/downloads/DRIAMS-C/id/2018/2018_clean.csv,28071110910_E7,28071110910_E7,1280.0,Staphylococcus
Staphylococcus aureus,28071110910_E8,S,S,,S,S,,,,,,,S,S,S,S,S,S,S,S,S,,,,,,,,,,,,,,,,,,,,,,,,,,,,,,,,,,,,,../data/driams/downloads/DRIAMS-C/id/2018/2018_clean.csv,28071110910_E8,28071110910_E8,1280.0,Staphylococcus
Pseudomonas aeruginosa,28071111720_D3,R,R,S,S,S,R,R,,,,S,R,,,,,,,,,,,S,,,S,S,S,,,,,,,,,,,,,,,,,,,,,,,,,,,,,../data/driams/downloads/DRIAMS-C/id/2018/2018_clean.csv,28071111720_D3,28071111720_D3,287.0,Pseudomonas
Staphylococcus aureus,28071111720_D4,S,R,,S,S,,,,,,,S,S,S,S,S,S,R,S,S,,,,,,,,,,,,,,,,,,,,,,,,,,,,,,,,,,,,,../data/driams/downloads/DRIAMS-C/id/2018/2018_clean.csv,28071111720_D4,28071111720_D4,1280.0,Staphylococcus
Enterococcus faecalis,28071112980_B10,S,S,,,R,,,,,,,,,R,,,R,,,S,S,R,S,,,,,,,,,,,,,,,,,,,,,,,,,,,,,,,,,,../data/driams/downloads/DRIAMS-C/id/2018/2018_clean.csv,28071112980_B10,28071112980_B10,1351.0,Enterococcus
Enterococcus faecalis,28071112980_E1,S,S,,,R,,,,,,,,,R,,,R,,,S,S,R,S,,,,,,,,,,,,,,,,,,,,,,,,,,,,,,,,,,../data/driams/downloads/DRIAMS-C/id/2018/2018_clean.csv,28071112980_E1,28071112980_E1,1351.0,Enterococcus
Escherichia coli,28071112980_H2,S,R,S,S,S,S,S,,,,S,R,,,,,,,,,,,S,,,S,S,S,,,,,,,,,,,,,,,,,,,,,,,,,,,,,../data/driams/downloads/DRIAMS-C/id/2018/2018_clean.csv,28071112980_H2,28071112980_H2,562.0,Escherichia
Klebsiella pneumoniae,28071113240_D10,S,R,S,S,S,S,S,,,,S,S,,,,,,,,,,,S,,,S,S,S,,,,,,,,,,,,,,,,,,,,,,,,,,,,,../data/driams/downloads/DRIAMS-C/id/2018/2018_clean.csv,28071113240_D10,28071113240_D10,573.0,Klebsiella
Pseudomonas aeruginosa,28071113240_D7,R,R,S,S,S,R,R,,,,S,R,,,,,,,,,,,S,,,S,S,S,,,,,,,,,,,,,,,,,,,,,,,,,,,,,../data/driams/downloads/DRIAMS-C/id/2018/2018_clean.csv,28071113240_D7,28071113240_D7,287.0,Pseudomonas
Klebsiella pneumoniae,28071113240_D8,S,R,S,S,S,S,S,,,,S,S,,,,,,,,,,,S,,,S,S,S,,,,,,,,,,,,,,,,,,,,,,,,,,,,,../data/driams/downloads/DRIAMS-C/id/2018/2018_clean.csv,28071113240_D8,28071113240_D8,573.0,Klebsiella
Klebsiella pneumoniae,28071113240_D9,S,R,S,S,S,S,S,,,,S,S,,,,,,,,,,,S,,,S,S,S,,,,,,,,,,,,,,,,,,,,,,,,,,,,,../data/driams/downloads/DRIAMS-C/id/2018/2018_clean.csv,28071113240_D9,28071113240_D9,573.0,Klebsiella
Klebsiella pneumoniae,28071203210_A10,S,R,S,S,S,S,S,,,,S,S,,,,,,,,,,,S,,,S,S,S,,,,,,,,,,,,,,,,,,,,,,,,,,,,,../data/driams/downloads/DRIAMS-C/id/2018/2018_clean.csv,28071203210_A10,28071203210_A10,573.0,Klebsiella
Klebsiella pneumoniae,28071203210_A11,S,R,S,S,S,S,S,,,,S,S,,,,,,,,,,,S,,,S,S,S,,,,,,,,,,,,,,,,,,,,,,,,,,,,,../data/driams/downloads/DRIAMS-C/id/2018/2018_clean.csv,28071203210_A11,28071203210_A11,573.0,Klebsiella
Staphylococcus aureus,28071203210_A8,S,R,,S,S,,,,,,,S,S,S,S,S,S,R,S,S,,,,,,,,,,,,,,,,,,,,,,,,,,,,,,,,,,,,,../data/driams/downloads/DRIAMS-C/id/2018/2018_clean.csv,28071203210_A8,28071203210_A8,1280.0,Staphylococcus
Pseudomonas aeruginosa,28071203210_A9,R,R,S,S,S,R,R,,,,S,R,,,,,,,,,,,S,,,S,S,S,,,,,,,,,,,,,,,,,,,,,,,,,,,,,../data/driams/downloads/DRIAMS-C/id/2018/2018_clean.csv,28071203210_A9,28071203210_A9,287.0,Pseudomonas
Escherichia coli,28071205190_D4,S,S,S,S,S,S,S,S,S,S,S,S,,,,,,,,,,,,,,,,,,,,,,,,,,,,,,,,,,,,,,,,,,,,,../data/driams/downloads/DRIAMS-C/id/2018/2018_clean.csv,28071205190_D4,28071205190_D4,562.0,Escherichia
Enterobacter cloacae,28071205270_D6,R,R,R,S,S,R,R,S,R,S,S,S,,,,,,,,,,,,,,,,,,,,,,,,,,,,,,,,,,,,,,,,,,,,,../data/driams/downloads/DRIAMS-C/id/2018/2018_clean.csv,28071205270_D6,28071205270_D6,550.0,Enterobacter
Enterobacter cloacae,28071205270_D7,R,R,R,S,S,R,R,S,R,S,S,S,,,,,,,,,,,,,,,,,,,,,,,,,,,,,,,,,,,,,,,,,,,,,../data/driams/downloads/DRIAMS-C/id/2018/2018_clean.csv,28071205270_D7,28071205270_D7,550.0,Enterobacter
Staphylococcus aureus,28071205820_C10,S,R,,S,S,,,,,,,S,R,R,S,S,S,R,S,S,,,,,,,,,,,,,,,,,,,,,,,,,,,,,,,,,,,,,../data/driams/downloads/DRIAMS-C/id/2018/2018_clean.csv,28071205820_C10,28071205820_C10,1280.0,Staphylococcus
Klebsiella pneumoniae,28071206170_D8,R,R,R,R,S,R,R,R,R,R,S,R,,,,,,,,,,,R,,,S,R,S,,,,,,,,,,,,,,,,,,,,,,,,,,,,,../data/driams/downloads/DRIAMS-C/id/2018/2018_clean.csv,28071206170_D8,28071206170_D8,573.0,Klebsiella
Staphylococcus aureus,28071208730_C1,S,R,,S,S,,,,,,,S,S,S,S,S,S,R,S,S,,,,,,,,,,,,,,,,,,,,,,,,,,,,,,,,,,,,,../data/driams/downloads/DRIAMS-C/id/2018/2018_clean.csv,28071208730_C1,28071208730_C1,1280.0,Staphylococcus
Staphylococcus lugdunensis,28071209110_B4,S,S,,S,S,,,,,,,S,S,S,S,S,S,S,S,S,,,,,,,,,,,,,,,,,,,,,,,,,,,,,,,,,,,,,../data/driams/downloads/DRIAMS-C/id/2018/2018_clean.csv,28071209110_B4,28071209110_B4,28035.0,Staphylococcus
Proteus mirabilis,28071209190_B5,R,R,R,S,I,R,R,,,,R,S,,,,,,,,,,,S,,,S,R,S,,,,,,,,,,,,,,,,,S,,,,,,,,,,,,../data/driams/downloads/DRIAMS-C/id/2018/2018_clean.csv,28071209190_B5,28071209190_B5,584.0,Proteus
Staphylococcus lugdunensis,28071210470_B8,S,S,,S,S,,,,,,,S,S,S,S,S,S,S,S,S,,,,,,,,,,,,,,,,,,,,,,,,,,,,,,,,,,,,,../data/driams/downloads/DRIAMS-C/id/2018/2018_clean.csv,28071210470_B8,28071210470_B8,28035.0,Staphylococcus
Staphylococcus aureus,28071211050_B10,S,R,,S,S,,,,,,,S,S,S,S,S,S,R,S,S,,,,,,,,,,,,,,,,,,,,,,,,,,,,,,,,,,,,,../data/driams/downloads/DRIAMS-C/id/2018/2018_clean.csv,28071211050_B10,28071211050_B10,1280.0,Staphylococcus
Staphylococcus aureus,28071211050_B8,S,R,,S,S,,,,,,,S,S,S,S,S,S,R,S,S,,,,,,,,,,,,,,,,,,,,,,,,,,,,,,,,,,,,,../data/driams/downloads/DRIAMS-C/id/2018/2018_clean.csv,28071211050_B8,28071211050_B8,1280.0,Staphylococcus
Staphylococcus aureus,28071211050_B9,S,R,,S,S,,,,,,,S,S,S,S,S,S,R,S,S,,,,,,,,,,,,,,,,,,,,,,,,,,,,,,,,,,,,,../data/driams/downloads/DRIAMS-C/id/2018/2018_clean.csv,28071211050_B9,28071211050_B9,1280.0,Staphylococcus
Staphylococcus aureus,28071302170_A5,S,R,,S,S,,,,,,,S,S,S,S,S,S,R,S,S,,,,,,,,,,,,,,,,S,,,,,,,,,,,,,,,,,,,,,../data/driams/downloads/DRIAMS-C/id/2018/2018_clean.csv,28071302170_A5,28071302170_A5,1280.0,Staphylococcus
Staphylococcus aureus,28071302170_A6,S,R,,S,S,,,,,,,S,S,S,S,S,S,R,S,S,,,,,,,,,,,,,,,,S,,,,,,,,,,,,,,,,,,,,,../data/driams/downloads/DRIAMS-C/id/2018/2018_clean.csv,28071302170_A6,28071302170_A6,1280.0,Staphylococcus
Klebsiella pneumoniae,28071306170_E10,S,R,S,S,S,S,S,,,,S,S,,,,,,,,,,,S,,,S,S,S,,,,,,,,,,,,,,,,,,,,,,,,,,,,,../data/driams/downloads/DRIAMS-C/id/2018/2018_clean.csv,28071306170_E10,28071306170_E10,573.0,Klebsiella
Enterococcus faecalis,28071306170_E9,S,S,,,R,,,,,,,,,R,,,R,,,S,S,R,S,,,,,,,,,,,,,,,,,,,,,,,,,,,,,,,,,,../data/driams/downloads/DRIAMS-C/id/2018/2018_clean.csv,28071306170_E9,28071306170_E9,1351.0,Enterococcus
Staphylococcus aureus,28071306200_E11,S,R,,S,S,,,,,,,S,R,R,S,S,S,R,S,S,,,,,,,,,,,,,,,,,,,,,,,,,,,,,,,,,,,,,../data/driams/downloads/DRIAMS-C/id/2018/2018_clean.csv,28071306200_E11,28071306200_E11,1280.0,Staphylococcus
Klebsiella pneumoniae,28071307850_E9,S,R,S,S,S,S,S,R,R,S,S,R,,,,,,,,,,,,,,,,,,,,,,,,,,,,,,,,,,,,,,,,,,,,,../data/driams/downloads/DRIAMS-C/id/2018/2018_clean.csv,28071307850_E9,28071307850_E9,573.0,Klebsiella
Klebsiella pneumoniae,28071307850_A2,S,R,S,S,S,S,S,R,R,S,S,R,,,,,,,,,,,,,,,,,,,,,,,,,,,,,,,,,,,,,,,,,,,,,../data/driams/downloads/DRIAMS-C/id/2018/2018_clean.csv,28071307850_A2,28071307850_A2,573.0,Klebsiella
Staphylococcus aureus,28071309060_A10,S,S,,S,S,,,,,,,S,S,S,S,S,S,S,S,S,,,,,,,,,,,,,,,,,,,,,,,,,,,,,,,,,,,,,../data/driams/downloads/DRIAMS-C/id/2018/2018_clean.csv,28071309060_A10,28071309060_A10,1280.0,Staphylococcus
Pseudomonas aeruginosa,28071309070_D1,R,R,S,S,S,R,R,,,,S,R,,,,,,,,,,,S,,,S,S,S,,,,,,,,,,,,,,,,,,,,,,,,,,,,,../data/driams/downloads/DRIAMS-C/id/2018/2018_clean.csv,28071309070_D1,28071309070_D1,287.0,Pseudomonas
Pseudomonas aeruginosa,28071309070_D2,R,R,S,S,S,R,R,,,,S,R,,,,,,,,,,,S,,,S,S,S,,,,,,,,,,,,,,,,,,,,,,,,,,,,,../data/driams/downloads/DRIAMS-C/id/2018/2018_clean.csv,28071309070_D2,28071309070_D2,287.0,Pseudomonas
Pseudomonas aeruginosa,28071309070_D3,R,R,S,S,S,R,R,,,,S,R,,,,,,,,,,,S,,,S,S,S,,,,,,,,,,,,,,,,,,,,,,,,,,,,,../data/driams/downloads/DRIAMS-C/id/2018/2018_clean.csv,28071309070_D3,28071309070_D3,287.0,Pseudomonas
Enterobacter cloacae,28071309080_B1,R,R,R,S,S,R,R,,,,S,S,,,,,,,,,,,R,,,S,R,S,,,,,,,,,,,,,,,,,,,,,,,,,,,,,../data/driams/downloads/DRIAMS-C/id/2018/2018_clean.csv,28071309080_B1,28071309080_B1,550.0,Enterobacter
Enterobacter cloacae,28071309080_B2,R,R,R,S,S,R,R,,,,S,S,,,,,,,,,,,R,,,S,R,S,,,,,,,,,,,,,,,,,,,,,,,,,,,,,../data/driams/downloads/DRIAMS-C/id/2018/2018_clean.csv,28071309080_B2,28071309080_B2,550.0,Enterobacter
Enterobacter cloacae,28071309080_D4,R,R,R,S,S,R,R,,,,S,S,,,,,,,,,,,R,,,S,R,S,,,,,,,,,,,,,,,,,,,,,,,,,,,,,../data/driams/downloads/DRIAMS-C/id/2018/2018_clean.csv,28071309080_D4,28071309080_D4,550.0,Enterobacter
Enterobacter cloacae,28071309080_D5,R,R,R,S,S,R,R,,,,S,S,,,,,,,,,,,R,,,S,R,S,,,,,,,,,,,,,,,,,,,,,,,,,,,,,../data/driams/downloads/DRIAMS-C/id/2018/2018_clean.csv,28071309080_D5,28071309080_D5,550.0,Enterobacter
Pseudomonas aeruginosa,28071309080_D6,R,R,S,S,S,R,R,,,,S,R,,,,,,,,,,,S,,,S,S,S,,,,,,,,,,,,,,,,,,,,,,,,,,,,,../data/driams/downloads/DRIAMS-C/id/2018/2018_clean.csv,28071309080_D6,28071309080_D6,287.0,Pseudomonas
Enterococcus faecium,28071309090_B3,R,R,,,R,,,,,,,,,R,,,R,,,S,S,S,R,,,,,,,,,,,,,,,,,,,,,,,,,,,,,,,,,,../data/driams/downloads/DRIAMS-C/id/2018/2018_clean.csv,28071309090_B3,28071309090_B3,1352.0,Enterococcus
Escherichia coli,28071309090_B4,S,,S,S,S,S,S,,,,S,S,,,,,,,,,,,S,,,S,S,S,,,,,,,,,,,,,,,,,,,,,,,,,,,,,../data/driams/downloads/DRIAMS-C/id/2018/2018_clean.csv,28071309090_B4,28071309090_B4,562.0,Escherichia
Escherichia coli,28071309090_B5,S,,S,S,S,S,S,,,,S,S,,,,,,,,,,,S,,,S,S,S,,,,,,,,,,,,,,,,,,,,,,,,,,,,,../data/driams/downloads/DRIAMS-C/id/2018/2018_clean.csv,28071309090_B5,28071309090_B5,562.0,Escherichia
Bacteroides fragilis,28071309090_D7,S,R,,,,,,,,,,,R,R,,,,R,,,,,,S,,,,,,,,,,,,,,,,,,,,,,,,,,,,,,,,,../data/driams/downloads/DRIAMS-C/id/2018/2018_clean.csv,28071309090_D7,28071309090_D7,817.0,Bacteroides
Klebsiella aerogenes,28071309290_F1,R,R,S,S,S,S,S,S,S,S,S,S,,,,,,,,,,,,,,,,,,,,,,,,,,,,,,,,,,,,,,,,,,,,,../data/driams/downloads/DRIAMS-C/id/2018/2018_clean.csv,28071309290_F1,28071309290_F1,548.0,
Pseudomonas aeruginosa,28071309330_F2,R,R,S,S,S,R,R,,,,S,R,,,,,,,,,,,S,,,S,S,S,,,,,,,,,,,,,,,,,,,,,,,,,,,,,../data/driams/downloads/DRIAMS-C/id/2018/2018_clean.csv,28071309330_F2,28071309330_F2,287.0,Pseudomonas
Enterococcus faecalis,28071309330_F3,S,S,,,,,,S,,,,I,,,,,S,,,,,R,S,,,,,,,,,,,,,,,,,,,,,,,,,,,,,,,,,,../data/driams/downloads/DRIAMS-C/id/2018/2018_clean.csv,28071309330_F3,28071309330_F3,1351.0,Enterococcus
Enterococcus faecalis,28071309330_A4,S,S,,,,,,S,,,,I,,,,,S,,,,,R,S,,,,,,,,,,,,,,,,,,,,,,,,,,,,,,,,,,../data/driams/downloads/DRIAMS-C/id/2018/2018_clean.csv,28071309330_A4,28071309330_A4,1351.0,Enterococcus
Staphylococcus aureus,28071309510_F5,S,R,,S,S,,,S,,S,,S,,,,,S,R,,,,,,,,,,,,,,,S,,,,,,,,,,,,,,,,,,,,,,,,../data/driams/downloads/DRIAMS-C/id/2018/2018_clean.csv,28071309510_F5,28071309510_F5,1280.0,Staphylococcus
Enterococcus faecalis,28071309510_A5,S,S,,,,,,S,,,,I,,,,,R,,,,,R,S,,,,,,,,,,,,,,,,,,,,,,,,,,,,,,,,,,../data/driams/downloads/DRIAMS-C/id/2018/2018_clean.csv,28071309510_A5,28071309510_A5,1351.0,Enterococcus
Pseudomonas aeruginosa,28071310370_F7,R,R,S,S,S,R,R,,,,S,R,,,,,,,,,,,S,,,S,S,S,,,,,,,,,,,,,,,,,,,,,,,,,,,,,../data/driams/downloads/DRIAMS-C/id/2018/2018_clean.csv,28071310370_F7,28071310370_F7,287.0,Pseudomonas
Enterococcus faecalis,28071310370_F8,S,S,,,,,,S,,,,I,,,,,R,,,,,R,S,,,,,,,,,,,,,,,,,,,,,,,,,,,,,,,,,,../data/driams/downloads/DRIAMS-C/id/2018/2018_clean.csv,28071310370_F8,28071310370_F8,1351.0,Enterococcus
Enterococcus faecalis,28071310370_C5,S,S,,,,,,S,,,,I,,,,,R,,,,,R,S,,,,,,,,,,,,,,,,,,,,,,,,,,,,,,,,,,../data/driams/downloads/DRIAMS-C/id/2018/2018_clean.csv,28071310370_C5,28071310370_C5,1351.0,Enterococcus
Staphylococcus aureus,28071311390_B6,S,R,,S,S,,,,,,,S,S,S,S,S,S,R,S,S,,,,,,,,,,,,,,,,,,,,,,,,,,,,,,,,,,,,,../data/driams/downloads/DRIAMS-C/id/2018/2018_clean.csv,28071311390_B6,28071311390_B6,1280.0,Staphylococcus
Enterococcus faecalis,28071311390_E3,S,S,,,R,,,,,,,,,R,,,R,,,S,S,R,S,,,,,,,,,,,,,,,,,,,,,,,,,,,,,,,,,,../data/driams/downloads/DRIAMS-C/id/2018/2018_clean.csv,28071311390_E3,28071311390_E3,1351.0,Enterococcus
Brucella anthropi,28071311390_E4,R,R,R,S,S,R,R,,,,S,S,,,,,,,,,,,R,,,S,R,S,,,,,,,,,,,,,,,,,,,,,,,,,,,,,../data/driams/downloads/DRIAMS-C/id/2018/2018_clean.csv,28071311390_E4,28071311390_E4,529.0,
Hallella bergensis,28071311390_E5,S,S,,,,,,,,,,,S,S,,,,S,,,,,,S,,,,,,,,,,,,,,,,,,,,,,,,,,,,,,,,,../data/driams/downloads/DRIAMS-C/id/2018/2018_clean.csv,28071311390_E5,28071311390_E5,242750.0,
Hallella bergensis,28071311390_A1,S,S,,,,,,,,,,,S,S,,,,S,,,,,,S,,,,,,,,,,,,,,,,,,,,,,,,,,,,,,,,,../data/driams/downloads/DRIAMS-C/id/2018/2018_clean.csv,28071311390_A1,28071311390_A1,242750.0,
Campylobacter jejuni,28071311490_C8,,,,S,,,,,,,,,S,,,,,,,,,,,,,,,,S,S,R,S,,,,,,,,,,,,,,,,,,,,,,,,,../data/driams/downloads/DRIAMS-C/id/2018/2018_clean.csv,28071311490_C8,28071311490_C8,197.0,Campylobacter
Escherichia coli,28071311590_F9,S,R,S,S,S,S,S,S,S,S,S,S,,,,,,,,,,,,,,,,,,,,,,,,,,,,,,,,,,,,,,,,,,,,,../data/driams/downloads/DRIAMS-C/id/2018/2018_clean.csv,28071311590_F9,28071311590_F9,562.0,Escherichia
Enterococcus faecalis,28071311610_F10,S,S,,,,,,S,,,,I,,,,,R,,,,,R,S,,,,,,,,,,,,,,,,,,,,,,,,,,,,,,,,,,../data/driams/downloads/DRIAMS-C/id/2018/2018_clean.csv,28071311610_F10,28071311610_F10,1351.0,Enterococcus
Pasteurella multocida,28071311820_C2,,S,,S,,,,,,,,S,,,,,,S,,,,,,,,,,,,,,S,,,,,,,,,,,,S,,,,,,,,,,,,,../data/driams/downloads/DRIAMS-C/id/2018/2018_clean.csv,28071311820_C2,28071311820_C2,747.0,Pasteurella
Pasteurella multocida,28071311820_D7,,S,,S,,,,,,,,S,,,,,,S,,,,,,,,,,,,,,S,,,,,,,,,,,,S,,,,,,,,,,,,,../data/driams/downloads/DRIAMS-C/id/2018/2018_clean.csv,28071311820_D7,28071311820_D7,747.0,Pasteurella
Haemophilus influenzae,28071311820_D8,S,S,,S,,S,S,,,,,,I,,,,,S,,,,,,,,,,,,,,,,,,,,,,,,,,,,,,,,,,,,,,,../data/driams/downloads/DRIAMS-C/id/2018/2018_clean.csv,28071311820_D8,28071311820_D8,727.0,Haemophilus
Pasteurella multocida,28071311820_B1,,S,,S,,,,,,,,S,,,,,,S,,,,,,,,,,,,,,S,,,,,,,,,,,,S,,,,,,,,,,,,,../data/driams/downloads/DRIAMS-C/id/2018/2018_clean.csv,28071311820_B1,28071311820_B1,747.0,Pasteurella
Pasteurella multocida,28071311820_B3,,S,,S,,,,,,,,S,,,,,,S,,,,,,,,,,,,,,S,,,,,,,,,,,,S,,,,,,,,,,,,,../data/driams/downloads/DRIAMS-C/id/2018/2018_clean.csv,28071311820_B3,28071311820_B3,747.0,Pasteurella
Pasteurella multocida,28071311820_B4,,S,,S,,,,,,,,S,,,,,,S,,,,,,,,,,,,,,S,,,,,,,,,,,,S,,,,,,,,,,,,,../data/driams/downloads/DRIAMS-C/id/2018/2018_clean.csv,28071311820_B4,28071311820_B4,747.0,Pasteurella
Pasteurella multocida,28071311820_C4,,S,,S,,,,,,,,S,,,,,,S,,,,,,,,,,,,,,S,,,,,,,,,,,,S,,,,,,,,,,,,,../data/driams/downloads/DRIAMS-C/id/2018/2018_clean.csv,28071311820_C4,28071311820_C4,747.0,Pasteurella
Pasteurella multocida,28071311820_C5,,S,,S,,,,,,,,S,,,,,,S,,,,,,,,,,,,,,S,,,,,,,,,,,,S,,,,,,,,,,,,,../data/driams/downloads/DRIAMS-C/id/2018/2018_clean.csv,28071311820_C5,28071311820_C5,747.0,Pasteurella
Pasteurella multocida,28071311820_C7,,S,,S,,,,,,,,S,,,,,,S,,,,,,,,,,,,,,S,,,,,,,,,,,,S,,,,,,,,,,,,,../data/driams/downloads/DRIAMS-C/id/2018/2018_clean.csv,28071311820_C7,28071311820_C7,747.0,Pasteurella
Klebsiella oxytoca,28071311930_F7,S,R,S,S,S,S,S,,,,S,S,,,,,,,,,,,S,,,S,S,S,,,,,,,,,,,,,,,,,,,,,,,,,,,,,../data/driams/downloads/DRIAMS-C/id/2018/2018_clean.csv,28071311930_F7,28071311930_F7,571.0,Klebsiella
Escherichia coli,28071311930_C5,S,S,S,S,S,S,S,,,,S,S,,,,,,,,,,,S,,,S,S,S,,,,,,,,,,,,,,,,,,,,,,,,,,,,,../data/driams/downloads/DRIAMS-C/id/2018/2018_clean.csv,28071311930_C5,28071311930_C5,562.0,Escherichia
Morganella morganii,28071311930_C6,R,R,S,S,S,S,R,,,,R,S,,,,,,,,,,,S,,,S,S,S,,,,,,,,,,,,,,,,,,,,,,,,,,,,,../data/driams/downloads/DRIAMS-C/id/2018/2018_clean.csv,28071311930_C6,28071311930_C6,582.0,Morganella
Morganella morganii,28071311930_C7,R,R,S,S,S,S,R,,,,R,S,,,,,,,,,,,S,,,S,S,S,,,,,,,,,,,,,,,,,,,,,,,,,,,,,../data/driams/downloads/DRIAMS-C/id/2018/2018_clean.csv,28071311930_C7,28071311930_C7,582.0,Morganella
Citrobacter freundii,28071402000_C3,R,R,S,S,S,S,S,,,,S,S,,,,,,,,,,,S,,,S,S,S,,,,,,,,,,,,,,,,,,,,,,,,,,,,,../data/driams/downloads/DRIAMS-C/id/2018/2018_clean.csv,28071402000_C3,28071402000_C3,546.0,Citrobacter
Pseudomonas aeruginosa,28071402000_C5,R,R,S,S,S,R,R,,,,S,R,,,,,,,,,,,S,,,S,S,S,,,,,,,,,,,,,,,,,,,,,,,,,,,,,../data/driams/downloads/DRIAMS-C/id/2018/2018_clean.csv,28071402000_C5,28071402000_C5,287.0,Pseudomonas
Raoultella ornithinolytica,28071402000_F9,S,R,S,S,S,S,S,,,,S,S,,,,,,,,,,,S,,,S,S,S,,,,,,,,,,,,,,,,,,,,,,,,,,,,,../data/driams/downloads/DRIAMS-C/id/2018/2018_clean.csv,28071402000_F9,28071402000_F9,54291.0,Raoultella
Staphylococcus aureus,28071402930_B2,R,R,,S,S,,,,,,,S,R,S,S,S,R,R,S,S,,S,,,,,,,,,,,,,,,,,,,,,,,,,,,,,,,,,,,../data/driams/downloads/DRIAMS-C/id/2018/2018_clean.csv,28071402930_B2,28071402930_B2,1280.0,Staphylococcus
Staphylococcus aureus,28071402930_E3,R,R,,S,S,,,,,,,S,R,S,S,S,R,R,S,S,,S,,,,,,,,,,,,,,,,,,,,,,,,,,,,,,,,,,,../data/driams/downloads/DRIAMS-C/id/2018/2018_clean.csv,28071402930_E3,28071402930_E3,1280.0,Staphylococcus
Staphylococcus aureus,28071402930_E4,R,R,,S,S,,,,,,,S,R,S,S,S,R,R,S,S,,S,,,,,,,,,,,,,,,,,,,,,,,,,,,,,,,,,,,../data/driams/downloads/DRIAMS-C/id/2018/2018_clean.csv,28071402930_E4,28071402930_E4,1280.0,Staphylococcus
Staphylococcus aureus,28071402930_E5,R,R,,S,S,,,,,,,S,R,S,S,S,R,R,S,S,,S,,,,,,,,,,,,,,,,,,,,,,,,,,,,,,,,,,,../data/driams/downloads/DRIAMS-C/id/2018/2018_clean.csv,28071402930_E5,28071402930_E5,1280.0,Staphylococcus
Klebsiella pneumoniae,28071403390_C6,S,R,S,S,S,S,S,,,,S,S,,,,,,,,,,,S,,,S,S,S,,,,,,,,,,,,,,,,,,,,,,,,,,,,,../data/driams/downloads/DRIAMS-C/id/2018/2018_clean.csv,28071403390_C6,28071403390_C6,573.0,Klebsiella
Staphylococcus aureus,28071403390_C7,S,R,,S,S,,,,,,,S,S,S,S,S,S,R,S,S,,,,,,,,,,,,,,,,,,,,,,,,,,,,,,,,,,,,,../data/driams/downloads/DRIAMS-C/id/2018/2018_clean.csv,28071403390_C7,28071403390_C7,1280.0,Staphylococcus
Staphylococcus aureus,28071404870_C8,R,R,,S,S,,,,,,,S,S,S,S,S,R,R,S,S,,S,,,,,,,,,,,,,,,,,,,,,,,,,,,,,,,,,,,../data/driams/downloads/DRIAMS-C/id/2018/2018_clean.csv,28071404870_C8,28071404870_C8,1280.0,Staphylococcus
Klebsiella oxytoca,28071502280_D10,S,R,S,S,S,S,S,,,,S,S,,,,,,,,,,,S,,,S,S,S,,,,,,,,,,,,,,,,,,,,,,,,,,,,,../data/driams/downloads/DRIAMS-C/id/2018/2018_clean.csv,28071502280_D10,28071502280_D10,571.0,Klebsiella
Escherichia coli,28071502280_D9,S,R,S,S,S,S,S,,,,S,R,,,,,,,,,,,S,,,S,S,S,,,,,,,,,,,,,,,,,,,,,,,,,,,,,../data/driams/downloads/DRIAMS-C/id/2018/2018_clean.csv,28071502280_D9,28071502280_D9,562.0,Escherichia
Escherichia coli,28071502410_B10,S,S,S,S,S,S,S,,,,S,S,,,,,,,,,,,S,,,S,S,S,,,,,,,,,,,,,,,,,,,,,,,,,,,,,../data/driams/downloads/DRIAMS-C/id/2018/2018_clean.csv,28071502410_B10,28071502410_B10,562.0,Escherichia
Klebsiella oxytoca,28071502410_B11,S,R,S,S,S,S,S,,,,S,S,,,,,,,,,,,S,,,S,S,S,,,,,,,,,,,,,,,,,,,,,,,,,,,,,../data/driams/downloads/DRIAMS-C/id/2018/2018_clean.csv,28071502410_B11,28071502410_B11,571.0,Klebsiella
Klebsiella oxytoca,28071502410_B12,S,R,S,S,S,S,S,,,,S,S,,,,,,,,,,,S,,,S,S,S,,,,,,,,,,,,,,,,,,,,,,,,,,,,,../data/driams/downloads/DRIAMS-C/id/2018/2018_clean.csv,28071502410_B12,28071502410_B12,571.0,Klebsiella
Morganella morganii,28071502410_F10,R,R,S,S,S,S,R,,,,R,S,,,,,,,,,,,S,,,S,S,S,,,,,,,,,,,,,,,,,,,,,,,,,,,,,../data/driams/downloads/DRIAMS-C/id/2018/2018_clean.csv,28071502410_F10,28071502410_F10,582.0,Morganella
Bacteroides fragilis,28071502410_F11,S,R,,,,,,,,,,,S,S,,,,R,,,,,,S,,,,,,,,,,,,,,,,,,,,,,,,,,,,,,,,,../data/driams/downloads/DRIAMS-C/id/2018/2018_clean.csv,28071502410_F11,28071502410_F11,817.0,Bacteroides
Staphylococcus aureus,28071502420_C1,S,R,,S,S,,,,,,,S,S,S,S,S,S,R,S,S,,,,,,,,,,,,,,,,,,,,,,,,,,,,,,,,,,,,,../data/driams/downloads/DRIAMS-C/id/2018/2018_clean.csv,28071502420_C1,28071502420_C1,1280.0,Staphylococcus
Haemophilus influenzae,28071502430_A2,S,S,,R,,S,S,,,,,,I,,,,,S,,,,,,,,,,,,,,,,,,,,,,,,,,,,,,,,,,,,,,,../data/driams/downloads/DRIAMS-C/id/2018/2018_clean.csv,28071502430_A2,28071502430_A2,727.0,Haemophilus
Neisseria weaveri,28071603800_G6,S,S,,S,,S,,,,,,,,,S,,,S,,,,,,,,,,,,,,,,,,,,,,,,,,,,,,,,,,,,,,,../data/driams/downloads/DRIAMS-C/id/2018/2018_clean.csv,28071603800_G6,28071603800_G6,28091.0,Neisseria
Staphylococcus aureus,28071603820_G7,S,R,,S,S,,,,,,,S,S,S,S,R,S,R,S,S,,,,,,,,,,,,,,,,,,,,,,,,,,,,,,,,,,,,,../data/driams/downloads/DRIAMS-C/id/2018/2018_clean.csv,28071603820_G7,28071603820_G7,1280.0,Staphylococcus
Stenotrophomonas maltophilia,28071605290_A5,,,,,,,,,,,,S,,,,,,,,,,,,,,,,,,,,,,,,,,,,,,,,,,,,,,,,,,,,,../data/driams/downloads/DRIAMS-C/id/2018/2018_clean.csv,28071605290_A5,28071605290_A5,40324.0,Stenotrophomonas
Achromobacter xylosoxidans,28071605290_C11,S,R,S,S,R,R,R,,,,S,S,,,,,,,,,,,S,,,R,R,S,,,,,,,,,,,,,,,,,,,,,,,,,,,,,../data/driams/downloads/DRIAMS-C/id/2018/2018_clean.csv,28071605290_C11,28071605290_C11,85698.0,Achromobacter
Pseudomonas aeruginosa,28071606900_H3,R,R,S,S,R,R,R,,,,S,R,,,,,,,,,,,S,,,I,R,S,,,,,,,,,,,,,,,,,,,,,,,,,,,,,../data/driams/downloads/DRIAMS-C/id/2018/2018_clean.csv,28071606900_H3,28071606900_H3,287.0,Pseudomonas
Staphylococcus aureus,28071607030_G3,S,S,,S,S,,,,,,,S,S,S,S,S,S,S,S,S,,,,,,,,,,,,,,,,,,,,,,,,,,,,,,,,,,,,,../data/driams/downloads/DRIAMS-C/id/2018/2018_clean.csv,28071607030_G3,28071607030_G3,1280.0,Staphylococcus
Staphylococcus aureus,28071607030_G4,S,S,,S,S,,,,,,,S,S,S,S,S,S,S,S,S,,,,,,,,,,,,,,,,,,,,,,,,,,,,,,,,,,,,,../data/driams/downloads/DRIAMS-C/id/2018/2018_clean.csv,28071607030_G4,28071607030_G4,1280.0,Staphylococcus
Enterococcus faecalis,28071607700_C7,S,S,,,,,,S,,,,I,,,,,R,,,,,R,S,,,,,,,,,,,,,,,,,,,,,,,,,,,,,,,,,,../data/driams/downloads/DRIAMS-C/id/2018/2018_clean.csv,28071607700_C7,28071607700_C7,1351.0,Enterococcus
Klebsiella pneumoniae,28071607750_C8,S,R,S,S,S,S,S,S,R,S,S,S,,,,,,,,,,,,,,,,,,,,,,,,,,,,,,,,,,,,,,,,,,,,,../data/driams/downloads/DRIAMS-C/id/2018/2018_clean.csv,28071607750_C8,28071607750_C8,573.0,Klebsiella
Pseudomonas aeruginosa,28071607800_C11,R,R,S,S,S,R,R,,,,S,R,,,,,,,,,,,S,,,S,S,S,,,,,,,,,,,,,,,,,,,,,,,,,,,,,../data/driams/downloads/DRIAMS-C/id/2018/2018_clean.csv,28071607800_C11,28071607800_C11,287.0,Pseudomonas
Escherichia coli,28071608490_D3,S,S,S,S,S,S,S,S,S,S,S,S,,,,,,,,,,,,,,,,,,,,,,,,,,,,,,,,,,,,,,,,,,,,,../data/driams/downloads/DRIAMS-C/id/2018/2018_clean.csv,28071608490_D3,28071608490_D3,562.0,Escherichia
Staphylococcus lugdunensis,28071608490_D4,S,R,,S,S,,,S,,S,,S,,,,,S,R,,,,,,,,,,,,,,,S,,,,,,,,,,,,,,,,,,,,,,,,../data/driams/downloads/DRIAMS-C/id/2018/2018_clean.csv,28071608490_D4,28071608490_D4,28035.0,Staphylococcus
Enterobacter cloacae,28071608640_F9,R,R,S,S,S,S,S,,,,S,S,,,,,,,,,,,S,,,S,S,S,,,,,,,,,,,,,,,,,,,,,,,,,,,,,../data/driams/downloads/DRIAMS-C/id/2018/2018_clean.csv,28071608640_F9,28071608640_F9,550.0,Enterobacter
Escherichia coli,28071609500_H10,R,R,S,S,S,S,S,,,,S,S,,,,,,,,,,,S,,,S,S,S,,,,,,,,,,,,,,,,,,,,,,,,,,,,,../data/driams/downloads/DRIAMS-C/id/2018/2018_clean.csv,28071609500_H10,28071609500_H10,562.0,Escherichia
Enterobacter cloacae,28071609500_H11,R,R,S,S,S,S,S,,,,S,S,,,,,,,,,,,S,,,S,S,S,,,,,,,,,,,,,,,,,,,,,,,,,,,,,../data/driams/downloads/DRIAMS-C/id/2018/2018_clean.csv,28071609500_H11,28071609500_H11,550.0,Enterobacter
Enterobacter cloacae,28071609500_H12,R,R,S,S,S,S,S,,,,S,S,,,,,,,,,,,S,,,S,S,S,,,,,,,,,,,,,,,,,,,,,,,,,,,,,../data/driams/downloads/DRIAMS-C/id/2018/2018_clean.csv,28071609500_H12,28071609500_H12,550.0,Enterobacter
Proteus mirabilis,28071609500_H7,S,R,S,S,S,S,S,,,,R,R,,,,,,,,,,,S,,,S,S,S,,,,,,,,,,,,,,,,,,,,,,,,,,,,,../data/driams/downloads/DRIAMS-C/id/2018/2018_clean.csv,28071609500_H7,28071609500_H7,584.0,Proteus
Enterococcus faecalis,28071609500_H8,S,S,,,R,,,,,,,,,R,,,R,,,S,S,R,S,,,,,,,,,,,,,,,,,,,,,,,,,,,,,,,,,,../data/driams/downloads/DRIAMS-C/id/2018/2018_clean.csv,28071609500_H8,28071609500_H8,1351.0,Enterococcus
Enterococcus faecium,28071609500_H9,R,R,,,R,,,,,,,,,R,,,R,,,S,S,S,R,,,,,,,,,,,,,,,,,,,,,,,,,,,,,,,,,,../data/driams/downloads/DRIAMS-C/id/2018/2018_clean.csv,28071609500_H9,28071609500_H9,1352.0,Enterococcus
Enterococcus faecium,28071609500_A12,R,R,,,R,,,,,,,,,R,,,R,,,S,S,S,R,,,,,,,,,,,,,,,,,,,,,,,,,,,,,,,,,,../data/driams/downloads/DRIAMS-C/id/2018/2018_clean.csv,28071609500_A12,28071609500_A12,1352.0,Enterococcus
Escherichia coli,28071609500_B1,R,R,S,S,S,S,S,,,,S,S,,,,,,,,,,,S,,,S,S,S,,,,,,,,,,,,,,,,,,,,,,,,,,,,,../data/driams/downloads/DRIAMS-C/id/2018/2018_clean.csv,28071609500_B1,28071609500_B1,562.0,Escherichia
Pseudomonas aeruginosa,28071609720_D5,R,R,S,S,S,R,R,,,,S,R,,,,,,,,,,,S,,,S,S,S,,,,,,,,,,,,,,,,,,,,,,,,,,,,,../data/driams/downloads/DRIAMS-C/id/2018/2018_clean.csv,28071609720_D5,28071609720_D5,287.0,Pseudomonas
Enterococcus faecalis,28071610050_D8,S,S,,,,,,S,,,,I,,,,,R,,,,,R,S,,,,,,,,,,,,,,,,,,,,,,,,,,,,,,,,,,../data/driams/downloads/DRIAMS-C/id/2018/2018_clean.csv,28071610050_D8,28071610050_D8,1351.0,Enterococcus
Klebsiella pneumoniae,28071610560_D11,S,R,S,S,S,S,S,S,R,S,S,S,,,,,,,,,,,,,,,,,,,,,,,,,,,,,,,,,,,,,,,,,,,,,../data/driams/downloads/DRIAMS-C/id/2018/2018_clean.csv,28071610560_D11,28071610560_D11,573.0,Klebsiella
Citrobacter koseri,28071610560_D12,S,R,S,S,S,S,S,S,S,S,S,S,,,,,,,,,,,,,,,,,,,,,,,,,,,,,,,,,,,,,,,,,,,,,../data/driams/downloads/DRIAMS-C/id/2018/2018_clean.csv,28071610560_D12,28071610560_D12,545.0,Citrobacter
Escherichia coli,28071611200_E6,S,R,S,S,S,S,S,S,S,S,S,R,,,,,,,,,,,,,,,,,,,,,,,,,,,,,,,,,,,,,,,,,,,,,../data/driams/downloads/DRIAMS-C/id/2018/2018_clean.csv,28071611200_E6,28071611200_E6,562.0,Escherichia
Enterococcus faecalis,28071611250_E7,S,S,,,,,,S,,,,I,,,,,R,,,,,R,S,,,,,,,,,,,,,,,,,,,,,,,,,,,,,,,,,,../data/driams/downloads/DRIAMS-C/id/2018/2018_clean.csv,28071611250_E7,28071611250_E7,1351.0,Enterococcus
Klebsiella pneumoniae,28071611250_E8,S,R,S,S,S,S,S,S,S,S,S,S,,,,,,,,,,,,,,,,,,,,,,,,,,,,,,,,,,,,,,,,,,,,,../data/driams/downloads/DRIAMS-C/id/2018/2018_clean.csv,28071611250_E8,28071611250_E8,573.0,Klebsiella
Klebsiella pneumoniae,28071611250_E9,S,R,S,S,S,S,S,S,S,S,S,S,,,,,,,,,,,,,,,,,,,,,,,,,,,,,,,,,,,,,,,,,,,,,../data/driams/downloads/DRIAMS-C/id/2018/2018_clean.csv,28071611250_E9,28071611250_E9,573.0,Klebsiella
Escherichia coli,28071611610_G7,S,S,S,S,S,S,S,,,,S,S,,,,,,,,,,,S,,,S,S,S,,,,,,,,,,,,,,,,,,,,,,,,,,,,,../data/driams/downloads/DRIAMS-C/id/2018/2018_clean.csv,28071611610_G7,28071611610_G7,562.0,Escherichia
Escherichia coli,28071611610_G8,S,S,S,S,S,S,S,,,,S,S,,,,,,,,,,,S,,,S,S,S,,,,,,,,,,,,,,,,,,,,,,,,,,,,,../data/driams/downloads/DRIAMS-C/id/2018/2018_clean.csv,28071611610_G8,28071611610_G8,562.0,Escherichia
Staphylococcus aureus,28071611610_G9,S,R,,S,S,,,,,,,S,S,S,S,S,S,R,S,S,,,,,,,,,,,,,,,,,,,,,,,,,,,,,,,,,,,,,../data/driams/downloads/DRIAMS-C/id/2018/2018_clean.csv,28071611610_G9,28071611610_G9,1280.0,Staphylococcus
Escherichia coli,28071611610_B6,S,S,S,S,S,S,S,,,,S,S,,,,,,,,,,,S,,,S,S,S,,,,,,,,,,,,,,,,,,,,,,,,,,,,,../data/driams/downloads/DRIAMS-C/id/2018/2018_clean.csv,28071611610_B6,28071611610_B6,562.0,Escherichia
Staphylococcus aureus,28071611960_G11,S,R,,S,S,,,,,,,S,S,S,S,S,S,R,S,S,,,,,,,,,,,,,,,,,,,,,,,,,,,,,,,,,,,,,../data/driams/downloads/DRIAMS-C/id/2018/2018_clean.csv,28071611960_G11,28071611960_G11,1280.0,Staphylococcus
Enterococcus faecium,28071612770_F10,R,R,,,R,,,,,,,,,R,,,R,,,S,S,S,R,,,,,,,,,,,,,,,,,,,,,,,,,,,,,,,,,,../data/driams/downloads/DRIAMS-C/id/2018/2018_clean.csv,28071612770_F10,28071612770_F10,1352.0,Enterococcus
Enterococcus faecium,28071612770_F9,R,R,,,R,,,,,,,,,R,,,R,,,S,S,S,R,,,,,,,,,,,,,,,,,,,,,,,,,,,,,,,,,,../data/driams/downloads/DRIAMS-C/id/2018/2018_clean.csv,28071612770_F9,28071612770_F9,1352.0,Enterococcus
Haemophilus influenzae,28071612960_B10,S,S,,S,,S,S,,,,,,I,,,,,S,,,,,,,,,,,,,,,,,,,,,,,,,,,,,,,,,,,,,,,../data/driams/downloads/DRIAMS-C/id/2018/2018_clean.csv,28071612960_B10,28071612960_B10,727.0,Haemophilus
Escherichia coli,28071706530_B4,R,R,S,S,S,S,S,,,,S,S,,,,,,,,,,,S,,,S,S,S,,,,,,,,,,,,,,,,,,,,,,,,,,,,,../data/driams/downloads/DRIAMS-C/id/2018/2018_clean.csv,28071706530_B4,28071706530_B4,562.0,Escherichia
Klebsiella pneumoniae,28071706530_B5,S,R,S,S,S,S,S,,,,S,S,,,,,,,,,,,S,,,S,S,S,,,,,,,,,,,,,,,,,,,,,,,,,,,,,../data/driams/downloads/DRIAMS-C/id/2018/2018_clean.csv,28071706530_B5,28071706530_B5,573.0,Klebsiella
Escherichia coli,28071706530_B6,R,R,S,S,S,S,S,,,,S,S,,,,,,,,,,,S,,,S,S,S,,,,,,,,,,,,,,,,,,,,,,,,,,,,,../data/driams/downloads/DRIAMS-C/id/2018/2018_clean.csv,28071706530_B6,28071706530_B6,562.0,Escherichia
Escherichia coli,28071706530_C3,R,R,S,S,S,S,S,,,,S,S,,,,,,,,,,,S,,,S,S,S,,,,,,,,,,,,,,,,,,,,,,,,,,,,,../data/driams/downloads/DRIAMS-C/id/2018/2018_clean.csv,28071706530_C3,28071706530_C3,562.0,Escherichia
Haemophilus influenzae,28071706630_B9,S,S,,S,,S,S,,,,,,I,,,,,S,,,,,,,,,,,,,,,,,,,,,,,,,,,,,,,,,,,,,,,../data/driams/downloads/DRIAMS-C/id/2018/2018_clean.csv,28071706630_B9,28071706630_B9,727.0,Haemophilus
Haemophilus influenzae,28071706630_C7,S,S,,S,,S,S,,,,,,I,,,,,S,,,,,,,,,,,,,,,,,,,,,,,,,,,,,,,,,,,,,,,../data/driams/downloads/DRIAMS-C/id/2018/2018_clean.csv,28071706630_C7,28071706630_C7,727.0,Haemophilus
Klebsiella oxytoca,28071708040_E12,S,R,S,S,S,S,S,,,,S,S,,,,,,,,,,,S,,,S,S,S,,,,,,,,,,,,,,,,,,,,,,,,,,,,,../data/driams/downloads/DRIAMS-C/id/2018/2018_clean.csv,28071708040_E12,28071708040_E12,571.0,Klebsiella
Klebsiella oxytoca,28071708040_A9,S,R,S,S,S,S,S,,,,S,S,,,,,,,,,,,S,,,S,S,S,,,,,,,,,,,,,,,,,,,,,,,,,,,,,../data/driams/downloads/DRIAMS-C/id/2018/2018_clean.csv,28071708040_A9,28071708040_A9,571.0,Klebsiella
Klebsiella oxytoca,28071708040_C8,S,R,S,S,S,S,S,,,,S,S,,,,,,,,,,,S,,,S,S,S,,,,,,,,,,,,,,,,,,,,,,,,,,,,,../data/driams/downloads/DRIAMS-C/id/2018/2018_clean.csv,28071708040_C8,28071708040_C8,571.0,Klebsiella
Klebsiella oxytoca,28071708040_C9,S,R,S,S,S,S,S,,,,S,S,,,,,,,,,,,S,,,S,S,S,,,,,,,,,,,,,,,,,,,,,,,,,,,,,../data/driams/downloads/DRIAMS-C/id/2018/2018_clean.csv,28071708040_C9,28071708040_C9,571.0,Klebsiella
Klebsiella pneumoniae,28071708060_G5,S,R,S,S,S,S,S,S,R,S,S,S,,,,,,,,,,,,,,,,,,,,,,,,,,,,,,,,,,,,,,,,,,,,,../data/driams/downloads/DRIAMS-C/id/2018/2018_clean.csv,28071708060_G5,28071708060_G5,573.0,Klebsiella
Pseudomonas aeruginosa,28071708110_G7,R,R,S,S,S,R,R,,,,S,R,,,,,,,,,,,S,,,S,S,S,,,,,,,,,,,,,,,,,,,,,,,,,,,,,../data/driams/downloads/DRIAMS-C/id/2018/2018_clean.csv,28071708110_G7,28071708110_G7,287.0,Pseudomonas
Enterococcus faecalis,28071708110_G8,S,S,,,,,,S,,,,I,,,,,R,,,,,R,S,,,,,,,,,,,,,,,,,,,,,,,,,,,,,,,,,,../data/driams/downloads/DRIAMS-C/id/2018/2018_clean.csv,28071708110_G8,28071708110_G8,1351.0,Enterococcus
Escherichia coli,28071708230_G11,R,R,R,R,R,R,R,S,R,R,S,R,,,,,,,,,,,R,,,S,R,S,,,,,,,,,,,,,,,,,,,,,,,,,,,,,../data/driams/downloads/DRIAMS-C/id/2018/2018_clean.csv,28071708230_G11,28071708230_G11,562.0,Escherichia
Escherichia coli,28071708230_C1,R,R,R,R,R,R,R,S,R,R,S,R,,,,,,,,,,,R,,,S,R,S,,,,,,,,,,,,,,,,,,,,,,,,,,,,,../data/driams/downloads/DRIAMS-C/id/2018/2018_clean.csv,28071708230_C1,28071708230_C1,562.0,Escherichia
Proteus mirabilis,28071708340_G12,S,S,S,S,S,S,S,R,R,S,R,R,,,,,,,,,,,,,,,,,,,,,,,,,,,,,,,,,,,,,,,,,,,,,../data/driams/downloads/DRIAMS-C/id/2018/2018_clean.csv,28071708340_G12,28071708340_G12,584.0,Proteus
Escherichia coli,28071708360_H2,S,S,S,S,S,S,S,S,S,S,S,S,,,,,,,,,,,,,,,,,,,,,,,,,,,,,,,,,,,,,,,,,,,,,../data/driams/downloads/DRIAMS-C/id/2018/2018_clean.csv,28071708360_H2,28071708360_H2,562.0,Escherichia
Enterococcus faecalis,28071708360_H3,S,S,,,,,,S,,,,I,,,,,R,,,,,R,S,,,,,,,,,,,,,,,,,,,,,,,,,,,,,,,,,,../data/driams/downloads/DRIAMS-C/id/2018/2018_clean.csv,28071708360_H3,28071708360_H3,1351.0,Enterococcus
Enterococcus faecalis,28071708360_G6,S,S,,,,,,S,,,,I,,,,,R,,,,,R,S,,,,,,,,,,,,,,,,,,,,,,,,,,,,,,,,,,../data/driams/downloads/DRIAMS-C/id/2018/2018_clean.csv,28071708360_G6,28071708360_G6,1351.0,Enterococcus
Enterococcus faecalis,28071708860_C1,S,S,,,R,,,,,,,,,R,,,R,,,S,S,R,S,,,,,,,,,,,,,,,,,,,,,,,,,,,,,,,,,,../data/driams/downloads/DRIAMS-C/id/2018/2018_clean.csv,28071708860_C1,28071708860_C1,1351.0,Enterococcus
Staphylococcus aureus,28071708940_C4,S,R,,S,S,,,,,,,S,S,S,R,S,S,R,S,S,,,,,,,,,,,,,,,,,,,,,,,,,,,,,,,,,,,,,../data/driams/downloads/DRIAMS-C/id/2018/2018_clean.csv,28071708940_C4,28071708940_C4,1280.0,Staphylococcus
Escherichia coli,28071708940_E4,R,R,S,S,S,S,S,,,,S,S,,,,,,,,,,,S,,,S,S,S,,,,,,,,,,,,,,,,,,,,,,,,,,,,,../data/driams/downloads/DRIAMS-C/id/2018/2018_clean.csv,28071708940_E4,28071708940_E4,562.0,Escherichia
Klebsiella pneumoniae,28071709370_H5,S,R,S,S,S,S,S,S,R,S,S,S,,,,,,,,,,,,,,,,,,,,,,,,,,,,,,,,,,,,,,,,,,,,,../data/driams/downloads/DRIAMS-C/id/2018/2018_clean.csv,28071709370_H5,28071709370_H5,573.0,Klebsiella
Staphylococcus aureus,28071709720_C6,S,S,,S,S,,,,,,,S,S,S,S,S,S,S,S,S,,,,,,,,,,,,,,,,,,,,,,,,,,,,,,,,,,,,,../data/driams/downloads/DRIAMS-C/id/2018/2018_clean.csv,28071709720_C6,28071709720_C6,1280.0,Staphylococcus
Staphylococcus aureus,28071711430_C9,S,R,,S,S,,,,,,,S,S,S,S,S,S,R,S,S,,,,,,,,,,,,,,,,,,,,,,,,,,,,,,,,,,,,,../data/driams/downloads/DRIAMS-C/id/2018/2018_clean.csv,28071711430_C9,28071711430_C9,1280.0,Staphylococcus
Raoultella ornithinolytica,28071711460_H11,S,R,S,S,S,S,S,S,R,S,S,S,,,,,,,,,,,,,,,,,,,,,,,,,,,,,,,,,,,,,,,,,,,,,../data/driams/downloads/DRIAMS-C/id/2018/2018_clean.csv,28071711460_H11,28071711460_H11,54291.0,Raoultella
Prevotella bivia,28071712170_C8,S,R,,,,,,,,,,,S,S,,,,R,,,,,,S,,,,,,,,,,,,,,,,,,,,,,,,,,,,,,,,,../data/driams/downloads/DRIAMS-C/id/2018/2018_clean.csv,28071712170_C8,28071712170_C8,28125.0,Prevotella
Escherichia coli,28071802250_C12,S,S,S,S,S,S,S,,,,S,S,,,,,,,,,,,S,,,S,S,S,,,,,,,,,,,,,,,,,,,,,,,,,,,,,../data/driams/downloads/DRIAMS-C/id/2018/2018_clean.csv,28071802250_C12,28071802250_C12,562.0,Escherichia
Escherichia coli,28071802250_D1,S,S,S,S,S,S,S,,,,S,S,,,,,,,,,,,S,,,S,S,S,,,,,,,,,,,,,,,,,,,,,,,,,,,,,../data/driams/downloads/DRIAMS-C/id/2018/2018_clean.csv,28071802250_D1,28071802250_D1,562.0,Escherichia
Klebsiella pneumoniae,28071802250_D2,S,R,S,S,S,S,S,,,,S,S,,,,,,,,,,,S,,,S,S,S,,,,,,,,,,,,,,,,,,,,,,,,,,,,,../data/driams/downloads/DRIAMS-C/id/2018/2018_clean.csv,28071802250_D2,28071802250_D2,573.0,Klebsiella
Staphylococcus aureus,28071805770_F8,S,R,,S,S,,,,,,,S,S,S,S,S,S,R,S,S,,,,,,,,,,,,,,,,,,,,,,,,,,,,,,,,,,,,,../data/driams/downloads/DRIAMS-C/id/2018/2018_clean.csv,28071805770_F8,28071805770_F8,1280.0,Staphylococcus
Escherichia coli,28071806330_C6,S,S,S,S,S,S,S,,,,S,S,,,,,,,,,,,S,,,S,S,S,,,,,,,,,,,,,,,,,,,,,,,,,,,,,../data/driams/downloads/DRIAMS-C/id/2018/2018_clean.csv,28071806330_C6,28071806330_C6,562.0,Escherichia
Escherichia coli,28071806330_C7,S,S,S,S,S,S,S,,,,S,S,,,,,,,,,,,S,,,S,S,S,,,,,,,,,,,,,,,,,,,,,,,,,,,,,../data/driams/downloads/DRIAMS-C/id/2018/2018_clean.csv,28071806330_C7,28071806330_C7,562.0,Escherichia
Escherichia coli,28071806330_D1,S,S,S,S,S,S,S,,,,S,S,,,,,,,,,,,S,,,S,S,S,,,,,,,,,,,,,,,,,,,,,,,,,,,,,../data/driams/downloads/DRIAMS-C/id/2018/2018_clean.csv,28071806330_D1,28071806330_D1,562.0,Escherichia
Escherichia coli,28071806330_D2,S,S,S,S,S,S,S,,,,S,S,,,,,,,,,,,S,,,S,S,S,,,,,,,,,,,,,,,,,,,,,,,,,,,,,../data/driams/downloads/DRIAMS-C/id/2018/2018_clean.csv,28071806330_D2,28071806330_D2,562.0,Escherichia
Staphylococcus aureus,28071808290_D3,S,R,,S,S,,,,,,,S,S,S,S,S,S,R,S,S,,,,,,,,,,,,,,,,,,,,,,,,,,,,,,,,,,,,,../data/driams/downloads/DRIAMS-C/id/2018/2018_clean.csv,28071808290_D3,28071808290_D3,1280.0,Staphylococcus
Enterobacter cloacae,28071808340_A4,R,R,S,S,S,S,S,,,,S,S,,,,,,,,,,,S,,,S,S,S,,,,,,,,,,,,,,,,,,,,,,,,,,,,,../data/driams/downloads/DRIAMS-C/id/2018/2018_clean.csv,28071808340_A4,28071808340_A4,550.0,Enterobacter
Enterobacter cloacae,28071808340_A5,R,R,S,S,S,S,S,,,,S,S,,,,,,,,,,,S,,,S,S,S,,,,,,,,,,,,,,,,,,,,,,,,,,,,,../data/driams/downloads/DRIAMS-C/id/2018/2018_clean.csv,28071808340_A5,28071808340_A5,550.0,Enterobacter
Enterobacter cloacae,28071808400_C4,R,R,S,S,S,S,S,,,,S,S,,,,,,,,,,,S,,,S,S,S,,,,,,,,,,,,,,,,,,,,,,,,,,,,,../data/driams/downloads/DRIAMS-C/id/2018/2018_clean.csv,28071808400_C4,28071808400_C4,550.0,Enterobacter
Enterobacter cloacae,28071809260_B3,R,R,S,S,S,S,S,S,R,S,S,S,,,,,,,,,,,,,,,,,,,,,,,,,,,,,,,,,,,,,,,,,,,,,../data/driams/downloads/DRIAMS-C/id/2018/2018_clean.csv,28071809260_B3,28071809260_B3,550.0,Enterobacter
Klebsiella oxytoca,28071809260_B4,S,R,S,S,S,S,S,S,R,S,S,S,,,,,,,,,,,,,,,,,,,,,,,,,,,,,,,,,,,,,,,,,,,,,../data/driams/downloads/DRIAMS-C/id/2018/2018_clean.csv,28071809260_B4,28071809260_B4,571.0,Klebsiella
Enterobacter cloacae,28071809360_B6,R,R,R,S,S,R,R,R,S,S,S,R,,,,,,,,,,,S,,,S,R,S,,,,,,,,,,,,,,,,,,,,,,,,,,,,,../data/driams/downloads/DRIAMS-C/id/2018/2018_clean.csv,28071809360_B6,28071809360_B6,550.0,Enterobacter
Proteus mirabilis,28071809360_D2,S,S,S,I,S,S,S,R,S,I,R,S,,,,,,,,,,,S,,,S,S,S,,,,,,,,,,,,,,,,,,,,,,,,,,,,,../data/driams/downloads/DRIAMS-C/id/2018/2018_clean.csv,28071809360_D2,28071809360_D2,584.0,Proteus
Proteus mirabilis,28071809360_D4,S,S,S,I,S,S,S,R,S,I,R,S,,,,,,,,,,,S,,,S,S,S,,,,,,,,,,,,,,,,,,,,,,,,,,,,,../data/driams/downloads/DRIAMS-C/id/2018/2018_clean.csv,28071809360_D4,28071809360_D4,584.0,Proteus
Enterobacter cloacae,28071809360_D5,R,R,R,S,S,R,R,R,S,S,S,R,,,,,,,,,,,S,,,S,R,S,,,,,,,,,,,,,,,,,,,,,,,,,,,,,../data/driams/downloads/DRIAMS-C/id/2018/2018_clean.csv,28071809360_D5,28071809360_D5,550.0,Enterobacter
Klebsiella pneumoniae,28071809760_B7,S,R,S,S,S,S,S,S,R,S,S,S,,,,,,,,,,,,,,,,,,,,,,,,,,,,,,,,,,,,,,,,,,,,,../data/driams/downloads/DRIAMS-C/id/2018/2018_clean.csv,28071809760_B7,28071809760_B7,573.0,Klebsiella
Pseudomonas aeruginosa,28071810480_A9,R,R,S,R,R,R,R,,,,S,R,,,,,,,,,,,S,,,R,S,S,,,,,,,,,,,,,,,,,,,,,,,,,,,,,../data/driams/downloads/DRIAMS-C/id/2018/2018_clean.csv,28071810480_A9,28071810480_A9,287.0,Pseudomonas
Escherichia coli,28071811840_B10,R,R,S,S,S,S,S,S,S,S,S,R,,,,,,,,,,,,,,,,,,,,,,,,,,,,,,,,,,,,,,,,,,,,,../data/driams/downloads/DRIAMS-C/id/2018/2018_clean.csv,28071811840_B10,28071811840_B10,562.0,Escherichia
Escherichia coli,28071811840_B9,R,R,S,S,S,S,S,S,S,S,S,R,,,,,,,,,,,,,,,,,,,,,,,,,,,,,,,,,,,,,,,,,,,,,../data/driams/downloads/DRIAMS-C/id/2018/2018_clean.csv,28071811840_B9,28071811840_B9,562.0,Escherichia
Escherichia coli,28071811840_D6,R,R,S,S,S,S,S,S,S,S,S,R,,,,,,,,,,,,,,,,,,,,,,,,,,,,,,,,,,,,,,,,,,,,,../data/driams/downloads/DRIAMS-C/id/2018/2018_clean.csv,28071811840_D6,28071811840_D6,562.0,Escherichia
Escherichia coli,28071811840_D7,R,R,S,S,S,S,S,S,S,S,S,R,,,,,,,,,,,,,,,,,,,,,,,,,,,,,,,,,,,,,,,,,,,,,../data/driams/downloads/DRIAMS-C/id/2018/2018_clean.csv,28071811840_D7,28071811840_D7,562.0,Escherichia
Escherichia coli,28071812360_D10,,,S,S,S,S,S,,,,S,,,,,,,,,,,,S,,,S,S,S,,,,,,,,,,,,,,,,,,,,,,,,,,,,,../data/driams/downloads/DRIAMS-C/id/2018/2018_clean.csv,28071812360_D10,28071812360_D10,562.0,Escherichia
Escherichia coli,28071812360_D9,,,S,S,S,S,S,,,,S,,,,,,,,,,,,S,,,S,S,S,,,,,,,,,,,,,,,,,,,,,,,,,,,,,../data/driams/downloads/DRIAMS-C/id/2018/2018_clean.csv,28071812360_D9,28071812360_D9,562.0,Escherichia
Bacteroides fragilis,28071812360_A10,S,R,,,,,,,,,,,S,S,,,,R,,,,,,S,,,,,,,,,,,,,,,,,,,,,,,,,,,,,,,,,../data/driams/downloads/DRIAMS-C/id/2018/2018_clean.csv,28071812360_A10,28071812360_A10,817.0,Bacteroides
Schaalia odontolytica,28071812360_A11,S,S,,,S,,,,,,,R,S,S,S,,S,S,,S,,,,,R,,,,,,,,,,,,,,,,,,,,,,,,,,,,,,,,../data/driams/downloads/DRIAMS-C/id/2018/2018_clean.csv,28071812360_A11,28071812360_A11,1660.0,
Escherichia coli,28071812360_A12,,,S,S,S,S,S,,,,S,,,,,,,,,,,,S,,,S,S,S,,,,,,,,,,,,,,,,,,,,,,,,,,,,,../data/driams/downloads/DRIAMS-C/id/2018/2018_clean.csv,28071812360_A12,28071812360_A12,562.0,Escherichia
Schaalia odontolytica,28071812360_D11,S,S,,,S,,,,,,,R,S,S,S,,S,S,,S,,,,,R,,,,,,,,,,,,,,,,,,,,,,,,,,,,,,,,../data/driams/downloads/DRIAMS-C/id/2018/2018_clean.csv,28071812360_D11,28071812360_D11,1660.0,
Enterobacter cloacae,28071902870_B3,R,R,S,S,S,S,S,,,,S,S,,,,,,,,,,,S,,,S,S,S,,,,,,,,,,,,,,,,,,,,,,,,,,,,,../data/driams/downloads/DRIAMS-C/id/2018/2018_clean.csv,28071902870_B3,28071902870_B3,550.0,Enterobacter
Enterobacter cloacae,28071902870_D12,R,R,S,S,S,S,S,,,,S,S,,,,,,,,,,,S,,,S,S,S,,,,,,,,,,,,,,,,,,,,,,,,,,,,,../data/driams/downloads/DRIAMS-C/id/2018/2018_clean.csv,28071902870_D12,28071902870_D12,550.0,Enterobacter
Enterobacter cloacae,28071902870_E1,R,R,S,S,S,S,S,,,,S,S,,,,,,,,,,,S,,,S,S,S,,,,,,,,,,,,,,,,,,,,,,,,,,,,,../data/driams/downloads/DRIAMS-C/id/2018/2018_clean.csv,28071902870_E1,28071902870_E1,550.0,Enterobacter
Enterobacter cloacae,28071902870_E2,R,R,S,S,S,S,S,,,,S,S,,,,,,,,,,,S,,,S,S,S,,,,,,,,,,,,,,,,,,,,,,,,,,,,,../data/driams/downloads/DRIAMS-C/id/2018/2018_clean.csv,28071902870_E2,28071902870_E2,550.0,Enterobacter
Enterococcus faecalis,28071906960_D11,S,S,,,,,,S,,,,I,,,,,R,,,,,R,S,,,,,,,,,,,,,,,,,,,,,,,,,,,,,,,,,,../data/driams/downloads/DRIAMS-C/id/2018/2018_clean.csv,28071906960_D11,28071906960_D11,1351.0,Enterococcus
Enterococcus faecalis,28071906980_E1,S,S,,,,,,S,,,,I,,,,,R,,,,,R,S,,,,,,,,,,,,,,,,,,,,,,,,,,,,,,,,,,../data/driams/downloads/DRIAMS-C/id/2018/2018_clean.csv,28071906980_E1,28071906980_E1,1351.0,Enterococcus
Escherichia coli,28071907030_C8,S,S,S,S,S,S,S,S,S,S,S,S,,,,,,,,,,,,,,,,,,,,,,,,,,,,,,,,,,,,,,,,,,,,,../data/driams/downloads/DRIAMS-C/id/2018/2018_clean.csv,28071907030_C8,28071907030_C8,562.0,Escherichia
Escherichia coli,28071907030_C9,S,S,S,S,S,S,S,S,S,S,S,S,,,,,,,,,,,,,,,,,,,,,,,,,,,,,,,,,,,,,,,,,,,,,../data/driams/downloads/DRIAMS-C/id/2018/2018_clean.csv,28071907030_C9,28071907030_C9,562.0,Escherichia
Pseudomonas aeruginosa,28071907550_C12,R,R,S,S,S,R,R,,,,S,R,,,,,,,,,,,S,,,S,S,S,,,,,,,,,,,,,,,,,,,,,,,,,,,,,../data/driams/downloads/DRIAMS-C/id/2018/2018_clean.csv,28071907550_C12,28071907550_C12,287.0,Pseudomonas
Escherichia coli,28071907550_F5,R,R,S,S,S,S,S,S,S,S,S,S,,,,,,,,,,,S,,,S,S,S,,,,,,,,,,,,,,,,,,,,,,,,,,,,,../data/driams/downloads/DRIAMS-C/id/2018/2018_clean.csv,28071907550_F5,28071907550_F5,562.0,Escherichia
Pseudomonas aeruginosa,28071907550_F6,R,R,S,S,S,R,R,,,,S,R,,,,,,,,,,,S,,,S,S,S,,,,,,,,,,,,,,,,,,,,,,,,,,,,,../data/driams/downloads/DRIAMS-C/id/2018/2018_clean.csv,28071907550_F6,28071907550_F6,287.0,Pseudomonas
Escherichia coli,28071907870_B10,R,R,S,S,S,S,S,,,,S,R,,,,,,,,,,,S,,,S,S,S,,,,,,,,,,,,,,,,,,,,,,,,,,,,,../data/driams/downloads/DRIAMS-C/id/2018/2018_clean.csv,28071907870_B10,28071907870_B10,562.0,Escherichia
Klebsiella oxytoca,28071907870_B11,S,R,S,S,S,S,S,,,,S,S,,,,,,,,,,,S,,,S,S,S,,,,,,,,,,,,,,,,,,,,,,,,,,,,,../data/driams/downloads/DRIAMS-C/id/2018/2018_clean.csv,28071907870_B11,28071907870_B11,571.0,Klebsiella
Escherichia coli,28071907870_B12,R,R,S,S,S,S,S,,,,S,R,,,,,,,,,,,S,,,S,S,S,,,,,,,,,,,,,,,,,,,,,,,,,,,,,../data/driams/downloads/DRIAMS-C/id/2018/2018_clean.csv,28071907870_B12,28071907870_B12,562.0,Escherichia
Enterococcus faecium,28071907870_B9,R,R,,,R,,,,,,,,,R,,,R,,,S,S,S,R,,,,,,,,,,,,,,,,,,,,,,,,,,,,,,,,,,../data/driams/downloads/DRIAMS-C/id/2018/2018_clean.csv,28071907870_B9,28071907870_B9,1352.0,Enterococcus
Escherichia coli,28071907870_C1,R,R,S,S,S,S,S,,,,S,R,,,,,,,,,,,S,,,S,S,S,,,,,,,,,,,,,,,,,,,,,,,,,,,,,../data/driams/downloads/DRIAMS-C/id/2018/2018_clean.csv,28071907870_C1,28071907870_C1,562.0,Escherichia
Enterococcus faecium,28071907870_C2,R,R,,,R,,,,,,,,,R,,,R,,,S,S,S,R,,,,,,,,,,,,,,,,,,,,,,,,,,,,,,,,,,../data/driams/downloads/DRIAMS-C/id/2018/2018_clean.csv,28071907870_C2,28071907870_C2,1352.0,Enterococcus
Enterococcus faecalis,28071908720_F1,S,S,,,,,,S,,,,I,,,,,R,,,,,R,S,,,,,,,,,,,,,,,,,,,,,,,,,,,,,,,,,,../data/driams/downloads/DRIAMS-C/id/2018/2018_clean.csv,28071908720_F1,28071908720_F1,1351.0,Enterococcus
Klebsiella oxytoca,28071911660_C10,S,R,S,S,S,S,S,,,,S,R,,,,,,,,,,,S,,,S,S,S,,,,,,,,,,,,,,,,,,,,,,,,,,,,,../data/driams/downloads/DRIAMS-C/id/2018/2018_clean.csv,28071911660_C10,28071911660_C10,571.0,Klebsiella
Escherichia coli,28071911660_C11,R,R,S,R,R,S,S,,,,S,R,,,,,,,,,,,R,,,S,S,S,,,,,,,,,,,,,,,,,,,,,,,,,,,,,../data/driams/downloads/DRIAMS-C/id/2018/2018_clean.csv,28071911660_C11,28071911660_C11,562.0,Escherichia
Klebsiella oxytoca,28071911660_C9,S,R,S,S,S,S,S,,,,S,R,,,,,,,,,,,S,,,S,S,S,,,,,,,,,,,,,,,,,,,,,,,,,,,,,../data/driams/downloads/DRIAMS-C/id/2018/2018_clean.csv,28071911660_C9,28071911660_C9,571.0,Klebsiella
Staphylococcus aureus,28072007710_E12,S,R,,S,S,,,,,,,S,S,S,S,S,S,R,S,S,,,,,,,,,,,,,,,,,,,,,,,,,,,,,,,,,,,,,../data/driams/downloads/DRIAMS-C/id/2018/2018_clean.csv,28072007710_E12,28072007710_E12,1280.0,Staphylococcus
Serratia liquefaciens,28072007740_E10,R,R,S,S,S,S,R,,,,R,S,,,,,,,,,,,S,,,S,S,S,,,,,,,,,,,,,,,,,,,,,,,,,,,,,../data/driams/downloads/DRIAMS-C/id/2018/2018_clean.csv,28072007740_E10,28072007740_E10,614.0,Serratia
Klebsiella oxytoca,28072009680_G4,S,R,S,S,S,S,S,S,S,S,S,S,,,,,,,,,,,,,,,,,,,,,,,,,,,,,,,,,,,,,,,,,,,,,../data/driams/downloads/DRIAMS-C/id/2018/2018_clean.csv,28072009680_G4,28072009680_G4,571.0,Klebsiella
Staphylococcus aureus,28072010020_E7,S,R,,S,S,,,,,,,S,S,S,S,S,S,R,S,S,,,,,,,,,,,,,,,,,,,,,,,,,,,,,,,,,,,,,../data/driams/downloads/DRIAMS-C/id/2018/2018_clean.csv,28072010020_E7,28072010020_E7,1280.0,Staphylococcus
Enterobacter cloacae,28072013330_F12,R,R,R,S,S,R,R,,,,S,S,,,,,,,,,,,R,,,S,S,S,,,,,,,,,,,,,,,,,,,,,,,,,,,,,../data/driams/downloads/DRIAMS-C/id/2018/2018_clean.csv,28072013330_F12,28072013330_F12,550.0,Enterobacter
Pseudomonas aeruginosa,28072102490_B11,R,R,S,S,S,R,R,,,,S,R,,,,,,,,,,,S,,,S,S,S,,,,,,,,,,,,,,,,,,,,,,,,,,,,,../data/driams/downloads/DRIAMS-C/id/2018/2018_clean.csv,28072102490_B11,28072102490_B11,287.0,Pseudomonas
Escherichia coli,28072203710_C4,S,S,S,S,S,S,S,,,,S,S,,,,,,,,,,,S,,,S,S,S,,,,,,,,,,,,,,,,,,,,,,,,,,,,,../data/driams/downloads/DRIAMS-C/id/2018/2018_clean.csv,28072203710_C4,28072203710_C4,562.0,Escherichia
Pseudomonas aeruginosa,28072203710_C11,R,R,S,S,S,R,R,,,,S,R,,,,,,,,,,,S,,,S,S,S,,,,,,,,,,,,,,,,,,,,,,,,,,,,,../data/driams/downloads/DRIAMS-C/id/2018/2018_clean.csv,28072203710_C11,28072203710_C11,287.0,Pseudomonas
Escherichia coli,28072203790_A4,S,S,S,S,S,S,S,,,,S,S,,,,,,,,,,,S,,,S,S,S,,,,,,,,,,,,,,,,,,,,,,,,,,,,,../data/driams/downloads/DRIAMS-C/id/2018/2018_clean.csv,28072203790_A4,28072203790_A4,562.0,Escherichia
Klebsiella aerogenes,28072307450_B5,R,R,S,S,S,S,S,S,R,S,S,S,,,,,,,,,,,,,,,,,,,,,,,,,,,,,,,,,,,,,,,,,,,,,../data/driams/downloads/DRIAMS-C/id/2018/2018_clean.csv,28072307450_B5,28072307450_B5,548.0,
Klebsiella aerogenes,28072307450_B6,R,R,S,S,S,S,S,S,R,S,S,S,,,,,,,,,,,,,,,,,,,,,,,,,,,,,,,,,,,,,,,,,,,,,../data/driams/downloads/DRIAMS-C/id/2018/2018_clean.csv,28072307450_B6,28072307450_B6,548.0,
Staphylococcus aureus,28072307540_B9,S,R,,S,S,,,S,,S,,S,,,,,S,R,,,,,,,,,,,,,,,S,,,,,,,,,,,,,,,,,,,,,,,,../data/driams/downloads/DRIAMS-C/id/2018/2018_clean.csv,28072307540_B9,28072307540_B9,1280.0,Staphylococcus
Enterococcus faecalis,28072307590_B11,S,S,,,,,,S,,,,I,,,,,R,,,,,R,S,,,,,,,,,,,,,,,,,,,,,,,,,,,,,,,,,,../data/driams/downloads/DRIAMS-C/id/2018/2018_clean.csv,28072307590_B11,28072307590_B11,1351.0,Enterococcus
Serratia marcescens,28072307730_C1,R,R,S,S,S,S,R,R,S,S,R,S,,,,,,,,,,,,,,,,,,,,,,,,,,,,,,,,,,,,,,,,,,,,,../data/driams/downloads/DRIAMS-C/id/2018/2018_clean.csv,28072307730_C1,28072307730_C1,615.0,Serratia
Proteus vulgaris,28072307730_C2,S,R,S,S,S,S,R,R,S,S,R,S,,,,,,,,,,,,,,,,,,,,,,,,,,,,,,,,,,,,,,,,,,,,,../data/driams/downloads/DRIAMS-C/id/2018/2018_clean.csv,28072307730_C2,28072307730_C2,585.0,Proteus
Citrobacter freundii,28072307740_C3,R,R,S,S,S,S,S,S,S,S,S,S,,,,,,,,,,,,,,,,,,,,,,,,,,,,,,,,,,,,,,,,,,,,,../data/driams/downloads/DRIAMS-C/id/2018/2018_clean.csv,28072307740_C3,28072307740_C3,546.0,Citrobacter
Citrobacter freundii,28072307740_C4,R,R,S,S,S,S,S,S,S,S,S,S,,,,,,,,,,,,,,,,,,,,,,,,,,,,,,,,,,,,,,,,,,,,,../data/driams/downloads/DRIAMS-C/id/2018/2018_clean.csv,28072307740_C4,28072307740_C4,546.0,Citrobacter
Hafnia alvei,28072308420_B4,R,R,S,S,S,S,S,,,,S,S,,,,,,,,,,,S,,,S,S,S,,,,,,,,,,,,,,,,,,,,,,,,,,,,,../data/driams/downloads/DRIAMS-C/id/2018/2018_clean.csv,28072308420_B4,28072308420_B4,569.0,Hafnia
Staphylococcus aureus,28072308420_C2,S,S,,S,S,,,,,,,S,R,R,S,S,S,S,S,S,,,,,,,,,,,,,,,,,,,,,,,,,,,,,,,,,,,,,../data/driams/downloads/DRIAMS-C/id/2018/2018_clean.csv,28072308420_C2,28072308420_C2,1280.0,Staphylococcus
Staphylococcus aureus,28072308420_C4,S,S,,S,S,,,,,,,S,R,R,S,S,S,S,S,S,,,,,,,,,,,,,,,,,,,,,,,,,,,,,,,,,,,,,../data/driams/downloads/DRIAMS-C/id/2018/2018_clean.csv,28072308420_C4,28072308420_C4,1280.0,Staphylococcus
Hafnia alvei,28072308420_C6,R,R,S,S,S,S,S,,,,S,S,,,,,,,,,,,S,,,S,S,S,,,,,,,,,,,,,,,,,,,,,,,,,,,,,../data/driams/downloads/DRIAMS-C/id/2018/2018_clean.csv,28072308420_C6,28072308420_C6,569.0,Hafnia
Hafnia alvei,28072308420_C8,R,R,S,S,S,S,S,,,,S,S,,,,,,,,,,,S,,,S,S,S,,,,,,,,,,,,,,,,,,,,,,,,,,,,,../data/driams/downloads/DRIAMS-C/id/2018/2018_clean.csv,28072308420_C8,28072308420_C8,569.0,Hafnia
Hafnia alvei,28072308420_C9,R,R,S,S,S,S,S,,,,S,S,,,,,,,,,,,S,,,S,S,S,,,,,,,,,,,,,,,,,,,,,,,,,,,,,../data/driams/downloads/DRIAMS-C/id/2018/2018_clean.csv,28072308420_C9,28072308420_C9,569.0,Hafnia
Escherichia coli,28072309500_A9,S,S,S,S,S,S,S,S,S,S,S,S,,,,,,,,,,,,,,,,,,,,,,,,,,,,,,,,,,,,,,,,,,,,,../data/driams/downloads/DRIAMS-C/id/2018/2018_clean.csv,28072309500_A9,28072309500_A9,562.0,Escherichia
Escherichia coli,28072309540_A10,S,R,S,S,S,S,S,S,S,S,S,R,,,,,,,,,,,,,,S,,,,,,,,,,,,,,,,,,,,,,,,,,,,,,,../data/driams/downloads/DRIAMS-C/id/2018/2018_clean.csv,28072309540_A10,28072309540_A10,562.0,Escherichia
Morganella morganii,28072309790_C6,R,R,S,S,S,S,R,R,R,S,R,S,,,,,,,,,,,,,,,,,,,,,,,,,,,,,,,,,,,,,,,,,,,,,../data/driams/downloads/DRIAMS-C/id/2018/2018_clean.csv,28072309790_C6,28072309790_C6,582.0,Morganella
Pseudomonas aeruginosa,28072310000_D10,R,R,S,S,S,R,R,,,,S,R,,,,,,,,,,,S,,,S,S,S,,,,,,,,,,,,,,,,,,,,,,,,,,,,,../data/driams/downloads/DRIAMS-C/id/2018/2018_clean.csv,28072310000_D10,28072310000_D10,287.0,Pseudomonas
Klebsiella oxytoca,28072310480_C8,S,R,S,S,S,S,S,S,R,S,S,S,,,,,,,,,,,,,,,,,,,,,,,,,,,,,,,,,,,,,,,,,,,,,../data/driams/downloads/DRIAMS-C/id/2018/2018_clean.csv,28072310480_C8,28072310480_C8,571.0,Klebsiella
Staphylococcus lugdunensis,28072311240_D12,S,S,,S,S,,,,,,,S,S,S,S,S,S,S,S,S,,,,,,,,,,,,,,,,,,,,,,,,,,,,,,,,,,,,,../data/driams/downloads/DRIAMS-C/id/2018/2018_clean.csv,28072311240_D12,28072311240_D12,28035.0,Staphylococcus
Pseudomonas aeruginosa,28072312290_C10,R,R,S,S,S,R,R,,,,S,R,,,,,,,,,,,S,,,S,S,S,,,,,,,,,,,,,,,,,,,,,,,,,,,,,../data/driams/downloads/DRIAMS-C/id/2018/2018_clean.csv,28072312290_C10,28072312290_C10,287.0,Pseudomonas
Staphylococcus aureus,28072312880_E2,S,R,,S,S,,,,,,,S,R,R,S,S,S,R,S,S,,,,,,,,,,,,,,,,,,,,,,,,,,,,,,,,,,,,,../data/driams/downloads/DRIAMS-C/id/2018/2018_clean.csv,28072312880_E2,28072312880_E2,1280.0,Staphylococcus
Staphylococcus aureus,28072312880_E3,S,R,,S,S,,,,,,,S,R,R,S,S,S,R,S,S,,,,,,,,,,,,,,,,,,,,,,,,,,,,,,,,,,,,,../data/driams/downloads/DRIAMS-C/id/2018/2018_clean.csv,28072312880_E3,28072312880_E3,1280.0,Staphylococcus
Staphylococcus aureus,28072312880_G1,S,R,,S,S,,,,,,,S,R,R,S,S,S,R,S,S,,,,,,,,,,,,,,,,,,,,,,,,,,,,,,,,,,,,,../data/driams/downloads/DRIAMS-C/id/2018/2018_clean.csv,28072312880_G1,28072312880_G1,1280.0,Staphylococcus
Enterococcus faecalis,28072313270_C11,S,S,,,,,,S,,,,I,,,,,R,,,,,R,S,,,,,,,,,,,,,,,,,,,,,,,,,,,,,,,,,,../data/driams/downloads/DRIAMS-C/id/2018/2018_clean.csv,28072313270_C11,28072313270_C11,1351.0,Enterococcus
Enterococcus faecalis,28072313270_D2,S,S,,,,,,S,,,,I,,,,,R,,,,,R,S,,,,,,,,,,,,,,,,,,,,,,,,,,,,,,,,,,../data/driams/downloads/DRIAMS-C/id/2018/2018_clean.csv,28072313270_D2,28072313270_D2,1351.0,Enterococcus
Staphylococcus aureus,28072401560_G4,S,R,,S,S,,,,,,,S,S,S,S,S,S,R,S,S,,,,,,,,,,,,,,,,,,,,,,,,,,,,,,,,,,,,,../data/driams/downloads/DRIAMS-C/id/2018/2018_clean.csv,28072401560_G4,28072401560_G4,1280.0,Staphylococcus
Staphylococcus aureus,28072401600_G5,S,R,,S,S,,,,,,,S,S,S,S,S,S,R,S,S,,,,,,,,,,,,,,,,,,,,,,,,,,,,,,,,,,,,,../data/driams/downloads/DRIAMS-C/id/2018/2018_clean.csv,28072401600_G5,28072401600_G5,1280.0,Staphylococcus
Staphylococcus aureus,28072401600_G6,S,R,,S,S,,,,,,,S,S,S,S,S,S,R,S,S,,,,,,,,,,,,,,,,,,,,,,,,,,,,,,,,,,,,,../data/driams/downloads/DRIAMS-C/id/2018/2018_clean.csv,28072401600_G6,28072401600_G6,1280.0,Staphylococcus
Klebsiella pneumoniae,28072403330_G8,S,R,S,S,S,S,S,,,,S,S,,,,,,,,,,,S,,,S,S,S,,,,,,,,,,,,,,,,,,,,,,,,,,,,,../data/driams/downloads/DRIAMS-C/id/2018/2018_clean.csv,28072403330_G8,28072403330_G8,573.0,Klebsiella
Staphylococcus aureus,28072408580_E3,S,R,,S,S,,,,,,,S,S,S,S,S,S,R,S,S,,,,,,,,,,,,,,,,,,,,,,,,,,,,,,,,,,,,,../data/driams/downloads/DRIAMS-C/id/2018/2018_clean.csv,28072408580_E3,28072408580_E3,1280.0,Staphylococcus
Staphylococcus aureus,28072408580_E4,S,R,,S,S,,,,,,,S,S,S,S,S,S,R,S,S,,,,,,,,,,,,,,,,,,,,,,,,,,,,,,,,,,,,,../data/driams/downloads/DRIAMS-C/id/2018/2018_clean.csv,28072408580_E4,28072408580_E4,1280.0,Staphylococcus
Proteus mirabilis,28072408850_D11,S,S,S,S,S,S,S,R,S,S,R,S,,,,,,,,,,,,,,,,,,,,,,,,,,,,,,,,,,,,,,,,,,,,,../data/driams/downloads/DRIAMS-C/id/2018/2018_clean.csv,28072408850_D11,28072408850_D11,584.0,Proteus
Escherichia coli,28072409390_E7,S,S,S,S,S,S,S,,,,S,S,,,,,,,,,,,S,,,S,S,S,,,,,,,,,,,,,,,,,,,,,,,,,,,,,../data/driams/downloads/DRIAMS-C/id/2018/2018_clean.csv,28072409390_E7,28072409390_E7,562.0,Escherichia
Escherichia coli,28072409390_E8,S,S,S,S,S,S,S,,,,S,S,,,,,,,,,,,S,,,S,S,S,,,,,,,,,,,,,,,,,,,,,,,,,,,,,../data/driams/downloads/DRIAMS-C/id/2018/2018_clean.csv,28072409390_E8,28072409390_E8,562.0,Escherichia
Escherichia coli,28072409390_E9,S,S,S,S,S,S,S,,,,S,S,,,,,,,,,,,S,,,S,S,S,,,,,,,,,,,,,,,,,,,,,,,,,,,,,../data/driams/downloads/DRIAMS-C/id/2018/2018_clean.csv,28072409390_E9,28072409390_E9,562.0,Escherichia
Staphylococcus aureus,28072409400_E10,S,R,,S,S,,,,,,,S,S,S,S,S,S,R,S,S,,,,,,,,,,,,,,,,,,,,,,,,,,,,,,,,,,,,,../data/driams/downloads/DRIAMS-C/id/2018/2018_clean.csv,28072409400_E10,28072409400_E10,1280.0,Staphylococcus
Enterococcus faecalis,28072409810_E1,S,S,,,,,,S,,,,I,,,,,R,,,,,R,S,,,,,,,,,,,,,,,,,,,,,,,,,,,,,,,,,,../data/driams/downloads/DRIAMS-C/id/2018/2018_clean.csv,28072409810_E1,28072409810_E1,1351.0,Enterococcus
Peptoniphilus harei,28072411120_B2,S,S,,,,,,,,,,,S,S,,,,S,,,,,,S,,,,,,,,,,,,,,,,,,,,,,,,,,,,,,,,,../data/driams/downloads/DRIAMS-C/id/2018/2018_clean.csv,28072411120_B2,28072411120_B2,54005.0,Peptoniphilus
Enterococcus faecalis,28072412480_H4,S,S,,,R,,,,,,,,,R,,,R,,,S,S,R,S,,,,,,,,,,,,,,,,,,,,,,,,,,,,,,,,,,../data/driams/downloads/DRIAMS-C/id/2018/2018_clean.csv,28072412480_H4,28072412480_H4,1351.0,Enterococcus
Klebsiella pneumoniae,28072412480_H6,R,R,S,S,S,S,S,,,,S,S,,,,,,,,,,,R,,,S,S,S,,,,,,,,,,,,,,,,,,,,,,,,,,,,,../data/driams/downloads/DRIAMS-C/id/2018/2018_clean.csv,28072412480_H6,28072412480_H6,573.0,Klebsiella
Citrobacter koseri,28072412480_H7,R,R,S,S,S,S,R,,,,S,S,,,,,,,,,,,S,,,S,S,S,,,,,,,,,,,,,,,,,,,,,,,,,,,,,../data/driams/downloads/DRIAMS-C/id/2018/2018_clean.csv,28072412480_H7,28072412480_H7,545.0,Citrobacter
Staphylococcus aureus,28072503820_B5,R,R,,S,S,,,,,,,S,R,S,R,S,R,R,S,S,,,,,,,,,,,,,,,,,,,,,,,,,,,,,,,,,,,,,../data/driams/downloads/DRIAMS-C/id/2018/2018_clean.csv,28072503820_B5,28072503820_B5,1280.0,Staphylococcus
Klebsiella pneumoniae,28072506540_C4,S,R,S,S,S,S,S,,,,S,S,,,,,,,,,,,S,,,S,S,S,,,,,,,,,,,,,,,,,,,,,,,,,,,,,../data/driams/downloads/DRIAMS-C/id/2018/2018_clean.csv,28072506540_C4,28072506540_C4,573.0,Klebsiella
Klebsiella pneumoniae,28072506540_C5,S,R,S,S,S,S,S,,,,S,S,,,,,,,,,,,S,,,S,S,S,,,,,,,,,,,,,,,,,,,,,,,,,,,,,../data/driams/downloads/DRIAMS-C/id/2018/2018_clean.csv,28072506540_C5,28072506540_C5,573.0,Klebsiella
Staphylococcus aureus,28072507110_B8,S,R,,R,S,,,,,,,S,S,S,S,S,S,R,S,S,,,,,,,,,,,,,,,,,,,,,,,,,,,,,,,,,,,,,../data/driams/downloads/DRIAMS-C/id/2018/2018_clean.csv,28072507110_B8,28072507110_B8,1280.0,Staphylococcus
,28072507210_D6,S,S,,,,,,,,,,,S,S,,,,R,,,,,,S,,,,,,,,,,,,,,,,,,,,,,,,,,,,,,,,,../data/driams/downloads/DRIAMS-C/id/2018/2018_clean.csv,28072507210_D6,28072507210_D6,,
Campylobacter jejuni,28072507430_D2,,,,S,,,,,,,,,S,,,,,,,,,,,,,,,,S,S,R,S,,,,,,,,,,,,,,,,,,,,,,,,,../data/driams/downloads/DRIAMS-C/id/2018/2018_clean.csv,28072507430_D2,28072507430_D2,197.0,Campylobacter
Escherichia coli,28072510550_F12,S,R,S,S,S,S,S,S,S,S,S,R,,,,,,,,,,,,,,,,,,,,,,,,,,,,,,,,,,,,,,,,,,,,,../data/driams/downloads/DRIAMS-C/id/2018/2018_clean.csv,28072510550_F12,28072510550_F12,562.0,Escherichia
Escherichia coli,28072510550_G1,S,R,S,S,S,S,S,S,S,S,S,R,,,,,,,,,,,,,,,,,,,,,,,,,,,,,,,,,,,,,,,,,,,,,../data/driams/downloads/DRIAMS-C/id/2018/2018_clean.csv,28072510550_G1,28072510550_G1,562.0,Escherichia
Proteus mirabilis,28072510600_F10,S,R,S,S,S,S,S,R,S,S,R,R,,,,,,,,,,,,,,,,,,,,,,,,,,,,,,,,,,,,,,,,,,,,,../data/driams/downloads/DRIAMS-C/id/2018/2018_clean.csv,28072510600_F10,28072510600_F10,584.0,Proteus
Proteus mirabilis,28072510600_F9,S,R,S,S,S,S,S,R,S,S,R,R,,,,,,,,,,,,,,,,,,,,,,,,,,,,,,,,,,,,,,,,,,,,,../data/driams/downloads/DRIAMS-C/id/2018/2018_clean.csv,28072510600_F9,28072510600_F9,584.0,Proteus
Enterococcus faecalis,28072510600_A1,S,S,,,,,,S,,,,I,,,,,R,,,,,R,S,,,,,,,,,,,,,,,,,,,,,,,,,,,,,,,,,,../data/driams/downloads/DRIAMS-C/id/2018/2018_clean.csv,28072510600_A1,28072510600_A1,1351.0,Enterococcus
Enterococcus faecalis,28072510600_A2,S,S,,,,,,S,,,,I,,,,,R,,,,,R,S,,,,,,,,,,,,,,,,,,,,,,,,,,,,,,,,,,../data/driams/downloads/DRIAMS-C/id/2018/2018_clean.csv,28072510600_A2,28072510600_A2,1351.0,Enterococcus
Morganella morganii,28072510790_C2,R,R,S,S,S,S,R,,,,R,S,,,,,,,,,,,S,,,S,S,S,,,,,,,,,,,,,,,,,,,,,,,,,,,,,../data/driams/downloads/DRIAMS-C/id/2018/2018_clean.csv,28072510790_C2,28072510790_C2,582.0,Morganella
Pseudomonas aeruginosa,28072511760_G2,R,R,S,S,S,R,R,,,,S,R,,,,,,,,,,,S,,,S,S,S,,,,,,,,,,,,,,,,,,,,,,,,,,,,,../data/driams/downloads/DRIAMS-C/id/2018/2018_clean.csv,28072511760_G2,28072511760_G2,287.0,Pseudomonas
Enterococcus faecalis,28072511760_G3,S,S,,,,,,S,,,,I,,,,,R,,,,,R,S,,,,,,,,,,,,,,,,,,,,,,,,,,,,,,,,,,../data/driams/downloads/DRIAMS-C/id/2018/2018_clean.csv,28072511760_G3,28072511760_G3,1351.0,Enterococcus
Enterococcus faecalis,28072511760_A3,S,S,,,,,,S,,,,I,,,,,R,,,,,R,S,,,,,,,,,,,,,,,,,,,,,,,,,,,,,,,,,,../data/driams/downloads/DRIAMS-C/id/2018/2018_clean.csv,28072511760_A3,28072511760_A3,1351.0,Enterococcus
Enterococcus faecalis,28072511760_A4,S,S,,,,,,S,,,,I,,,,,R,,,,,R,S,,,,,,,,,,,,,,,,,,,,,,,,,,,,,,,,,,../data/driams/downloads/DRIAMS-C/id/2018/2018_clean.csv,28072511760_A4,28072511760_A4,1351.0,Enterococcus
Pseudomonas aeruginosa,28072511760_A5,R,R,S,S,S,R,R,,,,S,R,,,,,,,,,,,S,,,S,S,S,,,,,,,,,,,,,,,,,,,,,,,,,,,,,../data/driams/downloads/DRIAMS-C/id/2018/2018_clean.csv,28072511760_A5,28072511760_A5,287.0,Pseudomonas
Escherichia coli,28072511760_A6,S,S,S,S,S,S,S,S,S,S,S,S,,,,,,,,,,,S,,,S,S,S,,,,,,,,,,,,,,,,,,,,,,,,,,,,,../data/driams/downloads/DRIAMS-C/id/2018/2018_clean.csv,28072511760_A6,28072511760_A6,562.0,Escherichia
Staphylococcus aureus,28072511770_G4,S,S,,S,S,,,S,,S,,S,,,,,S,S,,,,,,,,,,,,,,,S,,,,,,,,,,,,,,,,,,,,,,,,../data/driams/downloads/DRIAMS-C/id/2018/2018_clean.csv,28072511770_G4,28072511770_G4,1280.0,Staphylococcus
Klebsiella aerogenes,28072513500_G5,R,R,R,S,S,R,R,S,R,S,S,S,,,,,,,,,,,,,,,S,,,,,,,,,,,,,,,,,,,,,,,,,,,,,,../data/driams/downloads/DRIAMS-C/id/2018/2018_clean.csv,28072513500_G5,28072513500_G5,548.0,
Klebsiella aerogenes,28072513500_A7,R,R,R,S,S,R,R,S,R,S,S,S,,,,,,,,,,,,,,,S,,,,,,,,,,,,,,,,,,,,,,,,,,,,,,../data/driams/downloads/DRIAMS-C/id/2018/2018_clean.csv,28072513500_A7,28072513500_A7,548.0,
Klebsiella aerogenes,28072513500_A8,R,R,R,S,S,R,R,S,R,S,S,S,,,,,,,,,,,,,,,S,,,,,,,,,,,,,,,,,,,,,,,,,,,,,,../data/driams/downloads/DRIAMS-C/id/2018/2018_clean.csv,28072513500_A8,28072513500_A8,548.0,
Enterococcus faecalis,28072513520_G6,S,S,,,,,,S,,,,I,,,,,R,,,,,R,S,,,,,,,,,,,,,,,,,,,,,,,,,,,,,,,,,,../data/driams/downloads/DRIAMS-C/id/2018/2018_clean.csv,28072513520_G6,28072513520_G6,1351.0,Enterococcus
Proteus mirabilis,28072606920_A10,S,R,S,S,S,S,S,R,S,S,R,R,,,,,,,,,,,,,,,,,,,,,,,,,,,,,,,,,,,,,,,,,,,,,../data/driams/downloads/DRIAMS-C/id/2018/2018_clean.csv,28072606920_A10,28072606920_A10,584.0,Proteus
Staphylococcus aureus,28072607150_D11,S,R,,S,S,,,,,,,S,R,R,S,S,S,R,S,S,,,,,,,,,,,,,,,,,,,,,,,,,,,,,,,,,,,,,../data/driams/downloads/DRIAMS-C/id/2018/2018_clean.csv,28072607150_D11,28072607150_D11,1280.0,Staphylococcus
Staphylococcus aureus,28072607150_D12,S,R,,S,S,,,,,,,S,R,R,S,S,S,R,S,S,,,,,,,,,,,,,,,,,,,,,,,,,,,,,,,,,,,,,../data/driams/downloads/DRIAMS-C/id/2018/2018_clean.csv,28072607150_D12,28072607150_D12,1280.0,Staphylococcus
Escherichia coli,28072609060_G3,S,S,S,S,S,S,S,,,,S,S,,,,,,,,,,,S,,,S,S,S,,,,,,,,,,,,,,,,,,,,,,,,,,,,,../data/driams/downloads/DRIAMS-C/id/2018/2018_clean.csv,28072609060_G3,28072609060_G3,562.0,Escherichia
Klebsiella oxytoca,28072609060_G4,S,R,S,S,S,S,S,,,,S,S,,,,,,,,,,,S,,,S,S,S,,,,,,,,,,,,,,,,,,,,,,,,,,,,,../data/driams/downloads/DRIAMS-C/id/2018/2018_clean.csv,28072609060_G4,28072609060_G4,571.0,Klebsiella
Pseudomonas aeruginosa,28072609290_B6,R,R,S,S,S,R,R,,,,S,R,,,,,,,,,,,S,,,S,S,S,,,,,,,,,,,,,,,,,,,,,,,,,,,,,../data/driams/downloads/DRIAMS-C/id/2018/2018_clean.csv,28072609290_B6,28072609290_B6,287.0,Pseudomonas
Proteus mirabilis,28072610390_E4,S,R,S,S,R,S,S,,,,R,R,,,,,,,,,,,S,,,S,S,S,,,,,,,,,,,,,,,,,,,,,,,,,,,,,../data/driams/downloads/DRIAMS-C/id/2018/2018_clean.csv,28072610390_E4,28072610390_E4,584.0,Proteus
Proteus mirabilis,28072610390_E6,S,R,S,S,R,S,S,,,,R,R,,,,,,,,,,,S,,,S,S,S,,,,,,,,,,,,,,,,,,,,,,,,,,,,,../data/driams/downloads/DRIAMS-C/id/2018/2018_clean.csv,28072610390_E6,28072610390_E6,584.0,Proteus
Proteus mirabilis,28072610390_F8,S,R,S,S,R,S,S,,,,R,R,,,,,,,,,,,S,,,S,S,S,,,,,,,,,,,,,,,,,,,,,,,,,,,,,../data/driams/downloads/DRIAMS-C/id/2018/2018_clean.csv,28072610390_F8,28072610390_F8,584.0,Proteus
Proteus mirabilis,28072610390_F9,S,R,S,S,R,S,S,,,,R,R,,,,,,,,,,,S,,,S,S,S,,,,,,,,,,,,,,,,,,,,,,,,,,,,,../data/driams/downloads/DRIAMS-C/id/2018/2018_clean.csv,28072610390_F9,28072610390_F9,584.0,Proteus
Staphylococcus aureus,28072611060_E10,S,S,,S,S,,,,,,,S,S,S,S,S,S,S,S,S,,,,,,,,,,,,,,,,,,,,,,,,,,,,,,,,,,,,,../data/driams/downloads/DRIAMS-C/id/2018/2018_clean.csv,28072611060_E10,28072611060_E10,1280.0,Staphylococcus
Staphylococcus aureus,28072611060_E9,S,S,,S,S,,,,,,,S,S,S,S,S,S,S,S,S,,,,,,,,,,,,,,,,,,,,,,,,,,,,,,,,,,,,,../data/driams/downloads/DRIAMS-C/id/2018/2018_clean.csv,28072611060_E9,28072611060_E9,1280.0,Staphylococcus
Haemophilus influenzae,28072611060_F12,S,S,,S,,S,S,,,,,,I,,,,,S,,,,,,,,,,,,,,,,,,,,,,,,,,,,,,,,,,,,,,,../data/driams/downloads/DRIAMS-C/id/2018/2018_clean.csv,28072611060_F12,28072611060_F12,727.0,Haemophilus
Campylobacter jejuni,28072611200_F12,,,,R,,,,,,,,,S,,,,,,,,,,,,,,,,S,S,R,S,,,,,,,,,,,,,,,,,,,,,,,,,../data/driams/downloads/DRIAMS-C/id/2018/2018_clean.csv,28072611200_F12,28072611200_F12,197.0,Campylobacter
Escherichia coli,28072703350_E11,S,R,S,S,S,S,S,,,,S,R,,,,,,,,,,,S,,,S,S,S,,,,,,,,,,,,,,,,,,,,,,,,,,,,,../data/driams/downloads/DRIAMS-C/id/2018/2018_clean.csv,28072703350_E11,28072703350_E11,562.0,Escherichia
Serratia marcescens,28072705040_E4,R,R,S,S,S,S,R,,,,R,S,,,,,,,,,,,S,,,S,S,S,,,,,,,,,,,,,,,,,,,,,,,,,,,,,../data/driams/downloads/DRIAMS-C/id/2018/2018_clean.csv,28072705040_E4,28072705040_E4,615.0,Serratia
Enterococcus faecalis,28072705040_E5,S,S,,,R,,,,,,,,,R,,,R,,,S,S,R,S,,,,,,,,,,,,,,,,,,,,,,,,,,,,,,,,,,../data/driams/downloads/DRIAMS-C/id/2018/2018_clean.csv,28072705040_E5,28072705040_E5,1351.0,Enterococcus
Klebsiella oxytoca,28072705040_E6,S,R,S,S,S,S,S,,,,S,S,,,,,,,,,,,S,,,S,S,S,,,,,,,,,,,,,,,,,,,,,,,,,,,,,../data/driams/downloads/DRIAMS-C/id/2018/2018_clean.csv,28072705040_E6,28072705040_E6,571.0,Klebsiella
Serratia marcescens,28072705040_E7,R,R,S,S,S,S,R,,,,R,S,,,,,,,,,,,S,,,S,S,S,,,,,,,,,,,,,,,,,,,,,,,,,,,,,../data/driams/downloads/DRIAMS-C/id/2018/2018_clean.csv,28072705040_E7,28072705040_E7,615.0,Serratia
Serratia marcescens,28072705040_E8,R,R,S,S,S,S,R,,,,R,S,,,,,,,,,,,S,,,S,S,S,,,,,,,,,,,,,,,,,,,,,,,,,,,,,../data/driams/downloads/DRIAMS-C/id/2018/2018_clean.csv,28072705040_E8,28072705040_E8,615.0,Serratia
Pseudomonas aeruginosa,28072705660_G8,R,R,S,S,S,R,R,,,,S,R,,,,,,,,,,,S,,,S,S,S,,,,,,,,,,,,,,,,,,,,,,,,,,,,,../data/driams/downloads/DRIAMS-C/id/2018/2018_clean.csv,28072705660_G8,28072705660_G8,287.0,Pseudomonas
Citrobacter freundii,28072706870_C12,R,R,S,S,S,S,S,S,S,S,S,S,,,,,,,,,,,,,,,,,,,,,,,,,,,,,,,,,,,,,,,,,,,,,../data/driams/downloads/DRIAMS-C/id/2018/2018_clean.csv,28072706870_C12,28072706870_C12,546.0,Citrobacter
Enterobacter cloacae,28072707000_D2,R,R,S,S,S,S,S,S,R,S,S,S,,,,,,,,,,,,,,,,,,,,,,,,,,,,,,,,,,,,,,,,,,,,,../data/driams/downloads/DRIAMS-C/id/2018/2018_clean.csv,28072707000_D2,28072707000_D2,550.0,Enterobacter
Campylobacter jejuni,28072707150_F7,,,,S,,,,,,,,,S,,,,,,,,,,,,,,,,S,S,R,S,,,,,,,,,,,,,,,,,,,,,,,,,../data/driams/downloads/DRIAMS-C/id/2018/2018_clean.csv,28072707150_F7,28072707150_F7,197.0,Campylobacter
Staphylococcus lugdunensis,28072708860_G11,S,R,,S,S,,,,,,,S,R,S,S,S,S,R,S,S,,,,,,,,,,,,,,,,,,,,,,,,,,,,,,,,,,,,,../data/driams/downloads/DRIAMS-C/id/2018/2018_clean.csv,28072708860_G11,28072708860_G11,28035.0,Staphylococcus
Staphylococcus lugdunensis,28072708860_A5,S,R,,S,S,,,,,,,S,R,S,S,S,S,R,S,S,,,,,,,,,,,,,,,,,,,,,,,,,,,,,,,,,,,,,../data/driams/downloads/DRIAMS-C/id/2018/2018_clean.csv,28072708860_A5,28072708860_A5,28035.0,Staphylococcus
Staphylococcus lugdunensis,28072708860_A6,S,R,,S,S,,,,,,,S,R,S,S,S,S,R,S,S,,,,,,,,,,,,,,,,,,,,,,,,,,,,,,,,,,,,,../data/driams/downloads/DRIAMS-C/id/2018/2018_clean.csv,28072708860_A6,28072708860_A6,28035.0,Staphylococcus
Enterococcus faecalis,28072708900_A10,S,S,,,R,,,,,,,S,,R,,,R,,,S,S,R,S,,,,,,,,,,,,,,,,,,,,,,,,,,,,,,,,,,../data/driams/downloads/DRIAMS-C/id/2018/2018_clean.csv,28072708900_A10,28072708900_A10,1351.0,Enterococcus
Enterobacter cloacae,28072709330_D7,R,R,S,S,S,S,R,S,R,S,S,S,,,,,,,,,,,,,,,,,,,,,,,,,,,,,,,,,,,,,,,,,,,,,../data/driams/downloads/DRIAMS-C/id/2018/2018_clean.csv,28072709330_D7,28072709330_D7,550.0,Enterobacter
Enterococcus faecalis,28072803040_F2,S,S,,,,,,S,,,,I,,,,,R,,,,,R,S,,,,,,,,,,,,,,,,,,,,,,,,,,,,,,,,,,../data/driams/downloads/DRIAMS-C/id/2018/2018_clean.csv,28072803040_F2,28072803040_F2,1351.0,Enterococcus
Enterococcus faecalis,28072803040_F3,S,S,,,,,,S,,,,I,,,,,R,,,,,R,S,,,,,,,,,,,,,,,,,,,,,,,,,,,,,,,,,,../data/driams/downloads/DRIAMS-C/id/2018/2018_clean.csv,28072803040_F3,28072803040_F3,1351.0,Enterococcus
Citrobacter koseri,28073034070_G7,S,R,S,S,S,S,S,S,S,S,S,S,,,,,,,,,,,,,,,,,,,,,,,,,,,,,,,,,,,,,,,,,,,,,../data/driams/downloads/DRIAMS-C/id/2018/2018_clean.csv,28073034070_G7,28073034070_G7,545.0,Citrobacter
Serratia marcescens,28073037300_C7,R,R,S,S,S,S,R,,,,R,S,,,,,,,,,,,S,,,S,S,S,,,,,,,,,,,,,,,,,,,,,,,,,,,,,../data/driams/downloads/DRIAMS-C/id/2018/2018_clean.csv,28073037300_C7,28073037300_C7,615.0,Serratia
Klebsiella pneumoniae,28073046460_H3,S,R,S,S,S,S,R,S,R,S,S,S,,,,,,,,,,,,,,,,,,,,,,,,,,,,,,,,,,,,,,,,,,,,,../data/driams/downloads/DRIAMS-C/id/2018/2018_clean.csv,28073046460_H3,28073046460_H3,573.0,Klebsiella
Enterococcus faecalis,28073046460_H4,S,S,,,,,,S,,,,I,,,,,R,,,,,R,S,,,,,,,,,,,,,,,,,,,,,,,,,,,,,,,,,,../data/driams/downloads/DRIAMS-C/id/2018/2018_clean.csv,28073046460_H4,28073046460_H4,1351.0,Enterococcus
Staphylococcus aureus,28073047080_A5,S,S,,S,S,,,,,,,S,S,S,S,S,S,S,S,S,,,,,,,,,,,,,,,,,,,,,,,,,,,,,,,,,,,,,../data/driams/downloads/DRIAMS-C/id/2018/2018_clean.csv,28073047080_A5,28073047080_A5,1280.0,Staphylococcus
Staphylococcus aureus,28073047080_A6,S,S,,S,S,,,,,,,S,S,S,S,S,S,S,S,S,,,,,,,,,,,,,,,,,,,,,,,,,,,,,,,,,,,,,../data/driams/downloads/DRIAMS-C/id/2018/2018_clean.csv,28073047080_A6,28073047080_A6,1280.0,Staphylococcus
Serratia liquefaciens,28073047480_H1,R,R,S,S,S,S,R,,,,R,S,,,,,,,,,,,S,,,S,S,S,,,,,,,,,,,,,,,,,,,,,,,,,,,,,../data/driams/downloads/DRIAMS-C/id/2018/2018_clean.csv,28073047480_H1,28073047480_H1,614.0,Serratia
Serratia liquefaciens,28073047480_H2,R,R,S,S,S,S,R,,,,R,S,,,,,,,,,,,S,,,S,S,S,,,,,,,,,,,,,,,,,,,,,,,,,,,,,../data/driams/downloads/DRIAMS-C/id/2018/2018_clean.csv,28073047480_H2,28073047480_H2,614.0,Serratia
Escherichia coli,28073048130_H7,S,R,S,S,S,S,S,S,S,S,S,R,,,,,,,,,,,,,,,,,,,,,,,,,,,,,,,,,,,,,,,,,,,,,../data/driams/downloads/DRIAMS-C/id/2018/2018_clean.csv,28073048130_H7,28073048130_H7,562.0,Escherichia
Escherichia coli,28073048240_C8,S,R,S,S,S,S,S,,,,S,S,,,,,,,,,,,S,,,S,S,S,,,,,,,,,,,,,,,,,,,,,,,,,,,,,../data/driams/downloads/DRIAMS-C/id/2018/2018_clean.csv,28073048240_C8,28073048240_C8,562.0,Escherichia
Escherichia coli,28073048240_C10,S,R,S,S,S,S,S,,,,S,S,,,,,,,,,,,S,,,S,S,S,,,,,,,,,,,,,,,,,,,,,,,,,,,,,../data/driams/downloads/DRIAMS-C/id/2018/2018_clean.csv,28073048240_C10,28073048240_C10,562.0,Escherichia
Escherichia coli,28073048240_C11,S,R,S,S,S,S,S,,,,S,S,,,,,,,,,,,S,,,S,S,S,,,,,,,,,,,,,,,,,,,,,,,,,,,,,../data/driams/downloads/DRIAMS-C/id/2018/2018_clean.csv,28073048240_C11,28073048240_C11,562.0,Escherichia
Escherichia coli,28073048240_C12,S,R,S,S,S,S,S,,,,S,S,,,,,,,,,,,S,,,S,S,S,,,,,,,,,,,,,,,,,,,,,,,,,,,,,../data/driams/downloads/DRIAMS-C/id/2018/2018_clean.csv,28073048240_C12,28073048240_C12,562.0,Escherichia
Staphylococcus aureus,28073048770_C7,S,R,,S,S,,,,,,,S,S,S,R,S,S,R,S,S,,,,,,,,,,,,,,,,,,,,,,,,,,,,,,,,,,,,,../data/driams/downloads/DRIAMS-C/id/2018/2018_clean.csv,28073048770_C7,28073048770_C7,1280.0,Staphylococcus
Proteus mirabilis,28073049440_D10,R,R,R,S,S,R,R,,,,R,S,,,,,,,,,,,R,,,S,R,R,,,,,,,R,,,,,,,,,,,,,,,,,,,,,S,../data/driams/downloads/DRIAMS-C/id/2018/2018_clean.csv,28073049440_D10,28073049440_D10,584.0,Proteus
Proteus mirabilis,28073049440_D12,R,R,R,S,S,R,R,,,,R,S,,,,,,,,,,,R,,,S,R,R,,,,,,,R,,,,,,,,,,,,,,,,,,,,,S,../data/driams/downloads/DRIAMS-C/id/2018/2018_clean.csv,28073049440_D12,28073049440_D12,584.0,Proteus
Proteus mirabilis,28073049440_D8,R,R,R,S,S,R,R,,,,R,S,,,,,,,,,,,R,,,S,R,R,,,,,,,R,,,,,,,,,,,,,,,,,,,,,S,../data/driams/downloads/DRIAMS-C/id/2018/2018_clean.csv,28073049440_D8,28073049440_D8,584.0,Proteus
Klebsiella pneumoniae,28073049440_D9,S,R,S,S,S,S,S,,,,S,S,,,,,,,,,,,S,,,S,S,S,,,,,,,,,,,,,,,,,,,,,,,,,,,,,../data/driams/downloads/DRIAMS-C/id/2018/2018_clean.csv,28073049440_D9,28073049440_D9,573.0,Klebsiella
Proteus mirabilis,28073049440_E1,R,R,R,S,S,R,R,,,,R,S,,,,,,,,,,,R,,,S,R,R,,,,,,,R,,,,,,,,,,,,,,,,,,,,,S,../data/driams/downloads/DRIAMS-C/id/2018/2018_clean.csv,28073049440_E1,28073049440_E1,584.0,Proteus
Proteus mirabilis,28073049440_A1,R,R,R,S,S,R,R,,,,R,S,,,,,,,,,,,R,,,S,R,R,,,,,,,R,,,,,,,,,,,,,,,,,,,,,S,../data/driams/downloads/DRIAMS-C/id/2018/2018_clean.csv,28073049440_A1,28073049440_A1,584.0,Proteus
Klebsiella pneumoniae,28073049440_A2,S,R,S,S,S,S,S,,,,S,S,,,,,,,,,,,S,,,S,S,S,,,,,,,,,,,,,,,,,,,,,,,,,,,,,../data/driams/downloads/DRIAMS-C/id/2018/2018_clean.csv,28073049440_A2,28073049440_A2,573.0,Klebsiella
Proteus mirabilis,28073049440_A3,R,R,R,S,S,R,R,,,,R,S,,,,,,,,,,,R,,,S,R,R,,,,,,,R,,,,,,,,,,,,,,,,,,,,,S,../data/driams/downloads/DRIAMS-C/id/2018/2018_clean.csv,28073049440_A3,28073049440_A3,584.0,Proteus
Klebsiella aerogenes,28073102350_E6,R,R,S,S,S,S,S,,,,S,S,,,,,,,,,,,S,,,S,S,S,,,,,,,,,,,,,,,,,,,,,,,,,,,,,../data/driams/downloads/DRIAMS-C/id/2018/2018_clean.csv,28073102350_E6,28073102350_E6,548.0,
Staphylococcus aureus,28073102350_E7,S,S,,S,S,,,,,,,S,S,S,S,S,S,S,S,S,,,,,,,,,,,,,,,,,,,,,,,,,,,,,,,,,,,,,../data/driams/downloads/DRIAMS-C/id/2018/2018_clean.csv,28073102350_E7,28073102350_E7,1280.0,Staphylococcus
Klebsiella pneumoniae,28073105480_F6,S,R,S,S,S,S,S,,,,S,R,,,,,,,,,,,S,,,S,S,S,,,,,,,,,,,,,,,,,,,,,,,,,,,,,../data/driams/downloads/DRIAMS-C/id/2018/2018_clean.csv,28073105480_F6,28073105480_F6,573.0,Klebsiella
Staphylococcus aureus,28073105780_D1,S,S,,S,S,,,,,,,S,S,S,S,R,S,S,S,S,,,,,,,,,,,,,,,,,,,,,,,,,,,,,,,,,,,,,../data/driams/downloads/DRIAMS-C/id/2018/2018_clean.csv,28073105780_D1,28073105780_D1,1280.0,Staphylococcus
Raoultella planticola,28073105850_A2,R,R,R,S,S,S,R,,,,S,R,,,,,,,,,,,S,,,S,S,S,,,,,,,,,,,,,,,,,,,,,,,,,,,,,../data/driams/downloads/DRIAMS-C/id/2018/2018_clean.csv,28073105850_A2,28073105850_A2,575.0,Raoultella
Raoultella planticola,28073105850_C9,R,R,R,S,S,S,R,,,,S,R,,,,,,,,,,,S,,,S,S,S,,,,,,,,,,,,,,,,,,,,,,,,,,,,,../data/driams/downloads/DRIAMS-C/id/2018/2018_clean.csv,28073105850_C9,28073105850_C9,575.0,Raoultella
Staphylococcus aureus,28073107610_F11,S,R,,S,S,,,,,,,S,S,S,S,S,S,R,S,S,,,,,,,,,,,,,,,,,,,,,,,,,,,,,,,,,,,,,../data/driams/downloads/DRIAMS-C/id/2018/2018_clean.csv,28073107610_F11,28073107610_F11,1280.0,Staphylococcus
Escherichia coli,28073108240_A1,S,S,S,S,S,S,S,S,S,S,S,S,,,,,,,,,,,,,,,,,,,,,,,,,,,,,,,,,,,,,,,,,,,,,../data/driams/downloads/DRIAMS-C/id/2018/2018_clean.csv,28073108240_A1,28073108240_A1,562.0,Escherichia
Escherichia coli,28073109800_E1,R,R,S,S,S,S,S,S,S,,S,R,,,,,,,,,,,S,,,S,S,S,,,,,,,,,,,,,,,,,,,,,,,,,,,,,../data/driams/downloads/DRIAMS-C/id/2018/2018_clean.csv,28073109800_E1,28073109800_E1,562.0,Escherichia
Staphylococcus aureus,28073110500_E8,S,S,,S,S,,,,,,,S,S,S,S,S,S,S,S,S,,,,,,,,,,,,,,,,,,,,,,,,,,,,,,,,,,,,,../data/driams/downloads/DRIAMS-C/id/2018/2018_clean.csv,28073110500_E8,28073110500_E8,1280.0,Staphylococcus
Escherichia coli,28073111410_B2,S,S,S,R,S,S,S,S,S,R,S,S,,,,,,,,,,,,,,,,,,,,,,,,,,,,,,,,,,,,,,,,,,,,,../data/driams/downloads/DRIAMS-C/id/2018/2018_clean.csv,28073111410_B2,28073111410_B2,562.0,Escherichia
Aerococcus sanguinicola,28073111410_B3,S,S,,R,,,,S,,,,,,,,,,,,,,,,,,,,,,,,,,,,,,,,,,,,,,,,,,,,,,,,,../data/driams/downloads/DRIAMS-C/id/2018/2018_clean.csv,28073111410_B3,28073111410_B3,119206.0,Aerococcus
Escherichia coli,28073111450_B5,S,R,S,S,S,S,S,S,S,S,S,S,,,,,,,,,,,,,,,,,,,,,,,,,,,,,,,,,,,,,,,,,,,,,../data/driams/downloads/DRIAMS-C/id/2018/2018_clean.csv,28073111450_B5,28073111450_B5,562.0,Escherichia
Klebsiella aerogenes,28080102460_H4,R,R,S,S,S,S,S,,,,S,S,,,,,,,,,,,S,,,S,S,S,,,,,,,,,,,,,,,,,,,,,,,,,,,,,../data/driams/downloads/DRIAMS-C/id/2018/2018_clean.csv,28080102460_H4,28080102460_H4,548.0,
Klebsiella aerogenes,28080102460_H5,R,R,S,S,S,S,S,,,,S,S,,,,,,,,,,,S,,,S,S,S,,,,,,,,,,,,,,,,,,,,,,,,,,,,,../data/driams/downloads/DRIAMS-C/id/2018/2018_clean.csv,28080102460_H5,28080102460_H5,548.0,
Staphylococcus aureus,28080103440_H10,S,S,,S,S,,,,,,,S,S,S,S,S,S,S,S,S,,,,,,,,,,,,,,,,,,,,,,,,,,,,,,,,,,,,,../data/driams/downloads/DRIAMS-C/id/2018/2018_clean.csv,28080103440_H10,28080103440_H10,1280.0,Staphylococcus
Staphylococcus aureus,28080103440_H9,S,S,,S,S,,,,,,,S,S,S,S,S,S,S,S,S,,,,,,,,,,,,,,,,,,,,,,,,,,,,,,,,,,,,,../data/driams/downloads/DRIAMS-C/id/2018/2018_clean.csv,28080103440_H9,28080103440_H9,1280.0,Staphylococcus
Staphylococcus aureus,28080103470_D8,S,R,,S,S,,,,,,,R,S,S,S,S,S,R,S,S,,,,,,,,,,,,,,,,,,,,,,,,,,,,,,,,,,,,,../data/driams/downloads/DRIAMS-C/id/2018/2018_clean.csv,28080103470_D8,28080103470_D8,1280.0,Staphylococcus
Staphylococcus aureus,28080103470_D9,S,R,,S,S,,,,,,,R,S,S,S,S,S,R,S,S,,,,,,,,,,,,,,,,,,,,,,,,,,,,,,,,,,,,,../data/driams/downloads/DRIAMS-C/id/2018/2018_clean.csv,28080103470_D9,28080103470_D9,1280.0,Staphylococcus
Staphylococcus aureus,28080104590_H11,S,R,,S,S,,,,,,,S,S,S,S,S,S,R,S,S,,,,,,,,,,,,,,,,,,,,,,,,,,,,,,,,,,,,,../data/driams/downloads/DRIAMS-C/id/2018/2018_clean.csv,28080104590_H11,28080104590_H11,1280.0,Staphylococcus
Enterococcus faecalis,28080104970_B10,S,S,,,,,,S,,,,I,,,,,R,,,,,R,S,,,,,,,,,,,,,,,,,,,,,,,,,,,,,,,,,,../data/driams/downloads/DRIAMS-C/id/2018/2018_clean.csv,28080104970_B10,28080104970_B10,1351.0,Enterococcus
Klebsiella pneumoniae,28080105460_C3,R,R,R,S,S,R,R,S,R,S,S,R,,,,,,,,,,,I,,,S,S,S,,,,,,,,,,,,,,,,,,,,,,,,,,,,,../data/driams/downloads/DRIAMS-C/id/2018/2018_clean.csv,28080105460_C3,28080105460_C3,573.0,Klebsiella
Escherichia coli,28080105460_C4,S,R,S,S,S,S,S,S,S,S,S,R,,,,,,,,,,,,,,,,,,,,,,,,,,,,,,,,,,,,,,,,,,,,,../data/driams/downloads/DRIAMS-C/id/2018/2018_clean.csv,28080105460_C4,28080105460_C4,562.0,Escherichia
Escherichia coli,28080105460_D12,S,R,S,S,S,S,S,S,S,S,S,R,,,,,,,,,,,,,,,,,,,,,,,,,,,,,,,,,,,,,,,,,,,,,../data/driams/downloads/DRIAMS-C/id/2018/2018_clean.csv,28080105460_D12,28080105460_D12,562.0,Escherichia
Escherichia coli,28080105460_E1,S,R,S,S,S,S,S,S,S,S,S,R,,,,,,,,,,,,,,,,,,,,,,,,,,,,,,,,,,,,,,,,,,,,,../data/driams/downloads/DRIAMS-C/id/2018/2018_clean.csv,28080105460_E1,28080105460_E1,562.0,Escherichia
Klebsiella pneumoniae,28080207140_C5,R,R,R,R,R,R,R,,,,S,R,,,,,,,,,,,R,,,R,R,S,,,,,,,S,,,,,,,,,,S,,,,,,,,,,,,../data/driams/downloads/DRIAMS-C/id/2018/2018_clean.csv,28080207140_C5,28080207140_C5,573.0,Klebsiella
Staphylococcus aureus,28080208110_B11,S,S,,S,S,,,,,,,S,S,S,S,S,S,S,S,S,,,,,,,,,,,,,,,,,,,,,,,,,,,,,,,,,,,,,../data/driams/downloads/DRIAMS-C/id/2018/2018_clean.csv,28080208110_B11,28080208110_B11,1280.0,Staphylococcus
Staphylococcus aureus,28080208110_B12,S,S,,S,S,,,,,,,S,S,S,S,S,S,S,S,S,,,,,,,,,,,,,,,,,,,,,,,,,,,,,,,,,,,,,../data/driams/downloads/DRIAMS-C/id/2018/2018_clean.csv,28080208110_B12,28080208110_B12,1280.0,Staphylococcus
Morganella morganii,28080209180_C10,R,R,S,S,S,S,R,R,R,S,R,S,,,,,,,,,,,,,,,,,,,,,,,,,,,,,,,,,,,,,,,,,,,,,../data/driams/downloads/DRIAMS-C/id/2018/2018_clean.csv,28080209180_C10,28080209180_C10,582.0,Morganella
Enterococcus faecalis,28080209300_C12,S,S,,,,,,S,,,,I,,,,,R,,,,,R,S,,,,,,,,,,,,,,,,,,,,,,,,,,,,,,,,,,../data/driams/downloads/DRIAMS-C/id/2018/2018_clean.csv,28080209300_C12,28080209300_C12,1351.0,Enterococcus
Proteus mirabilis,28080209300_D1,S,R,S,S,S,S,S,R,S,S,R,R,,,,,,,,,,,,,,,,,,,,,,,,,,,,,,,,,,,,,,,,,,,,,../data/driams/downloads/DRIAMS-C/id/2018/2018_clean.csv,28080209300_D1,28080209300_D1,584.0,Proteus
Escherichia coli,28080209430_D2,S,R,S,S,S,S,S,S,S,S,S,S,,,,,,,,,,,,,,,,,,,,,,,,,,,,,,,,,,,,,,,,,,,,,../data/driams/downloads/DRIAMS-C/id/2018/2018_clean.csv,28080209430_D2,28080209430_D2,562.0,Escherichia
Staphylococcus lugdunensis,28080210080_B10,S,R,,S,S,,,,,,,S,S,S,S,S,S,R,S,S,,,,,,,,,,,,,,,,,,,,,,,,,,,,,,,,,,,,,../data/driams/downloads/DRIAMS-C/id/2018/2018_clean.csv,28080210080_B10,28080210080_B10,28035.0,Staphylococcus
Haemophilus parainfluenzae,28080210130_C1,S,S,,S,,S,S,,,,,,I,,,,,S,,,,,,,,,,,,,,,,,,,,,,,,,,,,,,,,,,,,,,,../data/driams/downloads/DRIAMS-C/id/2018/2018_clean.csv,28080210130_C1,28080210130_C1,729.0,Haemophilus
Staphylococcus aureus,28080210180_C3,S,S,,S,S,,,,,,,S,S,S,S,S,S,S,S,S,,,,,,,,,,,,,,,,,,,,,,,,,,,,,,,,,,,,,../data/driams/downloads/DRIAMS-C/id/2018/2018_clean.csv,28080210180_C3,28080210180_C3,1280.0,Staphylococcus
Staphylococcus aureus,28080210180_C4,S,S,,S,S,,,,,,,S,S,S,S,S,S,S,S,S,,,,,,,,,,,,,,,,,,,,,,,,,,,,,,,,,,,,,../data/driams/downloads/DRIAMS-C/id/2018/2018_clean.csv,28080210180_C4,28080210180_C4,1280.0,Staphylococcus
Klebsiella pneumoniae,28080211790_D10,S,R,S,S,S,S,S,S,R,S,S,S,,,,,,,,,,,S,,,S,S,S,,,,,,,,,,,,,,,,,,,,,,,,,,,,,../data/driams/downloads/DRIAMS-C/id/2018/2018_clean.csv,28080211790_D10,28080211790_D10,573.0,Klebsiella
Enterobacter cloacae,28080211790_D9,R,R,R,S,S,R,R,S,R,S,S,S,,,,,,,,,,,R,,,S,S,S,,,,,,,,,,,,,,,,,,,,,,,,,,,,,../data/driams/downloads/DRIAMS-C/id/2018/2018_clean.csv,28080211790_D9,28080211790_D9,550.0,Enterobacter
Enterobacter cloacae,28080211790_E2,R,R,R,S,S,R,R,S,R,S,S,S,,,,,,,,,,,R,,,S,S,S,,,,,,,,,,,,,,,,,,,,,,,,,,,,,../data/driams/downloads/DRIAMS-C/id/2018/2018_clean.csv,28080211790_E2,28080211790_E2,550.0,Enterobacter
Enterobacter cloacae,28080211790_E3,R,R,R,S,S,R,R,S,R,S,S,S,,,,,,,,,,,R,,,S,S,S,,,,,,,,,,,,,,,,,,,,,,,,,,,,,../data/driams/downloads/DRIAMS-C/id/2018/2018_clean.csv,28080211790_E3,28080211790_E3,550.0,Enterobacter
Enterobacter cloacae,28080211790_E4,R,R,R,S,S,R,R,S,R,S,S,S,,,,,,,,,,,R,,,S,S,S,,,,,,,,,,,,,,,,,,,,,,,,,,,,,../data/driams/downloads/DRIAMS-C/id/2018/2018_clean.csv,28080211790_E4,28080211790_E4,550.0,Enterobacter
Enterobacter cloacae,28080211790_E5,R,R,R,S,S,R,R,S,R,S,S,S,,,,,,,,,,,R,,,S,S,S,,,,,,,,,,,,,,,,,,,,,,,,,,,,,../data/driams/downloads/DRIAMS-C/id/2018/2018_clean.csv,28080211790_E5,28080211790_E5,550.0,Enterobacter
Staphylococcus aureus,28080212780_C6,S,R,,S,S,,,,,,,S,S,S,S,S,S,R,S,S,,,,,,,,,,,,,,,,,,,,,,,,,,,,,,,,,,,,,../data/driams/downloads/DRIAMS-C/id/2018/2018_clean.csv,28080212780_C6,28080212780_C6,1280.0,Staphylococcus
Klebsiella pneumoniae,28080301980_F3,S,R,S,S,S,S,S,,,,S,S,,,,,,,,,,,S,,,S,S,S,,,,,,,,,,,,,,,,,,,,,,,,,,,,,../data/driams/downloads/DRIAMS-C/id/2018/2018_clean.csv,28080301980_F3,28080301980_F3,573.0,Klebsiella
Klebsiella pneumoniae,28080301980_F4,S,R,S,S,S,S,S,,,,S,S,,,,,,,,,,,S,,,S,S,S,,,,,,,,,,,,,,,,,,,,,,,,,,,,,../data/driams/downloads/DRIAMS-C/id/2018/2018_clean.csv,28080301980_F4,28080301980_F4,573.0,Klebsiella
Staphylococcus aureus,28080302560_D10,S,R,,S,S,,,,,,,S,S,S,S,S,S,R,S,S,,,,,,,,,,,,,,,,,,,,,,,,,,,,,,,,,,,,,../data/driams/downloads/DRIAMS-C/id/2018/2018_clean.csv,28080302560_D10,28080302560_D10,1280.0,Staphylococcus
Escherichia coli,28080305250_E6,S,S,S,S,S,S,S,,,,S,S,,,,,,,,,,,S,,,S,S,S,,,,,,,,,,,,,,,,,,,,,,,,,,,,,../data/driams/downloads/DRIAMS-C/id/2018/2018_clean.csv,28080305250_E6,28080305250_E6,562.0,Escherichia
Enterococcus faecium,28080305780_E7,R,R,,,R,,,,,,,,,R,,,R,,,S,S,S,R,,,,,,,,,,,,,,,,,,,,,,,,,,,,,,,,,,../data/driams/downloads/DRIAMS-C/id/2018/2018_clean.csv,28080305780_E7,28080305780_E7,1352.0,Enterococcus
Klebsiella pneumoniae,28080306670_D12,S,R,S,S,S,S,S,,,,S,S,,,,,,,,,,,S,,,S,S,S,,,,,,,,,,,,,,,,,,,,,,,,,,,,,../data/driams/downloads/DRIAMS-C/id/2018/2018_clean.csv,28080306670_D12,28080306670_D12,573.0,Klebsiella
Pseudomonas aeruginosa,28080306670_E1,R,R,S,S,S,R,R,,,,S,R,,,,,,,,,,,S,,,S,S,S,,,,,,,,,,,,,,,,,,,,,,,,,,,,,../data/driams/downloads/DRIAMS-C/id/2018/2018_clean.csv,28080306670_E1,28080306670_E1,287.0,Pseudomonas
Proteus vulgaris,28080307730_E8,S,R,S,S,S,S,R,R,S,S,R,S,,,,,,,,,,,,,,,,,,,,,,,,,,,,,,,,,,,,,,,,,,,,,../data/driams/downloads/DRIAMS-C/id/2018/2018_clean.csv,28080307730_E8,28080307730_E8,585.0,Proteus
Proteus vulgaris,28080307730_E9,S,R,S,S,S,S,R,R,S,S,R,S,,,,,,,,,,,,,,,,,,,,,,,,,,,,,,,,,,,,,,,,,,,,,../data/driams/downloads/DRIAMS-C/id/2018/2018_clean.csv,28080307730_E9,28080307730_E9,585.0,Proteus
Proteus vulgaris,28080307730_G7,S,R,S,S,S,S,R,R,S,S,R,S,,,,,,,,,,,,,,,,,,,,,,,,,,,,,,,,,,,,,,,,,,,,,../data/driams/downloads/DRIAMS-C/id/2018/2018_clean.csv,28080307730_G7,28080307730_G7,585.0,Proteus
Haemophilus influenzae,28080308190_E4,S,S,,S,,S,S,,,,,,I,,,,,S,,,,,,,,,,,,,,,,,,,,,,,,,,,,,,,,,,,,,,,../data/driams/downloads/DRIAMS-C/id/2018/2018_clean.csv,28080308190_E4,28080308190_E4,727.0,Haemophilus
Bacteroides ovatus,28080309270_E8,S,R,,,,,,,,,,,S,S,,,,R,,,,,,S,,,,,,,,,,,,,,,,,,,,,,,,,,,,,,,,,../data/driams/downloads/DRIAMS-C/id/2018/2018_clean.csv,28080309270_E8,28080309270_E8,28116.0,Bacteroides
Bacteroides ovatus,28080309270_E9,S,R,,,,,,,,,,,S,S,,,,R,,,,,,S,,,,,,,,,,,,,,,,,,,,,,,,,,,,,,,,,../data/driams/downloads/DRIAMS-C/id/2018/2018_clean.csv,28080309270_E9,28080309270_E9,28116.0,Bacteroides
Enterococcus faecalis,28080309290_E5,S,S,,,R,,,,,,,,,R,,,R,,,S,S,R,S,,,,,,,,,,,,,,,,,,,,,,,,,,,,,,,,,,../data/driams/downloads/DRIAMS-C/id/2018/2018_clean.csv,28080309290_E5,28080309290_E5,1351.0,Enterococcus
Klebsiella pneumoniae,28080309290_E6,S,R,S,S,S,S,S,,,,S,S,,,,,,,,,,,S,,,S,S,S,,,,,,,,,,,,,,,,,,,,,,,,,,,,,../data/driams/downloads/DRIAMS-C/id/2018/2018_clean.csv,28080309290_E6,28080309290_E6,573.0,Klebsiella
Klebsiella pneumoniae,28080309290_E7,S,R,S,S,S,S,S,,,,S,S,,,,,,,,,,,S,,,S,S,S,,,,,,,,,,,,,,,,,,,,,,,,,,,,,../data/driams/downloads/DRIAMS-C/id/2018/2018_clean.csv,28080309290_E7,28080309290_E7,573.0,Klebsiella
Enterococcus faecium,28080309290_E11,R,R,,,R,,,,,,,,,R,,,R,,,S,S,S,R,,,,,,,,,,,,,,,,,,,,,,,,,,,,,,,,,,../data/driams/downloads/DRIAMS-C/id/2018/2018_clean.csv,28080309290_E11,28080309290_E11,1352.0,Enterococcus
Morganella morganii,28080309780_F7,R,R,S,S,S,S,R,,,,R,S,,,,,,,,,,,S,,,S,S,S,,,,,,,,,,,,,,,,,,,,,,,,,,,,,../data/driams/downloads/DRIAMS-C/id/2018/2018_clean.csv,28080309780_F7,28080309780_F7,582.0,Morganella
Escherichia coli,28080309780_F8,S,R,S,R,S,S,S,,,,S,S,,,,,,,,,,,S,,,S,S,S,,,,,,,,,,,,,,,,,,,,,,,,,,,,,../data/driams/downloads/DRIAMS-C/id/2018/2018_clean.csv,28080309780_F8,28080309780_F8,562.0,Escherichia
Stenotrophomonas maltophilia,28080309780_A11,,,,,,,,,,,,S,,,,,,,,,,,,,,,,,,,,,,,,,,,,,,,,,,,,,,,,,,,,,../data/driams/downloads/DRIAMS-C/id/2018/2018_clean.csv,28080309780_A11,28080309780_A11,40324.0,Stenotrophomonas
Enterococcus faecalis,28080309860_F3,S,S,,,,,,S,,,,I,,,,,R,,,,,R,S,,,,,,,,,,,,,,,,,,,,,,,,,,,,,,,,,,../data/driams/downloads/DRIAMS-C/id/2018/2018_clean.csv,28080309860_F3,28080309860_F3,1351.0,Enterococcus
Proteus mirabilis,28080309860_F4,S,S,S,S,S,S,S,R,S,S,R,S,,,,,,,,,,,,,,,,,,,,,,,,,,,,,,,,,,,,,,,,,,,,,../data/driams/downloads/DRIAMS-C/id/2018/2018_clean.csv,28080309860_F4,28080309860_F4,584.0,Proteus
Enterococcus faecalis,28080309860_F5,S,S,,,,,,S,,,,I,,,,,R,,,,,R,S,,,,,,,,,,,,,,,,,,,,,,,,,,,,,,,,,,../data/driams/downloads/DRIAMS-C/id/2018/2018_clean.csv,28080309860_F5,28080309860_F5,1351.0,Enterococcus
Campylobacter jejuni,28080310590_G2,,,,R,,,,,,,,,S,,,,,,,,,,,,,,,,S,S,R,R,,,,,,,,,,,,,,,,,,,,,,,,,../data/driams/downloads/DRIAMS-C/id/2018/2018_clean.csv,28080310590_G2,28080310590_G2,197.0,Campylobacter
,28080310910_F1,S,S,,S,S,,,,,,,R,S,S,S,,S,S,,S,,,,,S,,,,,,,,,,,,,,,,,,,,,,,,,,,,,,,,../data/driams/downloads/DRIAMS-C/id/2018/2018_clean.csv,28080310910_F1,28080310910_F1,,
Peptoniphilus harei,28080310910_F2,S,S,,,,,,,,,,,R,S,,,,S,,,,,,S,,,,,,,,,,,,,,,,,,,,,,,,,,,,,,,,,../data/driams/downloads/DRIAMS-C/id/2018/2018_clean.csv,28080310910_F2,28080310910_F2,54005.0,Peptoniphilus
Peptoniphilus harei,28080310910_F3,S,S,,,,,,,,,,,R,S,,,,S,,,,,,S,,,,,,,,,,,,,,,,,,,,,,,,,,,,,,,,,../data/driams/downloads/DRIAMS-C/id/2018/2018_clean.csv,28080310910_F3,28080310910_F3,54005.0,Peptoniphilus
Escherichia coli,28080311960_F9,S,R,S,S,S,S,S,S,S,S,S,S,,,,,,,,,,,,,,,,,,,,,,,,,,,,,,,,,,,,,,,,,,,,,../data/driams/downloads/DRIAMS-C/id/2018/2018_clean.csv,28080311960_F9,28080311960_F9,562.0,Escherichia
Pseudomonas aeruginosa,28080401950_A3,R,R,S,S,S,R,R,,,,S,R,,,,,,,,,,,S,,,S,S,S,,,,,,,,,,,,,,,,,,,,,,,,,,,,,../data/driams/downloads/DRIAMS-C/id/2018/2018_clean.csv,28080401950_A3,28080401950_A3,287.0,Pseudomonas
Pseudomonas aeruginosa,28080401950_A4,R,R,S,S,S,R,R,,,,S,R,,,,,,,,,,,S,,,S,S,S,,,,,,,,,,,,,,,,,,,,,,,,,,,,,../data/driams/downloads/DRIAMS-C/id/2018/2018_clean.csv,28080401950_A4,28080401950_A4,287.0,Pseudomonas
Enterococcus faecalis,28080401950_A5,S,S,,,,,,S,,,,I,,,,,R,,,,,R,S,,,,,,,,,,,,,,,,,,,,,,,,,,,,,,,,,,../data/driams/downloads/DRIAMS-C/id/2018/2018_clean.csv,28080401950_A5,28080401950_A5,1351.0,Enterococcus
Citrobacter koseri,28080402590_G4,S,R,S,S,S,S,S,,,,S,S,,,,,,,,,,,S,,,S,S,S,,,,,,,,,,,,,,,,,,,,,,,,,,,,,../data/driams/downloads/DRIAMS-C/id/2018/2018_clean.csv,28080402590_G4,28080402590_G4,545.0,Citrobacter
Staphylococcus aureus,28080402590_G5,S,R,,R,S,,,,,,,S,S,S,S,S,S,R,S,S,,,,,,,,,,,,,,,,,,,,,,,,,,,,,,,,,,,,,../data/driams/downloads/DRIAMS-C/id/2018/2018_clean.csv,28080402590_G5,28080402590_G5,1280.0,Staphylococcus
Escherichia coli,28080403260_E11,S,S,S,S,S,S,S,,,,S,S,,,,,,,,,,,S,,,S,S,S,,,,,,,,,,,,,,,,,,,,,,,,,,,,,../data/driams/downloads/DRIAMS-C/id/2018/2018_clean.csv,28080403260_E11,28080403260_E11,562.0,Escherichia
Escherichia coli,28080403260_E12,S,S,S,S,S,S,S,,,,S,S,,,,,,,,,,,S,,,S,S,S,,,,,,,,,,,,,,,,,,,,,,,,,,,,,../data/driams/downloads/DRIAMS-C/id/2018/2018_clean.csv,28080403260_E12,28080403260_E12,562.0,Escherichia
Pseudomonas aeruginosa,28080403310_G2,R,R,S,S,S,R,R,,,,S,R,,,,,,,,,,,S,,,S,S,S,,,,,,,,,,,,,,,,,,,,,,,,,,,,,../data/driams/downloads/DRIAMS-C/id/2018/2018_clean.csv,28080403310_G2,28080403310_G2,287.0,Pseudomonas
Enterococcus faecalis,28080403330_F11,S,S,,,,,,S,,,,I,,,,,R,,,,,R,S,,,,,,,,,,,,,,,,,,,,,,,,,,,,,,,,,,../data/driams/downloads/DRIAMS-C/id/2018/2018_clean.csv,28080403330_F11,28080403330_F11,1351.0,Enterococcus
Staphylococcus aureus,28080403330_G1,S,S,,S,S,,,S,,S,,S,,,,,S,S,,,,,,,,,,,,,,,S,,,,,,,,,,,,,,,,,,,,,,,,../data/driams/downloads/DRIAMS-C/id/2018/2018_clean.csv,28080403330_G1,28080403330_G1,1280.0,Staphylococcus
Enterococcus faecalis,28080403330_A6,S,S,,,,,,S,,,,I,,,,,R,,,,,R,S,,,,,,,,,,,,,,,,,,,,,,,,,,,,,,,,,,../data/driams/downloads/DRIAMS-C/id/2018/2018_clean.csv,28080403330_A6,28080403330_A6,1351.0,Enterococcus
Staphylococcus aureus,28080403330_A8,S,S,,S,S,,,S,,S,,S,,,,,S,S,,,,,,,,,,,,,,,S,,,,,,,,,,,,,,,,,,,,,,,,../data/driams/downloads/DRIAMS-C/id/2018/2018_clean.csv,28080403330_A8,28080403330_A8,1280.0,Staphylococcus
Enterococcus faecalis,28080403330_A9,S,S,,,,,,S,,,,I,,,,,R,,,,,R,S,,,,,,,,,,,,,,,,,,,,,,,,,,,,,,,,,,../data/driams/downloads/DRIAMS-C/id/2018/2018_clean.csv,28080403330_A9,28080403330_A9,1351.0,Enterococcus
Escherichia coli,28080403360_A10,S,R,R,S,S,R,R,S,S,S,S,R,,,,,,,,,,,S,,,S,R,S,,,,,,,,,,,,,,,,,,,,,,,,,,,,,../data/driams/downloads/DRIAMS-C/id/2018/2018_clean.csv,28080403360_A10,28080403360_A10,562.0,Escherichia
Escherichia coli,28080403360_A11,S,R,R,S,S,R,R,S,S,S,S,R,,,,,,,,,,,S,,,S,R,S,,,,,,,,,,,,,,,,,,,,,,,,,,,,,../data/driams/downloads/DRIAMS-C/id/2018/2018_clean.csv,28080403360_A11,28080403360_A11,562.0,Escherichia
Enterococcus faecalis,28080403380_H3,S,S,,,R,,,S,,,,,,R,,,R,,,S,S,R,S,,,,,S,,,,,,,,,,,,,,,,,,,,,,,,,,,,,../data/driams/downloads/DRIAMS-C/id/2018/2018_clean.csv,28080403380_H3,28080403380_H3,1351.0,Enterococcus
Proteus mirabilis,28080403380_H4,S,S,S,S,S,S,S,R,S,S,R,S,,,,,,,,,,,,,,,,,,,,,,,,,,,,,,,,,,,,,,,,,,,,,../data/driams/downloads/DRIAMS-C/id/2018/2018_clean.csv,28080403380_H4,28080403380_H4,584.0,Proteus
Enterococcus faecalis,28080403380_A12,S,S,,,R,,,S,,,,,,R,,,R,,,S,S,R,S,,,,,S,,,,,,,,,,,,,,,,,,,,,,,,,,,,,../data/driams/downloads/DRIAMS-C/id/2018/2018_clean.csv,28080403380_A12,28080403380_A12,1351.0,Enterococcus
Staphylococcus aureus,28080405530_G7,S,R,,S,S,,,,,,,S,S,S,S,S,S,R,S,S,,,,,,,,,,,,,,,,,,,,,,,,,,,,,,,,,,,,,../data/driams/downloads/DRIAMS-C/id/2018/2018_clean.csv,28080405530_G7,28080405530_G7,1280.0,Staphylococcus
Escherichia coli,28080502430_F7,S,R,R,S,S,R,R,,,,S,R,,,,,,,,,,,S,,,S,R,S,,,,,,,,,,,,,,,,,,,,,,,,,,,,,../data/driams/downloads/DRIAMS-C/id/2018/2018_clean.csv,28080502430_F7,28080502430_F7,562.0,Escherichia
Escherichia coli,28080502430_F8,S,R,R,S,S,R,R,,,,S,R,,,,,,,,,,,S,,,S,R,S,,,,,,,,,,,,,,,,,,,,,,,,,,,,,../data/driams/downloads/DRIAMS-C/id/2018/2018_clean.csv,28080502430_F8,28080502430_F8,562.0,Escherichia
Klebsiella pneumoniae,28080502940_C5,S,R,S,S,S,S,S,,,,S,S,,,,,,,,,,,S,,,S,S,S,,,,,,,,,,,,,,,,,,,,,,,,,,,,,../data/driams/downloads/DRIAMS-C/id/2018/2018_clean.csv,28080502940_C5,28080502940_C5,573.0,Klebsiella
Klebsiella pneumoniae,28080503310_F6,R,R,S,S,S,S,S,,,,S,S,,,,,,,,,,,S,,,S,S,S,,,,,,,,,,,,,,,,,,,,,,,,,,,,,../data/driams/downloads/DRIAMS-C/id/2018/2018_clean.csv,28080503310_F6,28080503310_F6,573.0,Klebsiella
Klebsiella aerogenes,28080504360_F11,R,R,S,S,S,S,S,,,,S,S,,,,,,,,,,,S,,,S,S,S,,,,,,,,,,,,,,,,,,,,,,,,,,,,,../data/driams/downloads/DRIAMS-C/id/2018/2018_clean.csv,28080504360_F11,28080504360_F11,548.0,
Pseudomonas aeruginosa,28080504380_F12,R,R,S,S,S,R,R,,,,S,R,,,,,,,,,,,S,,,S,S,S,,,,,,,,,,,,,,,,,,,,,,,,,,,,,../data/driams/downloads/DRIAMS-C/id/2018/2018_clean.csv,28080504380_F12,28080504380_F12,287.0,Pseudomonas
Escherichia coli,28080504380_G1,S,S,S,S,S,S,S,,,,S,S,,,,,,,,,,,S,,,S,S,S,,,,,,,,,,,,,,,,,,,,,,,,,,,,,../data/driams/downloads/DRIAMS-C/id/2018/2018_clean.csv,28080504380_G1,28080504380_G1,562.0,Escherichia
Klebsiella pneumoniae,28080504380_G2,S,R,S,S,S,S,S,,,,S,S,,,,,,,,,,,S,,,S,S,S,,,,,,,,,,,,,,,,,,,,,,,,,,,,,../data/driams/downloads/DRIAMS-C/id/2018/2018_clean.csv,28080504380_G2,28080504380_G2,573.0,Klebsiella
Escherichia coli,28080504420_F10,S,R,S,S,S,S,S,S,S,S,S,R,,,,,,,,,,,,,,,,,,,,,,,,,,,,,,,,,,,,,,,,,,,,,../data/driams/downloads/DRIAMS-C/id/2018/2018_clean.csv,28080504420_F10,28080504420_F10,562.0,Escherichia
Escherichia coli,28080504520_H12,S,R,R,S,S,R,R,S,S,S,S,S,,,,,,,,,,,S,,,S,R,S,,,,,,,,,,,,,,,,,,,,,,,,,,,,,../data/driams/downloads/DRIAMS-C/id/2018/2018_clean.csv,28080504520_H12,28080504520_H12,562.0,Escherichia
Escherichia coli,28080504520_B4,S,R,R,S,S,R,R,S,S,S,S,S,,,,,,,,,,,S,,,S,R,S,,,,,,,,,,,,,,,,,,,,,,,,,,,,,../data/driams/downloads/DRIAMS-C/id/2018/2018_clean.csv,28080504520_B4,28080504520_B4,562.0,Escherichia
Enterococcus faecium,28080504590_A1,R,R,,,R,,,S,,,,,,R,,,R,,,S,S,S,R,,,,,,,,,,,,,,,,,,,,,,,,,,,,,,,,,,../data/driams/downloads/DRIAMS-C/id/2018/2018_clean.csv,28080504590_A1,28080504590_A1,1352.0,Enterococcus
Enterococcus faecium,28080504590_A2,R,R,,,R,,,S,,,,,,R,,,R,,,S,S,S,R,,,,,,,,,,,,,,,,,,,,,,,,,,,,,,,,,,../data/driams/downloads/DRIAMS-C/id/2018/2018_clean.csv,28080504590_A2,28080504590_A2,1352.0,Enterococcus
Klebsiella oxytoca,28080603760_B6,S,R,S,S,S,S,S,S,R,S,S,S,,,,,,,,,,,,,,,,,,,,,,,,,,,,,,,,,,,,,,,,,,,,,../data/driams/downloads/DRIAMS-C/id/2018/2018_clean.csv,28080603760_B6,28080603760_B6,571.0,Klebsiella
Enterococcus faecalis,28080603760_B7,S,S,,,,,,S,,,,I,,,,,R,,,,,R,S,,,,,,,,,,,,,,,,,,,,,,,,,,,,,,,,,,../data/driams/downloads/DRIAMS-C/id/2018/2018_clean.csv,28080603760_B7,28080603760_B7,1351.0,Enterococcus
Staphylococcus aureus,28080605240_E1,S,R,,S,S,,,,,,,S,S,S,S,S,S,R,S,S,,,,,,,,,,,,,,,,,,,,,,,,,,,,,,,,,,,,,../data/driams/downloads/DRIAMS-C/id/2018/2018_clean.csv,28080605240_E1,28080605240_E1,1280.0,Staphylococcus
Enterococcus faecalis,28080607330_B10,S,S,,,,,,S,,,,I,,,,,R,,,,,R,S,,,,,,,,,,,,,,,,,,,,,,,,,,,,,,,,,,../data/driams/downloads/DRIAMS-C/id/2018/2018_clean.csv,28080607330_B10,28080607330_B10,1351.0,Enterococcus
Escherichia coli,28080607440_C4,S,S,S,S,S,S,S,S,S,S,S,S,,,,,,,,,,,,,,,,,,,,,,,,,,,,,,,,,,,,,,,,,,,,,../data/driams/downloads/DRIAMS-C/id/2018/2018_clean.csv,28080607440_C4,28080607440_C4,562.0,Escherichia
Proteus mirabilis,28080607440_C5,S,R,S,S,S,S,S,R,S,S,R,R,,,,,,,,,,,,,,,,,,,,,,,,,,,,,,,,,,,,,,,,,,,,,../data/driams/downloads/DRIAMS-C/id/2018/2018_clean.csv,28080607440_C5,28080607440_C5,584.0,Proteus
Proteus mirabilis,28080607440_C8,S,R,S,S,S,S,S,R,S,S,R,R,,,,,,,,,,,,,,,,,,,,,,,,,,,,,,,,,,,,,,,,,,,,,../data/driams/downloads/DRIAMS-C/id/2018/2018_clean.csv,28080607440_C8,28080607440_C8,584.0,Proteus
Escherichia coli,28080607520_C10,S,S,S,S,S,S,S,S,S,S,S,S,,,,,,,,,,,,,,,,,,,,,,,,,,,,,,,,,,,,,,,,,,,,,../data/driams/downloads/DRIAMS-C/id/2018/2018_clean.csv,28080607520_C10,28080607520_C10,562.0,Escherichia
Proteus mirabilis,28080607520_C11,S,S,S,S,S,S,S,R,S,S,R,S,,,,,,,,,,,,,,,,,,,,,,,,,,,,,,,,,,,,,,,,,,,,,../data/driams/downloads/DRIAMS-C/id/2018/2018_clean.csv,28080607520_C11,28080607520_C11,584.0,Proteus
Proteus mirabilis,28080607520_C12,S,S,S,S,S,S,S,R,S,S,R,S,,,,,,,,,,,,,,,,,,,,,,,,,,,,,,,,,,,,,,,,,,,,,../data/driams/downloads/DRIAMS-C/id/2018/2018_clean.csv,28080607520_C12,28080607520_C12,584.0,Proteus
Pseudomonas aeruginosa,28080607580_D3,R,R,S,S,S,R,R,,,,S,R,,,,,,,,,,,S,,,S,S,R,,,,,,,,,,,,,,,,,,,,,,,,,,,,,../data/driams/downloads/DRIAMS-C/id/2018/2018_clean.csv,28080607580_D3,28080607580_D3,287.0,Pseudomonas
Proteus vulgaris,28080607580_E10,S,R,S,S,S,S,R,R,S,S,R,S,,,,,,,,,,,S,,,S,S,S,,,,,,,,,,,,,,,,,,,,,,,,,,,,,../data/driams/downloads/DRIAMS-C/id/2018/2018_clean.csv,28080607580_E10,28080607580_E10,585.0,Proteus
Pseudomonas aeruginosa,28080607580_E9,R,R,S,S,S,R,R,,,,S,R,,,,,,,,,,,S,,,S,S,R,,,,,,,,,,,,,,,,,,,,,,,,,,,,,../data/driams/downloads/DRIAMS-C/id/2018/2018_clean.csv,28080607580_E9,28080607580_E9,287.0,Pseudomonas
Campylobacter jejuni,28080607730_C8,,,,S,,,,,,,,,S,,,,,,,,,,,,,,,,S,S,R,R,,,,,,,,,,,,,,,,,,,,,,,,,../data/driams/downloads/DRIAMS-C/id/2018/2018_clean.csv,28080607730_C8,28080607730_C8,197.0,Campylobacter
Campylobacter jejuni,28080607730_C9,,,,S,,,,,,,,,S,,,,,,,,,,,,,,,,S,S,R,R,,,,,,,,,,,,,,,,,,,,,,,,,../data/driams/downloads/DRIAMS-C/id/2018/2018_clean.csv,28080607730_C9,28080607730_C9,197.0,Campylobacter
Enterococcus faecalis,28080608260_E2,S,S,,,R,,,,,,,,,R,,,R,,,S,S,R,S,,,,,,,,,,,,,,,,,,,,,,,,,,,,,,,,,,../data/driams/downloads/DRIAMS-C/id/2018/2018_clean.csv,28080608260_E2,28080608260_E2,1351.0,Enterococcus
Staphylococcus aureus,28080608340_E3,R,R,,R,R,,,,,,,S,R,R,S,S,R,R,S,S,,S,,,,,,,,,,,,,,,,,,,,,,,,,,,,,,,,,,,../data/driams/downloads/DRIAMS-C/id/2018/2018_clean.csv,28080608340_E3,28080608340_E3,1280.0,Staphylococcus
Staphylococcus aureus,28080608340_G7,R,R,,R,R,,,,,,,S,R,R,S,S,R,R,S,S,,S,,,,,,,,,,,,,,,,,,,,,,,,,,,,,,,,,,,../data/driams/downloads/DRIAMS-C/id/2018/2018_clean.csv,28080608340_G7,28080608340_G7,1280.0,Staphylococcus
Serratia marcescens,28080609110_D6,R,R,S,R,S,S,R,R,R,R,R,S,,,,,,,,,,,,,,,,,,,,,,,,,,,,,,,,,,,,,,,,,,,,,../data/driams/downloads/DRIAMS-C/id/2018/2018_clean.csv,28080609110_D6,28080609110_D6,615.0,Serratia
Enterococcus faecalis,28080609110_D8,S,S,,,,,,S,,,,I,,,,,R,,,,,R,S,,,,,,,,,,,,,,,,,,,,,,,,,,,,,,,,,,../data/driams/downloads/DRIAMS-C/id/2018/2018_clean.csv,28080609110_D8,28080609110_D8,1351.0,Enterococcus
Staphylococcus aureus,28080609160_E6,S,R,,S,S,,,,,,,S,S,S,S,S,S,R,S,S,,,,,,,,,,,,,,,,,,,,,,,,,,,,,,,,,,,,,../data/driams/downloads/DRIAMS-C/id/2018/2018_clean.csv,28080609160_E6,28080609160_E6,1280.0,Staphylococcus
Escherichia coli,28080609510_E9,S,S,S,S,S,S,S,,,,S,S,,,,,,,,,,,S,,,S,S,S,,,,,,,,,,,,,,,,,,,,,,,,,,,,,../data/driams/downloads/DRIAMS-C/id/2018/2018_clean.csv,28080609510_E9,28080609510_E9,562.0,Escherichia
Staphylococcus aureus,28080609560_E11,S,S,,S,R,,,,,,,S,R,R,S,S,S,S,S,S,,,,,,,,,,,,,,,,,,,,,,,,,,,,,,,,,,,,,../data/driams/downloads/DRIAMS-C/id/2018/2018_clean.csv,28080609560_E11,28080609560_E11,1280.0,Staphylococcus
Pseudomonas aeruginosa,28080609560_F1,R,R,S,S,S,R,R,,,,S,R,,,,,,,,,,,S,,,S,S,S,,,,,,,,,,,,,,,,,,,,,,,,,,,,,../data/driams/downloads/DRIAMS-C/id/2018/2018_clean.csv,28080609560_F1,28080609560_F1,287.0,Pseudomonas
Enterobacter cloacae,28080609870_D10,R,R,R,S,S,R,R,R,R,S,S,S,,,,,,,,,,,R,,,S,R,S,,,,,,,,,,,,,,,,,,,,,,,,,,,,,../data/driams/downloads/DRIAMS-C/id/2018/2018_clean.csv,28080609870_D10,28080609870_D10,550.0,Enterobacter
Enterobacter cloacae,28080609870_E11,R,R,R,S,S,R,R,R,R,S,S,S,,,,,,,,,,,R,,,S,R,S,,,,,,,,,,,,,,,,,,,,,,,,,,,,,../data/driams/downloads/DRIAMS-C/id/2018/2018_clean.csv,28080609870_E11,28080609870_E11,550.0,Enterobacter
Pseudomonas aeruginosa,28080609980_D11,R,R,S,S,S,R,R,,,,S,R,,,,,,,,,,,S,,,S,S,S,,,,,,,,,,,,,,,,,,,,,,,,,,,,,../data/driams/downloads/DRIAMS-C/id/2018/2018_clean.csv,28080609980_D11,28080609980_D11,287.0,Pseudomonas
Enterococcus faecalis,28080609980_E1,S,S,,,,,,S,,,,I,,,,,R,,,,,R,S,,,,,,,,,,,,,,,,,,,,,,,,,,,,,,,,,,../data/driams/downloads/DRIAMS-C/id/2018/2018_clean.csv,28080609980_E1,28080609980_E1,1351.0,Enterococcus
Pseudomonas aeruginosa,28080609980_F1,R,R,S,S,S,R,R,,,,S,R,,,,,,,,,,,S,,,S,S,S,,,,,,,,,,,,,,,,,,,,,,,,,,,,,../data/driams/downloads/DRIAMS-C/id/2018/2018_clean.csv,28080609980_F1,28080609980_F1,287.0,Pseudomonas
Pseudomonas aeruginosa,28080609980_F2,R,R,S,S,S,R,R,,,,S,R,,,,,,,,,,,S,,,S,S,S,,,,,,,,,,,,,,,,,,,,,,,,,,,,,../data/driams/downloads/DRIAMS-C/id/2018/2018_clean.csv,28080609980_F2,28080609980_F2,287.0,Pseudomonas
Enterobacter cloacae,28080609980_F3,R,R,S,S,S,S,R,S,R,S,S,S,,,,,,,,,,,S,,,S,S,S,,,,,,,,,,,,,,,,,,,,,,,,,,,,,../data/driams/downloads/DRIAMS-C/id/2018/2018_clean.csv,28080609980_F3,28080609980_F3,550.0,Enterobacter
Escherichia coli,28080610020_E7,S,S,S,S,S,S,S,S,S,S,S,S,,,,,,,,,,,,,,,,,,,,,,,,,,,,,,,,,,,,,,,,,,,,,../data/driams/downloads/DRIAMS-C/id/2018/2018_clean.csv,28080610020_E7,28080610020_E7,562.0,Escherichia
Staphylococcus aureus,28080705340_E8,S,R,,S,S,,,,,,,S,S,S,S,S,S,R,S,S,,,,,,,,,,,,,,,,,,,,,,,,,,,,,,,,,,,,,../data/driams/downloads/DRIAMS-C/id/2018/2018_clean.csv,28080705340_E8,28080705340_E8,1280.0,Staphylococcus
Klebsiella pneumoniae,28080708140_A2,S,R,S,S,S,S,S,S,R,S,S,S,,,,,,,,,,,,,,,,,,,,,,,,,,,,,,,,,,,,,,,,,,,,,../data/driams/downloads/DRIAMS-C/id/2018/2018_clean.csv,28080708140_A2,28080708140_A2,573.0,Klebsiella
Klebsiella pneumoniae,28080708140_A5,S,R,S,S,S,S,S,S,R,S,S,S,,,,,,,,,,,,,,,,,,,,,,,,,,,,,,,,,,,,,,,,,,,,,../data/driams/downloads/DRIAMS-C/id/2018/2018_clean.csv,28080708140_A5,28080708140_A5,573.0,Klebsiella
Proteus mirabilis,28080708910_H1,S,S,S,S,S,S,S,R,R,S,R,S,,,,,,,,,,,,,,,,,,,,,,,,,,,,,,,,,,,,,,,,,,,,,../data/driams/downloads/DRIAMS-C/id/2018/2018_clean.csv,28080708910_H1,28080708910_H1,584.0,Proteus
Staphylococcus aureus,28080708980_H5,S,R,,S,S,,,S,,S,,S,,,,,S,R,,,,,,,,,,,,,,,S,,,,,,,,,,,,,,,,,,,,,,,,../data/driams/downloads/DRIAMS-C/id/2018/2018_clean.csv,28080708980_H5,28080708980_H5,1280.0,Staphylococcus
Escherichia coli,28080711230_H6,R,R,S,S,S,S,R,S,S,S,S,S,,,,,,,,,,,S,,,S,S,S,,,,,,,,,,,,,,,,,,,,,,,,,,,,,../data/driams/downloads/DRIAMS-C/id/2018/2018_clean.csv,28080711230_H6,28080711230_H6,562.0,Escherichia
Staphylococcus aureus,28080807130_C1,S,R,,S,S,,,,,,,R,S,S,S,S,S,R,S,S,,,,,,,,,,,,,,,,S,,,,,,,,,,,,,,,,,,,,,../data/driams/downloads/DRIAMS-C/id/2018/2018_clean.csv,28080807130_C1,28080807130_C1,1280.0,Staphylococcus
Staphylococcus aureus,28080807130_C3,S,R,,S,S,,,,,,,R,S,S,S,S,S,R,S,S,,,,,,,,,,,,,,,,S,,,,,,,,,,,,,,,,,,,,,../data/driams/downloads/DRIAMS-C/id/2018/2018_clean.csv,28080807130_C3,28080807130_C3,1280.0,Staphylococcus
Staphylococcus aureus,28080808110_F10,S,R,,S,S,,,,,,,S,S,S,S,S,S,R,S,S,,,,,,,,,,,,,,,,,,,,,,,,,,,,,,,,,,,,,../data/driams/downloads/DRIAMS-C/id/2018/2018_clean.csv,28080808110_F10,28080808110_F10,1280.0,Staphylococcus
Pseudomonas aeruginosa,28080808140_F12,R,R,R,S,S,R,R,,,,S,R,,,,,,,,,,,R,,,S,R,S,,,,,,,,,,,,,,,,,,,,,,,,,,,,,../data/driams/downloads/DRIAMS-C/id/2018/2018_clean.csv,28080808140_F12,28080808140_F12,287.0,Pseudomonas
Klebsiella aerogenes,28080808190_G1,R,R,S,S,S,S,R,,,,S,S,,,,,,,,,,,S,,,S,S,S,,,,,,,,,,,,,,,,,,,,,,,,,,,,,../data/driams/downloads/DRIAMS-C/id/2018/2018_clean.csv,28080808190_G1,28080808190_G1,548.0,
Staphylococcus aureus,28080808190_B3,S,S,,S,S,,,,,,,S,S,S,S,S,S,S,S,S,,,,,,,,,,,,,,,,,,,,,,,,,,,,,,,,,,,,,../data/driams/downloads/DRIAMS-C/id/2018/2018_clean.csv,28080808190_B3,28080808190_B3,1280.0,Staphylococcus
Staphylococcus aureus,28080808190_D7,S,S,,S,S,,,,,,,S,S,S,S,S,S,S,S,S,,,,,,,,,,,,,,,,,,,,,,,,,,,,,,,,,,,,,../data/driams/downloads/DRIAMS-C/id/2018/2018_clean.csv,28080808190_D7,28080808190_D7,1280.0,Staphylococcus
Pseudomonas aeruginosa,28080809810_B8,R,R,S,S,S,R,R,,,,S,R,,,,,,,,,,,S,,,S,S,S,,,,,,,,,,,,,,,,,,,,,,,,,,,,,../data/driams/downloads/DRIAMS-C/id/2018/2018_clean.csv,28080809810_B8,28080809810_B8,287.0,Pseudomonas
Staphylococcus aureus,28080809810_B9,R,R,,S,S,,,,,,,S,R,S,R,S,R,R,S,S,,,,,,,,,,,,,,,,,,,,,,,,,,,,,,,,,,,,,../data/driams/downloads/DRIAMS-C/id/2018/2018_clean.csv,28080809810_B9,28080809810_B9,1280.0,Staphylococcus
Staphylococcus aureus,28080811020_B10,S,R,,S,S,,,,,,,S,S,S,S,S,S,R,S,S,,,,,,,,,,,,,,,,,,,,,,,,,,,,,,,,,,,,,../data/driams/downloads/DRIAMS-C/id/2018/2018_clean.csv,28080811020_B10,28080811020_B10,1280.0,Staphylococcus
Escherichia coli,28080811970_B7,R,R,R,S,S,R,R,S,S,S,S,R,,,,,,,,,,,S,,,S,S,S,,,,,,,,,,,,,,,,,,,,,,,,,,,,,../data/driams/downloads/DRIAMS-C/id/2018/2018_clean.csv,28080811970_B7,28080811970_B7,562.0,Escherichia
Escherichia coli,28080811970_E10,R,R,R,S,S,R,R,S,S,S,S,R,,,,,,,,,,,S,,,S,S,S,,,,,,,,,,,,,,,,,,,,,,,,,,,,,../data/driams/downloads/DRIAMS-C/id/2018/2018_clean.csv,28080811970_E10,28080811970_E10,562.0,Escherichia
Escherichia coli,28080811970_E11,R,R,R,S,S,R,R,S,S,S,S,R,,,,,,,,,,,S,,,S,S,S,,,,,,,,,,,,,,,,,,,,,,,,,,,,,../data/driams/downloads/DRIAMS-C/id/2018/2018_clean.csv,28080811970_E11,28080811970_E11,562.0,Escherichia
Escherichia coli,28080811970_E9,R,R,R,S,S,R,R,S,S,S,S,R,,,,,,,,,,,S,,,S,S,S,,,,,,,,,,,,,,,,,,,,,,,,,,,,,../data/driams/downloads/DRIAMS-C/id/2018/2018_clean.csv,28080811970_E9,28080811970_E9,562.0,Escherichia
Staphylococcus aureus,28080813520_C2,S,R,,S,R,,,,,,,S,S,S,R,S,S,R,S,S,,,,,,,,,,,,,,,,,,,,,,,,,,,,,,,,,,,,,../data/driams/downloads/DRIAMS-C/id/2018/2018_clean.csv,28080813520_C2,28080813520_C2,1280.0,Staphylococcus
Escherichia coli,28080903680_B11,S,S,S,S,S,S,S,,,,S,S,,,,,,,,,,,S,,,S,S,S,,,,,,,,,,,,,,,,,,,,,,,,,,,,,../data/driams/downloads/DRIAMS-C/id/2018/2018_clean.csv,28080903680_B11,28080903680_B11,562.0,Escherichia
Escherichia coli,28080903680_D3,S,S,S,S,S,S,S,,,,S,S,,,,,,,,,,,S,,,S,S,S,,,,,,,,,,,,,,,,,,,,,,,,,,,,,../data/driams/downloads/DRIAMS-C/id/2018/2018_clean.csv,28080903680_D3,28080903680_D3,562.0,Escherichia
Prevotella bivia,28080903680_D4,S,R,,,,,,,,,,,S,S,,,,R,,,,,,S,,,,,,,,,,,,,,,,,,,,,,,,,,,,,,,,,../data/driams/downloads/DRIAMS-C/id/2018/2018_clean.csv,28080903680_D4,28080903680_D4,28125.0,Prevotella
Pseudomonas aeruginosa,28080903800_C4,R,R,S,S,S,R,R,,,,S,R,,,,,,,,,,,S,,,S,S,S,,,,,,,,,,,,,,,,,,,,,,,,,,,,,../data/driams/downloads/DRIAMS-C/id/2018/2018_clean.csv,28080903800_C4,28080903800_C4,287.0,Pseudomonas
Staphylococcus aureus,28080903800_D1,R,R,,S,S,,,,,,,S,R,S,S,S,R,R,S,S,,,,,,,,,,,,,,,,,,,,,,,,,,,,,,,,,,,,,../data/driams/downloads/DRIAMS-C/id/2018/2018_clean.csv,28080903800_D1,28080903800_D1,1280.0,Staphylococcus
Staphylococcus aureus,28080903800_A3,R,R,,S,S,,,,,,,S,R,S,S,S,R,R,S,S,,,,,,,,,,,,,,,,,,,,,,,,,,,,,,,,,,,,,../data/driams/downloads/DRIAMS-C/id/2018/2018_clean.csv,28080903800_A3,28080903800_A3,1280.0,Staphylococcus
Staphylococcus aureus,28080904460_C7,S,R,,S,R,,,,,,,S,R,R,S,S,S,R,S,S,,,,,,,,,,,,,,,,,,,,,,,,,,,,,,,,,,,,,../data/driams/downloads/DRIAMS-C/id/2018/2018_clean.csv,28080904460_C7,28080904460_C7,1280.0,Staphylococcus
Enterobacter cloacae,28080907950_C3,R,R,S,S,S,S,S,S,R,S,S,S,,,,,,,,,,,,,,,,,,,,,,,,,,,,,,,,,,,,,,,,,,,,,../data/driams/downloads/DRIAMS-C/id/2018/2018_clean.csv,28080907950_C3,28080907950_C3,550.0,Enterobacter
Klebsiella oxytoca,28080908020_C4,R,R,S,S,S,R,R,S,R,S,S,S,,,,,,,,,,,R,,,S,S,S,,,,,,,,,,,,,,,,,,,,,,,,,,,,,../data/driams/downloads/DRIAMS-C/id/2018/2018_clean.csv,28080908020_C4,28080908020_C4,571.0,Klebsiella
Klebsiella oxytoca,28080908020_F1,R,R,S,S,S,R,R,S,R,S,S,S,,,,,,,,,,,R,,,S,S,S,,,,,,,,,,,,,,,,,,,,,,,,,,,,,../data/driams/downloads/DRIAMS-C/id/2018/2018_clean.csv,28080908020_F1,28080908020_F1,571.0,Klebsiella
Enterobacter cloacae,28080908090_C5,R,R,S,S,S,S,S,S,R,S,S,S,,,,,,,,,,,,,,,,,,,,,,,,,,,,,,,,,,,,,,,,,,,,,../data/driams/downloads/DRIAMS-C/id/2018/2018_clean.csv,28080908090_C5,28080908090_C5,550.0,Enterobacter
Escherichia coli,28080908180_F2,S,,S,S,S,S,S,S,S,S,S,S,,,,,,,,,,,S,,,S,S,S,,,,,,,,,,,,,,,,,,,,,,,,,,,,,../data/driams/downloads/DRIAMS-C/id/2018/2018_clean.csv,28080908180_F2,28080908180_F2,562.0,Escherichia
Staphylococcus aureus,28080910260_F4,S,R,,S,S,,,S,,S,,S,,,,,S,R,,,,,,,,,,,,,,,S,,,,,,,,,,,,,,,,,,,,,,,,../data/driams/downloads/DRIAMS-C/id/2018/2018_clean.csv,28080910260_F4,28080910260_F4,1280.0,Staphylococcus
Escherichia coli,28080910280_D2,S,S,S,S,S,S,S,S,S,S,S,S,,,,,,,,,,,S,,,S,S,S,,,,,,,,,,,,,,,,,,,,,,,,,,,,,../data/driams/downloads/DRIAMS-C/id/2018/2018_clean.csv,28080910280_D2,28080910280_D2,562.0,Escherichia
Klebsiella pneumoniae,28080910280_D3,R,R,R,R,S,R,R,R,R,R,S,R,,,,,,,,,,,R,,,S,R,S,,,,,,,,,,,,,,,,,,,,,,,,,,,,,../data/driams/downloads/DRIAMS-C/id/2018/2018_clean.csv,28080910280_D3,28080910280_D3,573.0,Klebsiella
Escherichia coli,28080910280_F5,S,S,S,S,S,S,S,S,S,S,S,S,,,,,,,,,,,S,,,S,S,S,,,,,,,,,,,,,,,,,,,,,,,,,,,,,../data/driams/downloads/DRIAMS-C/id/2018/2018_clean.csv,28080910280_F5,28080910280_F5,562.0,Escherichia
Klebsiella pneumoniae,28080910280_F6,R,R,R,R,S,R,R,R,R,R,S,R,,,,,,,,,,,R,,,S,R,S,,,,,,,,,,,,,,,,,,,,,,,,,,,,,../data/driams/downloads/DRIAMS-C/id/2018/2018_clean.csv,28080910280_F6,28080910280_F6,573.0,Klebsiella
Enterococcus faecalis,28080910290_F7,S,S,,,,,,S,,,,I,,,,,R,,,,,R,S,,,,,,,,,,,,,,,,,,,,,,,,,,,,,,,,,,../data/driams/downloads/DRIAMS-C/id/2018/2018_clean.csv,28080910290_F7,28080910290_F7,1351.0,Enterococcus
Enterococcus faecalis,28080910290_F8,S,S,,,,,,S,,,,I,,,,,R,,,,,R,S,,,,,,,,,,,,,,,,,,,,,,,,,,,,,,,,,,../data/driams/downloads/DRIAMS-C/id/2018/2018_clean.csv,28080910290_F8,28080910290_F8,1351.0,Enterococcus
Staphylococcus aureus,28080910540_C8,S,S,,R,S,,,,,,,S,S,S,S,S,S,S,S,S,,,,,,,,,,,,,,,,,,,,,,,,,,,,,,,,,,,,,../data/driams/downloads/DRIAMS-C/id/2018/2018_clean.csv,28080910540_C8,28080910540_C8,1280.0,Staphylococcus
Proteus mirabilis,28080910540_C9,S,S,S,S,S,S,S,,,,R,S,,,,,,,,,,,S,,,S,S,S,,,,,,,,,,,,,,,,,,,,,,,,,,,,,../data/driams/downloads/DRIAMS-C/id/2018/2018_clean.csv,28080910540_C9,28080910540_C9,584.0,Proteus
Klebsiella pneumoniae,28080911150_D10,S,R,S,S,S,S,S,S,R,S,S,S,,,,,,,,,,,,,,,,,,,,,,,,,,,,,,,,,,,,,,,,,,,,,../data/driams/downloads/DRIAMS-C/id/2018/2018_clean.csv,28080911150_D10,28080911150_D10,573.0,Klebsiella
Enterococcus faecalis,28080911150_D9,S,S,,,,,,S,,,,I,,,,,R,,,,,R,S,,,,,,,,,,,,,,,,,,,,,,,,,,,,,,,,,,../data/driams/downloads/DRIAMS-C/id/2018/2018_clean.csv,28080911150_D9,28080911150_D9,1351.0,Enterococcus
Enterococcus faecalis,28080912070_D12,S,S,,,,,,S,,,,I,,,,,R,,,,,R,S,,,,,,,,,,,,,,,,,,,,,,,,,,,,,,,,,,../data/driams/downloads/DRIAMS-C/id/2018/2018_clean.csv,28080912070_D12,28080912070_D12,1351.0,Enterococcus
Staphylococcus aureus,28081003240_A12,S,R,,S,S,,,,,,,S,S,S,S,S,S,R,S,S,,,,,,,,,,,,,,,,,,,,,,,,,,,,,,,,,,,,,../data/driams/downloads/DRIAMS-C/id/2018/2018_clean.csv,28081003240_A12,28081003240_A12,1280.0,Staphylococcus
Klebsiella aerogenes,28081003350_E4,R,R,S,S,S,S,S,,,,S,S,,,,,,,,,,,S,,,S,S,S,,,,,,,,,,,,,,,,,,,,,,,,,,,,,../data/driams/downloads/DRIAMS-C/id/2018/2018_clean.csv,28081003350_E4,28081003350_E4,548.0,
Staphylococcus aureus,28081003350_E5,S,S,,S,S,,,,,,,S,S,S,S,S,S,S,S,S,,,,,,,,,,,,,,,,,,,,,,,,,,,,,,,,,,,,,../data/driams/downloads/DRIAMS-C/id/2018/2018_clean.csv,28081003350_E5,28081003350_E5,1280.0,Staphylococcus
Escherichia coli,28081003930_G5,R,R,R,R,R,R,R,,,,S,R,,,,,,,,,,,S,,,S,R,S,,,,,,,,,,,,,,,,,,,,,,,,,,,,,../data/driams/downloads/DRIAMS-C/id/2018/2018_clean.csv,28081003930_G5,28081003930_G5,562.0,Escherichia
Escherichia coli,28081004710_G1,S,R,S,S,S,S,S,S,S,S,S,R,,,,,,,,,,,,,,,,,,,,,,,,,,,,,,,,,,,,,,,,,,,,,../data/driams/downloads/DRIAMS-C/id/2018/2018_clean.csv,28081004710_G1,28081004710_G1,562.0,Escherichia
Escherichia coli,28081004710_G2,S,R,S,S,S,S,S,S,S,S,S,R,,,,,,,,,,,,,,,,,,,,,,,,,,,,,,,,,,,,,,,,,,,,,../data/driams/downloads/DRIAMS-C/id/2018/2018_clean.csv,28081004710_G2,28081004710_G2,562.0,Escherichia
Proteus mirabilis,28081004750_G3,S,R,S,S,S,S,S,R,S,S,R,S,,,,,,,,,,,,,,,,,,,,,,,,,,,,,,,,,,,,,,,,,,,,,../data/driams/downloads/DRIAMS-C/id/2018/2018_clean.csv,28081004750_G3,28081004750_G3,584.0,Proteus
Enterococcus faecalis,28081004760_G4,S,S,,,,,,S,,,,I,,,,,R,,,,,R,S,,,,,,,,,,,,,,,,,,,,,,,,,,,,,,,,,,../data/driams/downloads/DRIAMS-C/id/2018/2018_clean.csv,28081004760_G4,28081004760_G4,1351.0,Enterococcus
Escherichia coli,28081006580_H2,S,S,S,S,S,S,S,,,,S,S,,,,,,,,,,,S,,,S,S,S,,,,,,,,,,,,,,,,,,,,,,,,,,,,,../data/driams/downloads/DRIAMS-C/id/2018/2018_clean.csv,28081006580_H2,28081006580_H2,562.0,Escherichia
Proteus mirabilis,28081006580_H3,S,S,S,S,S,S,S,,,,R,S,,,,,,,,,,,S,,,S,S,S,,,,,,,,,,,,,,,,,,,,,,,,,,,,,../data/driams/downloads/DRIAMS-C/id/2018/2018_clean.csv,28081006580_H3,28081006580_H3,584.0,Proteus
Staphylococcus aureus,28081007830_H9,S,R,,S,S,,,,,,,S,S,S,S,S,S,R,S,S,,,,,,,,,,,,,,,,,,,,,,,,,,,,,,,,,,,,,../data/driams/downloads/DRIAMS-C/id/2018/2018_clean.csv,28081007830_H9,28081007830_H9,1280.0,Staphylococcus
Escherichia coli,28081007840_H10,S,S,S,S,S,S,S,,,,S,S,,,,,,,,,,,S,,,S,S,S,,,,,,,,,,,,,,,,,,,,,,,,,,,,,../data/driams/downloads/DRIAMS-C/id/2018/2018_clean.csv,28081007840_H10,28081007840_H10,562.0,Escherichia
Morganella morganii,28081007840_H12,R,R,S,S,S,S,R,,,,R,S,,,,,,,,,,,S,,,S,S,S,,,,,,,,,,,,,,,,,,,,,,,,,,,,,../data/driams/downloads/DRIAMS-C/id/2018/2018_clean.csv,28081007840_H12,28081007840_H12,582.0,Morganella
Escherichia coli,28081007840_E6,S,S,S,S,S,S,S,,,,S,S,,,,,,,,,,,S,,,S,S,S,,,,,,,,,,,,,,,,,,,,,,,,,,,,,../data/driams/downloads/DRIAMS-C/id/2018/2018_clean.csv,28081007840_E6,28081007840_E6,562.0,Escherichia
Escherichia coli,28081007840_E7,S,S,S,S,S,S,S,,,,S,S,,,,,,,,,,,S,,,S,S,S,,,,,,,,,,,,,,,,,,,,,,,,,,,,,../data/driams/downloads/DRIAMS-C/id/2018/2018_clean.csv,28081007840_E7,28081007840_E7,562.0,Escherichia
Staphylococcus lugdunensis,28081008010_A10,S,R,,S,S,,,,,,,S,S,S,S,S,S,R,S,S,,,,,,,,,,,,,,,,,,,,,,,,,,,,,,,,,,,,,../data/driams/downloads/DRIAMS-C/id/2018/2018_clean.csv,28081008010_A10,28081008010_A10,28035.0,Staphylococcus
Staphylococcus lugdunensis,28081008010_A9,S,R,,S,S,,,,,,,S,S,S,S,S,S,R,S,S,,,,,,,,,,,,,,,,,,,,,,,,,,,,,,,,,,,,,../data/driams/downloads/DRIAMS-C/id/2018/2018_clean.csv,28081008010_A9,28081008010_A9,28035.0,Staphylococcus
Escherichia coli,28081008830_A5,R,R,R,R,R,R,R,S,S,R,S,R,,,,,,,,,,,S,,,S,R,S,,,,,,,,,,,,,,,,,,,,,,,,,,,,,../data/driams/downloads/DRIAMS-C/id/2018/2018_clean.csv,28081008830_A5,28081008830_A5,562.0,Escherichia
Escherichia coli,28081009010_A6,R,R,S,S,S,R,R,S,S,S,S,R,,,,,,,,,,,S,,,S,R,S,,,,,,,,,,,,,,,,,,,,,,,,,,,,,../data/driams/downloads/DRIAMS-C/id/2018/2018_clean.csv,28081009010_A6,28081009010_A6,562.0,Escherichia
Escherichia coli,28081009010_A7,R,R,S,S,S,R,R,S,S,S,S,R,,,,,,,,,,,S,,,S,R,S,,,,,,,,,,,,,,,,,,,,,,,,,,,,,../data/driams/downloads/DRIAMS-C/id/2018/2018_clean.csv,28081009010_A7,28081009010_A7,562.0,Escherichia
Staphylococcus aureus,28081009480_E9,S,R,,S,S,,,,,,,S,S,S,S,S,S,R,S,S,,,,,,,,,,,,,,,,,,,,,,,,,,,,,,,,,,,,,../data/driams/downloads/DRIAMS-C/id/2018/2018_clean.csv,28081009480_E9,28081009480_E9,1280.0,Staphylococcus
Morganella morganii,28081009620_E12,R,R,S,S,S,S,R,,,,R,S,,,,,,,,,,,S,,,S,S,S,,,,,,,,,,,,,,,,,,,,,,,,,,,,,../data/driams/downloads/DRIAMS-C/id/2018/2018_clean.csv,28081009620_E12,28081009620_E12,582.0,Morganella
Escherichia coli,28081009620_F1,S,S,S,S,S,S,S,,,,S,S,,,,,,,,,,,S,,,S,S,S,,,,,,,,,,,,,,,,,,,,,,,,,,,,,../data/driams/downloads/DRIAMS-C/id/2018/2018_clean.csv,28081009620_F1,28081009620_F1,562.0,Escherichia
Proteus mirabilis,28081009620_F2,S,S,S,S,S,S,S,,,,R,S,,,,,,,,,,,S,,,S,S,S,,,,,,,,,,,,,,,,,,,,,,,,,,,,,../data/driams/downloads/DRIAMS-C/id/2018/2018_clean.csv,28081009620_F2,28081009620_F2,584.0,Proteus
Escherichia coli,28081009770_A8,S,R,S,S,S,S,S,S,S,S,S,S,,,,,,,,,,,,,,,,,,,,,,,,,,,,,,,,,,,,,,,,,,,,,../data/driams/downloads/DRIAMS-C/id/2018/2018_clean.csv,28081009770_A8,28081009770_A8,562.0,Escherichia
Escherichia coli,28081009820_A11,R,R,S,R,S,S,S,S,S,R,S,R,,,,,,,,,,,S,,,S,S,S,,,,,,,,,,,,,,,,,,,,,,,,,,,,,../data/driams/downloads/DRIAMS-C/id/2018/2018_clean.csv,28081009820_A11,28081009820_A11,562.0,Escherichia
Escherichia coli,28081009820_A12,R,R,S,R,S,S,S,S,S,R,S,R,,,,,,,,,,,S,,,S,S,S,,,,,,,,,,,,,,,,,,,,,,,,,,,,,../data/driams/downloads/DRIAMS-C/id/2018/2018_clean.csv,28081009820_A12,28081009820_A12,562.0,Escherichia
Klebsiella pneumoniae,28081009850_B12,S,R,S,S,S,S,S,,,,S,S,,,,,,,,,,,S,,,S,S,S,,,,,,,,,,,,,,,,,,,,,,,,,,,,,../data/driams/downloads/DRIAMS-C/id/2018/2018_clean.csv,28081009850_B12,28081009850_B12,573.0,Klebsiella
Klebsiella pneumoniae,28081009860_H2,S,R,S,S,S,S,S,S,R,S,S,S,,,,,,,,,,,,,,,,,,,,,,,,,,,,,,,,,,,,,,,,,,,,,../data/driams/downloads/DRIAMS-C/id/2018/2018_clean.csv,28081009860_H2,28081009860_H2,573.0,Klebsiella
Klebsiella pneumoniae,28081010980_H3,S,R,S,S,S,S,S,S,R,S,S,S,,,,,,,,,,,,,,,,,,,,,,,,,,,,,,,,,,,,,,,,,,,,,../data/driams/downloads/DRIAMS-C/id/2018/2018_clean.csv,28081010980_H3,28081010980_H3,573.0,Klebsiella
Citrobacter koseri,28081011180_D10,S,R,S,S,S,S,S,,,,S,S,,,,,,,,,,,S,,,S,S,S,,,,,,,,,,,,,,,,,,,,,,,,,,,,,../data/driams/downloads/DRIAMS-C/id/2018/2018_clean.csv,28081011180_D10,28081011180_D10,545.0,Citrobacter
Citrobacter koseri,28081011180_D9,S,R,S,S,S,S,S,,,,S,S,,,,,,,,,,,S,,,S,S,S,,,,,,,,,,,,,,,,,,,,,,,,,,,,,../data/driams/downloads/DRIAMS-C/id/2018/2018_clean.csv,28081011180_D9,28081011180_D9,545.0,Citrobacter
Citrobacter koseri,28081011180_B2,S,R,S,S,S,S,S,,,,S,S,,,,,,,,,,,S,,,S,S,S,,,,,,,,,,,,,,,,,,,,,,,,,,,,,../data/driams/downloads/DRIAMS-C/id/2018/2018_clean.csv,28081011180_B2,28081011180_B2,545.0,Citrobacter
Staphylococcus aureus,28081101690_C5,S,S,,S,S,,,,,,,S,S,S,S,S,S,S,S,S,,,,,,,,,,,,,,,,,,,,,,,,,,,,,,,,,,,,,../data/driams/downloads/DRIAMS-C/id/2018/2018_clean.csv,28081101690_C5,28081101690_C5,1280.0,Staphylococcus
Campylobacter jejuni,28081101730_F3,,,,S,S,,,,,,,,S,,,,,,,,,,,,,,,S,S,S,R,S,,,,,,,,,,,,,,,,,,,,,,,,,../data/driams/downloads/DRIAMS-C/id/2018/2018_clean.csv,28081101730_F3,28081101730_F3,197.0,Campylobacter
Campylobacter jejuni,28081103080_D6,,,,S,,,,,,,,,S,,,,,,,,,,,,,,,,S,S,R,S,,,,,,,,,,,,,,,,,,,,,,,,,../data/driams/downloads/DRIAMS-C/id/2018/2018_clean.csv,28081103080_D6,28081103080_D6,197.0,Campylobacter
Escherichia coli,28081103900_A3,R,R,S,S,S,S,S,S,S,S,S,R,,,,,,,,,,,,,,,,,,,,,,,,,,,,,,,,,,,,,,,,,,,,,../data/driams/downloads/DRIAMS-C/id/2018/2018_clean.csv,28081103900_A3,28081103900_A3,562.0,Escherichia
Enterococcus faecalis,28081105630_C2,S,S,,,,,,S,,,,I,,,,,R,,,,,R,S,,,,,,,,,,,,,,,,,,,,,,,,,,,,,,,,,,../data/driams/downloads/DRIAMS-C/id/2018/2018_clean.csv,28081105630_C2,28081105630_C2,1351.0,Enterococcus
Proteus mirabilis,28081105630_C3,S,S,S,S,S,S,S,R,S,S,R,S,,,,,,,,,,,,,,,,,,,,,,,,,,,,,,,,,,,,,,,,,,,,,../data/driams/downloads/DRIAMS-C/id/2018/2018_clean.csv,28081105630_C3,28081105630_C3,584.0,Proteus
Staphylococcus aureus,28081202660_B7,S,R,,S,S,,,,,,,S,S,S,S,S,S,R,S,S,,,,,,,,,,,,,,,,,,,,,,,,,,,,,,,,,,,,,../data/driams/downloads/DRIAMS-C/id/2018/2018_clean.csv,28081202660_B7,28081202660_B7,1280.0,Staphylococcus
Staphylococcus aureus,28081202660_B8,S,R,,S,S,,,,,,,S,S,S,S,S,S,R,S,S,,,,,,,,,,,,,,,,,,,,,,,,,,,,,,,,,,,,,../data/driams/downloads/DRIAMS-C/id/2018/2018_clean.csv,28081202660_B8,28081202660_B8,1280.0,Staphylococcus
Pseudomonas aeruginosa,28081203860_C7,R,R,S,S,S,R,R,,,,S,R,,,,,,,,,,,S,,,S,S,S,,,,,,,,,,,,,,,,,,,,,,,,,,,,,../data/driams/downloads/DRIAMS-C/id/2018/2018_clean.csv,28081203860_C7,28081203860_C7,287.0,Pseudomonas
Stenotrophomonas maltophilia,28081203860_D1,,,,,,,,,,,,S,,,,,,,,,,,,,,,,,,,,,,,,,,,,,,,,,,,,,,,,,,,,,../data/driams/downloads/DRIAMS-C/id/2018/2018_clean.csv,28081203860_D1,28081203860_D1,40324.0,Stenotrophomonas
Escherichia coli,28081204390_E12,S,S,S,S,S,S,S,,,,S,S,,,,,,,,,,,S,,,S,S,S,,,,,,,,,,,,,,,,,,,,,,,,,,,,,../data/driams/downloads/DRIAMS-C/id/2018/2018_clean.csv,28081204390_E12,28081204390_E12,562.0,Escherichia
Klebsiella pneumoniae,28081302070_F2,S,R,S,S,S,S,S,,,,S,S,,,,,,,,,,,S,,,S,S,S,,,,,,,,,,,,,,,,,,,,,,,,,,,,,../data/driams/downloads/DRIAMS-C/id/2018/2018_clean.csv,28081302070_F2,28081302070_F2,573.0,Klebsiella
Enterococcus faecalis,28081307470_B3,S,S,,,R,,,,,,,,,R,,,R,,,S,S,R,S,,,,,,,,,,,,,,,,,,,,,,,,,,,,,,,,,,../data/driams/downloads/DRIAMS-C/id/2018/2018_clean.csv,28081307470_B3,28081307470_B3,1351.0,Enterococcus
Morganella morganii,28081307880_D3,R,R,S,S,S,S,R,R,R,S,R,S,,,,,,,,,,,,,,,,,,,,,,,,,,,,,,,,,,,,,,,,,,,,,../data/driams/downloads/DRIAMS-C/id/2018/2018_clean.csv,28081307880_D3,28081307880_D3,582.0,Morganella
Morganella morganii,28081307880_D4,R,R,S,S,S,S,R,R,R,S,R,S,,,,,,,,,,,,,,,,,,,,,,,,,,,,,,,,,,,,,,,,,,,,,../data/driams/downloads/DRIAMS-C/id/2018/2018_clean.csv,28081307880_D4,28081307880_D4,582.0,Morganella
Staphylococcus aureus,28081307880_D6,S,R,,S,S,,,S,,S,,S,,,,,S,R,,,,,,,,,,,,,,,S,,,,,,,,,,,,,,,,,,,,,,,,../data/driams/downloads/DRIAMS-C/id/2018/2018_clean.csv,28081307880_D6,28081307880_D6,1280.0,Staphylococcus
Pseudomonas aeruginosa,28081307920_C12,R,R,S,S,S,R,R,,,,S,R,,,,,,,,,,,S,,,S,S,S,,,,,,,,,,,,,,,,,,,,,,,,,,,,,../data/driams/downloads/DRIAMS-C/id/2018/2018_clean.csv,28081307920_C12,28081307920_C12,287.0,Pseudomonas
Enterococcus faecium,28081307920_F6,R,R,,,R,,,,,,,,,R,,,R,,,S,S,S,R,,,,,,,,,,,,,,,,,,,,,,,,,,,,,,,,,,../data/driams/downloads/DRIAMS-C/id/2018/2018_clean.csv,28081307920_F6,28081307920_F6,1352.0,Enterococcus
Enterococcus faecium,28081307920_F7,R,R,,,R,,,,,,,,,R,,,R,,,S,S,S,R,,,,,,,,,,,,,,,,,,,,,,,,,,,,,,,,,,../data/driams/downloads/DRIAMS-C/id/2018/2018_clean.csv,28081307920_F7,28081307920_F7,1352.0,Enterococcus
Enterococcus faecalis,28081308130_D9,S,S,,,,,,S,,,,I,,,,,R,,,,,R,S,,,,,,,,,,,,,,,,,,,,,,,,,,,,,,,,,,../data/driams/downloads/DRIAMS-C/id/2018/2018_clean.csv,28081308130_D9,28081308130_D9,1351.0,Enterococcus
Enterococcus faecalis,28081308140_D10,S,S,,,,,,S,,,,I,,,,,R,,,,,R,S,,,,,,,,,,,,,,,,,,,,,,,,,,,,,,,,,,../data/driams/downloads/DRIAMS-C/id/2018/2018_clean.csv,28081308140_D10,28081308140_D10,1351.0,Enterococcus
Serratia marcescens,28081308150_D11,R,R,S,S,S,S,R,R,R,S,R,S,,,,,,,,,,,,,,,,,,,,,,,,,,,,,,,,,,,,,,,,,,,,,../data/driams/downloads/DRIAMS-C/id/2018/2018_clean.csv,28081308150_D11,28081308150_D11,615.0,Serratia
Klebsiella pneumoniae,28081308190_C10,S,R,S,S,S,S,S,S,R,S,S,S,,,,,,,,,,,,,,,,,,,,,,,,,,,,,,,,,,,,,,,,,,,,,../data/driams/downloads/DRIAMS-C/id/2018/2018_clean.csv,28081308190_C10,28081308190_C10,573.0,Klebsiella
Escherichia coli,28081308190_F11,S,R,R,S,S,R,R,S,R,S,S,S,,,,,,,,,,,S,,,S,R,S,,,,,,,,,,,,,,,,,,,,,,,,,,,,,../data/driams/downloads/DRIAMS-C/id/2018/2018_clean.csv,28081308190_F11,28081308190_F11,562.0,Escherichia
Klebsiella pneumoniae,28081308190_F12,S,R,S,S,S,S,S,S,R,S,S,S,,,,,,,,,,,,,,,,,,,,,,,,,,,,,,,,,,,,,,,,,,,,,../data/driams/downloads/DRIAMS-C/id/2018/2018_clean.csv,28081308190_F12,28081308190_F12,573.0,Klebsiella
Escherichia coli,28081308190_G1,S,R,R,S,S,R,R,S,R,S,S,S,,,,,,,,,,,S,,,S,R,S,,,,,,,,,,,,,,,,,,,,,,,,,,,,,../data/driams/downloads/DRIAMS-C/id/2018/2018_clean.csv,28081308190_G1,28081308190_G1,562.0,Escherichia
Escherichia coli,28081308190_G2,S,R,R,S,S,R,R,S,R,S,S,S,,,,,,,,,,,S,,,S,R,S,,,,,,,,,,,,,,,,,,,,,,,,,,,,,../data/driams/downloads/DRIAMS-C/id/2018/2018_clean.csv,28081308190_G2,28081308190_G2,562.0,Escherichia
Escherichia coli,28081308200_C9,S,S,S,S,S,S,S,S,S,S,S,S,,,,,,,,,,,,,,,,,,,,,,,,,,,,,,,,,,,,,,,,,,,,,../data/driams/downloads/DRIAMS-C/id/2018/2018_clean.csv,28081308200_C9,28081308200_C9,562.0,Escherichia
Klebsiella pneumoniae,28081309230_E1,S,R,S,S,S,S,S,S,R,S,S,S,,,,,,,,,,,,,,,,,,,,,,,,,,,,,,,,,,,,,,,,,,,,,../data/driams/downloads/DRIAMS-C/id/2018/2018_clean.csv,28081309230_E1,28081309230_E1,573.0,Klebsiella
Enterococcus faecalis,28081309340_E2,S,S,,,,,,S,,,,I,,,,,R,,,,,R,S,,,,,,,,,,,,,,,,,,,,,,,,,,,,,,,,,,../data/driams/downloads/DRIAMS-C/id/2018/2018_clean.csv,28081309340_E2,28081309340_E2,1351.0,Enterococcus
Bacteroides fragilis,28081309530_F4,S,R,,,,,,,,,,,S,S,,,,R,,,,,,S,,,,,,,,,,,,,,,,,,,,,,,,,,,,,,,,,../data/driams/downloads/DRIAMS-C/id/2018/2018_clean.csv,28081309530_F4,28081309530_F4,817.0,Bacteroides
Staphylococcus aureus,28081309860_E4,S,R,,S,S,,,,,,,S,R,R,R,S,S,R,S,S,,,,,,,,,,,,,,,,,,,,,,,,,,,,,,,,,,,,,../data/driams/downloads/DRIAMS-C/id/2018/2018_clean.csv,28081309860_E4,28081309860_E4,1280.0,Staphylococcus
Staphylococcus aureus,28081309920_E7,S,R,,S,S,,,S,,S,,S,,,,,S,R,,,,,,,,,,,,,,,S,,,,,,,,,,,,,,,,,,,,,,,,../data/driams/downloads/DRIAMS-C/id/2018/2018_clean.csv,28081309920_E7,28081309920_E7,1280.0,Staphylococcus
Klebsiella pneumoniae,28081310230_B7,S,R,S,S,S,S,S,,,,S,S,,,,,,,,,,,S,,,S,S,S,,,,,,,,,,,,,,,,,,,,,,,,,,,,,../data/driams/downloads/DRIAMS-C/id/2018/2018_clean.csv,28081310230_B7,28081310230_B7,573.0,Klebsiella
Staphylococcus aureus,28081310280_E10,S,R,,S,S,,,S,,S,,S,,,,,S,R,,,,,,,,,,,,,,,S,,,,,,,,,,,,,,,,,,,,,,,,../data/driams/downloads/DRIAMS-C/id/2018/2018_clean.csv,28081310280_E10,28081310280_E10,1280.0,Staphylococcus
Klebsiella aerogenes,28081310300_E11,R,R,S,S,S,S,S,S,R,S,S,S,,,,,,,,,,,,,,,,,,,,,,,,,,,,,,,,,,,,,,,,,,,,,../data/driams/downloads/DRIAMS-C/id/2018/2018_clean.csv,28081310300_E11,28081310300_E11,548.0,
Enterococcus faecalis,28081310340_E12,S,S,,,,,,S,,,,I,,,,,R,,,,,R,S,,,,,,,,,,,,,,,,,,,,,,,,,,,,,,,,,,../data/driams/downloads/DRIAMS-C/id/2018/2018_clean.csv,28081310340_E12,28081310340_E12,1351.0,Enterococcus
Pseudomonas aeruginosa,28081310780_E5,R,R,S,S,R,R,R,,,,S,R,,,,,,,,,,,S,,,S,R,S,,,,,,,,,,,,,,,,,,,,,,,,,,,,,../data/driams/downloads/DRIAMS-C/id/2018/2018_clean.csv,28081310780_E5,28081310780_E5,287.0,Pseudomonas
Pseudomonas aeruginosa,28081310780_E7,R,R,S,S,R,R,R,,,,S,R,,,,,,,,,,,S,,,S,R,S,,,,,,,,,,,,,,,,,,,,,,,,,,,,,../data/driams/downloads/DRIAMS-C/id/2018/2018_clean.csv,28081310780_E7,28081310780_E7,287.0,Pseudomonas
Pseudomonas aeruginosa,28081310780_E8,R,R,S,S,R,R,R,,,,S,R,,,,,,,,,,,S,,,S,R,S,,,,,,,,,,,,,,,,,,,,,,,,,,,,,../data/driams/downloads/DRIAMS-C/id/2018/2018_clean.csv,28081310780_E8,28081310780_E8,287.0,Pseudomonas
Enterococcus faecalis,28081311630_F1,S,S,,,,,,S,,,,I,,,,,R,,,,,R,S,,,,,,,,,,,,,,,,,,,,,,,,,,,,,,,,,,../data/driams/downloads/DRIAMS-C/id/2018/2018_clean.csv,28081311630_F1,28081311630_F1,1351.0,Enterococcus
Proteus mirabilis,28081311630_F2,S,S,S,S,S,S,S,R,S,S,R,R,,,,,,,,,,,,,,,,,,,,,,,,,,,,,,,,,,,,,,,,,,,,,../data/driams/downloads/DRIAMS-C/id/2018/2018_clean.csv,28081311630_F2,28081311630_F2,584.0,Proteus
Proteus mirabilis,28081311630_F3,S,S,S,S,S,S,S,R,S,S,R,R,,,,,,,,,,,,,,,,,,,,,,,,,,,,,,,,,,,,,,,,,,,,,../data/driams/downloads/DRIAMS-C/id/2018/2018_clean.csv,28081311630_F3,28081311630_F3,584.0,Proteus
Enterobacter cloacae,28081312450_E11,R,R,S,S,S,S,S,,,,S,S,,,,,,,,,,,S,,,S,S,S,,,,,,,,,,,,,,,,,,,,,,,,,,,,,../data/driams/downloads/DRIAMS-C/id/2018/2018_clean.csv,28081312450_E11,28081312450_E11,550.0,Enterobacter
Proteus mirabilis,28081312450_E12,S,S,S,S,S,S,S,,,,R,S,,,,,,,,,,,S,,,S,S,S,,,,,,,,,,,,,,,,,,,,,,,,,,,,,../data/driams/downloads/DRIAMS-C/id/2018/2018_clean.csv,28081312450_E12,28081312450_E12,584.0,Proteus
Proteus mirabilis,28081312450_F1,S,S,S,S,S,S,S,,,,R,S,,,,,,,,,,,S,,,S,S,S,,,,,,,,,,,,,,,,,,,,,,,,,,,,,../data/driams/downloads/DRIAMS-C/id/2018/2018_clean.csv,28081312450_F1,28081312450_F1,584.0,Proteus
Proteus mirabilis,28081312450_F7,S,S,S,S,S,S,S,,,,R,S,,,,,,,,,,,S,,,S,S,S,,,,,,,,,,,,,,,,,,,,,,,,,,,,,../data/driams/downloads/DRIAMS-C/id/2018/2018_clean.csv,28081312450_F7,28081312450_F7,584.0,Proteus
Escherichia coli,28081312620_F4,S,R,S,R,S,S,S,S,S,R,S,R,,,,,,,,,,,,,,,,,,,,,,,,,,,,,,,,,,,,,,,,,,,,,../data/driams/downloads/DRIAMS-C/id/2018/2018_clean.csv,28081312620_F4,28081312620_F4,562.0,Escherichia
Staphylococcus aureus,28081404600_F3,S,R,,S,S,,,,,,,S,R,R,S,S,S,R,S,S,,,,,,,,,,,,,,,,,,,,,,,,,,,,,,,,,,,,,../data/driams/downloads/DRIAMS-C/id/2018/2018_clean.csv,28081404600_F3,28081404600_F3,1280.0,Staphylococcus
Pseudomonas aeruginosa,28081404770_F7,R,R,S,R,S,R,R,,,,S,R,,,,,,,,,,,S,,,S,S,R,,,,,,,,,,,,,,,,,,,,,,,,,,,,,../data/driams/downloads/DRIAMS-C/id/2018/2018_clean.csv,28081404770_F7,28081404770_F7,287.0,Pseudomonas
Stenotrophomonas maltophilia,28081406250_F10,,,,,,,,,,,,S,,,,,,,,,,,,,,,,,,,,,,,,,,,,,,,,,,,,,,,,,,,,,../data/driams/downloads/DRIAMS-C/id/2018/2018_clean.csv,28081406250_F10,28081406250_F10,40324.0,Stenotrophomonas
Haemophilus influenzae,28081406290_F12,S,S,,S,,S,S,,,,,,I,,,,,S,,,,,,,,,,,,,,,,,,,,,,,,,,,,,,,,,,,,,,,../data/driams/downloads/DRIAMS-C/id/2018/2018_clean.csv,28081406290_F12,28081406290_F12,727.0,Haemophilus
Serratia marcescens,28081406340_G1,R,R,S,S,S,S,R,,,,R,S,,,,,,,,,,,S,,,S,S,S,,,,,,,,,,,,,,,,,,,,,,,,,,,,,../data/driams/downloads/DRIAMS-C/id/2018/2018_clean.csv,28081406340_G1,28081406340_G1,615.0,Serratia
Serratia marcescens,28081406340_G2,R,R,S,S,S,S,R,,,,R,S,,,,,,,,,,,S,,,S,S,S,,,,,,,,,,,,,,,,,,,,,,,,,,,,,../data/driams/downloads/DRIAMS-C/id/2018/2018_clean.csv,28081406340_G2,28081406340_G2,615.0,Serratia
Campylobacter jejuni,28081408070_G7,,,,R,,,,,,,,,S,,,,,,,,,,,,,,,,S,S,R,R,,,,,,,,,,,,,,,,,,,,,,,,,../data/driams/downloads/DRIAMS-C/id/2018/2018_clean.csv,28081408070_G7,28081408070_G7,197.0,Campylobacter
Proteus mirabilis,28081408640_G12,S,S,S,S,S,S,S,R,S,S,R,S,,,,,,,,,,,,,,,,,,,,,,,,,,,,,,,,,,,,,,,,,,,,,../data/driams/downloads/DRIAMS-C/id/2018/2018_clean.csv,28081408640_G12,28081408640_G12,584.0,Proteus
Proteus mirabilis,28081408640_A3,S,S,S,S,S,S,S,R,S,S,R,S,,,,,,,,,,,,,,,,,,,,,,,,,,,,,,,,,,,,,,,,,,,,,../data/driams/downloads/DRIAMS-C/id/2018/2018_clean.csv,28081408640_A3,28081408640_A3,584.0,Proteus
Escherichia coli,28081408720_H3,S,R,S,S,S,S,S,S,S,S,S,R,,,,,,,,,,,,,,,,,,,,,,,,,,,,,,,,,,,,,,,,,,,,,../data/driams/downloads/DRIAMS-C/id/2018/2018_clean.csv,28081408720_H3,28081408720_H3,562.0,Escherichia
Escherichia coli,28081408720_H4,S,R,S,S,S,S,S,S,S,S,S,R,,,,,,,,,,,,,,,,,,,,,,,,,,,,,,,,,,,,,,,,,,,,,../data/driams/downloads/DRIAMS-C/id/2018/2018_clean.csv,28081408720_H4,28081408720_H4,562.0,Escherichia
Enterococcus faecalis,28081409520_H11,S,S,,,,,,S,,,,I,,,,,R,,,,,R,S,,,,,,,,,,,,,,,,,,,,,,,,,,,,,,,,,,../data/driams/downloads/DRIAMS-C/id/2018/2018_clean.csv,28081409520_H11,28081409520_H11,1351.0,Enterococcus
Enterococcus faecalis,28081409650_H12,S,S,,,,,,S,,,,R,,,,,R,,,,,R,S,,,,,,,,,,,,,,,,,,,,,,,,,,,,,,,,,,../data/driams/downloads/DRIAMS-C/id/2018/2018_clean.csv,28081409650_H12,28081409650_H12,1351.0,Enterococcus
Escherichia coli,28081409820_A7,S,R,R,R,R,R,R,S,S,R,S,R,,,,,,,,,,,S,,,S,R,S,,,,,,,,,,,,,,,,,,,,,,,,,,,,,../data/driams/downloads/DRIAMS-C/id/2018/2018_clean.csv,28081409820_A7,28081409820_A7,562.0,Escherichia
Staphylococcus aureus,28081410140_A12,S,S,,S,S,,,,,,,S,R,R,S,S,S,S,S,S,,,,,,,,,,,,,,,,,,,,,,,,,,,,,,,,,,,,,../data/driams/downloads/DRIAMS-C/id/2018/2018_clean.csv,28081410140_A12,28081410140_A12,1280.0,Staphylococcus
Citrobacter koseri,28081410160_G4,S,R,S,S,S,S,S,,,,S,S,,,,,,,,,,,S,,,S,S,S,,,,,,,,,,,,,,,,,,,,,,,,,,,,,../data/driams/downloads/DRIAMS-C/id/2018/2018_clean.csv,28081410160_G4,28081410160_G4,545.0,Citrobacter
Staphylococcus aureus,28081410320_F9,S,S,,S,S,,,,,,,S,S,S,S,S,S,S,S,S,,,,,,,,,,,,,,,,,,,,,,,,,,,,,,,,,,,,,../data/driams/downloads/DRIAMS-C/id/2018/2018_clean.csv,28081410320_F9,28081410320_F9,1280.0,Staphylococcus
Staphylococcus aureus,28081410470_G5,S,S,,S,S,,,,,,,S,S,S,S,S,S,S,S,S,,,,,,,,,,,,,,,,,,,,,,,,,,,,,,,,,,,,,../data/driams/downloads/DRIAMS-C/id/2018/2018_clean.csv,28081410470_G5,28081410470_G5,1280.0,Staphylococcus
Staphylococcus aureus,28081410470_G7,S,S,,S,S,,,,,,,S,S,S,S,S,S,S,S,S,,,,,,,,,,,,,,,,,,,,,,,,,,,,,,,,,,,,,../data/driams/downloads/DRIAMS-C/id/2018/2018_clean.csv,28081410470_G7,28081410470_G7,1280.0,Staphylococcus
Staphylococcus aureus,28081410500_G10,S,R,,S,S,,,,,,,S,R,R,S,S,S,R,S,S,,,,,,,,,,,,,,,,,,,,,,,,,,,,,,,,,,,,,../data/driams/downloads/DRIAMS-C/id/2018/2018_clean.csv,28081410500_G10,28081410500_G10,1280.0,Staphylococcus
Morganella morganii,28081410810_G11,R,R,S,S,S,S,R,,,,R,S,,,,,,,,,,,S,,,S,S,S,,,,,,,,,,,,,,,,,,,,,,,,,,,,,../data/driams/downloads/DRIAMS-C/id/2018/2018_clean.csv,28081410810_G11,28081410810_G11,582.0,Morganella
Morganella morganii,28081410810_G12,R,R,S,S,S,S,R,,,,R,S,,,,,,,,,,,S,,,S,S,S,,,,,,,,,,,,,,,,,,,,,,,,,,,,,../data/driams/downloads/DRIAMS-C/id/2018/2018_clean.csv,28081410810_G12,28081410810_G12,582.0,Morganella
Serratia marcescens,28081411680_D2,R,R,S,S,S,S,R,,,,R,S,,,,,,,,,,,S,,,S,S,S,,,,,,,,,,,,,,,,,,,,,,,,,,,,,../data/driams/downloads/DRIAMS-C/id/2018/2018_clean.csv,28081411680_D2,28081411680_D2,615.0,Serratia
Citrobacter koseri,28081503410_B6,S,R,S,S,S,S,S,,,,S,S,,,,,,,,,,,S,,,S,S,S,,,,,,,,,,,,,,,,,,,,,,,,,,,,,../data/driams/downloads/DRIAMS-C/id/2018/2018_clean.csv,28081503410_B6,28081503410_B6,545.0,Citrobacter
,28081503420_B7,S,S,,,S,,,,,,,R,S,S,R,,S,S,,S,,,,,S,,,,,,,,,,,,,,,,,,,,,,,,,,,,,,,,../data/driams/downloads/DRIAMS-C/id/2018/2018_clean.csv,28081503420_B7,28081503420_B7,,
Prevotella disiens,28081503420_D7,S,S,,,,,,,,,,,S,S,,,,S,,,,,,S,,,,,,,,,,,,,,,,,,,,,,,,,,,,,,,,,../data/driams/downloads/DRIAMS-C/id/2018/2018_clean.csv,28081503420_D7,28081503420_D7,28130.0,Prevotella
Prevotella disiens,28081503420_D8,S,S,,,,,,,,,,,S,S,,,,S,,,,,,S,,,,,,,,,,,,,,,,,,,,,,,,,,,,,,,,,../data/driams/downloads/DRIAMS-C/id/2018/2018_clean.csv,28081503420_D8,28081503420_D8,28130.0,Prevotella
Escherichia coli,28081505890_B1,S,S,S,S,S,S,S,S,S,S,S,R,,,,,,,,,,,S,,,S,S,S,,,,,,,,,,,,,,,,,,,,,,,,,,,,,../data/driams/downloads/DRIAMS-C/id/2018/2018_clean.csv,28081505890_B1,28081505890_B1,562.0,Escherichia
Enterococcus faecalis,28081505890_B2,S,S,,,,,,S,,,,I,,,,,R,,,,,R,S,,,,,,,,,,,,,,,,,,,,,,,,,,,,,,,,,,../data/driams/downloads/DRIAMS-C/id/2018/2018_clean.csv,28081505890_B2,28081505890_B2,1351.0,Enterococcus
Morganella morganii,28081505890_B3,R,R,S,,R,S,R,R,R,S,R,R,,,,,,,,,,,S,,,S,S,S,,,,,,,,,,,,,,,,,,,,,,,,,,,,,../data/driams/downloads/DRIAMS-C/id/2018/2018_clean.csv,28081505890_B3,28081505890_B3,582.0,Morganella
Escherichia coli,28081505900_B4,S,S,S,S,S,S,S,S,S,S,S,S,,,,,,,,,,,,,,,,,,,,,,,,,,,,,,,,,,,,,,,,,,,,,../data/driams/downloads/DRIAMS-C/id/2018/2018_clean.csv,28081505900_B4,28081505900_B4,562.0,Escherichia
Escherichia coli,28081505900_B5,S,S,S,S,S,S,S,S,S,S,S,S,,,,,,,,,,,,,,,,,,,,,,,,,,,,,,,,,,,,,,,,,,,,,../data/driams/downloads/DRIAMS-C/id/2018/2018_clean.csv,28081505900_B5,28081505900_B5,562.0,Escherichia
Escherichia coli,28081505910_B6,S,R,S,S,R,S,S,S,S,S,S,S,,,,,,,,,,,,,,,,,,,,,,,,,,,,,,,,,,,,,,,,,,,,,../data/driams/downloads/DRIAMS-C/id/2018/2018_clean.csv,28081505910_B6,28081505910_B6,562.0,Escherichia
Enterococcus faecalis,28081505910_B7,S,S,,,,,,S,,,,I,,,,,R,,,,,R,S,,,,,,,,,,,,,,,,,,,,,,,,,,,,,,,,,,../data/driams/downloads/DRIAMS-C/id/2018/2018_clean.csv,28081505910_B7,28081505910_B7,1351.0,Enterococcus
Enterococcus faecalis,28081505910_E4,S,S,,,,,,S,,,,I,,,,,R,,,,,R,S,,,,,,,,,,,,,,,,,,,,,,,,,,,,,,,,,,../data/driams/downloads/DRIAMS-C/id/2018/2018_clean.csv,28081505910_E4,28081505910_E4,1351.0,Enterococcus
Escherichia coli,28081505950_B10,R,R,S,S,S,S,S,S,S,S,S,S,,,,,,,,,,,,,,,,,,,,,,,,,,,,,,,,,,,,,,,,,,,,,../data/driams/downloads/DRIAMS-C/id/2018/2018_clean.csv,28081505950_B10,28081505950_B10,562.0,Escherichia
Citrobacter freundii,28081507530_C1,R,R,S,S,S,S,S,S,S,S,S,S,,,,,,,,,,,S,,,S,S,S,,,,,,,,,,,,,,,,,,,,,,,,,,,,,../data/driams/downloads/DRIAMS-C/id/2018/2018_clean.csv,28081507530_C1,28081507530_C1,546.0,Citrobacter
Pseudomonas aeruginosa,28081507530_C2,R,R,S,S,S,R,R,,,,S,R,,,,,,,,,,,S,,,S,S,S,,,,,,,,,,,,,,,,,,,,,,,,,,,,,../data/driams/downloads/DRIAMS-C/id/2018/2018_clean.csv,28081507530_C2,28081507530_C2,287.0,Pseudomonas
Klebsiella pneumoniae,28081507560_C3,R,R,S,S,S,S,S,S,R,S,S,R,,,,,,,,,,,,,,,,,,,,,,,,,,,,,,,,,,,,,,,,,,,,,../data/driams/downloads/DRIAMS-C/id/2018/2018_clean.csv,28081507560_C3,28081507560_C3,573.0,Klebsiella
Haemophilus influenzae,28081508360_C4,S,S,,S,,S,S,,,,,,I,,,,,S,,,,,,,,,,,,,,,,,,,,,,,,,,,,,,,,,,,,,,,../data/driams/downloads/DRIAMS-C/id/2018/2018_clean.csv,28081508360_C4,28081508360_C4,727.0,Haemophilus
Staphylococcus aureus,28081508380_C5,S,R,,S,S,,,,,,,S,S,S,S,S,S,R,S,S,,,,,,,,,,,,,,,,,,,,,,,,,,,,,,,,,,,,,../data/driams/downloads/DRIAMS-C/id/2018/2018_clean.csv,28081508380_C5,28081508380_C5,1280.0,Staphylococcus
Escherichia coli,28081508760_C10,R,R,R,R,R,R,R,S,S,R,S,R,,,,,,,,,,,R,,,S,R,S,,,,,,,,,,,,,,,,,,,,,,,,,,,,,../data/driams/downloads/DRIAMS-C/id/2018/2018_clean.csv,28081508760_C10,28081508760_C10,562.0,Escherichia
Escherichia coli,28081508760_C7,R,R,R,R,R,R,R,S,S,R,S,R,,,,,,,,,,,R,,,S,R,S,,,,,,,,,,,,,,,,,,,,,,,,,,,,,../data/driams/downloads/DRIAMS-C/id/2018/2018_clean.csv,28081508760_C7,28081508760_C7,562.0,Escherichia
Escherichia coli,28081508760_C8,R,R,R,R,R,R,R,S,S,R,S,R,,,,,,,,,,,R,,,S,R,S,,,,,,,,,,,,,,,,,,,,,,,,,,,,,../data/driams/downloads/DRIAMS-C/id/2018/2018_clean.csv,28081508760_C8,28081508760_C8,562.0,Escherichia
Escherichia coli,28081508760_C9,R,R,R,R,R,R,R,S,S,R,S,R,,,,,,,,,,,R,,,S,R,S,,,,,,,,,,,,,,,,,,,,,,,,,,,,,../data/driams/downloads/DRIAMS-C/id/2018/2018_clean.csv,28081508760_C9,28081508760_C9,562.0,Escherichia
Escherichia coli,28081509760_C11,S,R,S,S,S,S,S,S,S,S,S,S,,,,,,,,,,,,,,,,,,,,,,,,,,,,,,,,,,,,,,,,,,,,,../data/driams/downloads/DRIAMS-C/id/2018/2018_clean.csv,28081509760_C11,28081509760_C11,562.0,Escherichia
Klebsiella pneumoniae,28081509760_C12,S,R,S,S,S,S,S,S,R,S,S,S,,,,,,,,,,,,,,,,,,,,,,,,,,,,,,,,,,,,,,,,,,,,,../data/driams/downloads/DRIAMS-C/id/2018/2018_clean.csv,28081509760_C12,28081509760_C12,573.0,Klebsiella
Klebsiella pneumoniae,28081510480_D7,S,R,S,S,S,S,S,S,S,S,S,S,,,,,,,,,,,,,,,,,,,,,,,,,,,,,,,,,,,,,,,,,,,,,../data/driams/downloads/DRIAMS-C/id/2018/2018_clean.csv,28081510480_D7,28081510480_D7,573.0,Klebsiella
Klebsiella pneumoniae,28081510480_D8,S,R,S,S,S,S,S,S,S,S,S,S,,,,,,,,,,,,,,,,,,,,,,,,,,,,,,,,,,,,,,,,,,,,,../data/driams/downloads/DRIAMS-C/id/2018/2018_clean.csv,28081510480_D8,28081510480_D8,573.0,Klebsiella
Klebsiella pneumoniae,28081510480_E5,S,R,S,S,S,S,S,S,S,S,S,S,,,,,,,,,,,,,,,,,,,,,,,,,,,,,,,,,,,,,,,,,,,,,../data/driams/downloads/DRIAMS-C/id/2018/2018_clean.csv,28081510480_E5,28081510480_E5,573.0,Klebsiella
Escherichia coli,28081510570_G5,S,S,S,S,S,S,S,,,,S,S,,,,,,,,,,,S,,,S,S,S,,,,,,,,,,,,,,,,,,,,,,,,,,,,,../data/driams/downloads/DRIAMS-C/id/2018/2018_clean.csv,28081510570_G5,28081510570_G5,562.0,Escherichia
Enterobacter cloacae,28081510820_D9,R,R,R,S,R,R,R,S,S,S,S,R,,,,,,,,,,,R,,,S,R,S,,,,,,,,,,,,,,,,,,,,,,,,,,,,,../data/driams/downloads/DRIAMS-C/id/2018/2018_clean.csv,28081510820_D9,28081510820_D9,550.0,Enterobacter
Staphylococcus aureus,28081510940_G6,S,S,,S,S,,,,,,,S,S,S,S,S,S,S,S,S,,,,,,,,,,,,,,,,,,,,,,,,,,,,,,,,,,,,,../data/driams/downloads/DRIAMS-C/id/2018/2018_clean.csv,28081510940_G6,28081510940_G6,1280.0,Staphylococcus
Pseudomonas aeruginosa,28081512540_D2,R,R,S,S,S,R,R,,,,S,R,,,,,,,,,,,S,,,S,S,S,,,,,,,,,,,,,,,,,,,,,,,,,,,,,../data/driams/downloads/DRIAMS-C/id/2018/2018_clean.csv,28081512540_D2,28081512540_D2,287.0,Pseudomonas
Pseudomonas aeruginosa,28081512540_E6,R,R,S,S,S,R,R,,,,S,R,,,,,,,,,,,S,,,S,S,S,,,,,,,,,,,,,,,,,,,,,,,,,,,,,../data/driams/downloads/DRIAMS-C/id/2018/2018_clean.csv,28081512540_E6,28081512540_E6,287.0,Pseudomonas
Pseudomonas aeruginosa,28081512540_E7,R,R,S,S,S,R,R,,,,S,R,,,,,,,,,,,S,,,S,S,S,,,,,,,,,,,,,,,,,,,,,,,,,,,,,../data/driams/downloads/DRIAMS-C/id/2018/2018_clean.csv,28081512540_E7,28081512540_E7,287.0,Pseudomonas
Pseudomonas aeruginosa,28081512540_E9,R,R,S,S,S,R,R,,,,S,R,,,,,,,,,,,S,,,S,S,S,,,,,,,,,,,,,,,,,,,,,,,,,,,,,../data/driams/downloads/DRIAMS-C/id/2018/2018_clean.csv,28081512540_E9,28081512540_E9,287.0,Pseudomonas
Citrobacter freundii,28081605410_E10,R,R,S,S,S,S,S,,,,S,R,,,,,,,,,,,S,,,S,S,S,,,,,,,,,,,,,,,,,,,,,,,,,,,,,../data/driams/downloads/DRIAMS-C/id/2018/2018_clean.csv,28081605410_E10,28081605410_E10,546.0,Citrobacter
Escherichia coli,28081605450_E3,S,S,S,S,S,S,S,,,,S,S,,,,,,,,,,,S,,,S,S,S,,,,,,,,,,,,,,,,,,,,,,,,,,,,,../data/driams/downloads/DRIAMS-C/id/2018/2018_clean.csv,28081605450_E3,28081605450_E3,562.0,Escherichia
Klebsiella oxytoca,28081608040_C3,R,R,S,S,S,S,R,,,,S,S,,,,,,,,,,,S,,,S,S,S,,,,,,,,,,,,,,,,,,,,,,,,,,,,,../data/driams/downloads/DRIAMS-C/id/2018/2018_clean.csv,28081608040_C3,28081608040_C3,571.0,Klebsiella
Klebsiella pneumoniae,28081608650_F1,S,R,S,S,S,S,S,S,R,S,S,S,,,,,,,,,,,,,,,,,,,,,,,,,,,,,,,,,,,,,,,,,,,,,../data/driams/downloads/DRIAMS-C/id/2018/2018_clean.csv,28081608650_F1,28081608650_F1,573.0,Klebsiella
Enterococcus faecalis,28081608650_F2,S,S,,,,,,S,,,,I,,,,,R,,,,,R,S,,,,,,,,,,,,,,,,,,,,,,,,,,,,,,,,,,../data/driams/downloads/DRIAMS-C/id/2018/2018_clean.csv,28081608650_F2,28081608650_F2,1351.0,Enterococcus
Enterococcus faecalis,28081608940_E2,S,S,,,,,,S,,,,I,,,,,R,,,,,R,S,,,,,,,,,,,,,,,,,,,,,,,,,,,,,,,,,,../data/driams/downloads/DRIAMS-C/id/2018/2018_clean.csv,28081608940_E2,28081608940_E2,1351.0,Enterococcus
Klebsiella aerogenes,28081611410_B3,R,R,S,S,S,S,S,,,,S,S,,,,,,,,,,,S,,,S,S,S,,,,,,,,,,,,,,,,,,,,,,,,,,,,,../data/driams/downloads/DRIAMS-C/id/2018/2018_clean.csv,28081611410_B3,28081611410_B3,548.0,
Escherichia coli,28081702690_F8,S,R,S,S,S,S,S,,,,S,S,,,,,,,,,,,S,,,S,S,S,,,,,,,,,,,,,,,,,,,,,,,,,,,,,../data/driams/downloads/DRIAMS-C/id/2018/2018_clean.csv,28081702690_F8,28081702690_F8,562.0,Escherichia
Enterococcus faecalis,28081706800_A1,S,S,,,,,,S,,,,I,,,,,R,,,,,R,S,,,,,,,,,,,,,,,,,,,,,,,,,,,,,,,,,,../data/driams/downloads/DRIAMS-C/id/2018/2018_clean.csv,28081706800_A1,28081706800_A1,1351.0,Enterococcus
Enterococcus faecalis,28081706870_A2,S,S,,,,,,S,,,,I,,,,,R,,,,,R,S,,,,,,,,,,,,,,,,,,,,,,,,,,,,,,,,,,../data/driams/downloads/DRIAMS-C/id/2018/2018_clean.csv,28081706870_A2,28081706870_A2,1351.0,Enterococcus
Pseudomonas monteilii,28081706870_A3,R,R,S,S,S,R,R,,,,S,R,,,,,,,,,,,S,,,S,S,S,,,,,,,,,,,,,,,,,,,,,,,,,,,,,../data/driams/downloads/DRIAMS-C/id/2018/2018_clean.csv,28081706870_A3,28081706870_A3,76759.0,Pseudomonas
Citrobacter koseri,28081706940_A5,S,R,S,S,S,S,S,S,S,S,S,S,,,,,,,,,,,S,,,S,S,S,,,,,,,,,,,,,,,,,,,,,,,,,,,,,../data/driams/downloads/DRIAMS-C/id/2018/2018_clean.csv,28081706940_A5,28081706940_A5,545.0,Citrobacter
Proteus mirabilis,28081706990_A7,S,S,S,S,S,S,S,R,S,S,R,S,,,,,,,,,,,,,,,,,,,,,,,,,,,,,,,,,,,,,,,,,,,,,../data/driams/downloads/DRIAMS-C/id/2018/2018_clean.csv,28081706990_A7,28081706990_A7,584.0,Proteus
Staphylococcus aureus,28081707670_D10,S,R,,S,S,,,,,,,S,S,S,S,S,S,R,S,S,,,,,,,,,,,,,,,,S,,,,,,,,,,,,,,,,,,,,,../data/driams/downloads/DRIAMS-C/id/2018/2018_clean.csv,28081707670_D10,28081707670_D10,1280.0,Staphylococcus
Pseudomonas aeruginosa,28081708830_A10,R,R,S,S,S,R,R,,,,S,R,,,,,,,,,,,S,,,S,S,S,,,,,,,,,,,,,,,,,,,,,,,,,,,,,../data/driams/downloads/DRIAMS-C/id/2018/2018_clean.csv,28081708830_A10,28081708830_A10,287.0,Pseudomonas
Enterococcus faecalis,28081708830_A9,S,S,,,,,,S,,,,I,,,,,R,,,,,R,S,,,,,,,,,,,,,,,,,,,,,,,,,,,,,,,,,,../data/driams/downloads/DRIAMS-C/id/2018/2018_clean.csv,28081708830_A9,28081708830_A9,1351.0,Enterococcus
Citrobacter koseri,28081709140_F9,S,R,S,S,S,S,S,,,,S,S,,,,,,,,,,,S,,,S,S,S,,,,,,,,,,,,,,,,,,,,,,,,,,,,,../data/driams/downloads/DRIAMS-C/id/2018/2018_clean.csv,28081709140_F9,28081709140_F9,545.0,Citrobacter
Stenotrophomonas maltophilia,28081709180_E7,,,,,,,,,,,,S,,,,,,,,,,,,,,,,,,,,,,,,,,,,,,,,,,,,,,,,,,,,,../data/driams/downloads/DRIAMS-C/id/2018/2018_clean.csv,28081709180_E7,28081709180_E7,40324.0,Stenotrophomonas
Stenotrophomonas maltophilia,28081709180_E8,,,,,,,,,,,,S,,,,,,,,,,,,,,,,,,,,,,,,,,,,,,,,,,,,,,,,,,,,,../data/driams/downloads/DRIAMS-C/id/2018/2018_clean.csv,28081709180_E8,28081709180_E8,40324.0,Stenotrophomonas
Stenotrophomonas maltophilia,28081709180_B1,,,,,,,,,,,,S,,,,,,,,,,,,,,,,,,,,,,,,,,,,,,,,,,,,,,,,,,,,,../data/driams/downloads/DRIAMS-C/id/2018/2018_clean.csv,28081709180_B1,28081709180_B1,40324.0,Stenotrophomonas
Escherichia coli,28081710420_E5,S,S,S,S,S,S,S,,,,S,S,,,,,,,,,,,S,,,S,S,S,,,,,,,,,,,,,,,,,,,,,,,,,,,,,../data/driams/downloads/DRIAMS-C/id/2018/2018_clean.csv,28081710420_E5,28081710420_E5,562.0,Escherichia
Campylobacter jejuni,28081710780_D3,,,,R,,,,,,,,,S,,,,,,,,,,,,,,,,S,S,R,S,,,,,,,,,,,,,,,,,,,,,,,,,../data/driams/downloads/DRIAMS-C/id/2018/2018_clean.csv,28081710780_D3,28081710780_D3,197.0,Campylobacter
Campylobacter jejuni,28081710780_D4,,,,R,,,,,,,,,S,,,,,,,,,,,,,,,,S,S,R,S,,,,,,,,,,,,,,,,,,,,,,,,,../data/driams/downloads/DRIAMS-C/id/2018/2018_clean.csv,28081710780_D4,28081710780_D4,197.0,Campylobacter
Pseudomonas aeruginosa,28081710870_B2,R,R,S,S,S,R,R,,,,S,R,,,,,,,,,,,S,,,S,S,S,,,,,,,,,,,,,,,,,,,,,,,,,,,,,../data/driams/downloads/DRIAMS-C/id/2018/2018_clean.csv,28081710870_B2,28081710870_B2,287.0,Pseudomonas
Escherichia coli,28081710870_B11,S,R,S,S,R,S,S,S,S,S,S,S,,,,,,,,,,,S,,,S,S,S,,,,,,,,,,,,,,,,,,,,,,,,,,,,,../data/driams/downloads/DRIAMS-C/id/2018/2018_clean.csv,28081710870_B11,28081710870_B11,562.0,Escherichia
Escherichia coli,28081710970_B12,S,R,I,R,S,R,R,S,S,R,S,R,,,,,,,,,,,S,,,S,I,S,,,,,,,,,,,,,,,,,,,,,,,,,,,,,../data/driams/downloads/DRIAMS-C/id/2018/2018_clean.csv,28081710970_B12,28081710970_B12,562.0,Escherichia
Staphylococcus epidermidis,28081711020_C1,S,S,,S,S,,,,,,,S,R,S,S,R,S,S,S,S,,,,,,,,,,,,,,,,S,,,,,,,,,,,,,,,,,,,,,../data/driams/downloads/DRIAMS-C/id/2018/2018_clean.csv,28081711020_C1,28081711020_C1,1282.0,Staphylococcus
Escherichia coli,28081711190_C2,R,R,S,R,S,S,R,S,R,R,S,R,,,,,,,,,,,,,,,,,,,,,,,,,,,,,,,,,,,,,,,,,,,,,../data/driams/downloads/DRIAMS-C/id/2018/2018_clean.csv,28081711190_C2,28081711190_C2,562.0,Escherichia
Proteus mirabilis,28081711460_B4,S,S,S,S,S,S,S,R,S,S,R,S,,,,,,,,,,,,,,,,,,,,,,,,,,,,,,,,,,,,,,,,,,,,,../data/driams/downloads/DRIAMS-C/id/2018/2018_clean.csv,28081711460_B4,28081711460_B4,584.0,Proteus
Proteus mirabilis,28081711460_B5,S,S,S,S,S,S,S,R,S,S,R,S,,,,,,,,,,,,,,,,,,,,,,,,,,,,,,,,,,,,,,,,,,,,,../data/driams/downloads/DRIAMS-C/id/2018/2018_clean.csv,28081711460_B5,28081711460_B5,584.0,Proteus
Staphylococcus aureus,28081711840_B2,S,R,,S,S,,,,,,,S,S,S,S,S,S,R,S,S,,,,,,,,,,,,,,,,,,,,,,,,,,,,,,,,,,,,,../data/driams/downloads/DRIAMS-C/id/2018/2018_clean.csv,28081711840_B2,28081711840_B2,1280.0,Staphylococcus
Pseudomonas aeruginosa,28081802270_A1,R,R,S,S,S,R,R,,,,S,R,,,,,,,,,,,S,,,S,S,S,,,,,,,,,,,,,,,,,,,,,,,,,,,,,../data/driams/downloads/DRIAMS-C/id/2018/2018_clean.csv,28081802270_A1,28081802270_A1,287.0,Pseudomonas
Pseudomonas aeruginosa,28081802270_G11,R,R,S,S,S,R,R,,,,S,R,,,,,,,,,,,S,,,S,S,S,,,,,,,,,,,,,,,,,,,,,,,,,,,,,../data/driams/downloads/DRIAMS-C/id/2018/2018_clean.csv,28081802270_G11,28081802270_G11,287.0,Pseudomonas
Citrobacter koseri,28081802370_A2,S,R,S,S,S,S,S,,,,S,S,,,,,,,,,,,S,,,S,S,S,,,,,,,,,,,,,,,,,,,,,,,,,,,,,../data/driams/downloads/DRIAMS-C/id/2018/2018_clean.csv,28081802370_A2,28081802370_A2,545.0,Citrobacter
Staphylococcus lugdunensis,28081803200_A5,S,S,,S,S,,,,,,,S,S,S,S,S,S,S,S,S,,,,,,,,,,,,,,,,,,,,,,,,,,,,,,,,,,,,,../data/driams/downloads/DRIAMS-C/id/2018/2018_clean.csv,28081803200_A5,28081803200_A5,28035.0,Staphylococcus
Klebsiella oxytoca,28081803360_C6,R,R,S,S,S,R,R,S,S,S,S,S,,,,,,,,,,,R,,,S,S,S,,,,,,,,,,,,,,,,,,,,,,,,,,,,,../data/driams/downloads/DRIAMS-C/id/2018/2018_clean.csv,28081803360_C6,28081803360_C6,571.0,Klebsiella
Morganella morganii,28081803360_C7,R,R,S,S,S,S,R,R,R,S,R,S,,,,,,,,,,,S,,,S,S,S,,,,,,,,,,,,,,,,,,,,,,,,,,,,,../data/driams/downloads/DRIAMS-C/id/2018/2018_clean.csv,28081803360_C7,28081803360_C7,582.0,Morganella
Klebsiella oxytoca,28081803360_F12,R,R,S,S,S,R,R,S,S,S,S,S,,,,,,,,,,,R,,,S,S,S,,,,,,,,,,,,,,,,,,,,,,,,,,,,,../data/driams/downloads/DRIAMS-C/id/2018/2018_clean.csv,28081803360_F12,28081803360_F12,571.0,Klebsiella
Staphylococcus aureus,28081805150_G11,S,R,,S,S,,,,,,,S,S,S,S,S,S,R,S,S,,,,,,,,,,,,,,,,,,,,,,,,,,,,,,,,,,,,,../data/driams/downloads/DRIAMS-C/id/2018/2018_clean.csv,28081805150_G11,28081805150_G11,1280.0,Staphylococcus
Pseudomonas aeruginosa,28081805200_C11,R,R,S,S,S,R,R,,,,S,R,,,,,,,,,,,S,,,S,S,S,,,,,,,,,,,,,,,,,,,,,,,,,,,,,../data/driams/downloads/DRIAMS-C/id/2018/2018_clean.csv,28081805200_C11,28081805200_C11,287.0,Pseudomonas
Enterococcus faecalis,28081805200_G1,S,S,,,,,,S,,,,I,,,,,R,,,,,R,S,,,,,,,,,,,,,,,,,,,,,,,,,,,,,,,,,,../data/driams/downloads/DRIAMS-C/id/2018/2018_clean.csv,28081805200_G1,28081805200_G1,1351.0,Enterococcus
Escherichia coli,28081805540_D11,S,R,S,S,S,S,S,S,S,S,S,,,,,,,,,,,,,,,,,,,,,,,,,,,,,,,,,,,,,,,,,,,,,,../data/driams/downloads/DRIAMS-C/id/2018/2018_clean.csv,28081805540_D11,28081805540_D11,562.0,Escherichia
Klebsiella pneumoniae,28081903150_D5,S,R,S,S,S,S,S,S,R,S,S,S,,,,,,,,,,,,,,,,,,,,,,,,,,,,,,,,,,,,,,,,,,,,,../data/driams/downloads/DRIAMS-C/id/2018/2018_clean.csv,28081903150_D5,28081903150_D5,573.0,Klebsiella
Serratia marcescens,28081903150_D6,R,R,S,S,S,S,R,R,S,S,R,S,,,,,,,,,,,,,,,,,,,,,,,,,,,,,,,,,,,,,,,,,,,,,../data/driams/downloads/DRIAMS-C/id/2018/2018_clean.csv,28081903150_D6,28081903150_D6,615.0,Serratia
Klebsiella pneumoniae,28081904160_D7,S,R,S,S,S,S,S,,,,S,S,,,,,,,,,,,S,,,S,S,S,,,,,,,,,,,,,,,,,,,,,,,,,,,,,../data/driams/downloads/DRIAMS-C/id/2018/2018_clean.csv,28081904160_D7,28081904160_D7,573.0,Klebsiella
Escherichia coli,28082002400_B8,S,,S,S,S,S,S,,,,S,,,,,,,,,,,,S,,,S,S,S,,,,,,,,,,,,,,,,,,,,,,,,,,,,,../data/driams/downloads/DRIAMS-C/id/2018/2018_clean.csv,28082002400_B8,28082002400_B8,562.0,Escherichia
Escherichia coli,28082002400_B9,S,,S,S,S,S,S,,,,S,,,,,,,,,,,,S,,,S,S,S,,,,,,,,,,,,,,,,,,,,,,,,,,,,,../data/driams/downloads/DRIAMS-C/id/2018/2018_clean.csv,28082002400_B9,28082002400_B9,562.0,Escherichia
Escherichia coli,28082002550_C1,S,S,S,S,S,S,S,,,,S,S,,,,,,,,,,,S,,,S,S,S,,,,,,,,,,,,,,,,,,,,,,,,,,,,,../data/driams/downloads/DRIAMS-C/id/2018/2018_clean.csv,28082002550_C1,28082002550_C1,562.0,Escherichia
Klebsiella oxytoca,28082002550_C2,S,R,S,S,S,S,S,,,,S,S,,,,,,,,,,,S,,,S,S,S,,,,,,,,,,,,,,,,,,,,,,,,,,,,,../data/driams/downloads/DRIAMS-C/id/2018/2018_clean.csv,28082002550_C2,28082002550_C2,571.0,Klebsiella
Klebsiella oxytoca,28082002550_E3,S,R,S,S,S,S,S,,,,S,S,,,,,,,,,,,S,,,S,S,S,,,,,,,,,,,,,,,,,,,,,,,,,,,,,../data/driams/downloads/DRIAMS-C/id/2018/2018_clean.csv,28082002550_E3,28082002550_E3,571.0,Klebsiella
Enterobacter cloacae,28082002580_C3,R,R,S,S,S,S,S,,,,S,S,,,,,,,,,,,S,,,S,S,S,,,,,,,,,,,,,,,,,,,,,,,,,,,,,../data/driams/downloads/DRIAMS-C/id/2018/2018_clean.csv,28082002580_C3,28082002580_C3,550.0,Enterobacter
Enterococcus faecalis,28082004560_E3,S,S,,,,,,S,,,,I,,,,,R,,,,,R,S,,,,,,,,,,,,,,,,,,,,,,,,,,,,,,,,,,../data/driams/downloads/DRIAMS-C/id/2018/2018_clean.csv,28082004560_E3,28082004560_E3,1351.0,Enterococcus
Klebsiella pneumoniae,28082008430_E5,S,R,S,S,S,S,S,S,R,S,S,S,,,,,,,,,,,,,,,,,,,,,,,,,,,,,,,,,,,,,,,,,,,,,../data/driams/downloads/DRIAMS-C/id/2018/2018_clean.csv,28082008430_E5,28082008430_E5,573.0,Klebsiella
Proteus mirabilis,28082008430_E6,S,R,S,S,S,S,S,R,S,S,R,R,,,,,,,,,,,,,,,,,,,,,,,,,,,,,,,,,,,,,,,,,,,,,../data/driams/downloads/DRIAMS-C/id/2018/2018_clean.csv,28082008430_E6,28082008430_E6,584.0,Proteus
Pseudomonas aeruginosa,28082008430_E7,R,R,S,S,S,R,R,,,,S,R,,,,,,,,,,,S,,,S,S,S,,,,,,,,,,,,,,,,,,,,,,,,,,,,,../data/driams/downloads/DRIAMS-C/id/2018/2018_clean.csv,28082008430_E7,28082008430_E7,287.0,Pseudomonas
Staphylococcus saprophyticus,28082008460_E8,S,S,,S,S,,,S,,S,,S,,,,,S,R,,,,,,,,,,,,,,,R,,,,,,,,,,,,,,,,,,,,,,,,../data/driams/downloads/DRIAMS-C/id/2018/2018_clean.csv,28082008460_E8,28082008460_E8,29385.0,Staphylococcus
Staphylococcus aureus,28082009880_E10,S,R,,S,S,,,S,,S,,S,,,,,S,R,,,,,,,,,,,,,,,S,,,,,,,,,,,,,,,,,,,,,,,,../data/driams/downloads/DRIAMS-C/id/2018/2018_clean.csv,28082009880_E10,28082009880_E10,1280.0,Staphylococcus
Klebsiella oxytoca,28082009880_E9,S,R,S,S,S,S,S,S,R,S,S,S,,,,,,,,,,,,,,,,,,,,,,,,,,,,,,,,,,,,,,,,,,,,,../data/driams/downloads/DRIAMS-C/id/2018/2018_clean.csv,28082009880_E9,28082009880_E9,571.0,Klebsiella
Lactococcus lactis,28082010050_E11,S,S,,S,S,,,,,,,S,S,S,S,,R,S,,S,,,,,S,,,,,,,,,,,,,,,,,,,,,,,,,,,,,,,,../data/driams/downloads/DRIAMS-C/id/2018/2018_clean.csv,28082010050_E11,28082010050_E11,1358.0,Lactococcus
Staphylococcus aureus,28082010050_E12,S,R,,S,S,,,S,,S,,S,,,,,S,R,,,,,,,,,,,,,,,S,,,,,,,,,,,,,,,,,,,,,,,,../data/driams/downloads/DRIAMS-C/id/2018/2018_clean.csv,28082010050_E12,28082010050_E12,1280.0,Staphylococcus
Pseudomonas monteilii,28082010210_F4,R,R,S,S,S,R,R,,,,S,R,,,,,,,,,,,S,,,S,S,S,,,,,,,,,,,,,,,,,,,,,,,,,,,,,../data/driams/downloads/DRIAMS-C/id/2018/2018_clean.csv,28082010210_F4,28082010210_F4,76759.0,Pseudomonas
Klebsiella pneumoniae,28082010230_F5,S,R,S,S,S,S,S,S,S,S,S,S,,,,,S,,,,,,,,,,,,,,,,,,,,,,,,,,,,,,,,,,,,,,,,../data/driams/downloads/DRIAMS-C/id/2018/2018_clean.csv,28082010230_F5,28082010230_F5,573.0,Klebsiella
Bacteroides fragilis,28082010310_E7,S,R,,,,,,,,,,,S,S,,,S,R,,,,,,S,,,,,,,,,,,,,,,,,,,,,,,,,,,,,,,,,../data/driams/downloads/DRIAMS-C/id/2018/2018_clean.csv,28082010310_E7,28082010310_E7,817.0,Bacteroides
Staphylococcus aureus,28082010990_D1,S,S,,S,S,,,,,,,S,S,S,S,S,S,S,S,S,,,,,,,,,,,,,,,,,,,,,,,,,,,,,,,,,,,,,../data/driams/downloads/DRIAMS-C/id/2018/2018_clean.csv,28082010990_D1,28082010990_D1,1280.0,Staphylococcus
Morganella morganii,28082010990_D2,R,R,S,S,S,S,R,,,,R,S,,,,,,,,,,,S,,,S,S,S,,,,,,,,,,,,,,,,,,,,,,,,,,,,,../data/driams/downloads/DRIAMS-C/id/2018/2018_clean.csv,28082010990_D2,28082010990_D2,582.0,Morganella
Granulicatella adiacens,28082010990_E8,S,S,,,R,,,,,,,R,S,S,S,,R,S,,S,,,,,S,,,,,,,,,,,,,,,,,,,,,,,,,,,,,,,,../data/driams/downloads/DRIAMS-C/id/2018/2018_clean.csv,28082010990_E8,28082010990_E8,46124.0,Granulicatella
Morganella morganii,28082010990_E9,R,R,S,S,S,S,R,,,,R,S,,,,,,,,,,,S,,,S,S,S,,,,,,,,,,,,,,,,,,,,,,,,,,,,,../data/driams/downloads/DRIAMS-C/id/2018/2018_clean.csv,28082010990_E9,28082010990_E9,582.0,Morganella
Enterococcus faecalis,28082011160_F6,S,S,,,,,,S,,,,I,,,,,R,,,,,R,S,,,,,,,,,,,,,,,,,,,,,,,,,,,,,,,,,,../data/driams/downloads/DRIAMS-C/id/2018/2018_clean.csv,28082011160_F6,28082011160_F6,1351.0,Enterococcus
Staphylococcus aureus,28082011430_B4,S,S,,S,S,,,,,,,S,S,S,S,S,S,S,S,S,,,,,,,,,,,,,,,,,,,,,,,,,,,,,,,,,,,,,../data/driams/downloads/DRIAMS-C/id/2018/2018_clean.csv,28082011430_B4,28082011430_B4,1280.0,Staphylococcus
Staphylococcus aureus,28082012840_B1,S,R,,S,S,,,,,,,S,S,S,S,S,S,R,S,S,,,,,,,,,,,,,,,,,,,,,,,,,,,,,,,,,,,,,../data/driams/downloads/DRIAMS-C/id/2018/2018_clean.csv,28082012840_B1,28082012840_B1,1280.0,Staphylococcus
Aerococcus urinae,28082013390_D3,S,S,,S,,,,S,,,,,,,,,,,,,,,,,,,,,,,,,,,,,,,,,,,,,,,,,,,,,,,,,../data/driams/downloads/DRIAMS-C/id/2018/2018_clean.csv,28082013390_D3,28082013390_D3,1376.0,Aerococcus
Klebsiella pneumoniae,28082013420_F9,S,R,S,S,S,S,S,S,R,S,S,S,,,,,,,,,,,,,,,,,,,,,,,,,,,,,,,,,,,,,,,,,,,,,../data/driams/downloads/DRIAMS-C/id/2018/2018_clean.csv,28082013420_F9,28082013420_F9,573.0,Klebsiella
Enterococcus faecalis,28082013550_D3,S,S,,,R,,,,,,,,R,R,,,R,,,S,S,R,S,,,,,,,,,,,,,,,,,,,,,,,,,,,,,,,,,,../data/driams/downloads/DRIAMS-C/id/2018/2018_clean.csv,28082013550_D3,28082013550_D3,1351.0,Enterococcus
Pseudomonas aeruginosa,28082013550_D4,R,R,S,S,S,R,R,,,,S,R,,,,,,,,,,,S,,,S,S,S,,,,,,,,,,,,,,,,,,,,,,,,,,,,,../data/driams/downloads/DRIAMS-C/id/2018/2018_clean.csv,28082013550_D4,28082013550_D4,287.0,Pseudomonas
Campylobacter jejuni,28082013690_F12,,,,R,,,,,,,,,S,,,,,,,,,,,,,,,,S,S,R,S,,,,,,,,,,,,,,,,,,,,,,,,,../data/driams/downloads/DRIAMS-C/id/2018/2018_clean.csv,28082013690_F12,28082013690_F12,197.0,Campylobacter
Staphylococcus aureus,28082105420_E2,S,R,,S,S,,,,,,,S,S,S,R,S,S,R,S,S,,,,,,,,,,,,,,,,,,,,,,,,,,,,,,,,,,,,,../data/driams/downloads/DRIAMS-C/id/2018/2018_clean.csv,28082105420_E2,28082105420_E2,1280.0,Staphylococcus
Staphylococcus aureus,28082105500_D1,S,R,,S,S,,,,,,,S,S,S,S,S,S,R,S,S,,,,,,,,,,,,,,,,,,,,,,,,,,,,,,,,,,,,,../data/driams/downloads/DRIAMS-C/id/2018/2018_clean.csv,28082105500_D1,28082105500_D1,1280.0,Staphylococcus
Proteus mirabilis,28082105520_C11,S,R,S,S,S,S,S,,,,R,S,,,,,,,,,,,S,,,S,S,S,,,,,,,,,,,,,,,,,,,,,,,,,,,,,../data/driams/downloads/DRIAMS-C/id/2018/2018_clean.csv,28082105520_C11,28082105520_C11,584.0,Proteus
Staphylococcus aureus,28082105520_C12,S,S,,S,S,,,,,,,S,S,S,S,S,S,S,S,S,,,,,,,,,,,,,,,,,,,,,,,,,,,,,,,,,,,,,../data/driams/downloads/DRIAMS-C/id/2018/2018_clean.csv,28082105520_C12,28082105520_C12,1280.0,Staphylococcus
Staphylococcus lugdunensis,28082105520_E4,S,S,,S,S,,,,,,,S,S,S,S,S,S,S,S,S,,,,,,,,,,,,,,,,,,,,,,,,,,,,,,,,,,,,,../data/driams/downloads/DRIAMS-C/id/2018/2018_clean.csv,28082105520_E4,28082105520_E4,28035.0,Staphylococcus
Pseudomonas aeruginosa,28082107830_B1,R,R,S,S,S,R,R,,,,S,R,,,,,,,,,,,S,,,S,S,S,,,,,,,,,,,,,,,,,,,,,,,,,,,,,../data/driams/downloads/DRIAMS-C/id/2018/2018_clean.csv,28082107830_B1,28082107830_B1,287.0,Pseudomonas
Escherichia coli,28082107890_B4,R,R,S,S,S,S,S,S,S,S,S,R,,,,,,,,,,,,,,,,,,,,,,,,,,,,,,,,,,,,,,,,,,,,,../data/driams/downloads/DRIAMS-C/id/2018/2018_clean.csv,28082107890_B4,28082107890_B4,562.0,Escherichia
Enterococcus faecalis,28082107990_B5,S,S,,,,,,S,,,,I,,,,,R,,,,,R,S,,,,,,,,,,,,,,,,,,,,,,,,,,,,,,,,,,../data/driams/downloads/DRIAMS-C/id/2018/2018_clean.csv,28082107990_B5,28082107990_B5,1351.0,Enterococcus
Klebsiella pneumoniae,28082108010_B6,S,R,S,S,S,S,S,S,R,S,S,S,,,,,,,,,,,,,,,,,,,,,,,,,,,,,,,,,,,,,,,,,,,,,../data/driams/downloads/DRIAMS-C/id/2018/2018_clean.csv,28082108010_B6,28082108010_B6,573.0,Klebsiella
Klebsiella pneumoniae,28082108010_B7,S,R,S,S,S,S,S,S,R,S,S,S,,,,,,,,,,,,,,,,,,,,,,,,,,,,,,,,,,,,,,,,,,,,,../data/driams/downloads/DRIAMS-C/id/2018/2018_clean.csv,28082108010_B7,28082108010_B7,573.0,Klebsiella
Escherichia coli,28082108090_A1,R,R,I,S,S,S,R,S,S,S,S,S,,,,,,,,,,,I,,,S,S,S,,,,,,,,,,,,,,,,,,,,,,,,,,,,,../data/driams/downloads/DRIAMS-C/id/2018/2018_clean.csv,28082108090_A1,28082108090_A1,562.0,Escherichia
Escherichia coli,28082108090_D5,R,R,I,S,S,S,R,S,S,S,S,S,,,,,,,,,,,I,,,S,S,S,,,,,,,,,,,,,,,,,,,,,,,,,,,,,../data/driams/downloads/DRIAMS-C/id/2018/2018_clean.csv,28082108090_D5,28082108090_D5,562.0,Escherichia
Escherichia coli,28082108100_A2,S,R,S,S,S,S,S,S,S,S,S,R,,,,,,,,,,,,,,,,,,,,,,,,,,,,,,,,,,,,,,,,,,,,,../data/driams/downloads/DRIAMS-C/id/2018/2018_clean.csv,28082108100_A2,28082108100_A2,562.0,Escherichia
Escherichia coli,28082108100_D7,S,R,S,S,S,S,S,S,S,S,S,R,,,,,,,,,,,,,,,,,,,,,,,,,,,,,,,,,,,,,,,,,,,,,../data/driams/downloads/DRIAMS-C/id/2018/2018_clean.csv,28082108100_D7,28082108100_D7,562.0,Escherichia
Staphylococcus aureus,28082108280_C10,S,R,,S,S,,,,,,,S,S,S,S,S,S,R,S,S,,,,,,,,,,,,,,,,,,,,,,,,,,,,,,,,,,,,,../data/driams/downloads/DRIAMS-C/id/2018/2018_clean.csv,28082108280_C10,28082108280_C10,1280.0,Staphylococcus
Citrobacter freundii,28082108500_F1,R,R,R,S,S,R,R,,,,S,S,,,,,,,,,,,R,,,S,I,S,,,,,,,,,,,,,,,,,,,,,,,,,,,,,../data/driams/downloads/DRIAMS-C/id/2018/2018_clean.csv,28082108500_F1,28082108500_F1,546.0,Citrobacter
Citrobacter freundii,28082108500_F2,R,R,R,S,S,R,R,,,,S,S,,,,,,,,,,,R,,,S,I,S,,,,,,,,,,,,,,,,,,,,,,,,,,,,,../data/driams/downloads/DRIAMS-C/id/2018/2018_clean.csv,28082108500_F2,28082108500_F2,546.0,Citrobacter
Staphylococcus aureus,28082108530_F4,S,S,,S,S,,,,,,,S,S,S,S,S,S,S,S,S,,,,,,,,,,,,,,,,,,,,,,,,,,,,,,,,,,,,,../data/driams/downloads/DRIAMS-C/id/2018/2018_clean.csv,28082108530_F4,28082108530_F4,1280.0,Staphylococcus
Escherichia coli,28082108600_F6,S,S,S,S,S,S,S,,,,S,S,,,,,,,,,,,S,,,S,S,S,,,,,,,,,,,,,,,,,,,,,,,,,,,,,../data/driams/downloads/DRIAMS-C/id/2018/2018_clean.csv,28082108600_F6,28082108600_F6,562.0,Escherichia
Escherichia coli,28082108600_F8,S,S,S,S,S,S,S,,,,S,S,,,,,,,,,,,S,,,S,S,S,,,,,,,,,,,,,,,,,,,,,,,,,,,,,../data/driams/downloads/DRIAMS-C/id/2018/2018_clean.csv,28082108600_F8,28082108600_F8,562.0,Escherichia
Escherichia coli,28082108620_F10,R,R,S,S,S,S,S,,,,S,R,,,,,,,,,,,S,,,S,S,S,,,,,,,,,,,,,,,,,,,,,,,,,,,,,../data/driams/downloads/DRIAMS-C/id/2018/2018_clean.csv,28082108620_F10,28082108620_F10,562.0,Escherichia
Escherichia coli,28082108620_A10,R,R,S,S,S,S,S,,,,S,R,,,,,,,,,,,S,,,S,S,S,,,,,,,,,,,,,,,,,,,,,,,,,,,,,../data/driams/downloads/DRIAMS-C/id/2018/2018_clean.csv,28082108620_A10,28082108620_A10,562.0,Escherichia
Klebsiella pneumoniae,28082109320_B10,S,R,S,S,S,S,S,S,R,S,S,S,,,,,,,,,,,,,,,,,,,,,,,,,,,,,,,,,,,,,,,,,,,,,../data/driams/downloads/DRIAMS-C/id/2018/2018_clean.csv,28082109320_B10,28082109320_B10,573.0,Klebsiella
Enterobacter asburiae,28082109480_B12,R,R,S,S,S,S,S,S,R,S,S,S,,,,,,,,,,,,,,,,,,,,,,,,,,,,,,,,,,,,,,,,,,,,,../data/driams/downloads/DRIAMS-C/id/2018/2018_clean.csv,28082109480_B12,28082109480_B12,61645.0,Enterobacter
Klebsiella pneumoniae,28082109610_C1,S,R,S,S,S,S,S,R,R,S,S,S,,,,,,,,,,,,,,,,,,,,,,,,,,,,,,,,,,,,,,,,,,,,,../data/driams/downloads/DRIAMS-C/id/2018/2018_clean.csv,28082109610_C1,28082109610_C1,573.0,Klebsiella
Klebsiella pneumoniae,28082109610_C2,S,R,S,S,S,S,S,R,R,S,S,S,,,,,,,,,,,,,,,,,,,,,,,,,,,,,,,,,,,,,,,,,,,,,../data/driams/downloads/DRIAMS-C/id/2018/2018_clean.csv,28082109610_C2,28082109610_C2,573.0,Klebsiella
Enterococcus faecalis,28082109650_C3,S,S,,,,,,S,,,,I,,,,,R,,,,,R,S,,,,,,,,,,,,,,,,,,,,,,,,,,,,,,,,,,../data/driams/downloads/DRIAMS-C/id/2018/2018_clean.csv,28082109650_C3,28082109650_C3,1351.0,Enterococcus
Escherichia coli,28082109650_C4,S,R,S,R,S,R,R,S,S,R,S,R,,,,,,,,,,,S,,,S,S,S,,,,,,,,,,,,,,,,,,,,,,,,,,,,,../data/driams/downloads/DRIAMS-C/id/2018/2018_clean.csv,28082109650_C4,28082109650_C4,562.0,Escherichia
Enterococcus faecalis,28082109690_C5,S,S,,,,,,S,,,,I,,,,,R,,,,,R,S,,,,,,,,,,,,,,,,,,,,,,,,,,,,,,,,,,../data/driams/downloads/DRIAMS-C/id/2018/2018_clean.csv,28082109690_C5,28082109690_C5,1351.0,Enterococcus
Serratia marcescens,28082110110_C7,R,R,S,S,S,S,R,,,,R,S,,,,,,,,,,,S,,,S,S,S,,,,,,,,,,,,,,,,,,,,,,,,,,,,,../data/driams/downloads/DRIAMS-C/id/2018/2018_clean.csv,28082110110_C7,28082110110_C7,615.0,Serratia
Enterobacter asburiae,28082110120_F2,R,R,S,S,S,S,S,,,,S,S,,,,,,,,,,,S,,,S,S,S,,,,,,,,,,,,,,,,,,,,,,,,,,,,,../data/driams/downloads/DRIAMS-C/id/2018/2018_clean.csv,28082110120_F2,28082110120_F2,61645.0,Enterobacter
Escherichia coli,28082110120_F3,S,S,S,S,S,S,S,,,,S,S,,,,,,,,,,,S,,,S,S,S,,,,,,,,,,,,,,,,,,,,,,,,,,,,,../data/driams/downloads/DRIAMS-C/id/2018/2018_clean.csv,28082110120_F3,28082110120_F3,562.0,Escherichia
Acinetobacter ursingii,28082110130_C9,R,R,R,S,S,R,R,,,,S,S,,,,,,,,,,,S,,,S,R,S,,,,,,,,,,,,,,,,,,,,,,,,,,,,,../data/driams/downloads/DRIAMS-C/id/2018/2018_clean.csv,28082110130_C9,28082110130_C9,108980.0,Acinetobacter
Acinetobacter ursingii,28082110130_F3,R,R,R,S,S,R,R,,,,S,S,,,,,,,,,,,S,,,S,R,S,,,,,,,,,,,,,,,,,,,,,,,,,,,,,../data/driams/downloads/DRIAMS-C/id/2018/2018_clean.csv,28082110130_F3,28082110130_F3,108980.0,Acinetobacter
Acinetobacter ursingii,28082110130_F4,R,R,R,S,S,R,R,,,,S,S,,,,,,,,,,,S,,,S,R,S,,,,,,,,,,,,,,,,,,,,,,,,,,,,,../data/driams/downloads/DRIAMS-C/id/2018/2018_clean.csv,28082110130_F4,28082110130_F4,108980.0,Acinetobacter
Escherichia coli,28082110570_C10,S,R,S,S,S,S,S,S,S,S,S,S,,,,,,,,,,,,,,,,,,,,,,,,,,,,,,,,,,,,,,,,,,,,,../data/driams/downloads/DRIAMS-C/id/2018/2018_clean.csv,28082110570_C10,28082110570_C10,562.0,Escherichia
Enterococcus faecalis,28082110770_C12,S,S,,,,,,S,,,,R,,,,,R,,,,,R,S,,,,,,,,,,,,,,,,,,,,,,,,,,,,,,,,,,../data/driams/downloads/DRIAMS-C/id/2018/2018_clean.csv,28082110770_C12,28082110770_C12,1351.0,Enterococcus
Enterococcus faecalis,28082110770_D10,S,S,,,,,,S,,,,R,,,,,R,,,,,R,S,,,,,,,,,,,,,,,,,,,,,,,,,,,,,,,,,,../data/driams/downloads/DRIAMS-C/id/2018/2018_clean.csv,28082110770_D10,28082110770_D10,1351.0,Enterococcus
Enterobacter cloacae,28082110780_D1,R,R,S,S,S,S,S,S,S,S,S,S,,,,,,,,,,,,,,,,,,,,,,,,,,,,,,,,,,,,,,,,,,,,,../data/driams/downloads/DRIAMS-C/id/2018/2018_clean.csv,28082110780_D1,28082110780_D1,550.0,Enterobacter
Morganella morganii,28082111130_G3,R,R,S,S,S,S,R,,,,R,S,,,,,,,,,,,S,,,S,S,S,,,,,,,,,,,,,,,,,,,,,,,,,,,,,../data/driams/downloads/DRIAMS-C/id/2018/2018_clean.csv,28082111130_G3,28082111130_G3,582.0,Morganella
Morganella morganii,28082111130_A12,R,R,S,S,S,S,R,,,,R,S,,,,,,,,,,,S,,,S,S,S,,,,,,,,,,,,,,,,,,,,,,,,,,,,,../data/driams/downloads/DRIAMS-C/id/2018/2018_clean.csv,28082111130_A12,28082111130_A12,582.0,Morganella
,28082111130_B1,S,R,,,,,,,,,,,S,S,,,,R,,,,,,S,,,,,,,,,,,,,,,,,,,,,,,,,,,,,,,,,../data/driams/downloads/DRIAMS-C/id/2018/2018_clean.csv,28082111130_B1,28082111130_B1,,
,28082111130_B2,S,R,,,,,,,,,,,S,S,,,,R,,,,,,S,,,,,,,,,,,,,,,,,,,,,,,,,,,,,,,,,../data/driams/downloads/DRIAMS-C/id/2018/2018_clean.csv,28082111130_B2,28082111130_B2,,
Proteus mirabilis,28082111130_B3,S,S,S,S,S,S,S,,,,R,S,,,,,,,,,,,S,,,S,S,S,,,,,,,,,,,,,,,,,,,,,,,,,,,,,../data/driams/downloads/DRIAMS-C/id/2018/2018_clean.csv,28082111130_B3,28082111130_B3,584.0,Proteus
Escherichia coli,28082112040_G5,S,R,S,S,S,S,S,,,,S,R,,,,,,,,,,,S,,,S,S,S,,,,,,,,,,,,,,,,,,,,,,,,,,,,,../data/driams/downloads/DRIAMS-C/id/2018/2018_clean.csv,28082112040_G5,28082112040_G5,562.0,Escherichia
Staphylococcus aureus,28082201970_B7,S,S,,S,S,,,,,,,S,S,S,S,S,S,S,S,S,,,,,,,,,,,,,,,,,,,,,,,,,,,,,,,,,,,,,../data/driams/downloads/DRIAMS-C/id/2018/2018_clean.csv,28082201970_B7,28082201970_B7,1280.0,Staphylococcus
Staphylococcus aureus,28082202390_B8,S,R,,S,S,,,,,,,S,S,S,S,R,S,R,S,S,,,,,,,,,,,,,,,,,,,,,,,,,,,,,,,,,,,,,../data/driams/downloads/DRIAMS-C/id/2018/2018_clean.csv,28082202390_B8,28082202390_B8,1280.0,Staphylococcus
Staphylococcus aureus,28082203320_A1,S,S,,S,S,,,,,,,S,R,R,S,S,S,S,S,S,,,,,,,,,,,,,,,,,,,,,,,,,,,,,,,,,,,,,../data/driams/downloads/DRIAMS-C/id/2018/2018_clean.csv,28082203320_A1,28082203320_A1,1280.0,Staphylococcus
Staphylococcus aureus,28082203320_A2,S,S,,S,S,,,,,,,S,R,R,S,S,S,S,S,S,,,,,,,,,,,,,,,,,,,,,,,,,,,,,,,,,,,,,../data/driams/downloads/DRIAMS-C/id/2018/2018_clean.csv,28082203320_A2,28082203320_A2,1280.0,Staphylococcus
Staphylococcus aureus,28082203320_A3,S,S,,S,S,,,,,,,S,R,R,S,S,S,S,S,S,,,,,,,,,,,,,,,,,,,,,,,,,,,,,,,,,,,,,../data/driams/downloads/DRIAMS-C/id/2018/2018_clean.csv,28082203320_A3,28082203320_A3,1280.0,Staphylococcus
Haemophilus influenzae,28082205510_B12,R,R,,S,,S,R,,,,,,I,,,,,R,,,,,,,,,,,,,,,,,,,,,,,,,,,,,,,,,,,,,,,../data/driams/downloads/DRIAMS-C/id/2018/2018_clean.csv,28082205510_B12,28082205510_B12,727.0,Haemophilus
Haemophilus influenzae,28082205510_B5,R,R,,S,,S,R,,,,,,I,,,,,R,,,,,,,,,,,,,,,,,,,,,,,,,,,,,,,,,,,,,,,../data/driams/downloads/DRIAMS-C/id/2018/2018_clean.csv,28082205510_B5,28082205510_B5,727.0,Haemophilus
Escherichia coli,28082205880_A3,S,S,S,S,S,S,S,,,,S,S,,,,,,,,,,,S,,,S,S,S,,,,,,,,,,,,,,,,,,,,,,,,,,,,,../data/driams/downloads/DRIAMS-C/id/2018/2018_clean.csv,28082205880_A3,28082205880_A3,562.0,Escherichia
Klebsiella pneumoniae,28082206860_E6,S,R,S,S,S,S,S,S,R,S,S,S,,,,,,,,,,,,,,,,,,,,,,,,,,,,,,,,,,,,,,,,,,,,,../data/driams/downloads/DRIAMS-C/id/2018/2018_clean.csv,28082206860_E6,28082206860_E6,573.0,Klebsiella
Pseudomonas aeruginosa,28082208520_C3,R,R,S,S,S,R,R,,,,S,R,,,,,,,,,,,S,,,S,S,S,,,,,,,,,,,,,,,,,,,,,,,,,,,,,../data/driams/downloads/DRIAMS-C/id/2018/2018_clean.csv,28082208520_C3,28082208520_C3,287.0,Pseudomonas
Aeromonas hydrophila,28082208520_C5,R,R,S,S,S,S,S,,,,S,R,,,,,,,,,,,S,,,S,S,S,,,,,,,,,,,,,,,,,,,,,,,,,,,,,../data/driams/downloads/DRIAMS-C/id/2018/2018_clean.csv,28082208520_C5,28082208520_C5,644.0,Aeromonas
Staphylococcus aureus,28082209010_D1,S,S,,S,S,,,,,,,S,S,S,S,S,S,S,S,S,,,,,,,,,,,,,,,,,,,,,,,,,,,,,,,,,,,,,../data/driams/downloads/DRIAMS-C/id/2018/2018_clean.csv,28082209010_D1,28082209010_D1,1280.0,Staphylococcus
Escherichia coli,28082209080_E7,S,R,S,S,R,S,S,S,S,S,S,S,,,,,,,,,,,,,,,,,,,,,,,,,,,,,,,,,,,,,,,,,,,,,../data/driams/downloads/DRIAMS-C/id/2018/2018_clean.csv,28082209080_E7,28082209080_E7,562.0,Escherichia
Enterococcus faecalis,28082209080_A1,S,S,,,,,,S,,,,I,,,,,R,,,,,R,S,,,,,,,,,,,,,,,,,,,,,,,,,,,,,,,,,,../data/driams/downloads/DRIAMS-C/id/2018/2018_clean.csv,28082209080_A1,28082209080_A1,1351.0,Enterococcus
Enterococcus faecalis,28082209100_E10,S,S,,,,,,S,,,,I,,,,,R,,,,,R,S,,,,,,,,,,,,,,,,,,,,,,,,,,,,,,,,,,../data/driams/downloads/DRIAMS-C/id/2018/2018_clean.csv,28082209100_E10,28082209100_E10,1351.0,Enterococcus
Proteus mirabilis,28082211230_F2,S,S,S,S,S,S,S,R,S,S,R,S,,,,,,,,,,,,,,,,,,,,,,,,,,,,,,,,,,,,,,,,,,,,,../data/driams/downloads/DRIAMS-C/id/2018/2018_clean.csv,28082211230_F2,28082211230_F2,584.0,Proteus
Enterococcus faecalis,28082211230_A4,S,S,,,,,,S,,,,I,,,,,R,,,,,R,S,,,,,,,,,,,,,,,,,,,,,,,,,,,,,,,,,,../data/driams/downloads/DRIAMS-C/id/2018/2018_clean.csv,28082211230_A4,28082211230_A4,1351.0,Enterococcus
,28082211540_E4,S,S,,,S,,,,,,,S,R,R,S,,S,S,,S,,,,,S,,,,,,,,,,,,,,,,,,,,,,,,,,,,,,,,../data/driams/downloads/DRIAMS-C/id/2018/2018_clean.csv,28082211540_E4,28082211540_E4,,
Finegoldia magna,28082211540_E5,S,S,,,,,,,,,,,S,S,,,,S,,,,,,S,,,,,,,,,,,,,,,,,,,,,,,,,,,,,,,,,../data/driams/downloads/DRIAMS-C/id/2018/2018_clean.csv,28082211540_E5,28082211540_E5,1260.0,Finegoldia
Citrobacter freundii,28082211570_D4,R,R,S,S,S,S,S,,,,S,S,,,,,,,,,,,S,,,S,S,S,,,,,,,,,,,,,,,,,,,,,,,,,,,,,../data/driams/downloads/DRIAMS-C/id/2018/2018_clean.csv,28082211570_D4,28082211570_D4,546.0,Citrobacter
Escherichia coli,28082211570_D9,S,S,S,S,S,S,S,,,,S,S,,,,,,,,,,,S,,,S,S,S,,,,,,,,,,,,,,,,,,,,,,,,,,,,,../data/driams/downloads/DRIAMS-C/id/2018/2018_clean.csv,28082211570_D9,28082211570_D9,562.0,Escherichia
Enterococcus faecalis,28082211570_E6,S,S,,,R,,,,,,,,,R,,,R,,,S,S,R,S,,,,,,,,,,,,,,,,,,,,,,,,,,,,,,,,,,../data/driams/downloads/DRIAMS-C/id/2018/2018_clean.csv,28082211570_E6,28082211570_E6,1351.0,Enterococcus
Staphylococcus aureus,28082212120_B2,S,R,,S,S,,,,,,,S,S,S,S,S,S,R,S,S,,,,,,,,,,,,,,,,,,,,,,,,,,,,,,,,,,,,,../data/driams/downloads/DRIAMS-C/id/2018/2018_clean.csv,28082212120_B2,28082212120_B2,1280.0,Staphylococcus
Escherichia coli,28082212210_G8,R,R,S,S,S,S,S,,,,S,S,,,,,,,,,,,S,,,S,S,S,,,,,,,,,,,,,,,,,,,,,,,,,,,,,../data/driams/downloads/DRIAMS-C/id/2018/2018_clean.csv,28082212210_G8,28082212210_G8,562.0,Escherichia
Klebsiella aerogenes,28082212210_B4,R,R,S,S,S,S,S,,,,S,S,,,,,,,,S,,,S,,,S,S,S,,,,,,,,,,,,,,,,,,,,,,,,,,,,,../data/driams/downloads/DRIAMS-C/id/2018/2018_clean.csv,28082212210_B4,28082212210_B4,548.0,
Staphylococcus aureus,28082212240_B5,S,R,,S,S,,,,,,,S,S,S,S,S,S,R,S,S,,,,,,,,,,,,,,,,,,,,,,,,,,,,,,,,,,,,,../data/driams/downloads/DRIAMS-C/id/2018/2018_clean.csv,28082212240_B5,28082212240_B5,1280.0,Staphylococcus
Serratia marcescens,28082212780_D6,R,R,S,S,S,S,R,,,,R,S,,,,,,,,,,,S,,,S,S,S,,,,,,,,,,,,,,,,,,,,,,,,,,,,,../data/driams/downloads/DRIAMS-C/id/2018/2018_clean.csv,28082212780_D6,28082212780_D6,615.0,Serratia
Serratia marcescens,28082212780_D7,R,R,S,S,S,S,R,,,,R,S,,,,,,,,,,,S,,,S,S,S,,,,,,,,,,,,,,,,,,,,,,,,,,,,,../data/driams/downloads/DRIAMS-C/id/2018/2018_clean.csv,28082212780_D7,28082212780_D7,615.0,Serratia
Citrobacter koseri,28082301880_F5,S,R,S,S,S,S,S,,,,S,S,,,,,,,,,,,S,,,S,S,S,,,,,,,,,,,,,,,,,,,,,,,,,,,,,../data/driams/downloads/DRIAMS-C/id/2018/2018_clean.csv,28082301880_F5,28082301880_F5,545.0,Citrobacter
Escherichia coli,28082305180_A5,R,R,S,R,S,S,S,S,S,R,S,R,,,,,,,,,,,S,,,S,S,S,,,,,,,,,,,,,,,,,,,,,,,,,,,,,../data/driams/downloads/DRIAMS-C/id/2018/2018_clean.csv,28082305180_A5,28082305180_A5,562.0,Escherichia
Enterococcus faecalis,28082305180_A6,S,S,,,,,,S,,,,I,,,,,R,,,,,R,S,,,,,,,,,,,,,,,,,,,,,,,,,,,,,,,,,,../data/driams/downloads/DRIAMS-C/id/2018/2018_clean.csv,28082305180_A6,28082305180_A6,1351.0,Enterococcus
Klebsiella aerogenes,28082305280_A8,R,R,S,S,S,S,S,S,S,S,S,S,,,,,,,,,,,,,,,,,,,,,,,,,,,,,,,,,,,,,,,,,,,,,../data/driams/downloads/DRIAMS-C/id/2018/2018_clean.csv,28082305280_A8,28082305280_A8,548.0,
Campylobacter jejuni,28082307880_C9,,,,S,,,,,,,,,S,,,,,,,,,,,,,,,,S,S,R,S,,,,,,,,,,,,,,,,,,,,,,,,,../data/driams/downloads/DRIAMS-C/id/2018/2018_clean.csv,28082307880_C9,28082307880_C9,197.0,Campylobacter
Escherichia coli,28082308350_A11,R,R,R,R,S,R,R,S,R,R,S,R,,,,,,,,,,,S,,,S,R,S,,,,,,,,,,,,,,,,,,,,,,,,,,,,,../data/driams/downloads/DRIAMS-C/id/2018/2018_clean.csv,28082308350_A11,28082308350_A11,562.0,Escherichia
Klebsiella pneumoniae,28082308500_F4,S,R,S,S,S,S,S,,,,S,S,,,,,,,,,,,S,,,S,S,S,,,,,,,,,,,,,,,,,,,,,,,,,,,,,../data/driams/downloads/DRIAMS-C/id/2018/2018_clean.csv,28082308500_F4,28082308500_F4,573.0,Klebsiella
Klebsiella aerogenes,28082308500_A10,R,R,S,S,S,S,R,,,,S,S,,,,,,,,,,,S,,,S,S,S,,,,,,,,,,,,,,,,,,,,,,,,,,,,,../data/driams/downloads/DRIAMS-C/id/2018/2018_clean.csv,28082308500_A10,28082308500_A10,548.0,
Haemophilus influenzae,28082308640_F2,S,R,,S,,S,I,,,,,,I,,,,,R,,,,,,,,,,,,,,,,,,,,,,,,,,,,,,,,,,,,,,,../data/driams/downloads/DRIAMS-C/id/2018/2018_clean.csv,28082308640_F2,28082308640_F2,727.0,Haemophilus
Haemophilus influenzae,28082308640_A12,S,R,,S,,S,I,,,,,,I,,,,,R,,,,,,,,,,,,,,,,,,,,,,,,,,,,,,,,,,,,,,,../data/driams/downloads/DRIAMS-C/id/2018/2018_clean.csv,28082308640_A12,28082308640_A12,727.0,Haemophilus
Klebsiella pneumoniae,28082308690_B6,S,R,S,S,S,S,S,S,R,S,S,S,,,,,,,,,,,,,,,,,,,,,,,,,,,,,,,,,,,,,,,,,,,,,../data/driams/downloads/DRIAMS-C/id/2018/2018_clean.csv,28082308690_B6,28082308690_B6,573.0,Klebsiella
Staphylococcus aureus,28082309940_E11,S,R,,S,S,,,,,,,S,S,S,S,S,S,R,S,S,,,,,,,,,,,,,,,,,,,,,,,,,,,,,,,,,,,,,../data/driams/downloads/DRIAMS-C/id/2018/2018_clean.csv,28082309940_E11,28082309940_E11,1280.0,Staphylococcus
Klebsiella pneumoniae,28082310380_B7,S,R,S,S,S,S,S,S,R,S,S,R,,,,,,,,,,,,,,,,,,,,,,,,,,,,,,,,,,,,,,,,,,,,,../data/driams/downloads/DRIAMS-C/id/2018/2018_clean.csv,28082310380_B7,28082310380_B7,573.0,Klebsiella
Klebsiella pneumoniae,28082310380_B9,S,R,S,S,S,S,S,S,R,S,S,R,,,,,,,,,,,,,,,,,,,,,,,,,,,,,,,,,,,,,,,,,,,,,../data/driams/downloads/DRIAMS-C/id/2018/2018_clean.csv,28082310380_B9,28082310380_B9,573.0,Klebsiella
Enterobacter cloacae,28082310430_C11,R,R,S,S,S,S,S,,,,S,S,,,,,,,,,,,S,,,S,S,S,,,,,,,,,,,,,,,,,,,,,,,,,,,,,../data/driams/downloads/DRIAMS-C/id/2018/2018_clean.csv,28082310430_C11,28082310430_C11,550.0,Enterobacter
Acinetobacter junii,28082310430_D1,R,R,S,S,S,S,R,,,,S,S,,,,,,,,,,,S,,,S,S,S,,,,,,,,,,,,,,,,,,,,,,,,,,,,,../data/driams/downloads/DRIAMS-C/id/2018/2018_clean.csv,28082310430_D1,28082310430_D1,40215.0,Acinetobacter
Enterococcus faecalis,28082310450_B11,S,S,,,,,,S,,,,I,,,,,R,,,,,R,S,,,,,,,,,,,,,,,,,,,,,,,,,,,,,,,,,,../data/driams/downloads/DRIAMS-C/id/2018/2018_clean.csv,28082310450_B11,28082310450_B11,1351.0,Enterococcus
Morganella morganii,28082310630_E10,R,R,S,S,S,S,R,,,,R,S,,,,,,,,,,,S,,,S,S,S,,,,,,,,,,,,,,,,,,,,,,,,,,,,,../data/driams/downloads/DRIAMS-C/id/2018/2018_clean.csv,28082310630_E10,28082310630_E10,582.0,Morganella
Morganella morganii,28082310630_B2,R,R,S,S,S,S,R,,,,R,S,,,,,,,,,,,S,,,S,S,S,,,,,,,,,,,,,,,,,,,,,,,,,,,,,../data/driams/downloads/DRIAMS-C/id/2018/2018_clean.csv,28082310630_B2,28082310630_B2,582.0,Morganella
Enterococcus faecalis,28082310740_E8,S,S,,,R,,,,,,,,,R,,,R,,,S,S,R,S,,,,,,,,,,,,,,,,,,,,,,,,,,,,,,,,,,../data/driams/downloads/DRIAMS-C/id/2018/2018_clean.csv,28082310740_E8,28082310740_E8,1351.0,Enterococcus
Escherichia coli,28082310740_F7,S,S,S,S,S,S,S,,,,S,S,,,,,,,,,,,S,,,S,S,S,,,,,,,,,,,,,,,,,,,,,,,,,,,,,../data/driams/downloads/DRIAMS-C/id/2018/2018_clean.csv,28082310740_F7,28082310740_F7,562.0,Escherichia
Staphylococcus aureus,28082311250_D2,S,R,,S,S,,,,,,,S,S,S,S,R,S,R,S,S,,,,,,,,,,,,,,,,,,,,,,,,,,,,,,,,,,,,,../data/driams/downloads/DRIAMS-C/id/2018/2018_clean.csv,28082311250_D2,28082311250_D2,1280.0,Staphylococcus
Bacteroides fragilis,28082311870_D10,,,,,,,,,,,,,,,,,,,,,,,,R,,,,,,,,,,,,,,,,,,,,,,,,,,,,,,,,,../data/driams/downloads/DRIAMS-C/id/2018/2018_clean.csv,28082311870_D10,28082311870_D10,817.0,Bacteroides
Klebsiella oxytoca,28082312560_C3,S,R,S,S,S,S,S,S,R,S,S,S,,,,,,,,,,,,,,,,,,,,,,,,,,,,,,,,,,,,,,,,,,,,,../data/driams/downloads/DRIAMS-C/id/2018/2018_clean.csv,28082312560_C3,28082312560_C3,571.0,Klebsiella
Serratia marcescens,28082312580_C5,R,R,S,S,S,S,R,R,S,S,R,S,,,,,,,,,,,,,,,,,,,,,,,,,,,,,,,,,,,,,,,,,,,,,../data/driams/downloads/DRIAMS-C/id/2018/2018_clean.csv,28082312580_C5,28082312580_C5,615.0,Serratia
Enterococcus faecalis,28082312580_C6,S,S,,,,,,S,,,,I,,,,,R,,,,,R,S,,,,,,,,,,,,,,,,,,,,,,,,,,,,,,,,,,../data/driams/downloads/DRIAMS-C/id/2018/2018_clean.csv,28082312580_C6,28082312580_C6,1351.0,Enterococcus
Enterococcus faecium,28082312910_C7,S,S,,,R,,,,,,,,,S,,,R,,,S,S,S,S,,,,,,,,,,,,,,,,,,,,,,,,,,,,,,,,,,../data/driams/downloads/DRIAMS-C/id/2018/2018_clean.csv,28082312910_C7,28082312910_C7,1352.0,Enterococcus
Enterococcus faecalis,28082312920_D7,S,S,,,,,,S,,,,I,,,,,R,,,,,R,S,,,,,,,,,,,,,,,,,,,,,,,,,,,,,,,,,,../data/driams/downloads/DRIAMS-C/id/2018/2018_clean.csv,28082312920_D7,28082312920_D7,1351.0,Enterococcus
Enterococcus faecalis,28082312920_B11,S,S,,,,,,S,,,,I,,,,,R,,,,,R,S,,,,,,,,,,,,,,,,,,,,,,,,,,,,,,,,,,../data/driams/downloads/DRIAMS-C/id/2018/2018_clean.csv,28082312920_B11,28082312920_B11,1351.0,Enterococcus
Aerococcus urinae,28082312920_C1,S,S,,S,,,,S,,,,,,,,,,,,,,,,,,,,,,,,,,,,,,,,,,,,,,,,,,,,,,,,,../data/driams/downloads/DRIAMS-C/id/2018/2018_clean.csv,28082312920_C1,28082312920_C1,1376.0,Aerococcus
Aerococcus urinae,28082312920_C5,S,S,,S,,,,S,,,,,,,,,,,,,,,,,,,,,,,,,,,,,,,,,,,,,,,,,,,,,,,,,../data/driams/downloads/DRIAMS-C/id/2018/2018_clean.csv,28082312920_C5,28082312920_C5,1376.0,Aerococcus
Aerococcus urinae,28082312920_C6,S,S,,S,,,,S,,,,,,,,,,,,,,,,,,,,,,,,,,,,,,,,,,,,,,,,,,,,,,,,,../data/driams/downloads/DRIAMS-C/id/2018/2018_clean.csv,28082312920_C6,28082312920_C6,1376.0,Aerococcus
Aerococcus urinae,28082312920_E11,S,S,,S,,,,S,,,,,,,,,,,,,,,,,,,,,,,,,,,,,,,,,,,,,,,,,,,,,,,,,../data/driams/downloads/DRIAMS-C/id/2018/2018_clean.csv,28082312920_E11,28082312920_E11,1376.0,Aerococcus
Corynebacterium amycolatum,28082403050_B8,S,S,,,S,,,,,,,S,R,R,S,,S,S,,S,,,,,S,,,,,,,,,,,,,,,,,,,,,,,,,,,,,,,,../data/driams/downloads/DRIAMS-C/id/2018/2018_clean.csv,28082403050_B8,28082403050_B8,43765.0,Corynebacterium
Prevotella disiens,28082403260_H4,S,S,,,,,,,,,,,S,S,,,,S,,,,,,S,,,,,,,,,,,,,,,,,,,,,,,,,,,,,,,,,../data/driams/downloads/DRIAMS-C/id/2018/2018_clean.csv,28082403260_H4,28082403260_H4,28130.0,Prevotella
Klebsiella pneumoniae,28082403320_B11,S,R,S,S,S,S,S,,,,S,S,,,,,,,,,,,S,,,S,S,S,,,,,,,,,,,,,,,,,,,,,,,,,,,,,../data/driams/downloads/DRIAMS-C/id/2018/2018_clean.csv,28082403320_B11,28082403320_B11,573.0,Klebsiella
Staphylococcus aureus,28082403320_B12,S,R,,S,S,,,,,,,S,S,S,S,S,S,R,S,S,,,,,,,,,,,,,,,,,,,,,,,,,,,,,,,,,,,,,../data/driams/downloads/DRIAMS-C/id/2018/2018_clean.csv,28082403320_B12,28082403320_B12,1280.0,Staphylococcus
Staphylococcus aureus,28082408660_C1,R,R,,S,S,,,,,,,S,R,R,S,S,R,R,S,S,,S,,,,,,,,,,,,,,,,,,,,,,,,,,,,,,,,,,,../data/driams/downloads/DRIAMS-C/id/2018/2018_clean.csv,28082408660_C1,28082408660_C1,1280.0,Staphylococcus
Providencia rettgeri,28082411640_E3,S,S,S,S,S,S,S,R,S,S,R,R,,,,,,,,,,,,,,,,,,,,,,,,,,,,,,,,,,,,,,,,,,,,,../data/driams/downloads/DRIAMS-C/id/2018/2018_clean.csv,28082411640_E3,28082411640_E3,587.0,Providencia
Providencia rettgeri,28082411640_E10,S,S,S,S,S,S,S,R,S,S,R,R,,,,,,,,,,,,,,,,,,,,,,,,,,,,,,,,,,,,,,,,,,,,,../data/driams/downloads/DRIAMS-C/id/2018/2018_clean.csv,28082411640_E10,28082411640_E10,587.0,Providencia
Klebsiella pneumoniae,28082502870_E11,S,R,R,S,S,R,R,S,R,S,S,S,,,,,,,,,,,S,,,S,R,S,,,,,,,,,,,,,,,,,,,,,,,,,,,,,../data/driams/downloads/DRIAMS-C/id/2018/2018_clean.csv,28082502870_E11,28082502870_E11,573.0,Klebsiella
Enterococcus faecalis,28082503340_E12,S,S,,,,,,S,,,,I,,,,,R,,,,,R,S,,,,,,,,,,,,,,,,,,,,,,,,,,,,,,,,,,../data/driams/downloads/DRIAMS-C/id/2018/2018_clean.csv,28082503340_E12,28082503340_E12,1351.0,Enterococcus
Pseudomonas aeruginosa,28082503340_F1,R,R,S,S,S,R,R,,,,S,R,,,,,,,,,,,S,,,S,S,S,,,,,,,,,,,,,,,,,,,,,,,,,,,,,../data/driams/downloads/DRIAMS-C/id/2018/2018_clean.csv,28082503340_F1,28082503340_F1,287.0,Pseudomonas
Klebsiella pneumoniae,28082503340_F2,S,R,S,S,S,S,S,S,S,S,S,R,,,,,,,,,,,S,,,S,S,S,,,,,,,,,,,,,,,,,,,,,,,,,,,,,../data/driams/downloads/DRIAMS-C/id/2018/2018_clean.csv,28082503340_F2,28082503340_F2,573.0,Klebsiella
Morganella morganii,28082503360_H5,R,R,S,S,S,S,R,R,R,S,R,S,,,,,,,,,,,,,,,,,,,,,,,,,,,,,,,,,,,,,,,,,,,,,../data/driams/downloads/DRIAMS-C/id/2018/2018_clean.csv,28082503360_H5,28082503360_H5,582.0,Morganella
Morganella morganii,28082503360_H6,R,R,S,S,S,S,R,R,R,S,R,S,,,,,,,,,,,,,,,,,,,,,,,,,,,,,,,,,,,,,,,,,,,,,../data/driams/downloads/DRIAMS-C/id/2018/2018_clean.csv,28082503360_H6,28082503360_H6,582.0,Morganella
Staphylococcus aureus,28082503360_F3,S,R,,S,S,,,S,,S,,S,,,,,S,R,,,,,,,,,,,,,,,S,,,,,,,,,,,,,,,,,,,,,,,,../data/driams/downloads/DRIAMS-C/id/2018/2018_clean.csv,28082503360_F3,28082503360_F3,1280.0,Staphylococcus
Enterococcus faecalis,28082602480_A2,S,S,,,,,,S,,,,I,,,,,R,,,,,R,S,,,,,,,,,,,,,,,,,,,,,,,,,,,,,,,,,,../data/driams/downloads/DRIAMS-C/id/2018/2018_clean.csv,28082602480_A2,28082602480_A2,1351.0,Enterococcus
Enterococcus faecalis,28082602480_A3,S,S,,,,,,S,,,,I,,,,,R,,,,,R,S,,,,,,,,,,,,,,,,,,,,,,,,,,,,,,,,,,../data/driams/downloads/DRIAMS-C/id/2018/2018_clean.csv,28082602480_A3,28082602480_A3,1351.0,Enterococcus
Enterococcus faecalis,28082602490_F8,S,S,,,,,,S,,,,I,,,,,R,,,,,R,S,,,,,,,,,,,,,,,,,,,,,,,,,,,,,,,,,,../data/driams/downloads/DRIAMS-C/id/2018/2018_clean.csv,28082602490_F8,28082602490_F8,1351.0,Enterococcus
Enterococcus faecalis,28082602490_A4,S,S,,,,,,S,,,,I,,,,,R,,,,,R,S,,,,,,,,,,,,,,,,,,,,,,,,,,,,,,,,,,../data/driams/downloads/DRIAMS-C/id/2018/2018_clean.csv,28082602490_A4,28082602490_A4,1351.0,Enterococcus
Enterobacter cloacae,28082602540_F9,R,R,S,S,S,S,S,S,S,S,S,S,,,,,,,,,,,,,,,,,,,,,,,,,,,,,,,,,,,,,,,,,,,,,../data/driams/downloads/DRIAMS-C/id/2018/2018_clean.csv,28082602540_F9,28082602540_F9,550.0,Enterobacter
Enterococcus faecalis,28082602700_F12,S,S,,,,,,S,,,,I,,,,,R,,,,,R,S,,,,,,,,,,,,,,,,,,,,,,,,,,,,,,,,,,../data/driams/downloads/DRIAMS-C/id/2018/2018_clean.csv,28082602700_F12,28082602700_F12,1351.0,Enterococcus
Proteus vulgaris,28082602780_G1,S,R,S,S,S,S,R,R,S,S,R,S,,,,,,,,,,,,,,,,,,,,,,,,,,,,,,,,,,,,,,,,,,,,,../data/driams/downloads/DRIAMS-C/id/2018/2018_clean.csv,28082602780_G1,28082602780_G1,585.0,Proteus
Proteus vulgaris,28082602780_G3,S,R,S,S,S,S,R,R,S,S,R,S,,,,,,,,,,,,,,,,,,,,,,,,,,,,,,,,,,,,,,,,,,,,,../data/driams/downloads/DRIAMS-C/id/2018/2018_clean.csv,28082602780_G3,28082602780_G3,585.0,Proteus
Proteus mirabilis,28082604280_D11,S,S,S,S,S,S,S,,,,R,S,,,,,,,,,,,S,,,S,S,S,,,,,,,,,,,,,,,,,,,,,,,,,,,,,../data/driams/downloads/DRIAMS-C/id/2018/2018_clean.csv,28082604280_D11,28082604280_D11,584.0,Proteus
Proteus mirabilis,28082604280_B6,S,S,S,S,S,S,S,,,,R,S,,,,,,,,,,,S,,,S,S,S,,,,,,,,,,,,,,,,,,,,,,,,,,,,,../data/driams/downloads/DRIAMS-C/id/2018/2018_clean.csv,28082604280_B6,28082604280_B6,584.0,Proteus
Serratia marcescens,28082604280_B7,R,R,S,S,S,S,R,,,,R,S,,,,,,,,,,,S,,,S,S,S,,,,,,,,,,,,,,,,,,,,,,,,,,,,,../data/driams/downloads/DRIAMS-C/id/2018/2018_clean.csv,28082604280_B7,28082604280_B7,615.0,Serratia
Enterobacter ludwigii,28082703960_A5,R,R,S,S,S,S,S,,,,S,S,,,,,,,,,,,S,,,S,S,S,,,,,,,,,,,,,,,,,,,,,,,,,,,,,../data/driams/downloads/DRIAMS-C/id/2018/2018_clean.csv,28082703960_A5,28082703960_A5,299767.0,Enterobacter
Enterobacter ludwigii,28082703960_A6,R,R,S,S,S,S,S,,,,S,S,,,,,,,,,,,S,,,S,S,S,,,,,,,,,,,,,,,,,,,,,,,,,,,,,../data/driams/downloads/DRIAMS-C/id/2018/2018_clean.csv,28082703960_A6,28082703960_A6,299767.0,Enterobacter
Citrobacter koseri,28082705940_A6,S,R,S,S,S,S,R,S,S,S,S,S,,,,,,,,,,,,,,,,,,,,,,,,,,,,,,,,,,,,,,,,,,,,,../data/driams/downloads/DRIAMS-C/id/2018/2018_clean.csv,28082705940_A6,28082705940_A6,545.0,Citrobacter
Klebsiella aerogenes,28082705960_A7,R,R,R,S,S,R,R,S,R,S,S,S,,,,,,,,,,,I,,,S,S,S,,,,,,,,,,,,,,,,,,,,,,,,,,,,,../data/driams/downloads/DRIAMS-C/id/2018/2018_clean.csv,28082705960_A7,28082705960_A7,548.0,
Klebsiella oxytoca,28082705980_A8,S,R,S,S,S,S,S,S,R,S,S,S,,,,,,,,,,,,,,,,,,,,,,,,,,,,,,,,,,,,,,,,,,,,,../data/driams/downloads/DRIAMS-C/id/2018/2018_clean.csv,28082705980_A8,28082705980_A8,571.0,Klebsiella
Proteus mirabilis,28082706070_B3,S,R,S,S,S,S,S,R,S,S,R,R,,,,,,,,,,,,,,,,,,,,,,,,,,,,,,,,,,,,,,,,,,,,,../data/driams/downloads/DRIAMS-C/id/2018/2018_clean.csv,28082706070_B3,28082706070_B3,584.0,Proteus
Acinetobacter ursingii,28082706080_B6,R,R,R,S,S,S,R,,,,S,S,,,,,,,,,,,S,,,S,S,S,,,,,,,,,,,,,,,,,,,,,,,,,,,,,../data/driams/downloads/DRIAMS-C/id/2018/2018_clean.csv,28082706080_B6,28082706080_B6,108980.0,Acinetobacter
Acinetobacter junii,28082708180_B7,R,R,S,S,S,S,R,R,R,S,S,S,,,,,,,,,,,S,,,S,S,S,,,,,,,,,,,,,,,,,,,,,,,,,,,,,../data/driams/downloads/DRIAMS-C/id/2018/2018_clean.csv,28082708180_B7,28082708180_B7,40215.0,Acinetobacter
Enterococcus faecalis,28082708180_B8,S,S,,,,,,S,,,,I,,,,,R,,,,,R,S,,,,,,,,,,,,,,,,,,,,,,,,,,,,,,,,,,../data/driams/downloads/DRIAMS-C/id/2018/2018_clean.csv,28082708180_B8,28082708180_B8,1351.0,Enterococcus
Enterococcus faecalis,28082708200_B11,S,S,,,,,,S,,,,I,,,,,R,,,,,R,S,,,,,,,,,,,,,,,,,,,,,,,,,,,,,,,,,,../data/driams/downloads/DRIAMS-C/id/2018/2018_clean.csv,28082708200_B11,28082708200_B11,1351.0,Enterococcus
Proteus mirabilis,28082708200_B12,S,R,S,S,R,S,S,R,S,S,R,R,,,,,,,,,,,,,,,,,,,,,,,,,,,,,,,,,,,,,,,,,,,,,../data/driams/downloads/DRIAMS-C/id/2018/2018_clean.csv,28082708200_B12,28082708200_B12,584.0,Proteus
Staphylococcus aureus,28082708670_D2,S,R,,S,S,,,,,,,S,S,S,S,S,S,R,S,S,,,,,,,,,,,,,,,,,,,,,,,,,,,,,,,,,,,,,../data/driams/downloads/DRIAMS-C/id/2018/2018_clean.csv,28082708670_D2,28082708670_D2,1280.0,Staphylococcus
Escherichia coli,28082710770_D10,S,S,S,S,S,S,S,,,,S,S,,,,,,,,,,,S,,,S,S,S,,,,,,,,,,,,,,,,,,,,,,,,,,,,,../data/driams/downloads/DRIAMS-C/id/2018/2018_clean.csv,28082710770_D10,28082710770_D10,562.0,Escherichia
Escherichia coli,28082803650_G2,S,R,S,S,S,S,S,,,,S,S,,,,,,,,,,,S,,,S,S,S,,,,,,,,,,,,,,,,,,,,,,,,,,,,,../data/driams/downloads/DRIAMS-C/id/2018/2018_clean.csv,28082803650_G2,28082803650_G2,562.0,Escherichia
Peptoniphilus harei,28082803670_A3,S,S,,,,,,,,,,,R,S,,,,S,,,,,,S,,,,,,,,,,,,,,,,,,,,,,,,,,,,,,,,,../data/driams/downloads/DRIAMS-C/id/2018/2018_clean.csv,28082803670_A3,28082803670_A3,54005.0,Peptoniphilus
Peptoniphilus harei,28082803680_A5,S,S,,,,,,,,,,,R,S,,,,S,,,,,,S,,,,,,,,,,,,,,,,,,,,,,,,,,,,,,,,,../data/driams/downloads/DRIAMS-C/id/2018/2018_clean.csv,28082803680_A5,28082803680_A5,54005.0,Peptoniphilus
Enterococcus faecalis,28082803690_G4,S,S,,,R,,,,,,,,,R,,,R,,,S,S,R,S,,,,,,,,,,,,,,,,,,,,,,,,,,,,,,,,,,../data/driams/downloads/DRIAMS-C/id/2018/2018_clean.csv,28082803690_G4,28082803690_G4,1351.0,Enterococcus
Enterococcus faecalis,28082805340_D5,S,S,,,,,,S,,,,I,,,,,R,,,,,R,S,,,,,,,,,,,,,,,,,,,,,,,,,,,,,,,,,,../data/driams/downloads/DRIAMS-C/id/2018/2018_clean.csv,28082805340_D5,28082805340_D5,1351.0,Enterococcus
Enterococcus faecalis,28082805340_F1,S,S,,,,,,S,,,,I,,,,,R,,,,,R,S,,,,,,,,,,,,,,,,,,,,,,,,,,,,,,,,,,../data/driams/downloads/DRIAMS-C/id/2018/2018_clean.csv,28082805340_F1,28082805340_F1,1351.0,Enterococcus
Citrobacter koseri,28082806020_C4,S,R,S,S,S,S,R,,,,S,S,,,,,,,,,,,S,,,S,S,S,,,,,,,,,,,,,,,,,,,,,,,,,,,,,../data/driams/downloads/DRIAMS-C/id/2018/2018_clean.csv,28082806020_C4,28082806020_C4,545.0,Citrobacter
Stenotrophomonas maltophilia,28082806080_C7,,,,,,,,,,,,S,,,,,,,,,,,,,,,,,,,,,,,,,,,,,,,,,,,,,,,,,,,,,../data/driams/downloads/DRIAMS-C/id/2018/2018_clean.csv,28082806080_C7,28082806080_C7,40324.0,Stenotrophomonas
Klebsiella oxytoca,28082808320_D8,S,R,S,S,S,S,S,S,R,S,S,S,,,,,,,,,,,,,,,,,,,,,,,,,,,,,,,,,,,,,,,,,,,,,../data/driams/downloads/DRIAMS-C/id/2018/2018_clean.csv,28082808320_D8,28082808320_D8,571.0,Klebsiella
Enterococcus faecalis,28082808610_D11,S,S,,,,,,S,,,,I,,,,,R,,,,,R,S,,,,,,,,,,,,,,,,,,,,,,,,,,,,,,,,,,../data/driams/downloads/DRIAMS-C/id/2018/2018_clean.csv,28082808610_D11,28082808610_D11,1351.0,Enterococcus
Proteus mirabilis,28082808610_D12,S,R,S,S,S,S,S,R,S,S,R,S,,,,,,,,,,,,,,,,,,,,,,,,,,,,,,,,,,,,,,,,,,,,,../data/driams/downloads/DRIAMS-C/id/2018/2018_clean.csv,28082808610_D12,28082808610_D12,584.0,Proteus
Enterococcus faecalis,28082808680_E1,S,S,,,,,,S,,,,I,,,,,R,,,,,R,S,,,,,,,,,,,,,,,,,,,,,,,,,,,,,,,,,,../data/driams/downloads/DRIAMS-C/id/2018/2018_clean.csv,28082808680_E1,28082808680_E1,1351.0,Enterococcus
Escherichia coli,28082808680_E2,R,R,R,S,S,R,R,S,S,S,S,S,,,,,,,,,,,S,,,S,S,S,,,,,,,,,,,,,,,,,,,,,,,,,,,,,../data/driams/downloads/DRIAMS-C/id/2018/2018_clean.csv,28082808680_E2,28082808680_E2,562.0,Escherichia
Proteus mirabilis,28082808680_E3,S,S,S,S,S,S,S,R,R,S,R,S,,,,,,,,,,,,,,,,,,,,,,,,,,,,,,,,,,,,,,,,,,,,,../data/driams/downloads/DRIAMS-C/id/2018/2018_clean.csv,28082808680_E3,28082808680_E3,584.0,Proteus
Escherichia coli,28082808680_F3,R,R,R,S,S,R,R,S,S,S,S,S,,,,,,,,,,,S,,,S,S,S,,,,,,,,,,,,,,,,,,,,,,,,,,,,,../data/driams/downloads/DRIAMS-C/id/2018/2018_clean.csv,28082808680_F3,28082808680_F3,562.0,Escherichia
Escherichia coli,28082808680_F4,R,R,R,S,S,R,R,S,S,S,S,S,,,,,,,,,,,S,,,S,S,S,,,,,,,,,,,,,,,,,,,,,,,,,,,,,../data/driams/downloads/DRIAMS-C/id/2018/2018_clean.csv,28082808680_F4,28082808680_F4,562.0,Escherichia
Staphylococcus aureus,28082809920_D4,S,R,,S,S,,,,,,,S,S,S,S,S,S,R,S,S,,,,,,,,,,,,,,,,,,,,,,,,,,,,,,,,,,,,,../data/driams/downloads/DRIAMS-C/id/2018/2018_clean.csv,28082809920_D4,28082809920_D4,1280.0,Staphylococcus
Enterococcus faecalis,28082810150_H10,S,S,,,R,,,,,,,,,R,,,R,,,S,S,R,S,,,,,,,,,,,,,,,,,,,,,,,,,,,,,,,,,,../data/driams/downloads/DRIAMS-C/id/2018/2018_clean.csv,28082810150_H10,28082810150_H10,1351.0,Enterococcus
Pseudomonas aeruginosa,28082810150_H11,R,R,R,S,S,R,R,,,,S,R,,,,,,,,,,,R,,,S,S,S,,,,,,,,,,,,,,,,,,,,,,,,,,,,,../data/driams/downloads/DRIAMS-C/id/2018/2018_clean.csv,28082810150_H11,28082810150_H11,287.0,Pseudomonas
Pseudomonas aeruginosa,28082810150_H12,R,R,R,S,S,R,R,,,,S,R,,,,,,,,,,,R,,,S,S,S,,,,,,,,,,,,,,,,,,,,,,,,,,,,,../data/driams/downloads/DRIAMS-C/id/2018/2018_clean.csv,28082810150_H12,28082810150_H12,287.0,Pseudomonas
Campylobacter jejuni,28082811560_C11,,,,S,,,,,,,,,S,,,,,,,,,,,,,,,,S,S,R,R,,,,,,,,,,,,,,,,,,,,,,,,,../data/driams/downloads/DRIAMS-C/id/2018/2018_clean.csv,28082811560_C11,28082811560_C11,197.0,Campylobacter
Campylobacter jejuni,28082811560_C12,,,,S,,,,,,,,,S,,,,,,,,,,,,,,,,S,S,R,R,,,,,,,,,,,,,,,,,,,,,,,,,../data/driams/downloads/DRIAMS-C/id/2018/2018_clean.csv,28082811560_C12,28082811560_C12,197.0,Campylobacter
Staphylococcus aureus,28082812040_E8,S,R,,S,S,,,,,,,S,S,S,S,S,S,R,S,S,,,,,,,,,,,,,,,,,,,,,,,,,,,,,,,,,,,,,../data/driams/downloads/DRIAMS-C/id/2018/2018_clean.csv,28082812040_E8,28082812040_E8,1280.0,Staphylococcus
Staphylococcus aureus,28082905070_F7,R,R,,S,S,,,,,,,S,R,R,S,S,R,R,S,S,,,,,,,,,,,,,,,,,,,,,,,,,,,,,,,,,,,,,../data/driams/downloads/DRIAMS-C/id/2018/2018_clean.csv,28082905070_F7,28082905070_F7,1280.0,Staphylococcus
Staphylococcus aureus,28082905170_E10,S,S,,S,S,,,,,,,S,S,S,S,S,S,S,S,S,,,,,,,,,,,,,,,,,,,,,,,,,,,,,,,,,,,,,../data/driams/downloads/DRIAMS-C/id/2018/2018_clean.csv,28082905170_E10,28082905170_E10,1280.0,Staphylococcus
Enterococcus faecium,28082905370_F10,S,S,,,R,,,,,,,,,R,,,R,,,S,S,S,S,,,,,,,,,,,,,,,,,,,,,,,,,,,,,,,,,,../data/driams/downloads/DRIAMS-C/id/2018/2018_clean.csv,28082905370_F10,28082905370_F10,1352.0,Enterococcus
Staphylococcus aureus,28082905370_F11,S,R,,S,S,,,S,,S,,S,,,,,S,R,,,,,,,,,,,,,,,S,,,,,,,,,,,,,,,,,,,,,,,,../data/driams/downloads/DRIAMS-C/id/2018/2018_clean.csv,28082905370_F11,28082905370_F11,1280.0,Staphylococcus
Pseudomonas aeruginosa,28082905370_F12,R,R,S,S,S,R,R,,,,S,R,,,,,,,,,,,S,,,S,S,S,,,,,,,,,,,,,,,,,,,,,,,,,,,,,../data/driams/downloads/DRIAMS-C/id/2018/2018_clean.csv,28082905370_F12,28082905370_F12,287.0,Pseudomonas
Enterococcus faecium,28082905370_A1,S,S,,,R,,,,,,,,,R,,,R,,,S,S,S,S,,,,,,,,,,,,,,,,,,,,,,,,,,,,,,,,,,../data/driams/downloads/DRIAMS-C/id/2018/2018_clean.csv,28082905370_A1,28082905370_A1,1352.0,Enterococcus
Staphylococcus aureus,28082905370_A2,S,R,,S,S,,,S,,S,,S,,,,,S,R,,,,,,,,,,,,,,,S,,,,,,,,,,,,,,,,,,,,,,,,../data/driams/downloads/DRIAMS-C/id/2018/2018_clean.csv,28082905370_A2,28082905370_A2,1280.0,Staphylococcus
Pseudomonas aeruginosa,28082905370_A3,R,R,S,S,S,R,R,,,,S,R,,,,,,,,,,,S,,,S,S,S,,,,,,,,,,,,,,,,,,,,,,,,,,,,,../data/driams/downloads/DRIAMS-C/id/2018/2018_clean.csv,28082905370_A3,28082905370_A3,287.0,Pseudomonas
Escherichia coli,28082905380_A4,S,R,S,R,S,S,S,S,S,R,S,S,,,,,,,,,,,,,,,,,,,,,,,,,,,,,,,,,,,,,,,,,,,,,../data/driams/downloads/DRIAMS-C/id/2018/2018_clean.csv,28082905380_A4,28082905380_A4,562.0,Escherichia
Escherichia coli,28082905390_G1,R,R,R,R,S,R,R,S,S,R,S,S,,,,,,,,,,,S,,,S,R,S,,,,,,,,,,,,,,,,,,,,,,,,,,,,,../data/driams/downloads/DRIAMS-C/id/2018/2018_clean.csv,28082905390_G1,28082905390_G1,562.0,Escherichia
Escherichia coli,28082905390_A5,R,R,R,R,S,R,R,S,S,R,S,S,,,,,,,,,,,S,,,S,R,S,,,,,,,,,,,,,,,,,,,,,,,,,,,,,../data/driams/downloads/DRIAMS-C/id/2018/2018_clean.csv,28082905390_A5,28082905390_A5,562.0,Escherichia
Proteus vulgaris,28082907160_C4,S,R,S,S,S,S,R,,,,R,S,,,,,,,,,,,S,,,S,S,S,,,,,,,,,,,,,,,,,,,,,,,,,,,,,../data/driams/downloads/DRIAMS-C/id/2018/2018_clean.csv,28082907160_C4,28082907160_C4,585.0,Proteus
Staphylococcus aureus,28082907160_C5,S,R,,S,S,,,,,,,S,S,S,S,S,S,R,S,S,,,,,,,,,,,,,,,,,,,,,,,,,,,,,,,,,,,,,../data/driams/downloads/DRIAMS-C/id/2018/2018_clean.csv,28082907160_C5,28082907160_C5,1280.0,Staphylococcus
Proteus vulgaris,28082907160_C6,S,R,S,S,S,S,R,,,,R,S,,,,,,,,,,,S,,,S,S,S,,,,,,,,,,,,,,,,,,,,,,,,,,,,,../data/driams/downloads/DRIAMS-C/id/2018/2018_clean.csv,28082907160_C6,28082907160_C6,585.0,Proteus
Haemophilus influenzae,28082907410_C10,S,S,,S,,S,R,,,,,,I,,,,,R,,,,,,,,,,,,,,,,,,,,,,,,,,,,,,,,,,,,,,,../data/driams/downloads/DRIAMS-C/id/2018/2018_clean.csv,28082907410_C10,28082907410_C10,727.0,Haemophilus
Staphylococcus aureus,28082907410_C8,S,R,,S,S,,,,,,,S,S,S,S,S,S,R,S,S,,,,,,,,,,,,,,,,,,,,,,,,,,,,,,,,,,,,,../data/driams/downloads/DRIAMS-C/id/2018/2018_clean.csv,28082907410_C8,28082907410_C8,1280.0,Staphylococcus
Haemophilus influenzae,28082907410_E10,S,S,,S,,S,R,,,,,,I,,,,,R,,,,,,,,,,,,,,,,,,,,,,,,,,,,,,,,,,,,,,,../data/driams/downloads/DRIAMS-C/id/2018/2018_clean.csv,28082907410_E10,28082907410_E10,727.0,Haemophilus
Haemophilus influenzae,28082907410_E11,S,S,,S,,S,R,,,,,,I,,,,,R,,,,,,,,,,,,,,,,,,,,,,,,,,,,,,,,,,,,,,,../data/driams/downloads/DRIAMS-C/id/2018/2018_clean.csv,28082907410_E11,28082907410_E11,727.0,Haemophilus
Haemophilus influenzae,28082907410_E12,S,S,,S,,S,R,,,,,,I,,,,,R,,,,,,,,,,,,,,,,,,,,,,,,,,,,,,,,,,,,,,,../data/driams/downloads/DRIAMS-C/id/2018/2018_clean.csv,28082907410_E12,28082907410_E12,727.0,Haemophilus
Haemophilus influenzae,28082907410_E9,S,S,,S,,S,R,,,,,,I,,,,,R,,,,,,,,,,,,,,,,,,,,,,,,,,,,,,,,,,,,,,,../data/driams/downloads/DRIAMS-C/id/2018/2018_clean.csv,28082907410_E9,28082907410_E9,727.0,Haemophilus
Haemophilus influenzae,28082907410_F1,S,S,,S,,S,R,,,,,,I,,,,,R,,,,,,,,,,,,,,,,,,,,,,,,,,,,,,,,,,,,,,,../data/driams/downloads/DRIAMS-C/id/2018/2018_clean.csv,28082907410_F1,28082907410_F1,727.0,Haemophilus
Haemophilus influenzae,28082907410_D9,S,S,,S,,S,R,,,,,,I,,,,,R,,,,,,,,,,,,,,,,,,,,,,,,,,,,,,,,,,,,,,,../data/driams/downloads/DRIAMS-C/id/2018/2018_clean.csv,28082907410_D9,28082907410_D9,727.0,Haemophilus
Escherichia coli,28082908010_E9,R,R,S,S,R,S,S,,,,S,R,,,,,,,,,,,S,,,S,S,S,,,,,,,,,,,,,,,,,,,,,,,,,,,,,../data/driams/downloads/DRIAMS-C/id/2018/2018_clean.csv,28082908010_E9,28082908010_E9,562.0,Escherichia
Escherichia coli,28082908010_A3,R,R,S,S,R,S,S,,,,S,R,,,,,,,,,,,S,,,S,S,S,,,,,,,,,,,,,,,,,,,,,,,,,,,,,../data/driams/downloads/DRIAMS-C/id/2018/2018_clean.csv,28082908010_A3,28082908010_A3,562.0,Escherichia
Staphylococcus aureus,28082908310_E5,S,R,,S,S,,,,,,,S,S,S,S,S,S,R,S,S,,,,,,,,,,,,,,,,,,,,,,,,,,,,,,,,,,,,,../data/driams/downloads/DRIAMS-C/id/2018/2018_clean.csv,28082908310_E5,28082908310_E5,1280.0,Staphylococcus
Pseudomonas aeruginosa,28082908310_E6,R,R,S,S,S,R,R,,,,S,R,,,,,,,,,,,S,,,S,S,S,,,,,,,,,,,,,,,,,,,,,,,,,,,,,../data/driams/downloads/DRIAMS-C/id/2018/2018_clean.csv,28082908310_E6,28082908310_E6,287.0,Pseudomonas
Escherichia coli,28082909860_D5,R,R,S,,S,S,S,,,,S,R,,,,,,,,,,,S,,,S,S,S,,,,,,,,,,,,,,,,,,,,,,,,,,,,,../data/driams/downloads/DRIAMS-C/id/2018/2018_clean.csv,28082909860_D5,28082909860_D5,562.0,Escherichia
Escherichia coli,28082909860_D6,R,R,S,,S,S,S,,,,S,R,,,,,,,,,,,S,,,S,S,S,,,,,,,,,,,,,,,,,,,,,,,,,,,,,../data/driams/downloads/DRIAMS-C/id/2018/2018_clean.csv,28082909860_D6,28082909860_D6,562.0,Escherichia
Proteus mirabilis,28082909860_F6,S,S,S,S,S,S,S,,,,R,S,,,,,,,,,,,S,,,S,S,S,,,,,,,,,,,,,,,,,,,,,,,,,,,,,../data/driams/downloads/DRIAMS-C/id/2018/2018_clean.csv,28082909860_F6,28082909860_F6,584.0,Proteus
Klebsiella pneumoniae,28082909890_G8,S,R,S,S,S,S,S,S,R,S,S,S,,,,,,,,,,,S,,,S,S,S,,,,,,,,,,,,,,,,,,,,,,,,,,,,,../data/driams/downloads/DRIAMS-C/id/2018/2018_clean.csv,28082909890_G8,28082909890_G8,573.0,Klebsiella
Klebsiella pneumoniae,28082909890_A6,S,R,S,S,S,S,S,S,R,S,S,S,,,,,,,,,,,S,,,S,S,S,,,,,,,,,,,,,,,,,,,,,,,,,,,,,../data/driams/downloads/DRIAMS-C/id/2018/2018_clean.csv,28082909890_A6,28082909890_A6,573.0,Klebsiella
Pseudomonas aeruginosa,28082909890_A7,R,R,S,S,S,R,R,,,,S,R,,,,,,,,,,,S,,,S,S,S,,,,,,,,,,,,,,,,,,,,,,,,,,,,,../data/driams/downloads/DRIAMS-C/id/2018/2018_clean.csv,28082909890_A7,28082909890_A7,287.0,Pseudomonas
Staphylococcus aureus,28083004670_G10,S,R,,S,S,,,,,,,S,S,S,S,S,S,R,S,S,,,,,,,,,,,,,,,,,,,,,,,,,,,,,,,,,,,,,../data/driams/downloads/DRIAMS-C/id/2018/2018_clean.csv,28083004670_G10,28083004670_G10,1280.0,Staphylococcus
Enterobacter cloacae,28083004720_A10,R,R,S,S,S,S,S,R,R,S,S,S,,,,,,,,,,,S,,,S,S,S,,,,,,,,,,,,,,,,,,,,,,,,,,,,,../data/driams/downloads/DRIAMS-C/id/2018/2018_clean.csv,28083004720_A10,28083004720_A10,550.0,Enterobacter
Klebsiella pneumoniae,28083004720_A9,S,R,R,R,I,R,R,S,R,R,S,R,,,,,,,,,,,S,,,S,R,S,,,,,,,,,,,,,,,,,,,,,,,,,,,,,../data/driams/downloads/DRIAMS-C/id/2018/2018_clean.csv,28083004720_A9,28083004720_A9,573.0,Klebsiella
Staphylococcus aureus,28083006420_H2,S,R,,S,S,,,,,,,S,S,S,S,S,S,R,S,S,,,,,,,,,,,,,,,,,,,,,,,,,,,,,,,,,,,,,../data/driams/downloads/DRIAMS-C/id/2018/2018_clean.csv,28083006420_H2,28083006420_H2,1280.0,Staphylococcus
Staphylococcus aureus,28083006420_H3,S,R,,S,S,,,,,,,S,S,S,S,S,S,R,S,S,,,,,,,,,,,,,,,,,,,,,,,,,,,,,,,,,,,,,../data/driams/downloads/DRIAMS-C/id/2018/2018_clean.csv,28083006420_H3,28083006420_H3,1280.0,Staphylococcus
Escherichia coli,28083006570_B11,S,S,S,S,S,S,S,S,S,S,S,S,,,,,,,,,,,,,,,,,,,,,,,,,,,,,,,,,,,,,,,,,,,,,../data/driams/downloads/DRIAMS-C/id/2018/2018_clean.csv,28083006570_B11,28083006570_B11,562.0,Escherichia
Staphylococcus aureus,28083007510_H5,S,R,,S,S,,,,,,,S,S,S,S,S,S,R,S,S,,,,,,,,,,,,,,,,,,,,,,,,,,,,,,,,,,,,,../data/driams/downloads/DRIAMS-C/id/2018/2018_clean.csv,28083007510_H5,28083007510_H5,1280.0,Staphylococcus
Staphylococcus aureus,28083007510_H6,S,R,,S,S,,,,,,,S,S,S,S,S,S,R,S,S,,,,,,,,,,,,,,,,,,,,,,,,,,,,,,,,,,,,,../data/driams/downloads/DRIAMS-C/id/2018/2018_clean.csv,28083007510_H6,28083007510_H6,1280.0,Staphylococcus
Staphylococcus aureus,28083007510_H7,S,R,,S,S,,,,,,,S,S,S,S,S,S,R,S,S,,,,,,,,,,,,,,,,,,,,,,,,,,,,,,,,,,,,,../data/driams/downloads/DRIAMS-C/id/2018/2018_clean.csv,28083007510_H7,28083007510_H7,1280.0,Staphylococcus
Escherichia coli,28083007660_B12,S,R,S,R,S,R,R,S,S,R,S,R,,,,,,,,,,,S,,,S,S,S,,,,,,,,,,,,,,,,,,,,,,,,,,,,,../data/driams/downloads/DRIAMS-C/id/2018/2018_clean.csv,28083007660_B12,28083007660_B12,562.0,Escherichia
Klebsiella oxytoca,28083007750_A10,S,R,S,S,S,S,S,,,,S,S,,,,,,,,,,,S,,,S,S,S,,,,,,,,,,,,,,,,,,,,,,,,,,,,,../data/driams/downloads/DRIAMS-C/id/2018/2018_clean.csv,28083007750_A10,28083007750_A10,571.0,Klebsiella
Staphylococcus aureus,28083009590_G2,S,R,,S,S,,,,,,,S,S,S,S,S,S,R,S,S,,,,,,,,,,,,,,,,,,,,,,,,,,,,,,,,,,,,,../data/driams/downloads/DRIAMS-C/id/2018/2018_clean.csv,28083009590_G2,28083009590_G2,1280.0,Staphylococcus
Staphylococcus aureus,28083010580_G6,S,R,,S,S,,,,,,,S,R,R,S,S,S,R,S,S,,,,,,,,,,,,,,,,,,,,,,,,,,,,,,,,,,,,,../data/driams/downloads/DRIAMS-C/id/2018/2018_clean.csv,28083010580_G6,28083010580_G6,1280.0,Staphylococcus
Enterococcus avium,28083011100_A8,S,S,,,R,,,,,,,,,R,,,R,,,S,S,S,S,,,,,,,,,,,,,,,,,,,,,,,,,,,,,,,,,,../data/driams/downloads/DRIAMS-C/id/2018/2018_clean.csv,28083011100_A8,28083011100_A8,33945.0,Enterococcus
Proteus mirabilis,28083011100_A9,S,S,S,S,S,S,S,,,,R,S,,,,,,,,,,,S,,,S,S,S,,,,,,,,,,,,,,,,,,,,,,,,,,,,,../data/driams/downloads/DRIAMS-C/id/2018/2018_clean.csv,28083011100_A9,28083011100_A9,584.0,Proteus
