query_index	database_index	distance	query_filename	row_count	database_id	database_scan	db_strain_name	db_culture_collection	db_sample_name	db_genbank_accession	db_taxonomy	db_family	db_genus	db_species	NCBI taxid
0	77	0.187549557258656	01JVTRKTM7QRNKXDWSFT3ADH9F.mzML	77	01KA9R4YM2BEMYHF08H4AZ55FJ	78	128A-46	Murphy lab UIC		MK143366	Erythrobacteraceae;Porphyrobacter;Porphyrobacter sp.	Erythrobacteraceae	Porphyrobacter	Porphyrobacter sp.	1113.0
0	328	0.181352188579748	01JVTRKTM7QRNKXDWSFT3ADH9F.mzML	328	01HHB1JFAD6DY6G2KJ7FXVYMP5	329	MSK.22.61	Duchossois Family Institute		JAAIOW000000000	Lachnospiraceae;Blautia;Blautia wexlerae	Lachnospiraceae	Blautia	Blautia wexlerae	418240.0
0	331	0.1851333774786097	01JVTRKTM7QRNKXDWSFT3ADH9F.mzML	331	01HHB1JBTZ4T7MTPGWXZR2ZFGM	332	MSK.15.33	Duchossois Family Institute		JAJBPV000000000	Lachnospiraceae;Blautia;Blautia wexlerae	Lachnospiraceae	Blautia	Blautia wexlerae	418240.0
0	337	0.1807296819782693	01JVTRKTM7QRNKXDWSFT3ADH9F.mzML	337	01HHB1J9FR4E3H1GF2AA2R0M7Z	338	MSK.14.18	Duchossois Family Institute		JAAIPP000000000	Lachnospiraceae;Blautia;Blautia wexlerae	Lachnospiraceae	Blautia	Blautia wexlerae	418240.0
0	1388	5.773159728050814e-15	01JVTRKTM7QRNKXDWSFT3ADH9F.mzML	1388	01JVTRKTM7QRNKXDWSFT3ADH9F	1389	LYG008	Murphy Lab UIC		PQ106869.1	Propionibacteriaceae;Microlunatus;Microlunatus sp.	Propionibacteriaceae	Microlunatus	Microlunatus sp.	39595.0
0	64	0.0911171847707424	01KA9R7XZV024CS7CNYVBDDZCV.mzML	64	01KA9R5135AXBXG68M163YJ1D9	65	129A-35	Murphy Lab UIC		MK168037	Micromonosporaceae;Micromonospora;Micromonospora sp.	Micromonosporaceae	Micromonospora	Micromonospora sp.	1876.0
0	70	0.182190269884381	01KA9R7XZV024CS7CNYVBDDZCV.mzML	70	01KA9R7TN3ZPW4SGN9DBW79RR5	71	K779	Murphy Lab UIC			Micromonospora sp. (User Submitted 16S)				
0	95	0.1415222189318752	01KA9R7XZV024CS7CNYVBDDZCV.mzML	95	01KA9R7HAP8T2859SKA9XJF8XF	96	K699	Murphy Lab UIC			Micromonospora sp. (User Submitted 16S)				
0	113	0.1804166635691745	01KA9R7XZV024CS7CNYVBDDZCV.mzML	113	01KA9R7ABQNYC3ZX35DV6H299V	114	K622	Murphy Lab UIC			Micromonospora sp. (User Submitted 16S)				
0	137	0.1102611431546982	01KA9R7XZV024CS7CNYVBDDZCV.mzML	137	01KA9R502EM598QFY0NAMWQ4BH	138	129A-2	Murphy Lab UIC		MK168033	Micromonosporaceae;Micromonospora;Micromonospora sp.	Micromonosporaceae	Micromonospora	Micromonospora sp.	1876.0
0	151	0.1543102459405148	01KA9R7XZV024CS7CNYVBDDZCV.mzML	151	01KA9R7W1N77QNBT9ACTE879WS	152	K787	Murphy Lab UIC			Micromonospora sp. (User Submitted 16S)				
0	169	0.1653300227546433	01KA9R7XZV024CS7CNYVBDDZCV.mzML	169	01KA9R61DZ14QDHWGF5AYV69CT	170	138D-1	Murphy Lab UIC		MK143204	Micromonosporaceae;Micromonospora;Micromonospora sp.	Micromonosporaceae	Micromonospora	Micromonospora sp.	1876.0
0	187	8.548717289613705e-15	01KA9R7XZV024CS7CNYVBDDZCV.mzML	187	01KA9R7XZV024CS7CNYVBDDZCV	188	K806	Murphy Lab UIC			Micromonospora sp. (User Submitted 16S)				
0	2705	0.1520237875239073	01KA9R7XZV024CS7CNYVBDDZCV.mzML	2705	01KABVD7EDZHRJHR0K1NTXK7ZH	2706	A040	Murphy Lab UIC			Micromonospora sp. (User Submitted 16S)				
0	2707	0.1265809129361855	01KA9R7XZV024CS7CNYVBDDZCV.mzML	2707	01KABVEM6E13AXGMH5NS3GEVFW	2708	B013	Murphy Lab UIC			Micromonospora tulbaghiae (User Submitted 16S)				
0	2713	0.0854876341301583	01KA9R7XZV024CS7CNYVBDDZCV.mzML	2713	01KABVFVY7F65NR3CH41M8RZCG	2714	B026	Murphy Lab UIC		KP009553	Micromonosporaceae;Micromonospora;Micromonospora sp. B026	Micromonosporaceae	Micromonospora	Micromonospora sp. B026	1611404.0
0	2718	0.1479392462595523	01KA9R7XZV024CS7CNYVBDDZCV.mzML	2718	01KABVHQM4Z8DQH3VK01W7KJK4	2719	D053	Murphy Lab UIC			Micromonospora sp. (User Submitted 16S)				
0	2724	0.1840731438494596	01KA9R7XZV024CS7CNYVBDDZCV.mzML	2724	01KABVESM7KWN3EQNV18Z6SQQS	2725	B016	Murphy Lab UIC			Micromonospora sp. (User Submitted 16S)				
0	2731	0.0885313296702586	01KA9R7XZV024CS7CNYVBDDZCV.mzML	2731	01KABVHZ2N5BMEDR5SWJC9NPKY	2732	D054	Murphy Lab UIC			Micromonospora sp. (User Submitted 16S)				
0	2732	0.1257263157846456	01KA9R7XZV024CS7CNYVBDDZCV.mzML	2732	01KABVDV9YX1DD0E5NB194KTP9	2733	B006	Murphy Lab UIC			Micromonospora sp. (User Submitted 16S)				
0	2739	0.1689634641786154	01KA9R7XZV024CS7CNYVBDDZCV.mzML	2739	01KABVG79A32Y6M4JVM4ZYZKAF	2740	B032	Murphy Lab UIC			Micromonospora sp. (User Submitted 16S)				
0	2742	0.1839627059857955	01KA9R7XZV024CS7CNYVBDDZCV.mzML	2742	01KABVFFZ7EDYKQM4J5YDVYVC2	2743	B022	Murphy Lab UIC		KY858245	Micromonosporaceae;Micromonospora;Micromonospora chokoriensis	Micromonosporaceae	Micromonospora	Micromonospora chokoriensis	356851.0
0	3260	0.1894543177812405	01KA9R7XZV024CS7CNYVBDDZCV.mzML	3260	01KAEM76058VT8WH0BHPJJ91TP	3261	WMMD937	Bugni Lab UW-Madison		GCA_029581175.1	Micromonosporaceae;Solwaraspora;Solwaraspora sp. WMMD937	Micromonosporaceae	Solwaraspora	Solwaraspora sp. WMMD937	3016090.0
0	3264	0.0861913477817233	01KA9R7XZV024CS7CNYVBDDZCV.mzML	3264	01KAEM3SQBAZ7X3W5WJJH4KSP6	3265	WMMA1899	Bugni Lab UW-Madison		KY015095	Micromonosporaceae;Micromonospora;Micromonospora sp.	Micromonosporaceae	Micromonospora	Micromonospora sp.	1876.0
0	3265	0.172996290101233	01KA9R7XZV024CS7CNYVBDDZCV.mzML	3265	01KAEM7A4C05CKZRRK7NAEEC6M	3266	WMMD964	Bugni Lab UW-Madison		GCA_029581455.1	Micromonosporaceae;Micromonospora;Micromonospora sp. WMMD964	Micromonosporaceae	Micromonospora	Micromonospora sp. WMMD964	3016091.0
0	3266	0.1502442865110438	01KA9R7XZV024CS7CNYVBDDZCV.mzML	3266	01KAEM6GQSSFDSSSWF8M1NBR4B	3267	WMMC250	Bugni Lab UW-Madison		GCA_027460215.1	Micromonosporaceae;Micromonospora;Micromonospora sp. WMMC250	Micromonosporaceae	Micromonospora	Micromonospora sp. WMMC250	3014781.0
0	3267	0.1458081231659654	01KA9R7XZV024CS7CNYVBDDZCV.mzML	3267	01KAEM47QA3Y8X528R3ZP2FQ93	3268	WMMA1912	Bugni Lab UW-Madison		KY015104	Micromonosporaceae;Micromonospora;Micromonospora sp.	Micromonosporaceae	Micromonospora	Micromonospora sp.	1876.0
0	3268	0.1103578935763144	01KA9R7XZV024CS7CNYVBDDZCV.mzML	3268	01KAEM4RZWT59RYBJ73N3S4YC4	3269	WMMA1957	Bugni Lab UW-Madison		KY015125	Micromonosporaceae;Micromonospora;Micromonospora sp.	Micromonosporaceae	Micromonospora	Micromonospora sp.	1876.0
0	3272	0.1859982357392475	01KA9R7XZV024CS7CNYVBDDZCV.mzML	3272	01KAEM7DACZ1W1DK65CWYDM3JJ	3273	WMMD998	Bugni Lab UW-Madison		GCA_029581235.1	Micromonosporaceae;Micromonospora;Micromonospora sp. WMMD998	Micromonosporaceae	Micromonospora	Micromonospora sp. WMMD998	3016092.0
0	3280	0.1091810959644996	01KA9R7XZV024CS7CNYVBDDZCV.mzML	3280	01KAEM6KBK5Y14ZAKXC2DTAAFE	3281	WMMC273	Bugni Lab UW-Madison		GCA_027460285.1	Micromonosporaceae;Micromonospora;Micromonospora sp. WMMC273	Micromonosporaceae	Micromonospora	Micromonospora sp. WMMC273	3015157.0
0	3282	0.1194363773668076	01KA9R7XZV024CS7CNYVBDDZCV.mzML	3282	01KAEM5T6BQE9HNWMP8SHK8KYM	3283	WMMA2010	Bugni Lab UW-Madison		KY015160	Micromonosporaceae;Micromonospora;Micromonospora sp.	Micromonosporaceae	Micromonospora	Micromonospora sp.	1876.0
0	3283	0.1042257843630348	01KA9R7XZV024CS7CNYVBDDZCV.mzML	3283	01KAEM3FDP54J4SWP2ABA5W8T2	3284	WMMA1891	Bugni Lab UW-Madison		KY015087	Micromonosporaceae;Micromonospora;Micromonospora sp.	Micromonosporaceae	Micromonospora	Micromonospora sp.	1876.0
0	3285	0.1008930527206579	01KA9R7XZV024CS7CNYVBDDZCV.mzML	3285	01KAEM3P2DNFWBMCQCVR1ERR3R	3286	WMMA1896	Bugni Lab UW-Madison		KY015092	Micromonosporaceae;Micromonospora;Micromonospora sp.	Micromonosporaceae	Micromonospora	Micromonospora sp.	1876.0
0	3286	0.0885623106468527	01KA9R7XZV024CS7CNYVBDDZCV.mzML	3286	01KAEM4QBT90QGWRQW6NFRRB4P	3287	WMMA1953	Bugni Lab UW-Madison		KY015122	Micromonosporaceae;Micromonospora;Micromonospora sp.	Micromonosporaceae	Micromonospora	Micromonospora sp.	1876.0
0	3287	0.1041076521055471	01KA9R7XZV024CS7CNYVBDDZCV.mzML	3287	01KAEM534PSTRZA2N2A3QBBXFG	3288	WMMA1970	Bugni Lab UW-Madison		KY015134	Micromonosporaceae;Micromonospora;Micromonospora sp.	Micromonosporaceae	Micromonospora	Micromonospora sp.	1876.0
0	3288	0.1084476716629966	01KA9R7XZV024CS7CNYVBDDZCV.mzML	3288	01KAEM59ZNGTA92TD0M6KT33VZ	3289	WMMA1976	Bugni Lab UW-Madison		GCA_027497335.1	Micromonosporaceae;Micromonospora;Micromonospora sp. WMMA1976	Micromonosporaceae	Micromonospora	Micromonospora sp. WMMA1976	3014995.0
0	3294	0.1189663379176608	01KA9R7XZV024CS7CNYVBDDZCV.mzML	3294	01KAEM4C39Q7TJA83NNGAHPZC5	3295	WMMA1922	Bugni Lab UW-Madison		KY015109	Micromonosporaceae;Micromonospora;Micromonospora sp.	Micromonosporaceae	Micromonospora	Micromonospora sp.	1876.0
0	3295	0.1826558655226344	01KA9R7XZV024CS7CNYVBDDZCV.mzML	3295	01KAEM5BWQ2AJE02GTW8QEQRNN	3296	WMMA1979	Bugni Lab UW-Madison		KY015142	Micromonosporaceae;Micromonospora;Micromonospora sp.	Micromonosporaceae	Micromonospora	Micromonospora sp.	1876.0
0	3297	0.1607174373207228	01KA9R7XZV024CS7CNYVBDDZCV.mzML	3297	01KAEM3WD006ZECTX2XF08AQX4	3298	WMMA1901	Bugni Lab UW-Madison		KY015097	Micromonosporaceae;Micromonospora;Micromonospora sp.	Micromonosporaceae	Micromonospora	Micromonospora sp.	1876.0
0	3300	0.1707675582342891	01KA9R7XZV024CS7CNYVBDDZCV.mzML	3300	01KAEM4G4PJG4A8B33NFAZYAXJ	3301	WMMA1946	Bugni Lab UW-Madison		KY015116	Micromonosporaceae;Micromonospora;Micromonospora sp.	Micromonosporaceae	Micromonospora	Micromonospora sp.	1876.0
0	3308	0.152079791160722	01KA9R7XZV024CS7CNYVBDDZCV.mzML	3308	01KAEM593HP01GV0WN7D01VJAA	3309	WMMA1975	Bugni Lab UW-Madison		KY015138	Micromonosporaceae;Micromonospora;Micromonospora sp.	Micromonosporaceae	Micromonospora	Micromonospora sp.	1876.0
0	3309	0.1453534925767369	01KA9R7XZV024CS7CNYVBDDZCV.mzML	3309	01KAEM3R6ZGJM6H9VFPE3NG99N	3310	WMMA1898	Bugni Lab UW-Madison		KY015094	Micromonosporaceae;Micromonospora;Micromonospora sp.	Micromonosporaceae	Micromonospora	Micromonospora sp.	1876.0
0	3312	0.1315083163651411	01KA9R7XZV024CS7CNYVBDDZCV.mzML	3312	01KAEM5WFA9RC0C5P7RBFY1W65	3313	WMMA2012	Bugni Lab UW-Madison		KY015162	Micromonosporaceae;Micromonospora;Micromonospora sp.	Micromonosporaceae	Micromonospora	Micromonospora sp.	1876.0
0	3314	0.1651961870277584	01KA9R7XZV024CS7CNYVBDDZCV.mzML	3314	01KAEM6E7CEG461QBGHW370682	3315	WMMA2121	Bugni Lab UW-Madison		GCA_027460185.1	Micromonosporaceae;Micromonospora;Verrucosispora sp. WMMA2121	Micromonosporaceae	Micromonospora	Verrucosispora sp. WMMA2121	3015164.0
0	3316	0.1693684491715249	01KA9R7XZV024CS7CNYVBDDZCV.mzML	3316	01KAEM6N1T0RXX1RNFA2QGHB0M	3317	WMMD1076	Bugni Lab UW-Madison		GCA_029581475.1	Micromonosporaceae;Micromonospora;Micromonospora sp. WMMD1076	Micromonosporaceae	Micromonospora	Micromonospora sp. WMMD1076	3016103.0
0	3320	0.1846955854461569	01KA9R7XZV024CS7CNYVBDDZCV.mzML	3320	01KAEM4Y4Y9D5TMCEYK5X2V9W5	3321	WMMA1962	Bugni Lab UW-Madison		KY015129	Micromonosporaceae;Micromonospora;Micromonospora sp.	Micromonosporaceae	Micromonospora	Micromonospora sp.	1876.0
0	3325	0.1615539242064858	01KA9R7XZV024CS7CNYVBDDZCV.mzML	3325	01KAEM5QH9B0D9FQRAT45HG21X	3326	WMMA2003	Bugni Lab UW-Madison		KY015153	Micromonosporaceae;Micromonospora;Micromonospora sp.	Micromonosporaceae	Micromonospora	Micromonospora sp.	1876.0
0	3326	0.13347415031489	01KA9R7XZV024CS7CNYVBDDZCV.mzML	3326	01KAEM4EH07MZM8TEJ5V1C4AJH	3327	WMMA1933	Bugni Lab UW-Madison		KY015114	Micromonosporaceae;Micromonospora;Micromonospora sp.	Micromonosporaceae	Micromonospora	Micromonospora sp.	1876.0
0	3330	0.119796538100014	01KA9R7XZV024CS7CNYVBDDZCV.mzML	3330	01KAEM7AXV70C2W19YKCPCVVBQ	3331	WMMD967	Bugni Lab UW-Madison		GCA_029626165.1	Micromonosporaceae;Micromonospora;Micromonospora sp. WMMD967	Micromonosporaceae	Micromonospora	Micromonospora sp. WMMD967	3016101.0
0	3340	0.120218178619279	01KA9R7XZV024CS7CNYVBDDZCV.mzML	3340	01KAEM6FA28CMM1HHVK3QWWPM2	3341	WMMB482	Bugni Lab UW-Madison		GCA_019038635.1	Micromonosporaceae;Micromonospora;Micromonospora sp. WMMB482	Micromonosporaceae	Micromonospora	Micromonospora sp. WMMB482	2849653.0
0	3345	0.1698718813135269	01KA9R7XZV024CS7CNYVBDDZCV.mzML	3345	01KAEM4DDCEZ14WXD51KEEPW53	3346	WMMA1925	Bugni Lab UW-Madison		KY015111	Micromonosporaceae;Micromonospora;Micromonospora sp.	Micromonosporaceae	Micromonospora	Micromonospora sp.	1876.0
0	3346	0.0965759115265505	01KA9R7XZV024CS7CNYVBDDZCV.mzML	3346	01KAEM3BS403H999QG5SZN44QM	3347	WMMA1888	Bugni Lab UW-Madison		KY015084	Micromonosporaceae;Micromonospora;Micromonospora sp.	Micromonosporaceae	Micromonospora	Micromonospora sp.	1876.0
0	3348	0.1386332503535114	01KA9R7XZV024CS7CNYVBDDZCV.mzML	3348	01KAEM3PX2HY9JKWDJ0JE0R0YJ	3349	WMMA1897	Bugni Lab UW-Madison		KY015093	Micromonosporaceae;Micromonospora;Micromonospora sp.	Micromonosporaceae	Micromonospora	Micromonospora sp.	1876.0
0	3349	0.1725598660846676	01KA9R7XZV024CS7CNYVBDDZCV.mzML	3349	01KAEM4K67NYXNFSDWPTTDK5JH	3350	WMMA1949	Bugni Lab UW-Madison		GCA_027460145.1	Micromonosporaceae;Micromonospora;Micromonospora sp. WMMA1949	Micromonosporaceae	Micromonospora	Micromonospora sp. WMMA1949	3015162.0
0	3353	0.1810213515461449	01KA9R7XZV024CS7CNYVBDDZCV.mzML	3353	01KAEM2KQFBTYMYG9JXTQTJCH1	3354	WMMA1829	Bugni Lab UW-Madison		KY015185	Micromonosporaceae;Micromonospora;Verrucosispora sp.	Micromonosporaceae	Micromonospora	Verrucosispora sp.	1871626.0
0	3355	0.1616344505577178	01KA9R7XZV024CS7CNYVBDDZCV.mzML	3355	01KAEM7BE02VW9WFHDZ6PVYCAZ	3356	WMMD980	Bugni Lab UW-Madison		GCA_029626035.1	Micromonosporaceae;Micromonospora;Micromonospora sp. WMMD980	Micromonosporaceae	Micromonospora	Micromonospora sp. WMMD980	3016088.0
0	3356	0.0966855076522253	01KA9R7XZV024CS7CNYVBDDZCV.mzML	3356	01KAEM408ZA2PQ0BK2539EZR6P	3357	WMMA1906	Bugni Lab UW-Madison		KY015100	Micromonosporaceae;Micromonospora;Micromonospora sp.	Micromonosporaceae	Micromonospora	Micromonospora sp.	1876.0
0	3358	0.1672695452677047	01KA9R7XZV024CS7CNYVBDDZCV.mzML	3358	01KAEM4H40HZXRMJF18AY3H26J	3359	WMMA1947	Bugni Lab UW-Madison		GCA_027497355.1	Micromonosporaceae;Micromonospora;Micromonospora sp. WMMA1947	Micromonosporaceae	Micromonospora	Micromonospora sp. WMMA1947	3015163.0
0	3360	0.1826174741407248	01KA9R7XZV024CS7CNYVBDDZCV.mzML	3360	01KAEM3XJA57D9PNJXD4BX4JG8	3361	WMMA1902	Bugni Lab UW-Madison		KY015098	Micromonosporaceae;Micromonospora;Micromonospora sp.	Micromonosporaceae	Micromonospora	Micromonospora sp.	1876.0
0	3361	0.1784472608855801	01KA9R7XZV024CS7CNYVBDDZCV.mzML	3361	01KAEM4MZ0STYBJZRVJCMRHRHM	3362	WMMA1950	Bugni Lab UW-Madison		KY015120	Micromonosporaceae;Micromonospora;Micromonospora sp.	Micromonosporaceae	Micromonospora	Micromonospora sp.	1876.0
0	3362	0.109805586021365	01KA9R7XZV024CS7CNYVBDDZCV.mzML	3362	01KAEM3D3SH04RPDFYPDC7XBV9	3363	WMMA1889	Bugni Lab UW-Madison		KY015085	Micromonosporaceae;Micromonospora;Micromonospora sp.	Micromonosporaceae	Micromonospora	Micromonospora sp.	1876.0
0	3364	0.1853138479232646	01KA9R7XZV024CS7CNYVBDDZCV.mzML	3364	01KAEM494KD1PZ6DBHH3QVBZ7H	3365	WMMA1914	Bugni Lab UW-Madison		KY015106	Micromonosporaceae;Micromonospora;Micromonospora sp.	Micromonosporaceae	Micromonospora	Micromonospora sp.	1876.0
0	3366	0.089227375298318	01KA9R7XZV024CS7CNYVBDDZCV.mzML	3366	01KAEM6J49DY9JAC8443R0WT0T	3367	WMMC264	Bugni Lab UW-Madison		GCA_027497275.1	Micromonosporaceae;Micromonospora;Micromonospora sp. WMMC264	Micromonosporaceae	Micromonospora	Micromonospora sp. WMMC264	3015158.0
0	3367	0.1761832833438083	01KA9R7XZV024CS7CNYVBDDZCV.mzML	3367	01KAEM74TARTBB8B6KQP3RS4JC	3368	WMMD812	Bugni Lab UW-Madison		GCA_027497215.1	Micromonosporaceae;Micromonospora;Micromonospora sp. WMMD812	Micromonosporaceae	Micromonospora	Micromonospora sp. WMMD812	3015152.0
0	3368	0.0894016290900451	01KA9R7XZV024CS7CNYVBDDZCV.mzML	3368	01KAEM3YN0X4TRWCETMSC3Y6NH	3369	WMMA1903	Bugni Lab UW-Madison		KY015099	Micromonosporaceae;Micromonospora;Micromonospora sp.	Micromonosporaceae	Micromonospora	Micromonospora sp.	1876.0
0	3371	0.148535244765032	01KA9R7XZV024CS7CNYVBDDZCV.mzML	3371	01KAEM6EV4W4G9YBP9M2ZZEDVY	3372	WMMB235	Bugni Lab UW-Madison		GCA_001855515.1	Micromonosporaceae;Micromonospora;Micromonospora sp. WMMB235	Micromonosporaceae	Micromonospora	Micromonospora sp. WMMB235	1172030.0
0	3372	0.1056935814970112	01KA9R7XZV024CS7CNYVBDDZCV.mzML	3372	01KAEM5BD7XFT4R419PNECS3A4	3373	WMMA1978	Bugni Lab UW-Madison		KY015141	Micromonosporaceae;Micromonospora;Micromonospora sp.	Micromonosporaceae	Micromonospora	Micromonospora sp.	1876.0
0	3373	0.1797017679579504	01KA9R7XZV024CS7CNYVBDDZCV.mzML	3373	01KAEM68FPPFN853KA86RC9WVZ	3374	WMMA2053	Bugni Lab UW-Madison		KY015212	Micromonosporaceae;Micromonospora;Verrucosispora sp.	Micromonosporaceae	Micromonospora	Verrucosispora sp.	1871626.0
0	3375	0.0969409077280923	01KA9R7XZV024CS7CNYVBDDZCV.mzML	3375	01KAEM5N4P95CJEBQZSQQMJ3PS	3376	WMMA2000	Bugni Lab UW-Madison		KY015151	Micromonosporaceae;Micromonospora;Micromonospora sp.	Micromonosporaceae	Micromonospora	Micromonospora sp.	1876.0
0	3377	0.1734135956418097	01KA9R7XZV024CS7CNYVBDDZCV.mzML	3377	01KAEM6XZMV61J15FAGBZM62DH	3378	WMMD710	Bugni Lab UW-Madison		GCA_029626045.1	Micromonosporaceae;Micromonospora;Micromonospora sp. WMMD710	Micromonosporaceae	Micromonospora	Micromonospora sp. WMMD710	3016085.0
0	3378	0.0981161766608453	01KA9R7XZV024CS7CNYVBDDZCV.mzML	3378	01KAEM5HTGWKNPX6JFTCCHRT4J	3379	WMMA1994	Bugni Lab UW-Madison		KY015147	Micromonosporaceae;Micromonospora;Micromonospora sp.	Micromonosporaceae	Micromonospora	Micromonospora sp.	1876.0
0	3379	0.1504896132785203	01KA9R7XZV024CS7CNYVBDDZCV.mzML	3379	01KAEM6YZXW3VV2TH60Q3QN26W	3380	WMMD712	Bugni Lab UW-Madison		GCA_029581295.1	Micromonosporaceae;Micromonospora;Micromonospora sp. WMMD712	Micromonosporaceae	Micromonospora	Micromonospora sp. WMMD712	3016096.0
0	3380	0.1239953158255174	01KA9R7XZV024CS7CNYVBDDZCV.mzML	3380	01KAEM4JNM5NDJXN1M7CNDYZZW	3381	WMMA1948	Bugni Lab UW-Madison		KY015118	Micromonosporaceae;Micromonospora;Micromonospora sp.	Micromonosporaceae	Micromonospora	Micromonospora sp.	1876.0
0	3381	0.0987461366368704	01KA9R7XZV024CS7CNYVBDDZCV.mzML	3381	01KAEM5AP3JE5EGDXG193QYSEN	3382	WMMA1977	Bugni Lab UW-Madison		KY015140	Micromonosporaceae;Micromonospora;Micromonospora sp.	Micromonosporaceae	Micromonospora	Micromonospora sp.	1876.0
0	3382	0.1766608191606395	01KA9R7XZV024CS7CNYVBDDZCV.mzML	3382	01KAEM6T7XXX37SRR7WN3ZJMN5	3383	WMMD1129	Bugni Lab UW-Madison		GCA_029581255.1	Micromonosporaceae;Micromonospora;Verrucosispora sp. WMMD1129	Micromonosporaceae	Micromonospora	Verrucosispora sp. WMMD1129	3016093.0
0	3383	0.0885677900059063	01KA9R7XZV024CS7CNYVBDDZCV.mzML	3383	01KAEM3TSH7CBH380QZRNC80F8	3384	WMMA1900	Bugni Lab UW-Madison		KY015096	Micromonosporaceae;Micromonospora;Micromonospora sp.	Micromonosporaceae	Micromonospora	Micromonospora sp.	1876.0
0	3384	0.1376554041956951	01KA9R7XZV024CS7CNYVBDDZCV.mzML	3384	01KAEM6V822MRQ2FRP5EGFRQT5	3385	WMMD1155	Bugni Lab UW-Madison		GCA_029581275.1	Micromonosporaceae;Micromonospora;Micromonospora sp. WMMD1155	Micromonosporaceae	Micromonospora	Micromonospora sp. WMMD1155	3016094.0
0	3385	0.1745770116612426	01KA9R7XZV024CS7CNYVBDDZCV.mzML	3385	01KAEM6FTZVGQW5CF8TD5P0BED	3386	WMMC241	Bugni Lab UW-Madison		GCA_027460165.1	Micromonosporaceae;Micromonospora;Micromonospora sp. WMMC241	Micromonosporaceae	Micromonospora	Micromonospora sp. WMMC241	3015159.0
0	3387	0.1304808003857717	01KA9R7XZV024CS7CNYVBDDZCV.mzML	3387	01KAEM5YZMDJ3MRYGR1XAYSX97	3388	WMMA2014	Bugni Lab UW-Madison		KY015164	Micromonosporaceae;Micromonospora;Micromonospora sp.	Micromonosporaceae	Micromonospora	Micromonospora sp.	1876.0
0	3390	0.1290286591041042	01KA9R7XZV024CS7CNYVBDDZCV.mzML	3390	01KAEM6QCNAXK1RSDKWTE571P9	3391	WMMD1120	Bugni Lab UW-Madison		GCA_029626235.1	Micromonosporaceae;Micromonospora;Micromonospora sp. WMMD1120	Micromonosporaceae	Micromonospora	Micromonospora sp. WMMD1120	3016106.0
0	3391	0.154097838441925	01KA9R7XZV024CS7CNYVBDDZCV.mzML	3391	01KAEM472SBYDQV56GT196J2V7	3392	WMMA1910	Bugni Lab UW-Madison		KY015103	Micromonosporaceae;Micromonospora;Micromonospora sp.	Micromonosporaceae	Micromonospora	Micromonospora sp.	1876.0
0	3398	0.1827354830734242	01KA9R7XZV024CS7CNYVBDDZCV.mzML	3398	01KAEM2MXZQS0NZ3MKQK6ZZH25	3399	WMMA1830	Bugni Lab UW-Madison		KY015186	Micromonosporaceae;Micromonospora;Verrucosispora sp.	Micromonosporaceae	Micromonospora	Verrucosispora sp.	1871626.0
0	96	7.160938508832261e-15	01KA9R6A4PJ1017JDTGNQ06RSQ.mzML	96	01KA9R6A4PJ1017JDTGNQ06RSQ	97	138K-12	Murphy Lab UIC		MK163437	Kytococcaceae;Kytococcus;Kytococcus sp.	Kytococcaceae	Kytococcus	Kytococcus sp.	1871620.0
0	106	0.1334059210916202	01KA9R6A4PJ1017JDTGNQ06RSQ.mzML	106	01KA9R5D7KM81638Y4BKAX5SDK	107	133A-3	Murphy lab UIC		MK143119	Kytococcaceae;Kytococcus;Kytococcus sp.	Kytococcaceae	Kytococcus	Kytococcus sp.	1871620.0
0	179	0.1621073595956133	01KA9R6A4PJ1017JDTGNQ06RSQ.mzML	179	01KA9R5B6H1X8WSG8H2NCCAHJR	180	131A-6	Murphy lab UIC		MK168041	Kytococcaceae;Kytococcus;Kytococcus sp.	Kytococcaceae	Kytococcus	Kytococcus sp.	1871620.0
0	154	0.1226864432594562	01KABVCR0ZA7R4B4MKVY1Q45YF.mzML	154	01KA9R5NBBZ6XWSWBRZM7AEBBV	155	135A-8	Murphy Lab UIC		MK143180	Pseudonocardiaceae;Saccharomonospora;Saccharomonospora sp.	Pseudonocardiaceae	Saccharomonospora	Saccharomonospora sp.	33913.0
0	2734	3.608224830031759e-15	01KABVCR0ZA7R4B4MKVY1Q45YF.mzML	2734	01KABVCR0ZA7R4B4MKVY1Q45YF	2735	A026	Murphy Lab UIC			Saccharomonospora azurea (User Submitted 16S)				
0	64	0.1509728584053681	01KABVHZ2N5BMEDR5SWJC9NPKY.mzML	64	01KA9R5135AXBXG68M163YJ1D9	65	129A-35	Murphy Lab UIC		MK168037	Micromonosporaceae;Micromonospora;Micromonospora sp.	Micromonosporaceae	Micromonospora	Micromonospora sp.	1876.0
0	70	0.1698365175701239	01KABVHZ2N5BMEDR5SWJC9NPKY.mzML	70	01KA9R7TN3ZPW4SGN9DBW79RR5	71	K779	Murphy Lab UIC			Micromonospora sp. (User Submitted 16S)				
0	95	0.1598831027120849	01KABVHZ2N5BMEDR5SWJC9NPKY.mzML	95	01KA9R7HAP8T2859SKA9XJF8XF	96	K699	Murphy Lab UIC			Micromonospora sp. (User Submitted 16S)				
0	113	0.1747764618562194	01KABVHZ2N5BMEDR5SWJC9NPKY.mzML	113	01KA9R7ABQNYC3ZX35DV6H299V	114	K622	Murphy Lab UIC			Micromonospora sp. (User Submitted 16S)				
0	137	0.1360076819899701	01KABVHZ2N5BMEDR5SWJC9NPKY.mzML	137	01KA9R502EM598QFY0NAMWQ4BH	138	129A-2	Murphy Lab UIC		MK168033	Micromonosporaceae;Micromonospora;Micromonospora sp.	Micromonosporaceae	Micromonospora	Micromonospora sp.	1876.0
0	169	0.18997576254286	01KABVHZ2N5BMEDR5SWJC9NPKY.mzML	169	01KA9R61DZ14QDHWGF5AYV69CT	170	138D-1	Murphy Lab UIC		MK143204	Micromonosporaceae;Micromonospora;Micromonospora sp.	Micromonosporaceae	Micromonospora	Micromonospora sp.	1876.0
0	187	0.0885313308110508	01KABVHZ2N5BMEDR5SWJC9NPKY.mzML	187	01KA9R7XZV024CS7CNYVBDDZCV	188	K806	Murphy Lab UIC			Micromonospora sp. (User Submitted 16S)				
0	1543	0.173945107095697	01KABVHZ2N5BMEDR5SWJC9NPKY.mzML	1543	01KGRMJMKQ4AHF2368Y3WEP7C7	1544	Providencia_None_None_DSM_4542(T)		Providencia_rettgeri_DSM_4542(T)_01_003\0_E21\1 | Providencia_rettgeri_DSM_4542(T)_01_004\0_E22\1 | Providencia_rettgeri_DSM_4542(T)_01_001\0_C21\1 | Providencia_rettgeri_DSM_4542(T)_01_002\0_C22\1		Morganellaceae;Providencia;Providencia rettgeri	Morganellaceae	Providencia	Providencia rettgeri	587.0
0	2704	0.1292336094242882	01KABVHZ2N5BMEDR5SWJC9NPKY.mzML	2704	01KABVJR659AEXDY4MCCN7PW67	2705	D081	Murphy Lab UIC			Micromonospora tulbaghiae (User Submitted 16S)				
0	2705	0.0962000130696094	01KABVHZ2N5BMEDR5SWJC9NPKY.mzML	2705	01KABVD7EDZHRJHR0K1NTXK7ZH	2706	A040	Murphy Lab UIC			Micromonospora sp. (User Submitted 16S)				
0	2713	0.1498511508263024	01KABVHZ2N5BMEDR5SWJC9NPKY.mzML	2713	01KABVFVY7F65NR3CH41M8RZCG	2714	B026	Murphy Lab UIC		KP009553	Micromonosporaceae;Micromonospora;Micromonospora sp. B026	Micromonosporaceae	Micromonospora	Micromonospora sp. B026	1611404.0
0	2718	0.165851886768234	01KABVHZ2N5BMEDR5SWJC9NPKY.mzML	2718	01KABVHQM4Z8DQH3VK01W7KJK4	2719	D053	Murphy Lab UIC			Micromonospora sp. (User Submitted 16S)				
0	2724	0.1712681832630299	01KABVHZ2N5BMEDR5SWJC9NPKY.mzML	2724	01KABVESM7KWN3EQNV18Z6SQQS	2725	B016	Murphy Lab UIC			Micromonospora sp. (User Submitted 16S)				
0	2731	3.497202527569243e-15	01KABVHZ2N5BMEDR5SWJC9NPKY.mzML	2731	01KABVHZ2N5BMEDR5SWJC9NPKY	2732	D054	Murphy Lab UIC			Micromonospora sp. (User Submitted 16S)				
0	2741	0.1834531323690162	01KABVHZ2N5BMEDR5SWJC9NPKY.mzML	2741	01KABVHK5KH3DG3M2BHGF8GKG9	2742	D052	Murphy Lab UIC			Micromonospora sp. (User Submitted 16S)				
0	3264	0.1819303136381619	01KABVHZ2N5BMEDR5SWJC9NPKY.mzML	3264	01KAEM3SQBAZ7X3W5WJJH4KSP6	3265	WMMA1899	Bugni Lab UW-Madison		KY015095	Micromonosporaceae;Micromonospora;Micromonospora sp.	Micromonosporaceae	Micromonospora	Micromonospora sp.	1876.0
0	3268	0.1716546802562947	01KABVHZ2N5BMEDR5SWJC9NPKY.mzML	3268	01KAEM4RZWT59RYBJ73N3S4YC4	3269	WMMA1957	Bugni Lab UW-Madison		KY015125	Micromonosporaceae;Micromonospora;Micromonospora sp.	Micromonosporaceae	Micromonospora	Micromonospora sp.	1876.0
0	3280	0.1890665498962445	01KABVHZ2N5BMEDR5SWJC9NPKY.mzML	3280	01KAEM6KBK5Y14ZAKXC2DTAAFE	3281	WMMC273	Bugni Lab UW-Madison		GCA_027460285.1	Micromonosporaceae;Micromonospora;Micromonospora sp. WMMC273	Micromonosporaceae	Micromonospora	Micromonospora sp. WMMC273	3015157.0
0	3286	0.1738109063800811	01KABVHZ2N5BMEDR5SWJC9NPKY.mzML	3286	01KAEM4QBT90QGWRQW6NFRRB4P	3287	WMMA1953	Bugni Lab UW-Madison		KY015122	Micromonosporaceae;Micromonospora;Micromonospora sp.	Micromonosporaceae	Micromonospora	Micromonospora sp.	1876.0
0	3288	0.1590091854796232	01KABVHZ2N5BMEDR5SWJC9NPKY.mzML	3288	01KAEM59ZNGTA92TD0M6KT33VZ	3289	WMMA1976	Bugni Lab UW-Madison		GCA_027497335.1	Micromonosporaceae;Micromonospora;Micromonospora sp. WMMA1976	Micromonosporaceae	Micromonospora	Micromonospora sp. WMMA1976	3014995.0
0	3316	0.1867004493819802	01KABVHZ2N5BMEDR5SWJC9NPKY.mzML	3316	01KAEM6N1T0RXX1RNFA2QGHB0M	3317	WMMD1076	Bugni Lab UW-Madison		GCA_029581475.1	Micromonosporaceae;Micromonospora;Micromonospora sp. WMMD1076	Micromonosporaceae	Micromonospora	Micromonospora sp. WMMD1076	3016103.0
0	3324	0.176806948306052	01KABVHZ2N5BMEDR5SWJC9NPKY.mzML	3324	01KAEM5JDPDQ1ZXYCVATJ1JN0G	3325	WMMA1996	Bugni Lab UW-Madison		SAMN07663079	Micromonosporaceae;Micromonospora;Micromonospora sp. WMMA1996	Micromonosporaceae	Micromonospora	Micromonospora sp. WMMA1996	2039878.0
0	3346	0.1523085377451824	01KABVHZ2N5BMEDR5SWJC9NPKY.mzML	3346	01KAEM3BS403H999QG5SZN44QM	3347	WMMA1888	Bugni Lab UW-Madison		KY015084	Micromonosporaceae;Micromonospora;Micromonospora sp.	Micromonosporaceae	Micromonospora	Micromonospora sp.	1876.0
0	3362	0.1851677867526434	01KABVHZ2N5BMEDR5SWJC9NPKY.mzML	3362	01KAEM3D3SH04RPDFYPDC7XBV9	3363	WMMA1889	Bugni Lab UW-Madison		KY015085	Micromonosporaceae;Micromonospora;Micromonospora sp.	Micromonosporaceae	Micromonospora	Micromonospora sp.	1876.0
0	3366	0.1664303781103998	01KABVHZ2N5BMEDR5SWJC9NPKY.mzML	3366	01KAEM6J49DY9JAC8443R0WT0T	3367	WMMC264	Bugni Lab UW-Madison		GCA_027497275.1	Micromonosporaceae;Micromonospora;Micromonospora sp. WMMC264	Micromonosporaceae	Micromonospora	Micromonospora sp. WMMC264	3015158.0
0	3368	0.176853447974969	01KABVHZ2N5BMEDR5SWJC9NPKY.mzML	3368	01KAEM3YN0X4TRWCETMSC3Y6NH	3369	WMMA1903	Bugni Lab UW-Madison		KY015099	Micromonosporaceae;Micromonospora;Micromonospora sp.	Micromonosporaceae	Micromonospora	Micromonospora sp.	1876.0
0	3372	0.1849452814791525	01KABVHZ2N5BMEDR5SWJC9NPKY.mzML	3372	01KAEM5BD7XFT4R419PNECS3A4	3373	WMMA1978	Bugni Lab UW-Madison		KY015141	Micromonosporaceae;Micromonospora;Micromonospora sp.	Micromonosporaceae	Micromonospora	Micromonospora sp.	1876.0
0	3375	0.1750815049589269	01KABVHZ2N5BMEDR5SWJC9NPKY.mzML	3375	01KAEM5N4P95CJEBQZSQQMJ3PS	3376	WMMA2000	Bugni Lab UW-Madison		KY015151	Micromonosporaceae;Micromonospora;Micromonospora sp.	Micromonosporaceae	Micromonospora	Micromonospora sp.	1876.0
0	3378	0.1830480946399614	01KABVHZ2N5BMEDR5SWJC9NPKY.mzML	3378	01KAEM5HTGWKNPX6JFTCCHRT4J	3379	WMMA1994	Bugni Lab UW-Madison		KY015147	Micromonosporaceae;Micromonospora;Micromonospora sp.	Micromonosporaceae	Micromonospora	Micromonospora sp.	1876.0
0	3379	0.1857336500835128	01KABVHZ2N5BMEDR5SWJC9NPKY.mzML	3379	01KAEM6YZXW3VV2TH60Q3QN26W	3380	WMMD712	Bugni Lab UW-Madison		GCA_029581295.1	Micromonosporaceae;Micromonospora;Micromonospora sp. WMMD712	Micromonosporaceae	Micromonospora	Micromonospora sp. WMMD712	3016096.0
0	3383	0.1656093087183927	01KABVHZ2N5BMEDR5SWJC9NPKY.mzML	3383	01KAEM3TSH7CBH380QZRNC80F8	3384	WMMA1900	Bugni Lab UW-Madison		KY015096	Micromonosporaceae;Micromonospora;Micromonospora sp.	Micromonosporaceae	Micromonospora	Micromonospora sp.	1876.0
0	3387	0.186671178651365	01KABVHZ2N5BMEDR5SWJC9NPKY.mzML	3387	01KAEM5YZMDJ3MRYGR1XAYSX97	3388	WMMA2014	Bugni Lab UW-Madison		KY015164	Micromonosporaceae;Micromonospora;Micromonospora sp.	Micromonosporaceae	Micromonospora	Micromonospora sp.	1876.0
0	3390	0.1566869993250548	01KABVHZ2N5BMEDR5SWJC9NPKY.mzML	3390	01KAEM6QCNAXK1RSDKWTE571P9	3391	WMMD1120	Bugni Lab UW-Madison		GCA_029626235.1	Micromonosporaceae;Micromonospora;Micromonospora sp. WMMD1120	Micromonosporaceae	Micromonospora	Micromonospora sp. WMMD1120	3016106.0
0	108	0.1719332172051514	01KA9R5KF1QKAGN54SDPMNK7SC.mzML	108	01KA9R7F82PBRM65DXWYM6ZHM5	109	K669	Murphy Lab UIC			Streptomyces sp. (User Submitted 16S)				
0	123	0.1640912725715367	01KA9R5KF1QKAGN54SDPMNK7SC.mzML	123	01KA9R6GX5H2TTNXHB99XDXJEH	124	139A-43B	Murphy Lab UIC		MK143171	Streptomycetaceae;Streptomyces;Streptomyces sp.	Streptomycetaceae	Streptomyces	Streptomyces sp.	1931.0
0	139	0.1700437033250583	01KA9R5KF1QKAGN54SDPMNK7SC.mzML	139	01KA9R44B6KYRW1GX0VJHS8BCX	140	115B-7	Murphy lab UIC		MK143177	Intrasporangiaceae;Knoellia;Knoellia sp.	Intrasporangiaceae	Knoellia	Knoellia sp.	1912358.0
0	168	6.661338147750939e-15	01KA9R5KF1QKAGN54SDPMNK7SC.mzML	168	01KA9R5KF1QKAGN54SDPMNK7SC	169	135A-23	Murphy lab UIC		MK143160	Cellulomonadaceae;Oerskovia;Oerskovia sp.	Cellulomonadaceae	Oerskovia	Oerskovia sp.	1915060.0
0	173	0.1800655617405811	01KA9R5KF1QKAGN54SDPMNK7SC.mzML	173	01KA9R4ZAJ2E7AMHJZTD1HB259	174	128A-49	Murphy Lab UIC		MK168032	Streptomycetaceae;Streptomyces;Streptomyces sp.	Streptomycetaceae	Streptomyces	Streptomyces sp.	1931.0
0	186	0.0652493590599471	01KA9R5KF1QKAGN54SDPMNK7SC.mzML	186	01KA9R47SFFX9SBAXB91ZPMR0K	187	116H-18	Murphy lab UIC		MK163385	Cellulomonadaceae;Oerskovia;Oerskovia sp.	Cellulomonadaceae	Oerskovia	Oerskovia sp.	1915060.0
0	195	0.1765114061258398	01KA9R5KF1QKAGN54SDPMNK7SC.mzML	195	01JV8DECBSWRGB2796S6VMMJ0A	196	B-24240	USDA-ARS NRRL		AF452714	Streptomycetaceae;Streptomyces;Streptomyces speibonae	Streptomycetaceae	Streptomyces	Streptomyces speibonae	195801.0
0	201	0.1785791506900709	01KA9R5KF1QKAGN54SDPMNK7SC.mzML	201	01JV8DET1JHZHDF7PQ5FQ4KZSA	202	B-2699	USDA-ARS NRRL		AY999879	Streptomycetaceae;Streptomyces;Streptomyces roseolilacinus	Streptomycetaceae	Streptomyces	Streptomyces roseolilacinus	66904.0
0	208	0.1677888008435133	01KA9R5KF1QKAGN54SDPMNK7SC.mzML	208	01JV8DFABP1BAGTBDFCZ6EHAF8	209	B-3365	USDA-ARS NRRL		AJ399478	Streptomycetaceae;Streptomyces;Streptomyces violaceus	Streptomycetaceae	Streptomyces	Streptomyces violaceus	1936.0
0	209	0.1761753394122315	01KA9R5KF1QKAGN54SDPMNK7SC.mzML	209	01JV8DFH0J22BW601C5RJC4PA2	210	B-3980	USDA-ARS NRRL		AB184118	Streptomycetaceae;Streptomyces;Streptomyces canus	Streptomycetaceae	Streptomyces	Streptomyces canus	58343.0
0	964	0.1758172307025828	01KA9R5KF1QKAGN54SDPMNK7SC.mzML	964	01JV3F1G3C2WNYPKJAK4GBDGAP	965	2401	USDA-ARS NRRL		 MT760570	Streptomycetaceae;Streptomyces;Streptomyces luteosporeus	Streptomycetaceae	Streptomyces	Streptomyces luteosporeus	173856.0
0	982	0.1270538663284934	01KA9R5KF1QKAGN54SDPMNK7SC.mzML	982	01JV3F2BS2YNS1SVZCZ04WJQ0A	983	B-12173	USDA-ARS NRRL		AB122725	Streptomycetaceae;Streptomyces;Streptomyces minutiscleroticus	Streptomycetaceae	Streptomyces	Streptomyces minutiscleroticus	68238.0
0	996	0.161715647073137	01KA9R5KF1QKAGN54SDPMNK7SC.mzML	996	01JV3FRNNY6PPBKS05QAKFQ0MF	997	B-1453	USDA-ARS NRRL		LM999765	Streptomycetaceae;Streptomyces;Streptomyces microflavus	Streptomycetaceae	Streptomyces	Streptomyces microflavus	1919.0
0	999	0.1760655489724618	01KA9R5KF1QKAGN54SDPMNK7SC.mzML	999	01JV3F22KSGKKWJTVDN9P2XSKW	1000	B-12497	USDA-ARS NRRL		AB045879	Streptomycetaceae;Streptomyces;Streptomyces tauricus	Streptomycetaceae	Streptomyces	Streptomyces tauricus	68274.0
0	1001	0.1777152728888708	01KA9R5KF1QKAGN54SDPMNK7SC.mzML	1001	01JV3F1A0KHG73STA3B52VW3B3	1002	B-24305	USDA-ARS NRRL		 MH192343	Streptomycetaceae;Streptomyces;Streptomyces bungoensis	Streptomycetaceae	Streptomyces	Streptomyces bungoensis	285568.0
0	1002	0.1596671963664926	01KA9R5KF1QKAGN54SDPMNK7SC.mzML	1002	01JV3FN8BA8860QS9BF94JJBMF	1003	B-24621	USDA-ARS NRRL		DQ462649	Streptomycetaceae;Streptomyces;Streptomyces prasinopilosus	Streptomycetaceae	Streptomyces	Streptomyces prasinopilosus	67344.0
0	1003	0.1800085019278783	01KA9R5KF1QKAGN54SDPMNK7SC.mzML	1003	01JV3F3AFZPYGH33HNFGMQEDM2	1004	B-2909	USDA-ARS NRRL		AB184072	Streptomycetaceae;Streptomyces;Streptomyces cinereus	Streptomycetaceae	Streptomyces	Streptomyces cinereus	1955.0
0	1033	0.1704191749092423	01KA9R5KF1QKAGN54SDPMNK7SC.mzML	1033	01JV3F39G9YNSP27XTV5G44M0A	1034	B-12103	USDA-ARS NRRL		AB122780	Streptomycetaceae;Streptomyces;Streptomyces djakartensis	Streptomycetaceae	Streptomyces	Streptomyces djakartensis	68193.0
0	1058	0.1834756775352999	01KA9R5KF1QKAGN54SDPMNK7SC.mzML	1058	01JV3FSY5VB4T7VZ0RMVN3WBP8	1059	B-12102	USDA-ARS NRRL		MT760640	Streptomycetaceae;Streptomyces;Streptomyces geysiriensis	Streptomycetaceae	Streptomyces	Streptomyces geysiriensis	68207.0
0	1068	0.1686878615901668	01KA9R5KF1QKAGN54SDPMNK7SC.mzML	1068	01JV3FHPK4ZWK296ZS9NQVCDFM	1069	B-5622	USDA-ARS NRRL		AY999852	Streptomycetaceae;Streptomyces;Streptomyces albogriseolus	Streptomycetaceae	Streptomyces	Streptomyces albogriseolus	1887.0
0	1096	0.173691317928658	01KA9R5KF1QKAGN54SDPMNK7SC.mzML	1096	01JV3FA1AKTSJYYDHEQ08EMA2N	1097	B-1733	USDA-ARS NRRL		AB184763	Streptomycetaceae;Streptomyces;Streptomyces vinaceus	Streptomycetaceae	Streptomyces	Streptomyces vinaceus	1960.0
0	1107	0.1744756278826189	01KA9R5KF1QKAGN54SDPMNK7SC.mzML	1107	01JV3FRDQ429Z07MCK4ZWT8QT7	1108	B-11312	USDA-ARS NRRL		LC055414	Streptomycetaceae;Streptomyces;Streptomyces ahygroscopicus	Streptomycetaceae	Streptomyces	Streptomyces ahygroscopicus	387846.0
0	1110	0.1560155256900487	01KA9R5KF1QKAGN54SDPMNK7SC.mzML	1110	01JV3FMQ20B72Y172B0Z5H374N	1111	2466	USDA-ARS NRRL		DQ442532	Streptomycetaceae;Streptomyces;Streptomyces niveus	Streptomycetaceae	Streptomyces	Streptomyces niveus	193462.0
0	1112	0.1786558926335859	01KA9R5KF1QKAGN54SDPMNK7SC.mzML	1112	01JV3FDTJJTN4GA1PKD542G614	1113	B-12326	USDA-ARS NRRL		AJ781338	Streptomycetaceae;Streptomyces;Streptomyces kishiwadensis	Streptomycetaceae	Streptomyces	Streptomyces kishiwadensis	67310.0
0	1117	0.1779468121483706	01KA9R5KF1QKAGN54SDPMNK7SC.mzML	1117	01JV3F0TN463SQCVMD0SHSAB1F	1118	B-12307	USDA-ARS NRRL		 AY999792	Streptomycetaceae;Streptomyces;Streptomyces flavofungini	Streptomycetaceae	Streptomyces	Streptomyces flavofungini	68200.0
0	1122	0.1665480753440856	01KA9R5KF1QKAGN54SDPMNK7SC.mzML	1122	01JV3FM2VM8FAQ5D9AFPXW5JRH	1123	B-2712	USDA-ARS NRRL		DQ026658	Streptomycetaceae;Streptomyces;Streptomyces prasinus	Streptomycetaceae	Streptomyces	Streptomyces prasinus	67345.0
0	1136	0.18779919204949	01KA9R5KF1QKAGN54SDPMNK7SC.mzML	1136	01JV3FM0E9PDKB2T4B5NNJ0YRM	1137	B-12431	USDA-ARS NRRL		DQ026655	Streptomycetaceae;Streptomyces;Streptomyces prasinosporus	Streptomycetaceae	Streptomyces	Streptomyces prasinosporus	68256.0
0	1138	0.1339514973820377	01KA9R5KF1QKAGN54SDPMNK7SC.mzML	1138	01JV3FSHRR7E2B4GST4BK874VP	1139	ISP-5084	USDA-ARS NRRL		MT760574	Streptomycetaceae;Streptomyces;Streptomyces caelestis	Streptomycetaceae	Streptomyces	Streptomyces caelestis	36816.0
0	1143	0.1818301484162023	01KA9R5KF1QKAGN54SDPMNK7SC.mzML	1143	01JV3FB6EQ7ZFJFYZMZJXB7AS2	1144	B-2095	USDA-ARS NRRL		AB249912	Streptomycetaceae;Streptomyces;Streptomyces griseobrunneus	Streptomycetaceae	Streptomyces	Streptomyces griseobrunneus	66894.0
0	1160	0.1450550875394866	01KA9R5KF1QKAGN54SDPMNK7SC.mzML	1160	01JV3FGZNZ1MYDSSFC2BVNHP3S	1161	B-12347	USDA-ARS NRRL		AY999787	Streptomycetaceae;Streptomyces;Streptomyces chryseus	Streptomycetaceae	Streptomyces	Streptomyces chryseus	68186.0
0	1161	0.1663726267725428	01KA9R5KF1QKAGN54SDPMNK7SC.mzML	1161	01JV3F07MTM3GBREAXGM06JGE1	1162	B-3175	USDA-ARS NRRL		 AB184659	Streptomycetaceae;Streptomyces;Streptomyces fimbriatus	Streptomycetaceae	Streptomyces	Streptomyces fimbriatus	68197.0
0	1170	0.184797934801995	01KA9R5KF1QKAGN54SDPMNK7SC.mzML	1170	01JV3F1SZVVGQB5FDVGPRT77GB	1171	ISP-5262	USDA-ARS NRRL		AB026217	Streptomycetaceae;Streptomyces;Streptomyces bottropensis	Streptomycetaceae	Streptomyces	Streptomyces bottropensis	1054862.0
0	1172	0.1866195760863614	01KA9R5KF1QKAGN54SDPMNK7SC.mzML	1172	01JV3FCJJDMAZGB045MP5FFPAE	1173	B-12348	USDA-ARS NRRL		AF503496	Streptomycetaceae;Streptomyces;Streptomyces anthocyanicus	Streptomycetaceae	Streptomyces	Streptomyces anthocyanicus	68189.0
0	1176	0.1722189780084451	01KA9R5KF1QKAGN54SDPMNK7SC.mzML	1176	01JV3FGY0B8C80PVD3TF7YK6N1	1177	B-2567	USDA-ARS NRRL		AY999783	Streptomycetaceae;Streptomyces;Streptomyces badius	Streptomycetaceae	Streptomyces	Streptomyces badius	1941.0
0	1191	0.1677599753742556	01KA9R5KF1QKAGN54SDPMNK7SC.mzML	1191	01JV3FKGBP5RYS8KGBMKN45TNA	1192	2382	USDA-ARS NRRL		D44405	Streptomycetaceae;Streptomyces;Streptomyces vinaceus	Streptomycetaceae	Streptomyces	Streptomyces vinaceus	1960.0
0	1199	0.1754402049084093	01KA9R5KF1QKAGN54SDPMNK7SC.mzML	1199	01JV3FNA7Q7NV8GRH5C3WDH1NP	1200	B-24580	USDA-ARS NRRL		DQ912930	Streptomycetaceae;Streptomyces;Streptomyces radiopugnans	Streptomycetaceae	Streptomyces	Streptomyces radiopugnans	403935.0
0	1211	0.1720115184864231	01KA9R5KF1QKAGN54SDPMNK7SC.mzML	1211	01JV3FAEJ7YG9GK6E8VM13KB6E	1212	B-2706	USDA-ARS NRRL		AB184843	Streptomycetaceae;Streptomyces;Streptomyces glaucescens	Streptomycetaceae	Streptomyces	Streptomyces glaucescens	1907.0
0	1212	0.1744691910045469	01KA9R5KF1QKAGN54SDPMNK7SC.mzML	1212	01JV3FD0WPNM5VPC72EN6QH3QK	1213	B-2867	USDA-ARS NRRL		AJ399480	Streptomycetaceae;Streptomyces;Streptomyces violaceus	Streptomycetaceae	Streptomyces	Streptomyces violaceus	1936.0
0	1213	0.1773460524552494	01KA9R5KF1QKAGN54SDPMNK7SC.mzML	1213	01JV3FD617KCBYEVDGPADE2ZX9	1214	B-5621	USDA-ARS NRRL		AJ399483	Streptomycetaceae;Streptomyces;Streptomyces afghaniensis	Streptomycetaceae	Streptomyces	Streptomyces afghaniensis	66865.0
0	1214	0.1883021132072635	01KA9R5KF1QKAGN54SDPMNK7SC.mzML	1214	01JV3FCXPNYEG1S1097VA3QXEJ	1215	ISP-5146	USDA-ARS NRRL		AJ399462	Streptomycetaceae;Streptomyces;Streptomyces coerulescens	Streptomycetaceae	Streptomyces	Streptomyces coerulescens	29304.0
0	1259	0.1779035054478208	01KA9R5KF1QKAGN54SDPMNK7SC.mzML	1259	01JV3FQV3D12GBRN6N5127M1P3	1260	ISP-5169	USDA-ARS NRRL		KC954557	Streptomycetaceae;Streptomyces;Streptomyces mutabilis	Streptomycetaceae	Streptomyces	Streptomyces mutabilis	67332.0
0	1260	0.1857790232330421	01KA9R5KF1QKAGN54SDPMNK7SC.mzML	1260	01JV3FRB49B5KHNBBX9YDPP4HR	1261	B-11311	USDA-ARS NRRL		LC055413	Streptomycetaceae;Streptomyces;Streptomyces agglomeratus	Streptomycetaceae	Streptomyces	Streptomyces agglomeratus	285458.0
0	1266	0.1688991946398506	01KA9R5KF1QKAGN54SDPMNK7SC.mzML	1266	01JV3FD9HBJGCNV2JT7T3QFC0W	1267	B-12384	USDA-ARS NRRL		AJ399488	Streptomycetaceae;Streptomyces;Streptomyces griseorubiginosus	Streptomycetaceae	Streptomyces	Streptomyces griseorubiginosus	67304.0
0	1289	0.1620234093176154	01KA9R5KF1QKAGN54SDPMNK7SC.mzML	1289	01JV3FDBHA6866GTDDE7BW0VC9	1290	B-3317	USDA-ARS NRRL		AJ399489	Streptomycetaceae;Streptomyces;Streptomyces iakyrus	Streptomycetaceae	Streptomyces	Streptomyces iakyrus	68219.0
0	1291	0.1337216125064239	01KA9R5KF1QKAGN54SDPMNK7SC.mzML	1291	01JV3FQPY6B82Y6N00BGTDJP1A	1292	B-12432	USDA-ARS NRRL		JN566032	Streptomycetaceae;Streptomyces;Streptomyces griseoverticillatus	Streptomycetaceae	Streptomyces	Streptomyces griseoverticillatus	68215.0
0	2717	0.1814493757424405	01KA9R5KF1QKAGN54SDPMNK7SC.mzML	2717	01KABVHC699B9D381PAKENMJ94	2718	D041	Murphy Lab UIC			Streptomyces sp. (User Submitted 16S)				
0	2732	0.1837130581059458	01KA9R5KF1QKAGN54SDPMNK7SC.mzML	2732	01KABVDV9YX1DD0E5NB194KTP9	2733	B006	Murphy Lab UIC			Micromonospora sp. (User Submitted 16S)				
0	3278	0.1819475927443927	01KA9R5KF1QKAGN54SDPMNK7SC.mzML	3278	01KAEM508G22MZD67XTZRBW5H9	3279	WMMA1967	Bugni Lab UW-Madison		KY015131	Micromonosporaceae;Micromonospora;Micromonospora sp.	Micromonosporaceae	Micromonospora	Micromonospora sp.	1876.0
0	3374	0.1711652983712893	01KA9R5KF1QKAGN54SDPMNK7SC.mzML	3374	01KAEM7J36KETPTFT2C81NJCS5	3375	WMMD406	Bugni Lab UW-Madison		GCA_029626025.1	Micromonosporaceae;Solwaraspora;Solwaraspora sp. WMMD406	Micromonosporaceae	Solwaraspora	Solwaraspora sp. WMMD406	3016095.0
0	78	5.051514762044462e-15	01KA9R76ZXSVEW9GXYZGS85PHJ.mzML	78	01KA9R76ZXSVEW9GXYZGS85PHJ	79	K571	Murphy Lab UIC			Rothia sp. (User Submitted 16S)				
0	116	0.1790071245649214	01KA9R76ZXSVEW9GXYZGS85PHJ.mzML	116	01KA9R4J2G8Q76HED26K40CYYR	117	119A-10	Murphy Lab UIC		MK168025	Micrococcaceae;Arthrobacter;Arthrobacter sp.	Micrococcaceae	Arthrobacter	Arthrobacter sp.	1667.0
0	133	0.1681980397506352	01KA9R76ZXSVEW9GXYZGS85PHJ.mzML	133	01KA9R4TSVDQFA0FGCD83HSJJ2	134	123A-86	Murphy Lab UIC		MK143141	Microbacteriaceae;Agrococcus;Agrococcus sp.	Microbacteriaceae	Agrococcus	Agrococcus sp.	1872417.0
0	1230	0.1522971520818383	01KA9R76ZXSVEW9GXYZGS85PHJ.mzML	1230	01JV3F8MBZS3HKSKYJDHVW1N0P	1231	B-16372	USDA-ARS NRRL		AB184617	Streptomycetaceae;Streptomyces;Streptomyces megasporus	Streptomycetaceae	Streptomyces	Streptomyces megasporus	44060.0
0	143	7.882583474838611e-15	01KA9R5525JJNGDEQTMQRR56MH.mzML	143	01KA9R5525JJNGDEQTMQRR56MH	144	129A-55	Murphy lab UIC		MK163416	Mycobacteriaceae;Mycolicibacterium;Mycolicibacterium sp.	Mycobacteriaceae	Mycolicibacterium	Mycolicibacterium sp.	2320850.0
0	63	0.0605374882537157	01KA9R7JH7PQ4NDNT10K8ME8Y8.mzML	63	01KA9R7BH55VJ5EFY407W36QQ6	64	K633	Murphy Lab UIC			Micromonospora sp. (User Submitted 16S)				
0	70	0.143950049116995	01KA9R7JH7PQ4NDNT10K8ME8Y8.mzML	70	01KA9R7TN3ZPW4SGN9DBW79RR5	71	K779	Murphy Lab UIC			Micromonospora sp. (User Submitted 16S)				
0	95	0.1759224172886362	01KA9R7JH7PQ4NDNT10K8ME8Y8.mzML	95	01KA9R7HAP8T2859SKA9XJF8XF	96	K699	Murphy Lab UIC			Micromonospora sp. (User Submitted 16S)				
0	113	0.1562689359116003	01KA9R7JH7PQ4NDNT10K8ME8Y8.mzML	113	01KA9R7ABQNYC3ZX35DV6H299V	114	K622	Murphy Lab UIC			Micromonospora sp. (User Submitted 16S)				
0	159	7.382983113757291e-15	01KA9R7JH7PQ4NDNT10K8ME8Y8.mzML	159	01KA9R7JH7PQ4NDNT10K8ME8Y8	160	K701	Murphy Lab UIC			Micromonospora sp. (User Submitted 16S)				
0	169	0.1885180524205244	01KA9R7JH7PQ4NDNT10K8ME8Y8.mzML	169	01KA9R61DZ14QDHWGF5AYV69CT	170	138D-1	Murphy Lab UIC		MK143204	Micromonosporaceae;Micromonospora;Micromonospora sp.	Micromonosporaceae	Micromonospora	Micromonospora sp.	1876.0
0	420	0.1898010846456176	01KA9R7JH7PQ4NDNT10K8ME8Y8.mzML	420	01KGR43BEAJH2RYHVB6226BHTT	421	Francisella_None_None_F059		Francisella tularensis subspecies novocida_F59\0_L5\7 | Francisella tularensis subspecies novocida_F59\0_L5\3 | Francisella tularensis subspecies novocida_F59\0_L5\1 | Francisella tularensis subspecies novocida_F59\0_L5\6 | Francisella tularensis subspecies novocida_F59\0_L5\2 | Francisella tularensis subspecies novocida_F59\0_M6\5 | Francisella tularensis subspecies novocida_F59\0_M6\8 | Francisella tularensis subspecies novocida_F59\0_M6\2 | Francisella tularensis subspecies novocida_F59\0_M6\6 | Francisella tularensis subspecies novocida_F59\0_M6\1 | Francisella tularensis subspecies novocida_F59\0_M6\3 | Francisella tularensis subspecies novocida_F59\0_M6\7 | Francisella tularensis subspecies novocida_F59\0_L6\8 | Francisella tularensis subspecies novocida_F59\0_L6\5 | Francisella tularensis subspecies novocida_F59\0_L6\1 | Francisella tularensis subspecies novocida_F59\0_L6\3 | Francisella tularensis subspecies novocida_F59\0_M5\6 | Francisella tularensis subspecies novocida_F59\0_M5\5 | Francisella tularensis subspecies novocida_F59\0_M5\8 | Francisella tularensis subspecies novocida_F59\0_M5\2 | Francisella tularensis subspecies novocida_F59\0_M5\3 | Francisella tularensis subspecies novocida_F59\0_M5\4 | Francisella tularensis subspecies novocida_F59\0_N5\1 | Francisella tularensis subspecies novocida_F59\0_N6\6 | Francisella tularensis subspecies novocida_F59\0_N6\4		Francisellaceae;Francisella;Francisella tularensis	Francisellaceae	Francisella	Francisella tularensis	264.0
0	696	0.1870329850360368	01KA9R7JH7PQ4NDNT10K8ME8Y8.mzML	696	01KGR3BMB44SZAQWHS7JABHDJN	697	Streptococcus_None_None_B_2634		Str_salivarius_B2634_04_001\0_I13\1 | Str_salivarius_B2634_04_002\0_I14\1 | Str_salivarius_B2634_04_004\0_K14\1 | Str_salivarius_B2634_04_003\0_K13\1		Streptococcaceae;Streptococcus;Streptococcus salivarius	Streptococcaceae	Streptococcus	Streptococcus salivarius	1304.0
0	793	0.1553389103680116	01KA9R7JH7PQ4NDNT10K8ME8Y8.mzML	793	01KGR3J0W12DM3RE55JDXCEX88	794	Streptococcus_None_None_B_3019		Str_salivarius_B3019_05_004\0_K20\1 | Str_salivarius_B3019_05_002\0_I20\1 | Str_salivarius_B3019_05_003\0_K19\1 | Str_salivarius_B3019_05_001\0_I19\1		Streptococcaceae;Streptococcus;Streptococcus salivarius	Streptococcaceae	Streptococcus	Streptococcus salivarius	1304.0
0	808	0.1695091575377862	01KA9R7JH7PQ4NDNT10K8ME8Y8.mzML	808	01KGR42E38FV28ARMWPZFJ5K4J	809	Streptococcus_None_None_B_2258		Str_salivarius_B2258_03_001\0_C17\1 | Str_salivarius_B2258_03_004\0_E18\1 | Str_salivarius_B2258_03_003\0_E17\1 | Str_salivarius_B2258_03_002\0_C18\1		Streptococcaceae;Streptococcus;Streptococcus salivarius	Streptococcaceae	Streptococcus	Streptococcus salivarius	1304.0
0	848	0.1648622814589577	01KA9R7JH7PQ4NDNT10K8ME8Y8.mzML	848	01KGR3R8QFGRGPNGQQCGQTEDTT	849	Streptococcus_None_None_B_2258		Str_salivarius_B2258_01_002\0_L4\1 | Str_salivarius_B2258_01_001\0_L3\1 | Str_salivarius_B2258_01_003\0_N3\1 | Str_salivarius_B2258_01_004\0_N4\1		Streptococcaceae;Streptococcus;Streptococcus salivarius	Streptococcaceae	Streptococcus	Streptococcus salivarius	1304.0
0	928	0.1735042100150223	01KA9R7JH7PQ4NDNT10K8ME8Y8.mzML	928	01JV3F1QY06HDF55Y7QRHQD4CJ	929	B-11050	USDA-ARS NRRL		 X92622	Micromonosporaceae;Micromonospora;Micromonospora lacustris	Micromonosporaceae	Micromonospora	Micromonospora lacustris	47867.0
0	967	0.1864358077951779	01KA9R7JH7PQ4NDNT10K8ME8Y8.mzML	967	01JV3FTGXVVA02PTC5H9HGMFQW	968	B-5737	USDA-ARS NRRL		X53170	Streptomycetaceae;Streptomyces;Streptomyces purpureus	Streptomycetaceae	Streptomyces	Streptomyces purpureus	1951.0
0	1921	0.1891994397319384	01KA9R7JH7PQ4NDNT10K8ME8Y8.mzML	1921	01KGRMGNEYNWW4R7CJCFRMH5T7	1922	Streptococcus_None_None_B_9056		Str_oralis_9056_01_003\0_K17\1 | Str_oralis_9056_01_001\0_I17\1 | Str_oralis_9056_01_002\0_I18\1 | Str_oralis_9056_01_004\0_K18\1		Streptococcaceae;Streptococcus;Streptococcus parasanguinis	Streptococcaceae	Streptococcus	Streptococcus parasanguinis	1318.0
0	2040	0.1797540598165866	01KA9R7JH7PQ4NDNT10K8ME8Y8.mzML	2040	01KGRMT4DGEMMBKDN6GC5S2KBZ	2041	Streptococcus_None_None_B_2634		Str_salivarius_B2634_02_004\0_H6\1 | Str_salivarius_B2634_02_002\0_F6\1 | Str_salivarius_B2634_02_003\0_H5\1		Streptococcaceae;Streptococcus;Streptococcus salivarius	Streptococcaceae	Streptococcus	Streptococcus salivarius	1304.0
0	2433	0.1807393898104659	01KA9R7JH7PQ4NDNT10K8ME8Y8.mzML	2433	01KGRN13VVHRX6K4S22FC8PS6N	2434	Francisella_None_None_F048		Francisella tularensis subspecies novicida_FSC 048\0_C16\4 | Francisella tularensis subspecies novicida_FSC 048\0_C16\3 | Francisella tularensis subspecies novicida_FSC 048\0_C16\1 | Francisella tularensis subspecies novicida_FSC 048\0_C16\2 | Francisella tularensis subspecies novicida_FSC 048\0_B16\4 | Francisella tularensis subspecies novicida_FSC 048\0_B16\2 | Francisella tularensis subspecies novicida_FSC 048\0_B16\1 | Francisella tularensis subspecies novicida_FSC 048\0_A16\3 | Francisella tularensis subspecies novicida_FSC 048\0_A16\4 | Francisella tularensis subspecies novicida_FSC 048\0_A16\1 | Francisella tularensis subspecies novicida_FSC 048\0_A16\2 | Francisella tularensis subspecies novicida_FSC 048\0_B17\1 | Francisella tularensis subspecies novicida_FSC 048\0_B17\2 | Francisella tularensis subspecies novicida_FSC 048\0_B17\3 | Francisella tularensis subspecies novicida_FSC 048\0_B17\4 | Francisella tularensis subspecies novicida_FSC 048\0_C17\3 | Francisella tularensis subspecies novicida_FSC 048\0_C17\2 | Francisella tularensis subspecies novicida_FSC 048\0_C17\1 | Francisella tularensis subspecies novicida_FSC 048\0_A17\1 | Francisella tularensis subspecies novicida_FSC 048\0_A17\2 | Francisella tularensis subspecies novicida_FSC 048\0_A17\4 | Francisella tularensis subspecies novicida_FSC 048\0_A17\3		Francisellaceae;Francisella;Francisella tularensis	Francisellaceae	Francisella	Francisella tularensis	264.0
0	2545	0.1833599389731517	01KA9R7JH7PQ4NDNT10K8ME8Y8.mzML	2545	01KGRMZNZVBFX4SAEN5YBXXR47	2546	Streptococcus_None_None_B_2258		Str_salivarius_B2258_02_003\0_H5\1 | Str_salivarius_B2258_02_002\0_F6\1 | Str_salivarius_B2258_02_004\0_H6\1 | Str_salivarius_B2258_02_001\0_F5\1		Streptococcaceae;Streptococcus;Streptococcus salivarius	Streptococcaceae	Streptococcus	Streptococcus salivarius	1304.0
0	2599	0.1835805454731103	01KA9R7JH7PQ4NDNT10K8ME8Y8.mzML	2599	01KGRN48VKSM325PJMR8NWTYBE	2600	Streptococcus_None_None_B_2634		Str_salivarius_B2634_03_001\0_F19\1 | Str_salivarius_B2634_03_004\0_H20\1 | Str_salivarius_B2634_03_002\0_F20\1 | Str_salivarius_B2634_03_003\0_H19\1		Streptococcaceae;Streptococcus;Streptococcus salivarius	Streptococcaceae	Streptococcus	Streptococcus salivarius	1304.0
0	2658	0.1705113471146503	01KA9R7JH7PQ4NDNT10K8ME8Y8.mzML	2658	01K2J3DT9SX6AEEK7VRYHQHBDR	2659	CNR_942	Jensen Lab Scripps UCSD		MH973613	Micromonosporaceae;Salinispora;Salinispora fenicalii	Micromonosporaceae	Salinispora	Salinispora fenicalii	1137263.0
0	2732	0.1786221134014371	01KA9R7JH7PQ4NDNT10K8ME8Y8.mzML	2732	01KABVDV9YX1DD0E5NB194KTP9	2733	B006	Murphy Lab UIC			Micromonospora sp. (User Submitted 16S)				
0	2746	0.0989657271018695	01KA9R7JH7PQ4NDNT10K8ME8Y8.mzML	2746	01KABVF1BFERF34QT58K4HE90J	2747	B017	Murphy Lab UIC			Micromonospora aurantiaca (User Submitted 16S)				
0	2961	0.1622607965711581	01KA9R7JH7PQ4NDNT10K8ME8Y8.mzML	2961	01KGR39ZHZG3HMC2M14KGN98BT	2962	Streptococcus_None_None_B_2258		Str_salivarius_B2258_WH01_004\0_E6\1 | Str_salivarius_B2258_WH01_001\0_C5\1 | Str_salivarius_B2258_WH01_003\0_E5\1 | Str_salivarius_B2258_WH01_002\0_C6\1		Streptococcaceae;Streptococcus;Streptococcus salivarius	Streptococcaceae	Streptococcus	Streptococcus salivarius	1304.0
0	3185	0.1841103174712166	01KA9R7JH7PQ4NDNT10K8ME8Y8.mzML	3185	01KGR3DWD7BH7JYV7VRMWTDS52	3186	Streptococcus_None_None_B_9056		Str_oralis_9056_03_002\0_C16\1 | Str_oralis_9056_03_001\0_C15\1 | Str_oralis_9056_03_004\0_E16\1 | Str_oralis_9056_03_003\0_E15\1		Streptococcaceae;Streptococcus;Streptococcus parasanguinis	Streptococcaceae	Streptococcus	Streptococcus parasanguinis	1318.0
0	3267	0.1694773356579155	01KA9R7JH7PQ4NDNT10K8ME8Y8.mzML	3267	01KAEM47QA3Y8X528R3ZP2FQ93	3268	WMMA1912	Bugni Lab UW-Madison		KY015104	Micromonosporaceae;Micromonospora;Micromonospora sp.	Micromonosporaceae	Micromonospora	Micromonospora sp.	1876.0
0	3272	0.1715264891517175	01KA9R7JH7PQ4NDNT10K8ME8Y8.mzML	3272	01KAEM7DACZ1W1DK65CWYDM3JJ	3273	WMMD998	Bugni Lab UW-Madison		GCA_029581235.1	Micromonosporaceae;Micromonospora;Micromonospora sp. WMMD998	Micromonosporaceae	Micromonospora	Micromonospora sp. WMMD998	3016092.0
0	3273	0.1168259450028406	01KA9R7JH7PQ4NDNT10K8ME8Y8.mzML	3273	01KAEM7KCYGPG4DZ96HXMED0V6	3274	WMMD882	Bugni Lab UW-Madison		GCA_027497255.1	Micromonosporaceae;Micromonospora;Micromonospora sp. WMMD882	Micromonosporaceae	Micromonospora	Micromonospora sp. WMMD882	3015151.0
0	3274	0.184185865003293	01KA9R7JH7PQ4NDNT10K8ME8Y8.mzML	3274	01KAEM5S1ADMAES326ZH34TQF2	3275	WMMA2009	Bugni Lab UW-Madison		KY015159	Micromonosporaceae;Micromonospora;Micromonospora sp.	Micromonosporaceae	Micromonospora	Micromonospora sp.	1876.0
0	3284	0.1545843423333937	01KA9R7JH7PQ4NDNT10K8ME8Y8.mzML	3284	01KAEM5ET506087KW4WS7FGCGY	3285	WMMA1991	Bugni Lab UW-Madison		KY015145	Micromonosporaceae;Micromonospora;Micromonospora sp.	Micromonosporaceae	Micromonospora	Micromonospora sp.	1876.0
0	3305	0.1630328599750757	01KA9R7JH7PQ4NDNT10K8ME8Y8.mzML	3305	01KAEM5GK810JE1F8D2MZ771HN	3306	WMMA1993	Bugni Lab UW-Madison		KY015146	Micromonosporaceae;Micromonospora;Micromonospora sp.	Micromonosporaceae	Micromonospora	Micromonospora sp.	1876.0
0	3307	0.1233182658449008	01KA9R7JH7PQ4NDNT10K8ME8Y8.mzML	3307	01KAEM76RD1J3CQ3NMD1PREQ2M	3308	WMMD956	Bugni Lab UW-Madison		GCA_029626125.1	Micromonosporaceae;Micromonospora;Micromonospora sp. WMMD956	Micromonosporaceae	Micromonospora	Micromonospora sp. WMMD956	3016108.0
0	3328	0.1850251849751978	01KA9R7JH7PQ4NDNT10K8ME8Y8.mzML	3328	01KAEM5M26TC6XKN2V0XVGZXDT	3329	WMMA1998	Bugni Lab UW-Madison		GCA_027497375.1	Micromonosporaceae;Micromonospora;Micromonospora sp. WMMA1998	Micromonosporaceae	Micromonospora	Micromonospora sp. WMMA1998	3015167.0
0	3332	0.1734199778301441	01KA9R7JH7PQ4NDNT10K8ME8Y8.mzML	3332	01KAEM5Y1S280FYGV2FBFT7RKH	3333	WMMA2013	Bugni Lab UW-Madison		KY015163	Micromonosporaceae;Micromonospora;Micromonospora sp.	Micromonosporaceae	Micromonospora	Micromonospora sp.	1876.0
0	3335	0.1803069301055807	01KA9R7JH7PQ4NDNT10K8ME8Y8.mzML	3335	01KAEM463DN5ZYWERKSF04ZCCR	3336	WMMA1908	Bugni Lab UW-Madison		KY015102	Micromonosporaceae;Micromonospora;Micromonospora sp.	Micromonosporaceae	Micromonospora	Micromonospora sp.	1876.0
0	3341	0.1861142195216163	01KA9R7JH7PQ4NDNT10K8ME8Y8.mzML	3341	01KAEM48D8SS91MG0GHNF38BV8	3342	WMMA1913	Bugni Lab UW-Madison		KY015105	Micromonosporaceae;Micromonospora;Micromonospora sp.	Micromonosporaceae	Micromonospora	Micromonospora sp.	1876.0
0	3343	0.1709726309472277	01KA9R7JH7PQ4NDNT10K8ME8Y8.mzML	3343	01KAEM704JRFRE3RNS4FZQ3KD0	3344	WMMD714	Bugni Lab UW-Madison		GCA_029581315.1	Micromonosporaceae;Micromonospora;Micromonospora sp. WMMD714	Micromonosporaceae	Micromonospora	Micromonospora sp. WMMD714	3016097.0
0	3367	0.1787964381205608	01KA9R7JH7PQ4NDNT10K8ME8Y8.mzML	3367	01KAEM74TARTBB8B6KQP3RS4JC	3368	WMMD812	Bugni Lab UW-Madison		GCA_027497215.1	Micromonosporaceae;Micromonospora;Micromonospora sp. WMMD812	Micromonosporaceae	Micromonospora	Micromonospora sp. WMMD812	3015152.0
0	3379	0.1812153613573658	01KA9R7JH7PQ4NDNT10K8ME8Y8.mzML	3379	01KAEM6YZXW3VV2TH60Q3QN26W	3380	WMMD712	Bugni Lab UW-Madison		GCA_029581295.1	Micromonosporaceae;Micromonospora;Micromonospora sp. WMMD712	Micromonosporaceae	Micromonospora	Micromonospora sp. WMMD712	3016096.0
0	3392	0.1451868390770782	01KA9R7JH7PQ4NDNT10K8ME8Y8.mzML	3392	01KAEM6MQW7TN5YMDYB7GDM5QB	3393	WMMD1047	Bugni Lab UW-Madison		GCA_029626155.1	Micromonosporaceae;Solwaraspora;Solwaraspora sp. WMMD1047	Micromonosporaceae	Solwaraspora	Solwaraspora sp. WMMD1047	3016102.0
0	3396	0.1541597923218779	01KA9R7JH7PQ4NDNT10K8ME8Y8.mzML	3396	01KAEM3AGX5S0RNZW6YR3B9PDH	3397	WMMA1887	Bugni Lab UW-Madison		KY015083	Micromonosporaceae;Micromonospora;Micromonospora sp.	Micromonosporaceae	Micromonospora	Micromonospora sp.	1876.0
0	3397	0.1853011880139561	01KA9R7JH7PQ4NDNT10K8ME8Y8.mzML	3397	01KAEM5V6X7W14VAE5H573C2Z2	3398	WMMA2011	Bugni Lab UW-Madison		KY015161	Micromonosporaceae;Micromonospora;Micromonospora sp.	Micromonosporaceae	Micromonospora	Micromonospora sp.	1876.0
0	82	0.189985787367383	01KA9R4PM3JNBES6VX3VX1W4HS.mzML	82	01KA9R6C2735PW9HEVH9786VGR	83	138K-5	Murphy Lab UIC		MK143210	Brevibacteriaceae;Brevibacterium;Brevibacterium sp.	Brevibacteriaceae	Brevibacterium	Brevibacterium sp.	1701.0
0	85	7.771561172376096e-15	01KA9R4PM3JNBES6VX3VX1W4HS.mzML	85	01KA9R4PM3JNBES6VX3VX1W4HS	86	121A-19	Murphy lab UIC		MK143136	Microbacteriaceae;Microbacterium;Microbacterium sp.	Microbacteriaceae	Microbacterium	Microbacterium sp.	51671.0
0	86	0.1830692438225319	01KA9R4PM3JNBES6VX3VX1W4HS.mzML	86	01KA9R71E7K296R6JSP3A2J5WH	87	K489	Murphy Lab UIC			Microbacterium sp. (User Submitted 16S)				
0	83	6.827871601444713e-15	01KA9R753Q02A6K9AC8F0RRNRW.mzML	83	01KA9R753Q02A6K9AC8F0RRNRW	84	K544	Murphy Lab UIC			Kocuria sp. (User Submitted 16S)				
0	102	0.1632767274799109	01KA9R753Q02A6K9AC8F0RRNRW.mzML	102	01KA9R5HF2ZSP3WWSW6NNV95E7	103	135A-15	Murphy Lab UIC		MK163422	Streptomycetaceae;Streptomyces;Streptomyces sp.	Streptomycetaceae	Streptomyces	Streptomyces sp.	1931.0
0	158	0.1167909350820493	01KA9R753Q02A6K9AC8F0RRNRW.mzML	158	01KA9R4CJ05D7GNAEM0AJ68V0M	159	117F-1	Murphy lab UIC		MK143124	Micrococcaceae;Kocuria;Kocuria sp.	Micrococcaceae	Kocuria	Kocuria sp.	1871328.0
0	176	0.1786170338349108	01KA9R753Q02A6K9AC8F0RRNRW.mzML	176	01KA9R6BDHVYKXDYAJ54Q4HN0K	177	138K-25	Murphy lab UIC		MK143195	Micrococcaceae;Micrococcus;Micrococcus sp.	Micrococcaceae	Micrococcus	Micrococcus sp.	1271.0
0	789	0.0776772444695245	01KA9R753Q02A6K9AC8F0RRNRW.mzML	789	01KGR410BXF6DEBWMYZ57WHSYS	790	Kocuria_None_None_RRLuftkeim06_02		Kocuria palustris RRLK06_02_Mess01_01\0_I6\1 | Kocuria palustris RRLK06_02_Mess01_04\0_K7\1 | Kocuria palustris RRLK06_02_Mess01_02\0_K6\1 | Kocuria palustris RRLK06_02_Mess01_03\0_I7\1		Micrococcaceae;Kocuria;Kocuria palustris	Micrococcaceae	Kocuria	Kocuria palustris	71999.0
0	791	0.0696768719601424	01KA9R753Q02A6K9AC8F0RRNRW.mzML	791	01KGR3D8VH35DFHQ2EE8YTPZ1V	792	Kocuria_None_None_RRLuftkeim06_02		Kocuria palustris RRLK06_02_Mess03_01\0_F3\1 | Kocuria palustris RRLK06_02_Mess03_03\0_F4\1 | Kocuria palustris RRLK06_02_Mess03_04\0_H4\1 | Kocuria palustris RRLK06_02_Mess03_02\0_H3\1		Micrococcaceae;Kocuria;Kocuria palustris	Micrococcaceae	Kocuria	Kocuria palustris	71999.0
0	1203	0.1417497157838435	01KA9R753Q02A6K9AC8F0RRNRW.mzML	1203	01JV3FC7J1SZ5GER8HCNG3Y6W1	1204	B-2895	USDA-ARS NRRL		AB915612	Streptomycetaceae;Streptomyces;Streptomyces californicus	Streptomycetaceae	Streptomyces	Streptomyces californicus	67351.0
0	2576	0.1792891975899159	01KA9R753Q02A6K9AC8F0RRNRW.mzML	2576	01KGRN46GM8TVNR7BE4JKA6CFJ	2577	Vibrio_None_None_A500		A500_2\0_N17\1 | A500_1\0_L17\1 | A500_3\0_L18\1 | A500_4\0_N18\1		Vibrionaceae;Vibrio;Vibrio cholerae	Vibrionaceae	Vibrio	Vibrio cholerae	666.0
0	3187	0.0815253895047233	01KA9R753Q02A6K9AC8F0RRNRW.mzML	3187	01KGR33RKVAHM623A88JG8JMP2	3188	Kocuria_None_None_RRLuftkeim06_02		Kocuria palustris RRLK06_02_Mess02_03\0_L14\1 | Kocuria palustris RRLK06_02_Mess02_01\0_L13\1 | Kocuria palustris RRLK06_02_Mess02_02\0_N13\1 | Kocuria palustris RRLK06_02_Mess02_04\0_N14\1		Micrococcaceae;Kocuria;Kocuria palustris	Micrococcaceae	Kocuria	Kocuria palustris	71999.0
0	64	0.1813479745527249	01KABVD7EDZHRJHR0K1NTXK7ZH.mzML	64	01KA9R5135AXBXG68M163YJ1D9	65	129A-35	Murphy Lab UIC		MK168037	Micromonosporaceae;Micromonospora;Micromonospora sp.	Micromonosporaceae	Micromonospora	Micromonospora sp.	1876.0
0	137	0.1296677457756423	01KABVD7EDZHRJHR0K1NTXK7ZH.mzML	137	01KA9R502EM598QFY0NAMWQ4BH	138	129A-2	Murphy Lab UIC		MK168033	Micromonosporaceae;Micromonospora;Micromonospora sp.	Micromonosporaceae	Micromonospora	Micromonospora sp.	1876.0
0	187	0.152023788568391	01KABVD7EDZHRJHR0K1NTXK7ZH.mzML	187	01KA9R7XZV024CS7CNYVBDDZCV	188	K806	Murphy Lab UIC			Micromonospora sp. (User Submitted 16S)				
0	2704	0.1175489200563088	01KABVD7EDZHRJHR0K1NTXK7ZH.mzML	2704	01KABVJR659AEXDY4MCCN7PW67	2705	D081	Murphy Lab UIC			Micromonospora tulbaghiae (User Submitted 16S)				
0	2705	2.55351295663786e-15	01KABVD7EDZHRJHR0K1NTXK7ZH.mzML	2705	01KABVD7EDZHRJHR0K1NTXK7ZH	2706	A040	Murphy Lab UIC			Micromonospora sp. (User Submitted 16S)				
0	2718	0.1820460906899135	01KABVD7EDZHRJHR0K1NTXK7ZH.mzML	2718	01KABVHQM4Z8DQH3VK01W7KJK4	2719	D053	Murphy Lab UIC			Micromonospora sp. (User Submitted 16S)				
0	2724	0.1772153976507169	01KABVD7EDZHRJHR0K1NTXK7ZH.mzML	2724	01KABVESM7KWN3EQNV18Z6SQQS	2725	B016	Murphy Lab UIC			Micromonospora sp. (User Submitted 16S)				
0	2731	0.0962000201373653	01KABVD7EDZHRJHR0K1NTXK7ZH.mzML	2731	01KABVHZ2N5BMEDR5SWJC9NPKY	2732	D054	Murphy Lab UIC			Micromonospora sp. (User Submitted 16S)				
0	2741	0.1760904545646275	01KABVD7EDZHRJHR0K1NTXK7ZH.mzML	2741	01KABVHK5KH3DG3M2BHGF8GKG9	2742	D052	Murphy Lab UIC			Micromonospora sp. (User Submitted 16S)				
0	3268	0.1757639222136779	01KABVD7EDZHRJHR0K1NTXK7ZH.mzML	3268	01KAEM4RZWT59RYBJ73N3S4YC4	3269	WMMA1957	Bugni Lab UW-Madison		KY015125	Micromonosporaceae;Micromonospora;Micromonospora sp.	Micromonosporaceae	Micromonospora	Micromonospora sp.	1876.0
0	3316	0.1436081288937304	01KABVD7EDZHRJHR0K1NTXK7ZH.mzML	3316	01KAEM6N1T0RXX1RNFA2QGHB0M	3317	WMMD1076	Bugni Lab UW-Madison		GCA_029581475.1	Micromonosporaceae;Micromonospora;Micromonospora sp. WMMD1076	Micromonosporaceae	Micromonospora	Micromonospora sp. WMMD1076	3016103.0
0	3348	0.1700722022391215	01KABVD7EDZHRJHR0K1NTXK7ZH.mzML	3348	01KAEM3PX2HY9JKWDJ0JE0R0YJ	3349	WMMA1897	Bugni Lab UW-Madison		KY015093	Micromonosporaceae;Micromonospora;Micromonospora sp.	Micromonosporaceae	Micromonospora	Micromonospora sp.	1876.0
0	3371	0.1880940761129518	01KABVD7EDZHRJHR0K1NTXK7ZH.mzML	3371	01KAEM6EV4W4G9YBP9M2ZZEDVY	3372	WMMB235	Bugni Lab UW-Madison		GCA_001855515.1	Micromonosporaceae;Micromonospora;Micromonospora sp. WMMB235	Micromonosporaceae	Micromonospora	Micromonospora sp. WMMB235	1172030.0
0	3372	0.1772594129826762	01KABVD7EDZHRJHR0K1NTXK7ZH.mzML	3372	01KAEM5BD7XFT4R419PNECS3A4	3373	WMMA1978	Bugni Lab UW-Madison		KY015141	Micromonosporaceae;Micromonospora;Micromonospora sp.	Micromonosporaceae	Micromonospora	Micromonospora sp.	1876.0
0	3375	0.1547063339227471	01KABVD7EDZHRJHR0K1NTXK7ZH.mzML	3375	01KAEM5N4P95CJEBQZSQQMJ3PS	3376	WMMA2000	Bugni Lab UW-Madison		KY015151	Micromonosporaceae;Micromonospora;Micromonospora sp.	Micromonosporaceae	Micromonospora	Micromonospora sp.	1876.0
0	3387	0.1881906942867295	01KABVD7EDZHRJHR0K1NTXK7ZH.mzML	3387	01KAEM5YZMDJ3MRYGR1XAYSX97	3388	WMMA2014	Bugni Lab UW-Madison		KY015164	Micromonosporaceae;Micromonospora;Micromonospora sp.	Micromonosporaceae	Micromonospora	Micromonospora sp.	1876.0
0	64	0.057484085630003	01KABVEM6E13AXGMH5NS3GEVFW.mzML	64	01KA9R5135AXBXG68M163YJ1D9	65	129A-35	Murphy Lab UIC		MK168037	Micromonosporaceae;Micromonospora;Micromonospora sp.	Micromonosporaceae	Micromonospora	Micromonospora sp.	1876.0
0	73	0.1156831871930389	01KABVEM6E13AXGMH5NS3GEVFW.mzML	73	01KA9R7X14AF8YZA67AFG150N1	74	K792	Murphy Lab UIC			Micromonospora sp. (User Submitted 16S)				
0	95	0.1893803662784116	01KABVEM6E13AXGMH5NS3GEVFW.mzML	95	01KA9R7HAP8T2859SKA9XJF8XF	96	K699	Murphy Lab UIC			Micromonospora sp. (User Submitted 16S)				
0	137	0.073731523322448	01KABVEM6E13AXGMH5NS3GEVFW.mzML	137	01KA9R502EM598QFY0NAMWQ4BH	138	129A-2	Murphy Lab UIC		MK168033	Micromonosporaceae;Micromonospora;Micromonospora sp.	Micromonosporaceae	Micromonospora	Micromonospora sp.	1876.0
0	151	0.1220300167172419	01KABVEM6E13AXGMH5NS3GEVFW.mzML	151	01KA9R7W1N77QNBT9ACTE879WS	152	K787	Murphy Lab UIC			Micromonospora sp. (User Submitted 16S)				
0	169	0.1645359918183208	01KABVEM6E13AXGMH5NS3GEVFW.mzML	169	01KA9R61DZ14QDHWGF5AYV69CT	170	138D-1	Murphy Lab UIC		MK143204	Micromonosporaceae;Micromonospora;Micromonospora sp.	Micromonosporaceae	Micromonospora	Micromonospora sp.	1876.0
0	187	0.1265809257550952	01KABVEM6E13AXGMH5NS3GEVFW.mzML	187	01KA9R7XZV024CS7CNYVBDDZCV	188	K806	Murphy Lab UIC			Micromonospora sp. (User Submitted 16S)				
0	2704	0.1886619195484247	01KABVEM6E13AXGMH5NS3GEVFW.mzML	2704	01KABVJR659AEXDY4MCCN7PW67	2705	D081	Murphy Lab UIC			Micromonospora tulbaghiae (User Submitted 16S)				
0	2706	0.1507156477575099	01KABVEM6E13AXGMH5NS3GEVFW.mzML	2706	01KABVEESWCMN2RCXM1EF85QXF	2707	B012	Murphy Lab UIC		KY858247	Micromonosporaceae;Micromonospora;Micromonospora chokoriensis	Micromonosporaceae	Micromonospora	Micromonospora chokoriensis	356851.0
0	2707	1.942890293094024e-15	01KABVEM6E13AXGMH5NS3GEVFW.mzML	2707	01KABVEM6E13AXGMH5NS3GEVFW	2708	B013	Murphy Lab UIC			Micromonospora tulbaghiae (User Submitted 16S)				
0	2708	0.1769053066246608	01KABVEM6E13AXGMH5NS3GEVFW.mzML	2708	01KABVG4816P8MNPYHYEXFA5N3	2709	B031	Murphy Lab UIC			Micromonospora sp. (User Submitted 16S)				
0	2710	0.1669260292375601	01KABVEM6E13AXGMH5NS3GEVFW.mzML	2710	01KABVJD25776HYCW46YPZ6JJZ	2711	D077	Murphy Lab UIC			Micromonospora humi (User Submitted 16S)				
0	2713	0.0739617976649943	01KABVEM6E13AXGMH5NS3GEVFW.mzML	2713	01KABVFVY7F65NR3CH41M8RZCG	2714	B026	Murphy Lab UIC		KP009553	Micromonosporaceae;Micromonospora;Micromonospora sp. B026	Micromonosporaceae	Micromonospora	Micromonospora sp. B026	1611404.0
0	2732	0.1533261909660452	01KABVEM6E13AXGMH5NS3GEVFW.mzML	2732	01KABVDV9YX1DD0E5NB194KTP9	2733	B006	Murphy Lab UIC			Micromonospora sp. (User Submitted 16S)				
0	2739	0.1666689175918507	01KABVEM6E13AXGMH5NS3GEVFW.mzML	2739	01KABVG79A32Y6M4JVM4ZYZKAF	2740	B032	Murphy Lab UIC			Micromonospora sp. (User Submitted 16S)				
0	3260	0.175830643966211	01KABVEM6E13AXGMH5NS3GEVFW.mzML	3260	01KAEM76058VT8WH0BHPJJ91TP	3261	WMMD937	Bugni Lab UW-Madison		GCA_029581175.1	Micromonosporaceae;Solwaraspora;Solwaraspora sp. WMMD937	Micromonosporaceae	Solwaraspora	Solwaraspora sp. WMMD937	3016090.0
0	3261	0.1669228771758235	01KABVEM6E13AXGMH5NS3GEVFW.mzML	3261	01KAEM2PEJZ2BB76HDG7QCM6MF	3262	WMMA1833	Bugni Lab UW-Madison		KY015187	Micromonosporaceae;Micromonospora;Verrucosispora sp.	Micromonosporaceae	Micromonospora	Verrucosispora sp.	1871626.0
0	3264	0.106764132578465	01KABVEM6E13AXGMH5NS3GEVFW.mzML	3264	01KAEM3SQBAZ7X3W5WJJH4KSP6	3265	WMMA1899	Bugni Lab UW-Madison		KY015095	Micromonosporaceae;Micromonospora;Micromonospora sp.	Micromonosporaceae	Micromonospora	Micromonospora sp.	1876.0
0	3265	0.1486470157103826	01KABVEM6E13AXGMH5NS3GEVFW.mzML	3265	01KAEM7A4C05CKZRRK7NAEEC6M	3266	WMMD964	Bugni Lab UW-Madison		GCA_029581455.1	Micromonosporaceae;Micromonospora;Micromonospora sp. WMMD964	Micromonosporaceae	Micromonospora	Micromonospora sp. WMMD964	3016091.0
0	3267	0.0856428240133589	01KABVEM6E13AXGMH5NS3GEVFW.mzML	3267	01KAEM47QA3Y8X528R3ZP2FQ93	3268	WMMA1912	Bugni Lab UW-Madison		KY015104	Micromonosporaceae;Micromonospora;Micromonospora sp.	Micromonosporaceae	Micromonospora	Micromonospora sp.	1876.0
0	3268	0.1205171589529201	01KABVEM6E13AXGMH5NS3GEVFW.mzML	3268	01KAEM4RZWT59RYBJ73N3S4YC4	3269	WMMA1957	Bugni Lab UW-Madison		KY015125	Micromonosporaceae;Micromonospora;Micromonospora sp.	Micromonosporaceae	Micromonospora	Micromonospora sp.	1876.0
0	3269	0.1576783270977169	01KABVEM6E13AXGMH5NS3GEVFW.mzML	3269	01KAEM2QQG5HJ77W1BP31Z6MX5	3270	WMMA1834	Bugni Lab UW-Madison		KY015188	Micromonosporaceae;Micromonospora;Verrucosispora sp.	Micromonosporaceae	Micromonospora	Verrucosispora sp.	1871626.0
0	3271	0.1386711555902595	01KABVEM6E13AXGMH5NS3GEVFW.mzML	3271	01KAEM70MTGV5C0JCVAAYWFWJ5	3272	WMMD718	Bugni Lab UW-Madison		GCA_029626075.1	Micromonosporaceae;Micromonospora;Micromonospora sp. WMMD718	Micromonosporaceae	Micromonospora	Micromonospora sp. WMMD718	3016098.0
0	3272	0.1339490461409365	01KABVEM6E13AXGMH5NS3GEVFW.mzML	3272	01KAEM7DACZ1W1DK65CWYDM3JJ	3273	WMMD998	Bugni Lab UW-Madison		GCA_029581235.1	Micromonosporaceae;Micromonospora;Micromonospora sp. WMMD998	Micromonosporaceae	Micromonospora	Micromonospora sp. WMMD998	3016092.0
0	3274	0.1607702577360032	01KABVEM6E13AXGMH5NS3GEVFW.mzML	3274	01KAEM5S1ADMAES326ZH34TQF2	3275	WMMA2009	Bugni Lab UW-Madison		KY015159	Micromonosporaceae;Micromonospora;Micromonospora sp.	Micromonosporaceae	Micromonospora	Micromonospora sp.	1876.0
0	3277	0.1242522663758651	01KABVEM6E13AXGMH5NS3GEVFW.mzML	3277	01KAEM7EJ8MCQC0WY7106YYBQN	3278	WMMA1923	Bugni Lab UW-Madison		KY015110	Micromonosporaceae;Micromonospora;Micromonospora sp.	Micromonosporaceae	Micromonospora	Micromonospora sp.	1876.0
0	3278	0.169449042877591	01KABVEM6E13AXGMH5NS3GEVFW.mzML	3278	01KAEM508G22MZD67XTZRBW5H9	3279	WMMA1967	Bugni Lab UW-Madison		KY015131	Micromonosporaceae;Micromonospora;Micromonospora sp.	Micromonosporaceae	Micromonospora	Micromonospora sp.	1876.0
0	3279	0.1742068400196723	01KABVEM6E13AXGMH5NS3GEVFW.mzML	3279	01KAEM2ETT39MHHHCDFG4R8CV4	3280	WMMA1823	Bugni Lab UW-Madison		KY015181	Micromonosporaceae;Micromonospora;Verrucosispora sp.	Micromonosporaceae	Micromonospora	Verrucosispora sp.	1871626.0
0	3280	0.1246805747281402	01KABVEM6E13AXGMH5NS3GEVFW.mzML	3280	01KAEM6KBK5Y14ZAKXC2DTAAFE	3281	WMMC273	Bugni Lab UW-Madison		GCA_027460285.1	Micromonosporaceae;Micromonospora;Micromonospora sp. WMMC273	Micromonosporaceae	Micromonospora	Micromonospora sp. WMMC273	3015157.0
0	3281	0.1128420743332093	01KABVEM6E13AXGMH5NS3GEVFW.mzML	3281	01KAEM3GCHVFR3A64QED3YRD5V	3282	WMMA1892	Bugni Lab UW-Madison		KY015088	Micromonosporaceae;Micromonospora;Micromonospora sp.	Micromonosporaceae	Micromonospora	Micromonospora sp.	1876.0
0	3282	0.074030507683347	01KABVEM6E13AXGMH5NS3GEVFW.mzML	3282	01KAEM5T6BQE9HNWMP8SHK8KYM	3283	WMMA2010	Bugni Lab UW-Madison		KY015160	Micromonosporaceae;Micromonospora;Micromonospora sp.	Micromonosporaceae	Micromonospora	Micromonospora sp.	1876.0
0	3283	0.0821997847014889	01KABVEM6E13AXGMH5NS3GEVFW.mzML	3283	01KAEM3FDP54J4SWP2ABA5W8T2	3284	WMMA1891	Bugni Lab UW-Madison		KY015087	Micromonosporaceae;Micromonospora;Micromonospora sp.	Micromonosporaceae	Micromonospora	Micromonospora sp.	1876.0
0	3284	0.1660213794858313	01KABVEM6E13AXGMH5NS3GEVFW.mzML	3284	01KAEM5ET506087KW4WS7FGCGY	3285	WMMA1991	Bugni Lab UW-Madison		KY015145	Micromonosporaceae;Micromonospora;Micromonospora sp.	Micromonosporaceae	Micromonospora	Micromonospora sp.	1876.0
0	3285	0.0648311597451728	01KABVEM6E13AXGMH5NS3GEVFW.mzML	3285	01KAEM3P2DNFWBMCQCVR1ERR3R	3286	WMMA1896	Bugni Lab UW-Madison		KY015092	Micromonosporaceae;Micromonospora;Micromonospora sp.	Micromonosporaceae	Micromonospora	Micromonospora sp.	1876.0
0	3286	0.0949152580820849	01KABVEM6E13AXGMH5NS3GEVFW.mzML	3286	01KAEM4QBT90QGWRQW6NFRRB4P	3287	WMMA1953	Bugni Lab UW-Madison		KY015122	Micromonosporaceae;Micromonospora;Micromonospora sp.	Micromonosporaceae	Micromonospora	Micromonospora sp.	1876.0
0	3287	0.0387991432950189	01KABVEM6E13AXGMH5NS3GEVFW.mzML	3287	01KAEM534PSTRZA2N2A3QBBXFG	3288	WMMA1970	Bugni Lab UW-Madison		KY015134	Micromonosporaceae;Micromonospora;Micromonospora sp.	Micromonosporaceae	Micromonospora	Micromonospora sp.	1876.0
0	3288	0.1379359361367355	01KABVEM6E13AXGMH5NS3GEVFW.mzML	3288	01KAEM59ZNGTA92TD0M6KT33VZ	3289	WMMA1976	Bugni Lab UW-Madison		GCA_027497335.1	Micromonosporaceae;Micromonospora;Micromonospora sp. WMMA1976	Micromonosporaceae	Micromonospora	Micromonospora sp. WMMA1976	3014995.0
0	3291	0.1788727798413567	01KABVEM6E13AXGMH5NS3GEVFW.mzML	3291	01KAEM55CGM34NAP9Z3BTE1PX5	3292	WMMA1973	Bugni Lab UW-Madison		KY015136	Micromonosporaceae;Micromonospora;Micromonospora sp.	Micromonosporaceae	Micromonospora	Micromonospora sp.	1876.0
0	3293	0.1893059923271042	01KABVEM6E13AXGMH5NS3GEVFW.mzML	3293	01KAEM54RC9X0V603SHKQ78NMH	3294	WMMA1971	Bugni Lab UW-Madison		KY015135	Micromonosporaceae;Micromonospora;Micromonospora sp.	Micromonosporaceae	Micromonospora	Micromonospora sp.	1876.0
0	3294	0.0895528994661965	01KABVEM6E13AXGMH5NS3GEVFW.mzML	3294	01KAEM4C39Q7TJA83NNGAHPZC5	3295	WMMA1922	Bugni Lab UW-Madison		KY015109	Micromonosporaceae;Micromonospora;Micromonospora sp.	Micromonosporaceae	Micromonospora	Micromonospora sp.	1876.0
0	3295	0.1288305903189912	01KABVEM6E13AXGMH5NS3GEVFW.mzML	3295	01KAEM5BWQ2AJE02GTW8QEQRNN	3296	WMMA1979	Bugni Lab UW-Madison		KY015142	Micromonosporaceae;Micromonospora;Micromonospora sp.	Micromonosporaceae	Micromonospora	Micromonospora sp.	1876.0
0	3296	0.1217861912708326	01KABVEM6E13AXGMH5NS3GEVFW.mzML	3296	01KAEM2XARW6MNS4S2XV6V7K0B	3297	WMMA1848	Bugni Lab UW-Madison		KY015193	Micromonosporaceae;Micromonospora;Verrucosispora sp.	Micromonosporaceae	Micromonospora	Verrucosispora sp.	1871626.0
0	3297	0.0974986427959573	01KABVEM6E13AXGMH5NS3GEVFW.mzML	3297	01KAEM3WD006ZECTX2XF08AQX4	3298	WMMA1901	Bugni Lab UW-Madison		KY015097	Micromonosporaceae;Micromonospora;Micromonospora sp.	Micromonosporaceae	Micromonospora	Micromonospora sp.	1876.0
0	3298	0.1699960077065169	01KABVEM6E13AXGMH5NS3GEVFW.mzML	3298	01KAEM3EEN63NJAYA68GJG5X8N	3299	WMMA1890	Bugni Lab UW-Madison		KY015086	Micromonosporaceae;Micromonospora;Micromonospora sp.	Micromonosporaceae	Micromonospora	Micromonospora sp.	1876.0
0	3300	0.1629657325674749	01KABVEM6E13AXGMH5NS3GEVFW.mzML	3300	01KAEM4G4PJG4A8B33NFAZYAXJ	3301	WMMA1946	Bugni Lab UW-Madison		KY015116	Micromonosporaceae;Micromonospora;Micromonospora sp.	Micromonosporaceae	Micromonospora	Micromonospora sp.	1876.0
0	3301	0.1415713984228835	01KABVEM6E13AXGMH5NS3GEVFW.mzML	3301	01KAEM602WQS98CMQA0MFX7V2X	3302	WMMA2015	Bugni Lab UW-Madison		KY015165	Micromonosporaceae;Micromonospora;Micromonospora sp.	Micromonosporaceae	Micromonospora	Micromonospora sp.	1876.0
0	3302	0.1439514198364584	01KABVEM6E13AXGMH5NS3GEVFW.mzML	3302	01KAEM333WGY4DANSKAQVPQ3BB	3303	WMMA1854	Bugni Lab UW-Madison		KY015197	Micromonosporaceae;Micromonospora;Verrucosispora sp.	Micromonosporaceae	Micromonospora	Verrucosispora sp.	1871626.0
0	3305	0.1691446091130475	01KABVEM6E13AXGMH5NS3GEVFW.mzML	3305	01KAEM5GK810JE1F8D2MZ771HN	3306	WMMA1993	Bugni Lab UW-Madison		KY015146	Micromonosporaceae;Micromonospora;Micromonospora sp.	Micromonosporaceae	Micromonospora	Micromonospora sp.	1876.0
0	3306	0.1659496600539707	01KABVEM6E13AXGMH5NS3GEVFW.mzML	3306	01KAEM2E3B2C3M076VF33DVWZG	3307	WMMA1822	Bugni Lab UW-Madison		KY015180	Micromonosporaceae;Micromonospora;Verrucosispora sp.	Micromonosporaceae	Micromonospora	Verrucosispora sp.	1871626.0
0	3308	0.1255234422085973	01KABVEM6E13AXGMH5NS3GEVFW.mzML	3308	01KAEM593HP01GV0WN7D01VJAA	3309	WMMA1975	Bugni Lab UW-Madison		KY015138	Micromonosporaceae;Micromonospora;Micromonospora sp.	Micromonosporaceae	Micromonospora	Micromonospora sp.	1876.0
0	3309	0.0445509250931798	01KABVEM6E13AXGMH5NS3GEVFW.mzML	3309	01KAEM3R6ZGJM6H9VFPE3NG99N	3310	WMMA1898	Bugni Lab UW-Madison		KY015094	Micromonosporaceae;Micromonospora;Micromonospora sp.	Micromonosporaceae	Micromonospora	Micromonospora sp.	1876.0
0	3311	0.1783752287255282	01KABVEM6E13AXGMH5NS3GEVFW.mzML	3311	01KAEM62KKJWN9SK3PKEEQZ9T1	3312	WMMA2043	Bugni Lab UW-Madison		KY015204	Micromonosporaceae;Micromonospora;Verrucosispora sp.	Micromonosporaceae	Micromonospora	Verrucosispora sp.	1871626.0
0	3312	0.0940973080745293	01KABVEM6E13AXGMH5NS3GEVFW.mzML	3312	01KAEM5WFA9RC0C5P7RBFY1W65	3313	WMMA2012	Bugni Lab UW-Madison		KY015162	Micromonosporaceae;Micromonospora;Micromonospora sp.	Micromonosporaceae	Micromonospora	Micromonospora sp.	1876.0
0	3314	0.1275418393196964	01KABVEM6E13AXGMH5NS3GEVFW.mzML	3314	01KAEM6E7CEG461QBGHW370682	3315	WMMA2121	Bugni Lab UW-Madison		GCA_027460185.1	Micromonosporaceae;Micromonospora;Verrucosispora sp. WMMA2121	Micromonosporaceae	Micromonospora	Verrucosispora sp. WMMA2121	3015164.0
0	3316	0.077720361665845	01KABVEM6E13AXGMH5NS3GEVFW.mzML	3316	01KAEM6N1T0RXX1RNFA2QGHB0M	3317	WMMD1076	Bugni Lab UW-Madison		GCA_029581475.1	Micromonosporaceae;Micromonospora;Micromonospora sp. WMMD1076	Micromonosporaceae	Micromonospora	Micromonospora sp. WMMD1076	3016103.0
0	3318	0.125421514168475	01KABVEM6E13AXGMH5NS3GEVFW.mzML	3318	01KAEM39QKWHD3H9KAXQFQVNTE	3319	WMMA1860	Bugni Lab UW-Madison		KY015201	Micromonosporaceae;Micromonospora;Verrucosispora sp.	Micromonosporaceae	Micromonospora	Verrucosispora sp.	1871626.0
0	3320	0.0945080835411565	01KABVEM6E13AXGMH5NS3GEVFW.mzML	3320	01KAEM4Y4Y9D5TMCEYK5X2V9W5	3321	WMMA1962	Bugni Lab UW-Madison		KY015129	Micromonosporaceae;Micromonospora;Micromonospora sp.	Micromonosporaceae	Micromonospora	Micromonospora sp.	1876.0
0	3321	0.1722350203046235	01KABVEM6E13AXGMH5NS3GEVFW.mzML	3321	01KAEM6WFSCH7MFKNK1V3QHDK1	3322	WMMD573	Bugni Lab UW-Madison		GCA_027497175.1	Micromonosporaceae;Micromonospora;Verrucosispora sp. WMMD573	Micromonosporaceae	Micromonospora	Verrucosispora sp. WMMD573	3015149.0
0	3322	0.1776534073753577	01KABVEM6E13AXGMH5NS3GEVFW.mzML	3322	01KAEM49Q453FHQAVKFBP400QK	3323	WMMA1915	Bugni Lab UW-Madison		KY015107	Micromonosporaceae;Micromonospora;Micromonospora sp.	Micromonosporaceae	Micromonospora	Micromonospora sp.	1876.0
0	3323	0.1398732321041875	01KABVEM6E13AXGMH5NS3GEVFW.mzML	3323	01KAEM6NJ15M2AC7KMVWGDZ4RD	3324	WMMD1082	Bugni Lab UW-Madison		GCA_029626175.1	Micromonosporaceae;Micromonospora;Micromonospora sp. WMMD1082	Micromonosporaceae	Micromonospora	Micromonospora sp. WMMD1082	3016104.0
0	3325	0.1479203363641807	01KABVEM6E13AXGMH5NS3GEVFW.mzML	3325	01KAEM5QH9B0D9FQRAT45HG21X	3326	WMMA2003	Bugni Lab UW-Madison		KY015153	Micromonosporaceae;Micromonospora;Micromonospora sp.	Micromonosporaceae	Micromonospora	Micromonospora sp.	1876.0
0	3326	0.0924682772892337	01KABVEM6E13AXGMH5NS3GEVFW.mzML	3326	01KAEM4EH07MZM8TEJ5V1C4AJH	3327	WMMA1933	Bugni Lab UW-Madison		KY015114	Micromonosporaceae;Micromonospora;Micromonospora sp.	Micromonosporaceae	Micromonospora	Micromonospora sp.	1876.0
0	3328	0.1637765781695661	01KABVEM6E13AXGMH5NS3GEVFW.mzML	3328	01KAEM5M26TC6XKN2V0XVGZXDT	3329	WMMA1998	Bugni Lab UW-Madison		GCA_027497375.1	Micromonosporaceae;Micromonospora;Micromonospora sp. WMMA1998	Micromonosporaceae	Micromonospora	Micromonospora sp. WMMA1998	3015167.0
0	3330	0.1180016862464936	01KABVEM6E13AXGMH5NS3GEVFW.mzML	3330	01KAEM7AXV70C2W19YKCPCVVBQ	3331	WMMD967	Bugni Lab UW-Madison		GCA_029626165.1	Micromonosporaceae;Micromonospora;Micromonospora sp. WMMD967	Micromonosporaceae	Micromonospora	Micromonospora sp. WMMD967	3016101.0
0	3331	0.1434525399725407	01KABVEM6E13AXGMH5NS3GEVFW.mzML	3331	01KAEM6C4VZ95DQF7VTW2N6DDG	3332	WMMA2054	Bugni Lab UW-Madison		KY015213	Micromonosporaceae;Micromonospora;Verrucosispora sp.	Micromonosporaceae	Micromonospora	Verrucosispora sp.	1871626.0
0	3333	0.1259791634711383	01KABVEM6E13AXGMH5NS3GEVFW.mzML	3333	01KAEM2J4N14VY7VNFPJ93RXYR	3334	WMMA1828	Bugni Lab UW-Madison		KY015184	Micromonosporaceae;Micromonospora;Verrucosispora sp.	Micromonosporaceae	Micromonospora	Verrucosispora sp.	1871626.0
0	3335	0.135598719327868	01KABVEM6E13AXGMH5NS3GEVFW.mzML	3335	01KAEM463DN5ZYWERKSF04ZCCR	3336	WMMA1908	Bugni Lab UW-Madison		KY015102	Micromonosporaceae;Micromonospora;Micromonospora sp.	Micromonosporaceae	Micromonospora	Micromonospora sp.	1876.0
0	3338	0.112452865400461	01KABVEM6E13AXGMH5NS3GEVFW.mzML	3338	01KAEM4B1WGAQ49A7VXPPY79GA	3339	WMMA1921	Bugni Lab UW-Madison		KY015108	Micromonosporaceae;Micromonospora;Micromonospora sp.	Micromonosporaceae	Micromonospora	Micromonospora sp.	1876.0
0	3340	0.0772513202333476	01KABVEM6E13AXGMH5NS3GEVFW.mzML	3340	01KAEM6FA28CMM1HHVK3QWWPM2	3341	WMMB482	Bugni Lab UW-Madison		GCA_019038635.1	Micromonosporaceae;Micromonospora;Micromonospora sp. WMMB482	Micromonosporaceae	Micromonospora	Micromonospora sp. WMMB482	2849653.0
0	3342	0.1817039224979627	01KABVEM6E13AXGMH5NS3GEVFW.mzML	3342	01KAEM5205V182ZMYH4GWWT75N	3343	WMMA1968	Bugni Lab UW-Madison		KY015132	Micromonosporaceae;Micromonospora;Micromonospora sp.	Micromonosporaceae	Micromonospora	Micromonospora sp.	1876.0
0	3344	0.1868285149594927	01KABVEM6E13AXGMH5NS3GEVFW.mzML	3344	01KAEM4P38YMP6KNFDYQ3V7F8P	3345	WMMA1951	Bugni Lab UW-Madison		KY015121	Micromonosporaceae;Micromonospora;Micromonospora sp.	Micromonosporaceae	Micromonospora	Micromonospora sp.	1876.0
0	3345	0.0936634225342252	01KABVEM6E13AXGMH5NS3GEVFW.mzML	3345	01KAEM4DDCEZ14WXD51KEEPW53	3346	WMMA1925	Bugni Lab UW-Madison		KY015111	Micromonosporaceae;Micromonospora;Micromonospora sp.	Micromonosporaceae	Micromonospora	Micromonospora sp.	1876.0
0	3346	0.1105053798293284	01KABVEM6E13AXGMH5NS3GEVFW.mzML	3346	01KAEM3BS403H999QG5SZN44QM	3347	WMMA1888	Bugni Lab UW-Madison		KY015084	Micromonosporaceae;Micromonospora;Micromonospora sp.	Micromonosporaceae	Micromonospora	Micromonospora sp.	1876.0
0	3347	0.1302928269142044	01KABVEM6E13AXGMH5NS3GEVFW.mzML	3347	01KAEM63PFC01ZNNWAYHBZ2TWM	3348	WMMA2044	Bugni Lab UW-Madison		GCA_027497155.1	Micromonosporaceae;Micromonospora;Verrucosispora sp. WMMA2044	Micromonosporaceae	Micromonospora	Verrucosispora sp. WMMA2044	3016419.0
0	3348	0.0433850145279106	01KABVEM6E13AXGMH5NS3GEVFW.mzML	3348	01KAEM3PX2HY9JKWDJ0JE0R0YJ	3349	WMMA1897	Bugni Lab UW-Madison		KY015093	Micromonosporaceae;Micromonospora;Micromonospora sp.	Micromonosporaceae	Micromonospora	Micromonospora sp.	1876.0
0	3349	0.1245778138285283	01KABVEM6E13AXGMH5NS3GEVFW.mzML	3349	01KAEM4K67NYXNFSDWPTTDK5JH	3350	WMMA1949	Bugni Lab UW-Madison		GCA_027460145.1	Micromonosporaceae;Micromonospora;Micromonospora sp. WMMA1949	Micromonosporaceae	Micromonospora	Micromonospora sp. WMMA1949	3015162.0
0	3350	0.1408759840389327	01KABVEM6E13AXGMH5NS3GEVFW.mzML	3350	01KAEM67QMVDGEV5X50WSKPQT7	3351	WMMA2052	Bugni Lab UW-Madison		KY015211	Micromonosporaceae;Micromonospora;Verrucosispora sp.	Micromonosporaceae	Micromonospora	Verrucosispora sp.	1871626.0
0	3351	0.1772461290191916	01KABVEM6E13AXGMH5NS3GEVFW.mzML	3351	01KAEM380ZCH704R8WRERW2CV3	3352	WMMA1858	Bugni Lab UW-Madison		KY015200	Micromonosporaceae;Micromonospora;Micromonospora sp.	Micromonosporaceae	Micromonospora	Micromonospora sp.	1876.0
0	3352	0.1182239154088027	01KABVEM6E13AXGMH5NS3GEVFW.mzML	3352	01KAEM5E4JEXW276KERE0VYFY9	3353	WMMA1990	Bugni Lab UW-Madison		KY015144	Micromonosporaceae;Micromonospora;Micromonospora sp.	Micromonosporaceae	Micromonospora	Micromonospora sp.	1876.0
0	3353	0.1193820843618025	01KABVEM6E13AXGMH5NS3GEVFW.mzML	3353	01KAEM2KQFBTYMYG9JXTQTJCH1	3354	WMMA1829	Bugni Lab UW-Madison		KY015185	Micromonosporaceae;Micromonospora;Verrucosispora sp.	Micromonosporaceae	Micromonospora	Verrucosispora sp.	1871626.0
0	3354	0.1553416753011682	01KABVEM6E13AXGMH5NS3GEVFW.mzML	3354	01KAEM5PNP17Q7E8JX165MHQQY	3355	WMMA2002	Bugni Lab UW-Madison		KY015152	Micromonosporaceae;Micromonospora;Micromonospora sp.	Micromonosporaceae	Micromonospora	Micromonospora sp.	1876.0
0	3355	0.1740323616674183	01KABVEM6E13AXGMH5NS3GEVFW.mzML	3355	01KAEM7BE02VW9WFHDZ6PVYCAZ	3356	WMMD980	Bugni Lab UW-Madison		GCA_029626035.1	Micromonosporaceae;Micromonospora;Micromonospora sp. WMMD980	Micromonosporaceae	Micromonospora	Micromonospora sp. WMMD980	3016088.0
0	3356	0.096790261871629	01KABVEM6E13AXGMH5NS3GEVFW.mzML	3356	01KAEM408ZA2PQ0BK2539EZR6P	3357	WMMA1906	Bugni Lab UW-Madison		KY015100	Micromonosporaceae;Micromonospora;Micromonospora sp.	Micromonosporaceae	Micromonospora	Micromonospora sp.	1876.0
0	3357	0.1894086619371154	01KABVEM6E13AXGMH5NS3GEVFW.mzML	3357	01KAEM4QX8P6CM7CR3ERAQCQYR	3358	WMMA1954	Bugni Lab UW-Madison		KY015123	Micromonosporaceae;Micromonospora;Micromonospora sp.	Micromonosporaceae	Micromonospora	Micromonospora sp.	1876.0
0	3358	0.1619307583771477	01KABVEM6E13AXGMH5NS3GEVFW.mzML	3358	01KAEM4H40HZXRMJF18AY3H26J	3359	WMMA1947	Bugni Lab UW-Madison		GCA_027497355.1	Micromonosporaceae;Micromonospora;Micromonospora sp. WMMA1947	Micromonosporaceae	Micromonospora	Micromonospora sp. WMMA1947	3015163.0
0	3360	0.1581299222806067	01KABVEM6E13AXGMH5NS3GEVFW.mzML	3360	01KAEM3XJA57D9PNJXD4BX4JG8	3361	WMMA1902	Bugni Lab UW-Madison		KY015098	Micromonosporaceae;Micromonospora;Micromonospora sp.	Micromonosporaceae	Micromonospora	Micromonospora sp.	1876.0
0	3361	0.0907344701810622	01KABVEM6E13AXGMH5NS3GEVFW.mzML	3361	01KAEM4MZ0STYBJZRVJCMRHRHM	3362	WMMA1950	Bugni Lab UW-Madison		KY015120	Micromonosporaceae;Micromonospora;Micromonospora sp.	Micromonosporaceae	Micromonospora	Micromonospora sp.	1876.0
0	3362	0.0747499431870191	01KABVEM6E13AXGMH5NS3GEVFW.mzML	3362	01KAEM3D3SH04RPDFYPDC7XBV9	3363	WMMA1889	Bugni Lab UW-Madison		KY015085	Micromonosporaceae;Micromonospora;Micromonospora sp.	Micromonosporaceae	Micromonospora	Micromonospora sp.	1876.0
0	3364	0.1127895190767638	01KABVEM6E13AXGMH5NS3GEVFW.mzML	3364	01KAEM494KD1PZ6DBHH3QVBZ7H	3365	WMMA1914	Bugni Lab UW-Madison		KY015106	Micromonosporaceae;Micromonospora;Micromonospora sp.	Micromonosporaceae	Micromonospora	Micromonospora sp.	1876.0
0	3366	0.1331459289901663	01KABVEM6E13AXGMH5NS3GEVFW.mzML	3366	01KAEM6J49DY9JAC8443R0WT0T	3367	WMMC264	Bugni Lab UW-Madison		GCA_027497275.1	Micromonosporaceae;Micromonospora;Micromonospora sp. WMMC264	Micromonosporaceae	Micromonospora	Micromonospora sp. WMMC264	3015158.0
0	3367	0.1483137884922855	01KABVEM6E13AXGMH5NS3GEVFW.mzML	3367	01KAEM74TARTBB8B6KQP3RS4JC	3368	WMMD812	Bugni Lab UW-Madison		GCA_027497215.1	Micromonosporaceae;Micromonospora;Micromonospora sp. WMMD812	Micromonosporaceae	Micromonospora	Micromonospora sp. WMMD812	3015152.0
0	3368	0.0727447832452433	01KABVEM6E13AXGMH5NS3GEVFW.mzML	3368	01KAEM3YN0X4TRWCETMSC3Y6NH	3369	WMMA1903	Bugni Lab UW-Madison		KY015099	Micromonosporaceae;Micromonospora;Micromonospora sp.	Micromonosporaceae	Micromonospora	Micromonospora sp.	1876.0
0	3369	0.1230629634196747	01KABVEM6E13AXGMH5NS3GEVFW.mzML	3369	01KAEM6SY9J2Q0D9JDD0NGM97Z	3370	WMMD1128	Bugni Lab UW-Madison		GCA_027497235.1	Micromonosporaceae;Micromonospora;Micromonospora sp. WMMD1128	Micromonosporaceae	Micromonospora	Micromonospora sp. WMMD1128	3015150.0
0	3371	0.1364041246350042	01KABVEM6E13AXGMH5NS3GEVFW.mzML	3371	01KAEM6EV4W4G9YBP9M2ZZEDVY	3372	WMMB235	Bugni Lab UW-Madison		GCA_001855515.1	Micromonosporaceae;Micromonospora;Micromonospora sp. WMMB235	Micromonosporaceae	Micromonospora	Micromonospora sp. WMMB235	1172030.0
0	3372	0.0297261001183648	01KABVEM6E13AXGMH5NS3GEVFW.mzML	3372	01KAEM5BD7XFT4R419PNECS3A4	3373	WMMA1978	Bugni Lab UW-Madison		KY015141	Micromonosporaceae;Micromonospora;Micromonospora sp.	Micromonosporaceae	Micromonospora	Micromonospora sp.	1876.0
0	3373	0.1477499293546182	01KABVEM6E13AXGMH5NS3GEVFW.mzML	3373	01KAEM68FPPFN853KA86RC9WVZ	3374	WMMA2053	Bugni Lab UW-Madison		KY015212	Micromonosporaceae;Micromonospora;Verrucosispora sp.	Micromonosporaceae	Micromonospora	Verrucosispora sp.	1871626.0
0	3375	0.0366744174087619	01KABVEM6E13AXGMH5NS3GEVFW.mzML	3375	01KAEM5N4P95CJEBQZSQQMJ3PS	3376	WMMA2000	Bugni Lab UW-Madison		KY015151	Micromonosporaceae;Micromonospora;Micromonospora sp.	Micromonosporaceae	Micromonospora	Micromonospora sp.	1876.0
0	3376	0.1836552431525196	01KABVEM6E13AXGMH5NS3GEVFW.mzML	3376	01KAEM60YD604ZSFAX8VM2J0R6	3377	WMMA2032	Bugni Lab UW-Madison		SAMN07666506	Micromonosporaceae;Micromonospora;Micromonospora sp. WMMA2032	Micromonosporaceae	Micromonospora	Micromonospora sp. WMMA2032	2039870.0
0	3378	0.1058533108409559	01KABVEM6E13AXGMH5NS3GEVFW.mzML	3378	01KAEM5HTGWKNPX6JFTCCHRT4J	3379	WMMA1994	Bugni Lab UW-Madison		KY015147	Micromonosporaceae;Micromonospora;Micromonospora sp.	Micromonosporaceae	Micromonospora	Micromonospora sp.	1876.0
0	3380	0.016833518881365	01KABVEM6E13AXGMH5NS3GEVFW.mzML	3380	01KAEM4JNM5NDJXN1M7CNDYZZW	3381	WMMA1948	Bugni Lab UW-Madison		KY015118	Micromonosporaceae;Micromonospora;Micromonospora sp.	Micromonosporaceae	Micromonospora	Micromonospora sp.	1876.0
0	3381	0.0696488769210077	01KABVEM6E13AXGMH5NS3GEVFW.mzML	3381	01KAEM5AP3JE5EGDXG193QYSEN	3382	WMMA1977	Bugni Lab UW-Madison		KY015140	Micromonosporaceae;Micromonospora;Micromonospora sp.	Micromonosporaceae	Micromonospora	Micromonospora sp.	1876.0
0	3382	0.1775447572288865	01KABVEM6E13AXGMH5NS3GEVFW.mzML	3382	01KAEM6T7XXX37SRR7WN3ZJMN5	3383	WMMD1129	Bugni Lab UW-Madison		GCA_029581255.1	Micromonosporaceae;Micromonospora;Verrucosispora sp. WMMD1129	Micromonosporaceae	Micromonospora	Verrucosispora sp. WMMD1129	3016093.0
0	3383	0.1139670763847914	01KABVEM6E13AXGMH5NS3GEVFW.mzML	3383	01KAEM3TSH7CBH380QZRNC80F8	3384	WMMA1900	Bugni Lab UW-Madison		KY015096	Micromonosporaceae;Micromonospora;Micromonospora sp.	Micromonosporaceae	Micromonospora	Micromonospora sp.	1876.0
0	3384	0.1167869915648891	01KABVEM6E13AXGMH5NS3GEVFW.mzML	3384	01KAEM6V822MRQ2FRP5EGFRQT5	3385	WMMD1155	Bugni Lab UW-Madison		GCA_029581275.1	Micromonosporaceae;Micromonospora;Micromonospora sp. WMMD1155	Micromonosporaceae	Micromonospora	Micromonospora sp. WMMD1155	3016094.0
0	3385	0.085208234970794	01KABVEM6E13AXGMH5NS3GEVFW.mzML	3385	01KAEM6FTZVGQW5CF8TD5P0BED	3386	WMMC241	Bugni Lab UW-Madison		GCA_027460165.1	Micromonosporaceae;Micromonospora;Micromonospora sp. WMMC241	Micromonosporaceae	Micromonospora	Micromonospora sp. WMMC241	3015159.0
0	3386	0.1481244459829986	01KABVEM6E13AXGMH5NS3GEVFW.mzML	3386	01KAEM2GNK0AJZ4VMR77R57J8N	3387	WMMA1827	Bugni Lab UW-Madison		KY015183	Micromonosporaceae;Micromonospora;Verrucosispora sp.	Micromonosporaceae	Micromonospora	Verrucosispora sp.	1871626.0
0	3387	0.1164889291641708	01KABVEM6E13AXGMH5NS3GEVFW.mzML	3387	01KAEM5YZMDJ3MRYGR1XAYSX97	3388	WMMA2014	Bugni Lab UW-Madison		KY015164	Micromonosporaceae;Micromonospora;Micromonospora sp.	Micromonosporaceae	Micromonospora	Micromonospora sp.	1876.0
0	3388	0.1874498325525184	01KABVEM6E13AXGMH5NS3GEVFW.mzML	3388	01KAEM56WE97RAE73ZSFTS62BK	3389	WMMA1974	Bugni Lab UW-Madison		KY015137	Micromonosporaceae;Micromonospora;Micromonospora sp.	Micromonosporaceae	Micromonospora	Micromonospora sp.	1876.0
0	3389	0.1433593461774984	01KABVEM6E13AXGMH5NS3GEVFW.mzML	3389	01KAEM4W9S1KJC51JP5FDBB2Q2	3390	WMMA1960	Bugni Lab UW-Madison		KY015127	Micromonosporaceae;Micromonospora;Micromonospora sp.	Micromonosporaceae	Micromonospora	Micromonospora sp.	1876.0
0	3390	0.1843675842691512	01KABVEM6E13AXGMH5NS3GEVFW.mzML	3390	01KAEM6QCNAXK1RSDKWTE571P9	3391	WMMD1120	Bugni Lab UW-Madison		GCA_029626235.1	Micromonosporaceae;Micromonospora;Micromonospora sp. WMMD1120	Micromonosporaceae	Micromonospora	Micromonospora sp. WMMD1120	3016106.0
0	3391	0.0766670434728645	01KABVEM6E13AXGMH5NS3GEVFW.mzML	3391	01KAEM472SBYDQV56GT196J2V7	3392	WMMA1910	Bugni Lab UW-Madison		KY015103	Micromonosporaceae;Micromonospora;Micromonospora sp.	Micromonosporaceae	Micromonospora	Micromonospora sp.	1876.0
0	3396	0.1529953000004217	01KABVEM6E13AXGMH5NS3GEVFW.mzML	3396	01KAEM3AGX5S0RNZW6YR3B9PDH	3397	WMMA1887	Bugni Lab UW-Madison		KY015083	Micromonosporaceae;Micromonospora;Micromonospora sp.	Micromonosporaceae	Micromonospora	Micromonospora sp.	1876.0
0	3397	0.1779334897103014	01KABVEM6E13AXGMH5NS3GEVFW.mzML	3397	01KAEM5V6X7W14VAE5H573C2Z2	3398	WMMA2011	Bugni Lab UW-Madison		KY015161	Micromonosporaceae;Micromonospora;Micromonospora sp.	Micromonosporaceae	Micromonospora	Micromonospora sp.	1876.0
0	3398	0.1644856192115255	01KABVEM6E13AXGMH5NS3GEVFW.mzML	3398	01KAEM2MXZQS0NZ3MKQK6ZZH25	3399	WMMA1830	Bugni Lab UW-Madison		KY015186	Micromonosporaceae;Micromonospora;Verrucosispora sp.	Micromonosporaceae	Micromonospora	Verrucosispora sp.	1871626.0
0	64	0.1779571814708884	01KABVFFZ7EDYKQM4J5YDVYVC2.mzML	64	01KA9R5135AXBXG68M163YJ1D9	65	129A-35	Murphy Lab UIC		MK168037	Micromonosporaceae;Micromonospora;Micromonospora sp.	Micromonosporaceae	Micromonospora	Micromonospora sp.	1876.0
0	70	0.1292175309803323	01KABVFFZ7EDYKQM4J5YDVYVC2.mzML	70	01KA9R7TN3ZPW4SGN9DBW79RR5	71	K779	Murphy Lab UIC			Micromonospora sp. (User Submitted 16S)				
0	95	0.1087235962586755	01KABVFFZ7EDYKQM4J5YDVYVC2.mzML	95	01KA9R7HAP8T2859SKA9XJF8XF	96	K699	Murphy Lab UIC			Micromonospora sp. (User Submitted 16S)				
0	169	0.1392539235200768	01KABVFFZ7EDYKQM4J5YDVYVC2.mzML	169	01KA9R61DZ14QDHWGF5AYV69CT	170	138D-1	Murphy Lab UIC		MK143204	Micromonosporaceae;Micromonospora;Micromonospora sp.	Micromonosporaceae	Micromonospora	Micromonospora sp.	1876.0
0	187	0.1839627079015208	01KABVFFZ7EDYKQM4J5YDVYVC2.mzML	187	01KA9R7XZV024CS7CNYVBDDZCV	188	K806	Murphy Lab UIC			Micromonospora sp. (User Submitted 16S)				
0	1380	0.1205333421420809	01KABVFFZ7EDYKQM4J5YDVYVC2.mzML	1380	01JVTRHFKTWPGR04GQT3ZN6Q0R	1381	BM2E001	Murphy Lab UIC			Micromonospora sp. (User Submitted 16S)				
0	2706	0.1414188494954142	01KABVFFZ7EDYKQM4J5YDVYVC2.mzML	2706	01KABVEESWCMN2RCXM1EF85QXF	2707	B012	Murphy Lab UIC		KY858247	Micromonosporaceae;Micromonospora;Micromonospora chokoriensis	Micromonosporaceae	Micromonospora	Micromonospora chokoriensis	356851.0
0	2708	0.0856674473540579	01KABVFFZ7EDYKQM4J5YDVYVC2.mzML	2708	01KABVG4816P8MNPYHYEXFA5N3	2709	B031	Murphy Lab UIC			Micromonospora sp. (User Submitted 16S)				
0	2709	0.1549689267517209	01KABVFFZ7EDYKQM4J5YDVYVC2.mzML	2709	01KABVDCX3YBV83W778NE5P4RC	2710	B001	Murphy Lab UIC		KY858238	Micromonosporaceae;Micromonospora;Micromonospora chokoriensis	Micromonosporaceae	Micromonospora	Micromonospora chokoriensis	356851.0
0	2721	0.1438563878736841	01KABVFFZ7EDYKQM4J5YDVYVC2.mzML	2721	01KABVDN5VSH8NWZF4KK71B36P	2722	B002	Murphy Lab UIC			Micromonospora chokoriensis (User Submitted 16S)				
0	2739	0.1076482332529585	01KABVFFZ7EDYKQM4J5YDVYVC2.mzML	2739	01KABVG79A32Y6M4JVM4ZYZKAF	2740	B032	Murphy Lab UIC			Micromonospora sp. (User Submitted 16S)				
0	2742	1.9984014443252818e-15	01KABVFFZ7EDYKQM4J5YDVYVC2.mzML	2742	01KABVFFZ7EDYKQM4J5YDVYVC2	2743	B022	Murphy Lab UIC		KY858245	Micromonosporaceae;Micromonospora;Micromonospora chokoriensis	Micromonosporaceae	Micromonospora	Micromonospora chokoriensis	356851.0
0	3265	0.1166798835260344	01KABVFFZ7EDYKQM4J5YDVYVC2.mzML	3265	01KAEM7A4C05CKZRRK7NAEEC6M	3266	WMMD964	Bugni Lab UW-Madison		GCA_029581455.1	Micromonosporaceae;Micromonospora;Micromonospora sp. WMMD964	Micromonosporaceae	Micromonospora	Micromonospora sp. WMMD964	3016091.0
0	3266	0.1358436432178712	01KABVFFZ7EDYKQM4J5YDVYVC2.mzML	3266	01KAEM6GQSSFDSSSWF8M1NBR4B	3267	WMMC250	Bugni Lab UW-Madison		GCA_027460215.1	Micromonosporaceae;Micromonospora;Micromonospora sp. WMMC250	Micromonosporaceae	Micromonospora	Micromonospora sp. WMMC250	3014781.0
0	3300	0.1250134795293662	01KABVFFZ7EDYKQM4J5YDVYVC2.mzML	3300	01KAEM4G4PJG4A8B33NFAZYAXJ	3301	WMMA1946	Bugni Lab UW-Madison		KY015116	Micromonosporaceae;Micromonospora;Micromonospora sp.	Micromonosporaceae	Micromonospora	Micromonospora sp.	1876.0
0	3301	0.1398961417554293	01KABVFFZ7EDYKQM4J5YDVYVC2.mzML	3301	01KAEM602WQS98CMQA0MFX7V2X	3302	WMMA2015	Bugni Lab UW-Madison		KY015165	Micromonosporaceae;Micromonospora;Micromonospora sp.	Micromonosporaceae	Micromonospora	Micromonospora sp.	1876.0
0	3308	0.138488483192192	01KABVFFZ7EDYKQM4J5YDVYVC2.mzML	3308	01KAEM593HP01GV0WN7D01VJAA	3309	WMMA1975	Bugni Lab UW-Madison		KY015138	Micromonosporaceae;Micromonospora;Micromonospora sp.	Micromonosporaceae	Micromonospora	Micromonospora sp.	1876.0
0	3325	0.1157998045140218	01KABVFFZ7EDYKQM4J5YDVYVC2.mzML	3325	01KAEM5QH9B0D9FQRAT45HG21X	3326	WMMA2003	Bugni Lab UW-Madison		KY015153	Micromonosporaceae;Micromonospora;Micromonospora sp.	Micromonosporaceae	Micromonospora	Micromonospora sp.	1876.0
0	3330	0.1468954958849549	01KABVFFZ7EDYKQM4J5YDVYVC2.mzML	3330	01KAEM7AXV70C2W19YKCPCVVBQ	3331	WMMD967	Bugni Lab UW-Madison		GCA_029626165.1	Micromonosporaceae;Micromonospora;Micromonospora sp. WMMD967	Micromonosporaceae	Micromonospora	Micromonospora sp. WMMD967	3016101.0
0	3341	0.1321469534727217	01KABVFFZ7EDYKQM4J5YDVYVC2.mzML	3341	01KAEM48D8SS91MG0GHNF38BV8	3342	WMMA1913	Bugni Lab UW-Madison		KY015105	Micromonosporaceae;Micromonospora;Micromonospora sp.	Micromonosporaceae	Micromonospora	Micromonospora sp.	1876.0
0	3372	0.1686515451103624	01KABVFFZ7EDYKQM4J5YDVYVC2.mzML	3372	01KAEM5BD7XFT4R419PNECS3A4	3373	WMMA1978	Bugni Lab UW-Madison		KY015141	Micromonosporaceae;Micromonospora;Micromonospora sp.	Micromonosporaceae	Micromonospora	Micromonospora sp.	1876.0
0	3384	0.1251364103166587	01KABVFFZ7EDYKQM4J5YDVYVC2.mzML	3384	01KAEM6V822MRQ2FRP5EGFRQT5	3385	WMMD1155	Bugni Lab UW-Madison		GCA_029581275.1	Micromonosporaceae;Micromonospora;Micromonospora sp. WMMD1155	Micromonosporaceae	Micromonospora	Micromonospora sp. WMMD1155	3016094.0
0	3390	0.087987231803766	01KABVFFZ7EDYKQM4J5YDVYVC2.mzML	3390	01KAEM6QCNAXK1RSDKWTE571P9	3391	WMMD1120	Bugni Lab UW-Madison		GCA_029626235.1	Micromonosporaceae;Micromonospora;Micromonospora sp. WMMD1120	Micromonosporaceae	Micromonospora	Micromonospora sp. WMMD1120	3016106.0
0	3393	0.146595816312645	01KABVFFZ7EDYKQM4J5YDVYVC2.mzML	3393	01KAEM4TJRGRVG070WBFP4E5CW	3394	WMMA1958	Bugni Lab UW-Madison		KY015126	Micromonosporaceae;Micromonospora;Micromonospora sp.	Micromonosporaceae	Micromonospora	Micromonospora sp.	1876.0
0	96	0.1334059317962927	01KA9R5D7KM81638Y4BKAX5SDK.mzML	96	01KA9R6A4PJ1017JDTGNQ06RSQ	97	138K-12	Murphy Lab UIC		MK163437	Kytococcaceae;Kytococcus;Kytococcus sp.	Kytococcaceae	Kytococcus	Kytococcus sp.	1871620.0
0	106	4.6629367034256575e-15	01KA9R5D7KM81638Y4BKAX5SDK.mzML	106	01KA9R5D7KM81638Y4BKAX5SDK	107	133A-3	Murphy lab UIC		MK143119	Kytococcaceae;Kytococcus;Kytococcus sp.	Kytococcaceae	Kytococcus	Kytococcus sp.	1871620.0
0	179	0.0556487579839609	01KA9R5D7KM81638Y4BKAX5SDK.mzML	179	01KA9R5B6H1X8WSG8H2NCCAHJR	180	131A-6	Murphy lab UIC		MK168041	Kytococcaceae;Kytococcus;Kytococcus sp.	Kytococcaceae	Kytococcus	Kytococcus sp.	1871620.0
0	64	0.1245524603917096	01KABVDV9YX1DD0E5NB194KTP9.mzML	64	01KA9R5135AXBXG68M163YJ1D9	65	129A-35	Murphy Lab UIC		MK168037	Micromonosporaceae;Micromonospora;Micromonospora sp.	Micromonosporaceae	Micromonospora	Micromonospora sp.	1876.0
0	70	0.1856315549851341	01KABVDV9YX1DD0E5NB194KTP9.mzML	70	01KA9R7TN3ZPW4SGN9DBW79RR5	71	K779	Murphy Lab UIC			Micromonospora sp. (User Submitted 16S)				
0	73	0.0886834971578379	01KABVDV9YX1DD0E5NB194KTP9.mzML	73	01KA9R7X14AF8YZA67AFG150N1	74	K792	Murphy Lab UIC			Micromonospora sp. (User Submitted 16S)				
0	95	0.1751272240393531	01KABVDV9YX1DD0E5NB194KTP9.mzML	95	01KA9R7HAP8T2859SKA9XJF8XF	96	K699	Murphy Lab UIC			Micromonospora sp. (User Submitted 16S)				
0	105	0.1612216580572316	01KABVDV9YX1DD0E5NB194KTP9.mzML	105	01KA9R431DPY96M2PJ01R0726H	106	114B-8	Murphy lab UIC		MK143173	Intrasporangiaceae;Knoellia;Knoellia sp.	Intrasporangiaceae	Knoellia	Knoellia sp.	1912358.0
0	137	0.1631658062000164	01KABVDV9YX1DD0E5NB194KTP9.mzML	137	01KA9R502EM598QFY0NAMWQ4BH	138	129A-2	Murphy Lab UIC		MK168033	Micromonosporaceae;Micromonospora;Micromonospora sp.	Micromonosporaceae	Micromonospora	Micromonospora sp.	1876.0
0	151	0.0808141589551524	01KABVDV9YX1DD0E5NB194KTP9.mzML	151	01KA9R7W1N77QNBT9ACTE879WS	152	K787	Murphy Lab UIC			Micromonospora sp. (User Submitted 16S)				
0	159	0.1786221111321213	01KABVDV9YX1DD0E5NB194KTP9.mzML	159	01KA9R7JH7PQ4NDNT10K8ME8Y8	160	K701	Murphy Lab UIC			Micromonospora sp. (User Submitted 16S)				
0	168	0.1837130436686803	01KABVDV9YX1DD0E5NB194KTP9.mzML	168	01KA9R5KF1QKAGN54SDPMNK7SC	169	135A-23	Murphy lab UIC		MK143160	Cellulomonadaceae;Oerskovia;Oerskovia sp.	Cellulomonadaceae	Oerskovia	Oerskovia sp.	1915060.0
0	186	0.1396501408002304	01KABVDV9YX1DD0E5NB194KTP9.mzML	186	01KA9R47SFFX9SBAXB91ZPMR0K	187	116H-18	Murphy lab UIC		MK163385	Cellulomonadaceae;Oerskovia;Oerskovia sp.	Cellulomonadaceae	Oerskovia	Oerskovia sp.	1915060.0
0	187	0.1257263185566271	01KABVDV9YX1DD0E5NB194KTP9.mzML	187	01KA9R7XZV024CS7CNYVBDDZCV	188	K806	Murphy Lab UIC			Micromonospora sp. (User Submitted 16S)				
0	927	0.1710177842923441	01KABVDV9YX1DD0E5NB194KTP9.mzML	927	01JV3F32KA0K72DTTBHBJ8KHMM	928	B-1220	USDA-ARS NRRL		AB122771	Streptomycetaceae;Streptomyces;Streptomyces cacaoi	Streptomycetaceae	Streptomyces	Streptomyces cacaoi	1898.0
0	1058	0.1801133975063708	01KABVDV9YX1DD0E5NB194KTP9.mzML	1058	01JV3FSY5VB4T7VZ0RMVN3WBP8	1059	B-12102	USDA-ARS NRRL		MT760640	Streptomycetaceae;Streptomyces;Streptomyces geysiriensis	Streptomycetaceae	Streptomyces	Streptomyces geysiriensis	68207.0
0	1243	0.1883712242750235	01KABVDV9YX1DD0E5NB194KTP9.mzML	1243	01JV3FE7BP63CKYRKXKYDF8K6H	1244	B-16923	USDA-ARS NRRL		AJ781356	Streptomycetaceae;Streptomyces;Streptomyces longwoodensis	Streptomycetaceae	Streptomyces	Streptomyces longwoodensis	68231.0
0	1468	0.1780784560461692	01KABVDV9YX1DD0E5NB194KTP9.mzML	1468	01JVTRHJ8EME3YWMDSH83XVR3D	1469	BM2Q003	Murphy Lab UIC		PP998012.1	Micromonosporaceae;Micromonospora;Micromonospora sp.	Micromonosporaceae	Micromonospora	Micromonospora sp.	1876.0
0	2659	0.1880351037247032	01KABVDV9YX1DD0E5NB194KTP9.mzML	2659	01K2J3D8D1TQEA48KCJVFSRCFQ	2660	CNH_643	Jensen Lab Scripps UCSD		NR_042725	Micromonosporaceae;Salinispora;Salinispora arenicola	Micromonosporaceae	Salinispora	Salinispora arenicola	391967.0
0	2660	0.1359641843911298	01KABVDV9YX1DD0E5NB194KTP9.mzML	2660	01K2J3E0VQYZ5VYR5C41S6R307	2661	CNT403	Jensen Lab Scripps UCSD			Micromonosporaceae;Salinispora;Salinispora pacifica	Micromonosporaceae	Salinispora	Salinispora pacifica	1408353.0
0	2707	0.1533261947275809	01KABVDV9YX1DD0E5NB194KTP9.mzML	2707	01KABVEM6E13AXGMH5NS3GEVFW	2708	B013	Murphy Lab UIC			Micromonospora tulbaghiae (User Submitted 16S)				
0	2709	0.1859319485686482	01KABVDV9YX1DD0E5NB194KTP9.mzML	2709	01KABVDCX3YBV83W778NE5P4RC	2710	B001	Murphy Lab UIC		KY858238	Micromonosporaceae;Micromonospora;Micromonospora chokoriensis	Micromonosporaceae	Micromonospora	Micromonospora chokoriensis	356851.0
0	2710	0.1397023032764272	01KABVDV9YX1DD0E5NB194KTP9.mzML	2710	01KABVJD25776HYCW46YPZ6JJZ	2711	D077	Murphy Lab UIC			Micromonospora humi (User Submitted 16S)				
0	2713	0.0904430981828431	01KABVDV9YX1DD0E5NB194KTP9.mzML	2713	01KABVFVY7F65NR3CH41M8RZCG	2714	B026	Murphy Lab UIC		KP009553	Micromonosporaceae;Micromonospora;Micromonospora sp. B026	Micromonosporaceae	Micromonospora	Micromonospora sp. B026	1611404.0
0	2718	0.1535244590186245	01KABVDV9YX1DD0E5NB194KTP9.mzML	2718	01KABVHQM4Z8DQH3VK01W7KJK4	2719	D053	Murphy Lab UIC			Micromonospora sp. (User Submitted 16S)				
0	2719	0.1863430679668855	01KABVDV9YX1DD0E5NB194KTP9.mzML	2719	01KABVCZE33AHJJWTSS5QD65NE	2720	A039	Murphy Lab UIC			Verrucosispora sp. (User Submitted 16S)				
0	2732	2.997602166487923e-15	01KABVDV9YX1DD0E5NB194KTP9.mzML	2732	01KABVDV9YX1DD0E5NB194KTP9	2733	B006	Murphy Lab UIC			Micromonospora sp. (User Submitted 16S)				
0	2739	0.1540743682518824	01KABVDV9YX1DD0E5NB194KTP9.mzML	2739	01KABVG79A32Y6M4JVM4ZYZKAF	2740	B032	Murphy Lab UIC			Micromonospora sp. (User Submitted 16S)				
0	2746	0.1889437375584774	01KABVDV9YX1DD0E5NB194KTP9.mzML	2746	01KABVF1BFERF34QT58K4HE90J	2747	B017	Murphy Lab UIC			Micromonospora aurantiaca (User Submitted 16S)				
0	3261	0.1547484333148096	01KABVDV9YX1DD0E5NB194KTP9.mzML	3261	01KAEM2PEJZ2BB76HDG7QCM6MF	3262	WMMA1833	Bugni Lab UW-Madison		KY015187	Micromonosporaceae;Micromonospora;Verrucosispora sp.	Micromonosporaceae	Micromonospora	Verrucosispora sp.	1871626.0
0	3264	0.1237602406406688	01KABVDV9YX1DD0E5NB194KTP9.mzML	3264	01KAEM3SQBAZ7X3W5WJJH4KSP6	3265	WMMA1899	Bugni Lab UW-Madison		KY015095	Micromonosporaceae;Micromonospora;Micromonospora sp.	Micromonosporaceae	Micromonospora	Micromonospora sp.	1876.0
0	3267	0.0978818165182877	01KABVDV9YX1DD0E5NB194KTP9.mzML	3267	01KAEM47QA3Y8X528R3ZP2FQ93	3268	WMMA1912	Bugni Lab UW-Madison		KY015104	Micromonosporaceae;Micromonospora;Micromonospora sp.	Micromonosporaceae	Micromonospora	Micromonospora sp.	1876.0
0	3268	0.1873516268150445	01KABVDV9YX1DD0E5NB194KTP9.mzML	3268	01KAEM4RZWT59RYBJ73N3S4YC4	3269	WMMA1957	Bugni Lab UW-Madison		KY015125	Micromonosporaceae;Micromonospora;Micromonospora sp.	Micromonosporaceae	Micromonospora	Micromonospora sp.	1876.0
0	3269	0.1333663635267742	01KABVDV9YX1DD0E5NB194KTP9.mzML	3269	01KAEM2QQG5HJ77W1BP31Z6MX5	3270	WMMA1834	Bugni Lab UW-Madison		KY015188	Micromonosporaceae;Micromonospora;Verrucosispora sp.	Micromonosporaceae	Micromonospora	Verrucosispora sp.	1871626.0
0	3271	0.1316771347259637	01KABVDV9YX1DD0E5NB194KTP9.mzML	3271	01KAEM70MTGV5C0JCVAAYWFWJ5	3272	WMMD718	Bugni Lab UW-Madison		GCA_029626075.1	Micromonosporaceae;Micromonospora;Micromonospora sp. WMMD718	Micromonosporaceae	Micromonospora	Micromonospora sp. WMMD718	3016098.0
0	3272	0.1442538212732134	01KABVDV9YX1DD0E5NB194KTP9.mzML	3272	01KAEM7DACZ1W1DK65CWYDM3JJ	3273	WMMD998	Bugni Lab UW-Madison		GCA_029581235.1	Micromonosporaceae;Micromonospora;Micromonospora sp. WMMD998	Micromonosporaceae	Micromonospora	Micromonospora sp. WMMD998	3016092.0
0	3273	0.1593955235042568	01KABVDV9YX1DD0E5NB194KTP9.mzML	3273	01KAEM7KCYGPG4DZ96HXMED0V6	3274	WMMD882	Bugni Lab UW-Madison		GCA_027497255.1	Micromonosporaceae;Micromonospora;Micromonospora sp. WMMD882	Micromonosporaceae	Micromonospora	Micromonospora sp. WMMD882	3015151.0
0	3274	0.1433671834220957	01KABVDV9YX1DD0E5NB194KTP9.mzML	3274	01KAEM5S1ADMAES326ZH34TQF2	3275	WMMA2009	Bugni Lab UW-Madison		KY015159	Micromonosporaceae;Micromonospora;Micromonospora sp.	Micromonosporaceae	Micromonospora	Micromonospora sp.	1876.0
0	3276	0.1852224560956035	01KABVDV9YX1DD0E5NB194KTP9.mzML	3276	01KAEM7C9N6B2GNT31H4PS1Y5W	3277	WMMD987	Bugni Lab UW-Madison		GCA_029581435.1	Micromonosporaceae;Micromonospora;Micromonospora sp. WMMD987	Micromonosporaceae	Micromonospora	Micromonospora sp. WMMD987	3016089.0
0	3278	0.1061566816144071	01KABVDV9YX1DD0E5NB194KTP9.mzML	3278	01KAEM508G22MZD67XTZRBW5H9	3279	WMMA1967	Bugni Lab UW-Madison		KY015131	Micromonosporaceae;Micromonospora;Micromonospora sp.	Micromonosporaceae	Micromonospora	Micromonospora sp.	1876.0
0	3279	0.1441393712210893	01KABVDV9YX1DD0E5NB194KTP9.mzML	3279	01KAEM2ETT39MHHHCDFG4R8CV4	3280	WMMA1823	Bugni Lab UW-Madison		KY015181	Micromonosporaceae;Micromonospora;Verrucosispora sp.	Micromonosporaceae	Micromonospora	Verrucosispora sp.	1871626.0
0	3280	0.1216531865778859	01KABVDV9YX1DD0E5NB194KTP9.mzML	3280	01KAEM6KBK5Y14ZAKXC2DTAAFE	3281	WMMC273	Bugni Lab UW-Madison		GCA_027460285.1	Micromonosporaceae;Micromonospora;Micromonospora sp. WMMC273	Micromonosporaceae	Micromonospora	Micromonospora sp. WMMC273	3015157.0
0	3281	0.1392010645318223	01KABVDV9YX1DD0E5NB194KTP9.mzML	3281	01KAEM3GCHVFR3A64QED3YRD5V	3282	WMMA1892	Bugni Lab UW-Madison		KY015088	Micromonosporaceae;Micromonospora;Micromonospora sp.	Micromonosporaceae	Micromonospora	Micromonospora sp.	1876.0
0	3282	0.098349074332146	01KABVDV9YX1DD0E5NB194KTP9.mzML	3282	01KAEM5T6BQE9HNWMP8SHK8KYM	3283	WMMA2010	Bugni Lab UW-Madison		KY015160	Micromonosporaceae;Micromonospora;Micromonospora sp.	Micromonosporaceae	Micromonospora	Micromonospora sp.	1876.0
0	3283	0.0966979022236961	01KABVDV9YX1DD0E5NB194KTP9.mzML	3283	01KAEM3FDP54J4SWP2ABA5W8T2	3284	WMMA1891	Bugni Lab UW-Madison		KY015087	Micromonosporaceae;Micromonospora;Micromonospora sp.	Micromonosporaceae	Micromonospora	Micromonospora sp.	1876.0
0	3284	0.1532369794421437	01KABVDV9YX1DD0E5NB194KTP9.mzML	3284	01KAEM5ET506087KW4WS7FGCGY	3285	WMMA1991	Bugni Lab UW-Madison		KY015145	Micromonosporaceae;Micromonospora;Micromonospora sp.	Micromonosporaceae	Micromonospora	Micromonospora sp.	1876.0
0	3285	0.0951192950805889	01KABVDV9YX1DD0E5NB194KTP9.mzML	3285	01KAEM3P2DNFWBMCQCVR1ERR3R	3286	WMMA1896	Bugni Lab UW-Madison		KY015092	Micromonosporaceae;Micromonospora;Micromonospora sp.	Micromonosporaceae	Micromonospora	Micromonospora sp.	1876.0
0	3286	0.1395735355732696	01KABVDV9YX1DD0E5NB194KTP9.mzML	3286	01KAEM4QBT90QGWRQW6NFRRB4P	3287	WMMA1953	Bugni Lab UW-Madison		KY015122	Micromonosporaceae;Micromonospora;Micromonospora sp.	Micromonosporaceae	Micromonospora	Micromonospora sp.	1876.0
0	3287	0.1285092587735735	01KABVDV9YX1DD0E5NB194KTP9.mzML	3287	01KAEM534PSTRZA2N2A3QBBXFG	3288	WMMA1970	Bugni Lab UW-Madison		KY015134	Micromonosporaceae;Micromonospora;Micromonospora sp.	Micromonosporaceae	Micromonospora	Micromonospora sp.	1876.0
0	3288	0.1268831119949259	01KABVDV9YX1DD0E5NB194KTP9.mzML	3288	01KAEM59ZNGTA92TD0M6KT33VZ	3289	WMMA1976	Bugni Lab UW-Madison		GCA_027497335.1	Micromonosporaceae;Micromonospora;Micromonospora sp. WMMA1976	Micromonosporaceae	Micromonospora	Micromonospora sp. WMMA1976	3014995.0
0	3291	0.1391913586008122	01KABVDV9YX1DD0E5NB194KTP9.mzML	3291	01KAEM55CGM34NAP9Z3BTE1PX5	3292	WMMA1973	Bugni Lab UW-Madison		KY015136	Micromonosporaceae;Micromonospora;Micromonospora sp.	Micromonosporaceae	Micromonospora	Micromonospora sp.	1876.0
0	3293	0.1799341414680011	01KABVDV9YX1DD0E5NB194KTP9.mzML	3293	01KAEM54RC9X0V603SHKQ78NMH	3294	WMMA1971	Bugni Lab UW-Madison		KY015135	Micromonosporaceae;Micromonospora;Micromonospora sp.	Micromonosporaceae	Micromonospora	Micromonospora sp.	1876.0
0	3294	0.15196573358541	01KABVDV9YX1DD0E5NB194KTP9.mzML	3294	01KAEM4C39Q7TJA83NNGAHPZC5	3295	WMMA1922	Bugni Lab UW-Madison		KY015109	Micromonosporaceae;Micromonospora;Micromonospora sp.	Micromonosporaceae	Micromonospora	Micromonospora sp.	1876.0
0	3296	0.161010082136552	01KABVDV9YX1DD0E5NB194KTP9.mzML	3296	01KAEM2XARW6MNS4S2XV6V7K0B	3297	WMMA1848	Bugni Lab UW-Madison		KY015193	Micromonosporaceae;Micromonospora;Verrucosispora sp.	Micromonosporaceae	Micromonospora	Verrucosispora sp.	1871626.0
0	3297	0.1337948949950306	01KABVDV9YX1DD0E5NB194KTP9.mzML	3297	01KAEM3WD006ZECTX2XF08AQX4	3298	WMMA1901	Bugni Lab UW-Madison		KY015097	Micromonosporaceae;Micromonospora;Micromonospora sp.	Micromonosporaceae	Micromonospora	Micromonospora sp.	1876.0
0	3298	0.1777362830236851	01KABVDV9YX1DD0E5NB194KTP9.mzML	3298	01KAEM3EEN63NJAYA68GJG5X8N	3299	WMMA1890	Bugni Lab UW-Madison		KY015086	Micromonosporaceae;Micromonospora;Micromonospora sp.	Micromonosporaceae	Micromonospora	Micromonospora sp.	1876.0
0	3300	0.1527607168435892	01KABVDV9YX1DD0E5NB194KTP9.mzML	3300	01KAEM4G4PJG4A8B33NFAZYAXJ	3301	WMMA1946	Bugni Lab UW-Madison		KY015116	Micromonosporaceae;Micromonospora;Micromonospora sp.	Micromonosporaceae	Micromonospora	Micromonospora sp.	1876.0
0	3301	0.1453357033070417	01KABVDV9YX1DD0E5NB194KTP9.mzML	3301	01KAEM602WQS98CMQA0MFX7V2X	3302	WMMA2015	Bugni Lab UW-Madison		KY015165	Micromonosporaceae;Micromonospora;Micromonospora sp.	Micromonosporaceae	Micromonospora	Micromonospora sp.	1876.0
0	3302	0.144943951725192	01KABVDV9YX1DD0E5NB194KTP9.mzML	3302	01KAEM333WGY4DANSKAQVPQ3BB	3303	WMMA1854	Bugni Lab UW-Madison		KY015197	Micromonosporaceae;Micromonospora;Verrucosispora sp.	Micromonosporaceae	Micromonospora	Verrucosispora sp.	1871626.0
0	3305	0.1530610341976185	01KABVDV9YX1DD0E5NB194KTP9.mzML	3305	01KAEM5GK810JE1F8D2MZ771HN	3306	WMMA1993	Bugni Lab UW-Madison		KY015146	Micromonosporaceae;Micromonospora;Micromonospora sp.	Micromonosporaceae	Micromonospora	Micromonospora sp.	1876.0
0	3306	0.1439692698806265	01KABVDV9YX1DD0E5NB194KTP9.mzML	3306	01KAEM2E3B2C3M076VF33DVWZG	3307	WMMA1822	Bugni Lab UW-Madison		KY015180	Micromonosporaceae;Micromonospora;Verrucosispora sp.	Micromonosporaceae	Micromonospora	Verrucosispora sp.	1871626.0
0	3307	0.1830916770612752	01KABVDV9YX1DD0E5NB194KTP9.mzML	3307	01KAEM76RD1J3CQ3NMD1PREQ2M	3308	WMMD956	Bugni Lab UW-Madison		GCA_029626125.1	Micromonosporaceae;Micromonospora;Micromonospora sp. WMMD956	Micromonosporaceae	Micromonospora	Micromonospora sp. WMMD956	3016108.0
0	3308	0.1247454673106392	01KABVDV9YX1DD0E5NB194KTP9.mzML	3308	01KAEM593HP01GV0WN7D01VJAA	3309	WMMA1975	Bugni Lab UW-Madison		KY015138	Micromonosporaceae;Micromonospora;Micromonospora sp.	Micromonosporaceae	Micromonospora	Micromonospora sp.	1876.0
0	3309	0.1654791152022587	01KABVDV9YX1DD0E5NB194KTP9.mzML	3309	01KAEM3R6ZGJM6H9VFPE3NG99N	3310	WMMA1898	Bugni Lab UW-Madison		KY015094	Micromonosporaceae;Micromonospora;Micromonospora sp.	Micromonosporaceae	Micromonospora	Micromonospora sp.	1876.0
0	3311	0.169557827873688	01KABVDV9YX1DD0E5NB194KTP9.mzML	3311	01KAEM62KKJWN9SK3PKEEQZ9T1	3312	WMMA2043	Bugni Lab UW-Madison		KY015204	Micromonosporaceae;Micromonospora;Verrucosispora sp.	Micromonosporaceae	Micromonospora	Verrucosispora sp.	1871626.0
0	3312	0.1539674362861536	01KABVDV9YX1DD0E5NB194KTP9.mzML	3312	01KAEM5WFA9RC0C5P7RBFY1W65	3313	WMMA2012	Bugni Lab UW-Madison		KY015162	Micromonosporaceae;Micromonospora;Micromonospora sp.	Micromonosporaceae	Micromonospora	Micromonospora sp.	1876.0
0	3314	0.1393226059127019	01KABVDV9YX1DD0E5NB194KTP9.mzML	3314	01KAEM6E7CEG461QBGHW370682	3315	WMMA2121	Bugni Lab UW-Madison		GCA_027460185.1	Micromonosporaceae;Micromonospora;Verrucosispora sp. WMMA2121	Micromonosporaceae	Micromonospora	Verrucosispora sp. WMMA2121	3015164.0
0	3318	0.1413514177681654	01KABVDV9YX1DD0E5NB194KTP9.mzML	3318	01KAEM39QKWHD3H9KAXQFQVNTE	3319	WMMA1860	Bugni Lab UW-Madison		KY015201	Micromonosporaceae;Micromonospora;Verrucosispora sp.	Micromonosporaceae	Micromonospora	Verrucosispora sp.	1871626.0
0	3320	0.1369792763206533	01KABVDV9YX1DD0E5NB194KTP9.mzML	3320	01KAEM4Y4Y9D5TMCEYK5X2V9W5	3321	WMMA1962	Bugni Lab UW-Madison		KY015129	Micromonosporaceae;Micromonospora;Micromonospora sp.	Micromonosporaceae	Micromonospora	Micromonospora sp.	1876.0
0	3321	0.1408544271670166	01KABVDV9YX1DD0E5NB194KTP9.mzML	3321	01KAEM6WFSCH7MFKNK1V3QHDK1	3322	WMMD573	Bugni Lab UW-Madison		GCA_027497175.1	Micromonosporaceae;Micromonospora;Verrucosispora sp. WMMD573	Micromonosporaceae	Micromonospora	Verrucosispora sp. WMMD573	3015149.0
0	3322	0.1528071023974787	01KABVDV9YX1DD0E5NB194KTP9.mzML	3322	01KAEM49Q453FHQAVKFBP400QK	3323	WMMA1915	Bugni Lab UW-Madison		KY015107	Micromonosporaceae;Micromonospora;Micromonospora sp.	Micromonosporaceae	Micromonospora	Micromonospora sp.	1876.0
0	3323	0.1283067882863291	01KABVDV9YX1DD0E5NB194KTP9.mzML	3323	01KAEM6NJ15M2AC7KMVWGDZ4RD	3324	WMMD1082	Bugni Lab UW-Madison		GCA_029626175.1	Micromonosporaceae;Micromonospora;Micromonospora sp. WMMD1082	Micromonosporaceae	Micromonospora	Micromonospora sp. WMMD1082	3016104.0
0	3325	0.1469119202247465	01KABVDV9YX1DD0E5NB194KTP9.mzML	3325	01KAEM5QH9B0D9FQRAT45HG21X	3326	WMMA2003	Bugni Lab UW-Madison		KY015153	Micromonosporaceae;Micromonospora;Micromonospora sp.	Micromonosporaceae	Micromonospora	Micromonospora sp.	1876.0
0	3326	0.1088176012972361	01KABVDV9YX1DD0E5NB194KTP9.mzML	3326	01KAEM4EH07MZM8TEJ5V1C4AJH	3327	WMMA1933	Bugni Lab UW-Madison		KY015114	Micromonosporaceae;Micromonospora;Micromonospora sp.	Micromonosporaceae	Micromonospora	Micromonospora sp.	1876.0
0	3328	0.1146658968322765	01KABVDV9YX1DD0E5NB194KTP9.mzML	3328	01KAEM5M26TC6XKN2V0XVGZXDT	3329	WMMA1998	Bugni Lab UW-Madison		GCA_027497375.1	Micromonosporaceae;Micromonospora;Micromonospora sp. WMMA1998	Micromonosporaceae	Micromonospora	Micromonospora sp. WMMA1998	3015167.0
0	3330	0.1335767371085926	01KABVDV9YX1DD0E5NB194KTP9.mzML	3330	01KAEM7AXV70C2W19YKCPCVVBQ	3331	WMMD967	Bugni Lab UW-Madison		GCA_029626165.1	Micromonosporaceae;Micromonospora;Micromonospora sp. WMMD967	Micromonosporaceae	Micromonospora	Micromonospora sp. WMMD967	3016101.0
0	3331	0.1553181539399691	01KABVDV9YX1DD0E5NB194KTP9.mzML	3331	01KAEM6C4VZ95DQF7VTW2N6DDG	3332	WMMA2054	Bugni Lab UW-Madison		KY015213	Micromonosporaceae;Micromonospora;Verrucosispora sp.	Micromonosporaceae	Micromonospora	Verrucosispora sp.	1871626.0
0	3332	0.1768238323065095	01KABVDV9YX1DD0E5NB194KTP9.mzML	3332	01KAEM5Y1S280FYGV2FBFT7RKH	3333	WMMA2013	Bugni Lab UW-Madison		KY015163	Micromonosporaceae;Micromonospora;Micromonospora sp.	Micromonosporaceae	Micromonospora	Micromonospora sp.	1876.0
0	3333	0.1439157092441469	01KABVDV9YX1DD0E5NB194KTP9.mzML	3333	01KAEM2J4N14VY7VNFPJ93RXYR	3334	WMMA1828	Bugni Lab UW-Madison		KY015184	Micromonosporaceae;Micromonospora;Verrucosispora sp.	Micromonosporaceae	Micromonospora	Verrucosispora sp.	1871626.0
0	3335	0.107873140741049	01KABVDV9YX1DD0E5NB194KTP9.mzML	3335	01KAEM463DN5ZYWERKSF04ZCCR	3336	WMMA1908	Bugni Lab UW-Madison		KY015102	Micromonosporaceae;Micromonospora;Micromonospora sp.	Micromonosporaceae	Micromonospora	Micromonospora sp.	1876.0
0	3336	0.1869053334664543	01KABVDV9YX1DD0E5NB194KTP9.mzML	3336	01KAEM4YRDVQRFW8A4DXKKD2V6	3337	WMMA1966	Bugni Lab UW-Madison		KY015130	Micromonosporaceae;Micromonospora;Micromonospora sp.	Micromonosporaceae	Micromonospora	Micromonospora sp.	1876.0
0	3338	0.138785020595535	01KABVDV9YX1DD0E5NB194KTP9.mzML	3338	01KAEM4B1WGAQ49A7VXPPY79GA	3339	WMMA1921	Bugni Lab UW-Madison		KY015108	Micromonosporaceae;Micromonospora;Micromonospora sp.	Micromonosporaceae	Micromonospora	Micromonospora sp.	1876.0
0	3339	0.1893693951058943	01KABVDV9YX1DD0E5NB194KTP9.mzML	3339	01KAEM4X2N3RQREDD19HEP5E8V	3340	WMMA1961	Bugni Lab UW-Madison		KY015128	Micromonosporaceae;Micromonospora;Micromonospora sp.	Micromonosporaceae	Micromonospora	Micromonospora sp.	1876.0
0	3340	0.1051004203773999	01KABVDV9YX1DD0E5NB194KTP9.mzML	3340	01KAEM6FA28CMM1HHVK3QWWPM2	3341	WMMB482	Bugni Lab UW-Madison		GCA_019038635.1	Micromonosporaceae;Micromonospora;Micromonospora sp. WMMB482	Micromonosporaceae	Micromonospora	Micromonospora sp. WMMB482	2849653.0
0	3341	0.1398911897533814	01KABVDV9YX1DD0E5NB194KTP9.mzML	3341	01KAEM48D8SS91MG0GHNF38BV8	3342	WMMA1913	Bugni Lab UW-Madison		KY015105	Micromonosporaceae;Micromonospora;Micromonospora sp.	Micromonosporaceae	Micromonospora	Micromonospora sp.	1876.0
0	3342	0.1885131286455634	01KABVDV9YX1DD0E5NB194KTP9.mzML	3342	01KAEM5205V182ZMYH4GWWT75N	3343	WMMA1968	Bugni Lab UW-Madison		KY015132	Micromonosporaceae;Micromonospora;Micromonospora sp.	Micromonosporaceae	Micromonospora	Micromonospora sp.	1876.0
0	3344	0.1276128644430099	01KABVDV9YX1DD0E5NB194KTP9.mzML	3344	01KAEM4P38YMP6KNFDYQ3V7F8P	3345	WMMA1951	Bugni Lab UW-Madison		KY015121	Micromonosporaceae;Micromonospora;Micromonospora sp.	Micromonosporaceae	Micromonospora	Micromonospora sp.	1876.0
0	3345	0.1591616159232658	01KABVDV9YX1DD0E5NB194KTP9.mzML	3345	01KAEM4DDCEZ14WXD51KEEPW53	3346	WMMA1925	Bugni Lab UW-Madison		KY015111	Micromonosporaceae;Micromonospora;Micromonospora sp.	Micromonosporaceae	Micromonospora	Micromonospora sp.	1876.0
0	3346	0.1585919137614865	01KABVDV9YX1DD0E5NB194KTP9.mzML	3346	01KAEM3BS403H999QG5SZN44QM	3347	WMMA1888	Bugni Lab UW-Madison		KY015084	Micromonosporaceae;Micromonospora;Micromonospora sp.	Micromonosporaceae	Micromonospora	Micromonospora sp.	1876.0
0	3347	0.1384512926191296	01KABVDV9YX1DD0E5NB194KTP9.mzML	3347	01KAEM63PFC01ZNNWAYHBZ2TWM	3348	WMMA2044	Bugni Lab UW-Madison		GCA_027497155.1	Micromonosporaceae;Micromonospora;Verrucosispora sp. WMMA2044	Micromonosporaceae	Micromonospora	Verrucosispora sp. WMMA2044	3016419.0
0	3349	0.1554594113489011	01KABVDV9YX1DD0E5NB194KTP9.mzML	3349	01KAEM4K67NYXNFSDWPTTDK5JH	3350	WMMA1949	Bugni Lab UW-Madison		GCA_027460145.1	Micromonosporaceae;Micromonospora;Micromonospora sp. WMMA1949	Micromonosporaceae	Micromonospora	Micromonospora sp. WMMA1949	3015162.0
0	3350	0.1277324612053965	01KABVDV9YX1DD0E5NB194KTP9.mzML	3350	01KAEM67QMVDGEV5X50WSKPQT7	3351	WMMA2052	Bugni Lab UW-Madison		KY015211	Micromonosporaceae;Micromonospora;Verrucosispora sp.	Micromonosporaceae	Micromonospora	Verrucosispora sp.	1871626.0
0	3351	0.1847444739073194	01KABVDV9YX1DD0E5NB194KTP9.mzML	3351	01KAEM380ZCH704R8WRERW2CV3	3352	WMMA1858	Bugni Lab UW-Madison		KY015200	Micromonosporaceae;Micromonospora;Micromonospora sp.	Micromonosporaceae	Micromonospora	Micromonospora sp.	1876.0
0	3352	0.1389660666939348	01KABVDV9YX1DD0E5NB194KTP9.mzML	3352	01KAEM5E4JEXW276KERE0VYFY9	3353	WMMA1990	Bugni Lab UW-Madison		KY015144	Micromonosporaceae;Micromonospora;Micromonospora sp.	Micromonosporaceae	Micromonospora	Micromonospora sp.	1876.0
0	3353	0.1410161021617918	01KABVDV9YX1DD0E5NB194KTP9.mzML	3353	01KAEM2KQFBTYMYG9JXTQTJCH1	3354	WMMA1829	Bugni Lab UW-Madison		KY015185	Micromonosporaceae;Micromonospora;Verrucosispora sp.	Micromonosporaceae	Micromonospora	Verrucosispora sp.	1871626.0
0	3354	0.1185354440172167	01KABVDV9YX1DD0E5NB194KTP9.mzML	3354	01KAEM5PNP17Q7E8JX165MHQQY	3355	WMMA2002	Bugni Lab UW-Madison		KY015152	Micromonosporaceae;Micromonospora;Micromonospora sp.	Micromonosporaceae	Micromonospora	Micromonospora sp.	1876.0
0	3355	0.1425452998994644	01KABVDV9YX1DD0E5NB194KTP9.mzML	3355	01KAEM7BE02VW9WFHDZ6PVYCAZ	3356	WMMD980	Bugni Lab UW-Madison		GCA_029626035.1	Micromonosporaceae;Micromonospora;Micromonospora sp. WMMD980	Micromonosporaceae	Micromonospora	Micromonospora sp. WMMD980	3016088.0
0	3356	0.099762218601985	01KABVDV9YX1DD0E5NB194KTP9.mzML	3356	01KAEM408ZA2PQ0BK2539EZR6P	3357	WMMA1906	Bugni Lab UW-Madison		KY015100	Micromonosporaceae;Micromonospora;Micromonospora sp.	Micromonosporaceae	Micromonospora	Micromonospora sp.	1876.0
0	3358	0.1600162442713454	01KABVDV9YX1DD0E5NB194KTP9.mzML	3358	01KAEM4H40HZXRMJF18AY3H26J	3359	WMMA1947	Bugni Lab UW-Madison		GCA_027497355.1	Micromonosporaceae;Micromonospora;Micromonospora sp. WMMA1947	Micromonosporaceae	Micromonospora	Micromonospora sp. WMMA1947	3015163.0
0	3360	0.1870303838751554	01KABVDV9YX1DD0E5NB194KTP9.mzML	3360	01KAEM3XJA57D9PNJXD4BX4JG8	3361	WMMA1902	Bugni Lab UW-Madison		KY015098	Micromonosporaceae;Micromonospora;Micromonospora sp.	Micromonosporaceae	Micromonospora	Micromonospora sp.	1876.0
0	3361	0.1351846114842703	01KABVDV9YX1DD0E5NB194KTP9.mzML	3361	01KAEM4MZ0STYBJZRVJCMRHRHM	3362	WMMA1950	Bugni Lab UW-Madison		KY015120	Micromonosporaceae;Micromonospora;Micromonospora sp.	Micromonosporaceae	Micromonospora	Micromonospora sp.	1876.0
0	3362	0.1246932271667623	01KABVDV9YX1DD0E5NB194KTP9.mzML	3362	01KAEM3D3SH04RPDFYPDC7XBV9	3363	WMMA1889	Bugni Lab UW-Madison		KY015085	Micromonosporaceae;Micromonospora;Micromonospora sp.	Micromonosporaceae	Micromonospora	Micromonospora sp.	1876.0
0	3364	0.1210386109207584	01KABVDV9YX1DD0E5NB194KTP9.mzML	3364	01KAEM494KD1PZ6DBHH3QVBZ7H	3365	WMMA1914	Bugni Lab UW-Madison		KY015106	Micromonosporaceae;Micromonospora;Micromonospora sp.	Micromonosporaceae	Micromonospora	Micromonospora sp.	1876.0
0	3366	0.1404981920462484	01KABVDV9YX1DD0E5NB194KTP9.mzML	3366	01KAEM6J49DY9JAC8443R0WT0T	3367	WMMC264	Bugni Lab UW-Madison		GCA_027497275.1	Micromonosporaceae;Micromonospora;Micromonospora sp. WMMC264	Micromonosporaceae	Micromonospora	Micromonospora sp. WMMC264	3015158.0
0	3367	0.1521456367126784	01KABVDV9YX1DD0E5NB194KTP9.mzML	3367	01KAEM74TARTBB8B6KQP3RS4JC	3368	WMMD812	Bugni Lab UW-Madison		GCA_027497215.1	Micromonosporaceae;Micromonospora;Micromonospora sp. WMMD812	Micromonosporaceae	Micromonospora	Micromonospora sp. WMMD812	3015152.0
0	3368	0.1057926959039794	01KABVDV9YX1DD0E5NB194KTP9.mzML	3368	01KAEM3YN0X4TRWCETMSC3Y6NH	3369	WMMA1903	Bugni Lab UW-Madison		KY015099	Micromonosporaceae;Micromonospora;Micromonospora sp.	Micromonosporaceae	Micromonospora	Micromonospora sp.	1876.0
0	3372	0.1428965685092608	01KABVDV9YX1DD0E5NB194KTP9.mzML	3372	01KAEM5BD7XFT4R419PNECS3A4	3373	WMMA1978	Bugni Lab UW-Madison		KY015141	Micromonosporaceae;Micromonospora;Micromonospora sp.	Micromonosporaceae	Micromonospora	Micromonospora sp.	1876.0
0	3373	0.1273203757255683	01KABVDV9YX1DD0E5NB194KTP9.mzML	3373	01KAEM68FPPFN853KA86RC9WVZ	3374	WMMA2053	Bugni Lab UW-Madison		KY015212	Micromonosporaceae;Micromonospora;Verrucosispora sp.	Micromonosporaceae	Micromonospora	Verrucosispora sp.	1871626.0
0	3375	0.1654488228527152	01KABVDV9YX1DD0E5NB194KTP9.mzML	3375	01KAEM5N4P95CJEBQZSQQMJ3PS	3376	WMMA2000	Bugni Lab UW-Madison		KY015151	Micromonosporaceae;Micromonospora;Micromonospora sp.	Micromonosporaceae	Micromonospora	Micromonospora sp.	1876.0
0	3378	0.1116395214215014	01KABVDV9YX1DD0E5NB194KTP9.mzML	3378	01KAEM5HTGWKNPX6JFTCCHRT4J	3379	WMMA1994	Bugni Lab UW-Madison		KY015147	Micromonosporaceae;Micromonospora;Micromonospora sp.	Micromonosporaceae	Micromonospora	Micromonospora sp.	1876.0
0	3379	0.1413002319034643	01KABVDV9YX1DD0E5NB194KTP9.mzML	3379	01KAEM6YZXW3VV2TH60Q3QN26W	3380	WMMD712	Bugni Lab UW-Madison		GCA_029581295.1	Micromonosporaceae;Micromonospora;Micromonospora sp. WMMD712	Micromonosporaceae	Micromonospora	Micromonospora sp. WMMD712	3016096.0
0	3380	0.1433853931986938	01KABVDV9YX1DD0E5NB194KTP9.mzML	3380	01KAEM4JNM5NDJXN1M7CNDYZZW	3381	WMMA1948	Bugni Lab UW-Madison		KY015118	Micromonosporaceae;Micromonospora;Micromonospora sp.	Micromonosporaceae	Micromonospora	Micromonospora sp.	1876.0
0	3381	0.1007439502035631	01KABVDV9YX1DD0E5NB194KTP9.mzML	3381	01KAEM5AP3JE5EGDXG193QYSEN	3382	WMMA1977	Bugni Lab UW-Madison		KY015140	Micromonosporaceae;Micromonospora;Micromonospora sp.	Micromonosporaceae	Micromonospora	Micromonospora sp.	1876.0
0	3383	0.1257285362866206	01KABVDV9YX1DD0E5NB194KTP9.mzML	3383	01KAEM3TSH7CBH380QZRNC80F8	3384	WMMA1900	Bugni Lab UW-Madison		KY015096	Micromonosporaceae;Micromonospora;Micromonospora sp.	Micromonosporaceae	Micromonospora	Micromonospora sp.	1876.0
0	3384	0.1654358286587674	01KABVDV9YX1DD0E5NB194KTP9.mzML	3384	01KAEM6V822MRQ2FRP5EGFRQT5	3385	WMMD1155	Bugni Lab UW-Madison		GCA_029581275.1	Micromonosporaceae;Micromonospora;Micromonospora sp. WMMD1155	Micromonosporaceae	Micromonospora	Micromonospora sp. WMMD1155	3016094.0
0	3385	0.1220669910375051	01KABVDV9YX1DD0E5NB194KTP9.mzML	3385	01KAEM6FTZVGQW5CF8TD5P0BED	3386	WMMC241	Bugni Lab UW-Madison		GCA_027460165.1	Micromonosporaceae;Micromonospora;Micromonospora sp. WMMC241	Micromonosporaceae	Micromonospora	Micromonospora sp. WMMC241	3015159.0
0	3386	0.127313958259465	01KABVDV9YX1DD0E5NB194KTP9.mzML	3386	01KAEM2GNK0AJZ4VMR77R57J8N	3387	WMMA1827	Bugni Lab UW-Madison		KY015183	Micromonosporaceae;Micromonospora;Verrucosispora sp.	Micromonosporaceae	Micromonospora	Verrucosispora sp.	1871626.0
0	3387	0.1613071501339293	01KABVDV9YX1DD0E5NB194KTP9.mzML	3387	01KAEM5YZMDJ3MRYGR1XAYSX97	3388	WMMA2014	Bugni Lab UW-Madison		KY015164	Micromonosporaceae;Micromonospora;Micromonospora sp.	Micromonosporaceae	Micromonospora	Micromonospora sp.	1876.0
0	3389	0.1448145210610972	01KABVDV9YX1DD0E5NB194KTP9.mzML	3389	01KAEM4W9S1KJC51JP5FDBB2Q2	3390	WMMA1960	Bugni Lab UW-Madison		KY015127	Micromonosporaceae;Micromonospora;Micromonospora sp.	Micromonosporaceae	Micromonospora	Micromonospora sp.	1876.0
0	3390	0.1864287805956436	01KABVDV9YX1DD0E5NB194KTP9.mzML	3390	01KAEM6QCNAXK1RSDKWTE571P9	3391	WMMD1120	Bugni Lab UW-Madison		GCA_029626235.1	Micromonosporaceae;Micromonospora;Micromonospora sp. WMMD1120	Micromonosporaceae	Micromonospora	Micromonospora sp. WMMD1120	3016106.0
0	3391	0.0968846801530496	01KABVDV9YX1DD0E5NB194KTP9.mzML	3391	01KAEM472SBYDQV56GT196J2V7	3392	WMMA1910	Bugni Lab UW-Madison		KY015103	Micromonosporaceae;Micromonospora;Micromonospora sp.	Micromonosporaceae	Micromonospora	Micromonospora sp.	1876.0
0	3392	0.1802217623079088	01KABVDV9YX1DD0E5NB194KTP9.mzML	3392	01KAEM6MQW7TN5YMDYB7GDM5QB	3393	WMMD1047	Bugni Lab UW-Madison		GCA_029626155.1	Micromonosporaceae;Solwaraspora;Solwaraspora sp. WMMD1047	Micromonosporaceae	Solwaraspora	Solwaraspora sp. WMMD1047	3016102.0
0	3396	0.1062957937428413	01KABVDV9YX1DD0E5NB194KTP9.mzML	3396	01KAEM3AGX5S0RNZW6YR3B9PDH	3397	WMMA1887	Bugni Lab UW-Madison		KY015083	Micromonosporaceae;Micromonospora;Micromonospora sp.	Micromonosporaceae	Micromonospora	Micromonospora sp.	1876.0
0	3397	0.1783596505499936	01KABVDV9YX1DD0E5NB194KTP9.mzML	3397	01KAEM5V6X7W14VAE5H573C2Z2	3398	WMMA2011	Bugni Lab UW-Madison		KY015161	Micromonosporaceae;Micromonospora;Micromonospora sp.	Micromonosporaceae	Micromonospora	Micromonospora sp.	1876.0
0	3398	0.1101289998229197	01KABVDV9YX1DD0E5NB194KTP9.mzML	3398	01KAEM2MXZQS0NZ3MKQK6ZZH25	3399	WMMA1830	Bugni Lab UW-Madison		KY015186	Micromonosporaceae;Micromonospora;Verrucosispora sp.	Micromonosporaceae	Micromonospora	Verrucosispora sp.	1871626.0
0	73	0.1886726422469846	01KA9R431DPY96M2PJ01R0726H.mzML	73	01KA9R7X14AF8YZA67AFG150N1	74	K792	Murphy Lab UIC			Micromonospora sp. (User Submitted 16S)				
0	105	4.329869796038111e-15	01KA9R431DPY96M2PJ01R0726H.mzML	105	01KA9R431DPY96M2PJ01R0726H	106	114B-8	Murphy lab UIC		MK143173	Intrasporangiaceae;Knoellia;Knoellia sp.	Intrasporangiaceae	Knoellia	Knoellia sp.	1912358.0
0	1023	0.1549848782596363	01KA9R431DPY96M2PJ01R0726H.mzML	1023	01JV3FHFVT0P2JH457ERJ0YE83	1024	2817	USDA-ARS NRRL		AY999843	Streptomycetaceae;Streptomyces;Streptomyces ardus	Streptomycetaceae	Streptomyces	Streptomyces ardus	67273.0
0	1220	0.1805504754399913	01KA9R431DPY96M2PJ01R0726H.mzML	1220	01JV3F6YQW6HBRP2PBMHHB7EK2	1221	ISP-5528	USDA-ARS NRRL		AB184396	Streptomycetaceae;Streptomyces;Streptomyces canarius	Streptomycetaceae	Streptomyces	Streptomyces canarius	285453.0
0	1297	0.1349634417016816	01KA9R431DPY96M2PJ01R0726H.mzML	1297	01JV3FMVP3DZ947H2NSBXKXB4W	1298	B-3379	USDA-ARS NRRL		DQ442536	Streptomycetaceae;Streptomyces;Streptomyces orinoci	Streptomycetaceae	Streptomyces	Streptomyces orinoci	67339.0
0	1468	0.1541089289753887	01KA9R431DPY96M2PJ01R0726H.mzML	1468	01JVTRHJ8EME3YWMDSH83XVR3D	1469	BM2Q003	Murphy Lab UIC		PP998012.1	Micromonosporaceae;Micromonospora;Micromonospora sp.	Micromonosporaceae	Micromonospora	Micromonospora sp.	1876.0
0	2651	0.1665525560794363	01KA9R431DPY96M2PJ01R0726H.mzML	2651	01K2J3DK66A1BQC7BQM006BGQN	2652	CNB_536	Jensen Lab Scripps UCSD			Micromonosporaceae;Salinispora;Salinispora tropica	Micromonosporaceae	Salinispora	Salinispora tropica	1136431.0
0	2657	0.1427386669854412	01KA9R431DPY96M2PJ01R0726H.mzML	2657	01K2J3E5S7PZE3KZMYG07G2DEC	2658	CNS801	Jensen Lab Scripps UCSD			Micromonosporaceae;Salinispora;Salinispora vitiensis	Micromonosporaceae	Salinispora	Salinispora vitiensis	1408350.0
0	2660	0.1098796659605418	01KA9R431DPY96M2PJ01R0726H.mzML	2660	01K2J3E0VQYZ5VYR5C41S6R307	2661	CNT403	Jensen Lab Scripps UCSD			Micromonosporaceae;Salinispora;Salinispora pacifica	Micromonosporaceae	Salinispora	Salinispora pacifica	1408353.0
0	2710	0.1620976617229916	01KA9R431DPY96M2PJ01R0726H.mzML	2710	01KABVJD25776HYCW46YPZ6JJZ	2711	D077	Murphy Lab UIC			Micromonospora humi (User Submitted 16S)				
0	2719	0.1673189884748841	01KA9R431DPY96M2PJ01R0726H.mzML	2719	01KABVCZE33AHJJWTSS5QD65NE	2720	A039	Murphy Lab UIC			Verrucosispora sp. (User Submitted 16S)				
0	2732	0.1612216523033515	01KA9R431DPY96M2PJ01R0726H.mzML	2732	01KABVDV9YX1DD0E5NB194KTP9	2733	B006	Murphy Lab UIC			Micromonospora sp. (User Submitted 16S)				
0	3261	0.1808361978801386	01KA9R431DPY96M2PJ01R0726H.mzML	3261	01KAEM2PEJZ2BB76HDG7QCM6MF	3262	WMMA1833	Bugni Lab UW-Madison		KY015187	Micromonosporaceae;Micromonospora;Verrucosispora sp.	Micromonosporaceae	Micromonospora	Verrucosispora sp.	1871626.0
0	3267	0.1168756529135497	01KA9R431DPY96M2PJ01R0726H.mzML	3267	01KAEM47QA3Y8X528R3ZP2FQ93	3268	WMMA1912	Bugni Lab UW-Madison		KY015104	Micromonosporaceae;Micromonospora;Micromonospora sp.	Micromonosporaceae	Micromonospora	Micromonospora sp.	1876.0
0	3269	0.1598635946219402	01KA9R431DPY96M2PJ01R0726H.mzML	3269	01KAEM2QQG5HJ77W1BP31Z6MX5	3270	WMMA1834	Bugni Lab UW-Madison		KY015188	Micromonosporaceae;Micromonospora;Verrucosispora sp.	Micromonosporaceae	Micromonospora	Verrucosispora sp.	1871626.0
0	3271	0.1618152907136553	01KA9R431DPY96M2PJ01R0726H.mzML	3271	01KAEM70MTGV5C0JCVAAYWFWJ5	3272	WMMD718	Bugni Lab UW-Madison		GCA_029626075.1	Micromonosporaceae;Micromonospora;Micromonospora sp. WMMD718	Micromonosporaceae	Micromonospora	Micromonospora sp. WMMD718	3016098.0
0	3272	0.1674043322316066	01KA9R431DPY96M2PJ01R0726H.mzML	3272	01KAEM7DACZ1W1DK65CWYDM3JJ	3273	WMMD998	Bugni Lab UW-Madison		GCA_029581235.1	Micromonosporaceae;Micromonospora;Micromonospora sp. WMMD998	Micromonosporaceae	Micromonospora	Micromonospora sp. WMMD998	3016092.0
0	3273	0.1759121587956097	01KA9R431DPY96M2PJ01R0726H.mzML	3273	01KAEM7KCYGPG4DZ96HXMED0V6	3274	WMMD882	Bugni Lab UW-Madison		GCA_027497255.1	Micromonosporaceae;Micromonospora;Micromonospora sp. WMMD882	Micromonosporaceae	Micromonospora	Micromonospora sp. WMMD882	3015151.0
0	3281	0.1696352290060299	01KA9R431DPY96M2PJ01R0726H.mzML	3281	01KAEM3GCHVFR3A64QED3YRD5V	3282	WMMA1892	Bugni Lab UW-Madison		KY015088	Micromonosporaceae;Micromonospora;Micromonospora sp.	Micromonosporaceae	Micromonospora	Micromonospora sp.	1876.0
0	3284	0.1445860218543964	01KA9R431DPY96M2PJ01R0726H.mzML	3284	01KAEM5ET506087KW4WS7FGCGY	3285	WMMA1991	Bugni Lab UW-Madison		KY015145	Micromonosporaceae;Micromonospora;Micromonospora sp.	Micromonosporaceae	Micromonospora	Micromonospora sp.	1876.0
0	3294	0.1821472024603568	01KA9R431DPY96M2PJ01R0726H.mzML	3294	01KAEM4C39Q7TJA83NNGAHPZC5	3295	WMMA1922	Bugni Lab UW-Madison		KY015109	Micromonosporaceae;Micromonospora;Micromonospora sp.	Micromonosporaceae	Micromonospora	Micromonospora sp.	1876.0
0	3296	0.189683260603828	01KA9R431DPY96M2PJ01R0726H.mzML	3296	01KAEM2XARW6MNS4S2XV6V7K0B	3297	WMMA1848	Bugni Lab UW-Madison		KY015193	Micromonosporaceae;Micromonospora;Verrucosispora sp.	Micromonosporaceae	Micromonospora	Verrucosispora sp.	1871626.0
0	3302	0.1613861459913216	01KA9R431DPY96M2PJ01R0726H.mzML	3302	01KAEM333WGY4DANSKAQVPQ3BB	3303	WMMA1854	Bugni Lab UW-Madison		KY015197	Micromonosporaceae;Micromonospora;Verrucosispora sp.	Micromonosporaceae	Micromonospora	Verrucosispora sp.	1871626.0
0	3305	0.1819558594441067	01KA9R431DPY96M2PJ01R0726H.mzML	3305	01KAEM5GK810JE1F8D2MZ771HN	3306	WMMA1993	Bugni Lab UW-Madison		KY015146	Micromonosporaceae;Micromonospora;Micromonospora sp.	Micromonosporaceae	Micromonospora	Micromonospora sp.	1876.0
0	3306	0.1851062820451937	01KA9R431DPY96M2PJ01R0726H.mzML	3306	01KAEM2E3B2C3M076VF33DVWZG	3307	WMMA1822	Bugni Lab UW-Madison		KY015180	Micromonosporaceae;Micromonospora;Verrucosispora sp.	Micromonosporaceae	Micromonospora	Verrucosispora sp.	1871626.0
0	3318	0.1757090596813206	01KA9R431DPY96M2PJ01R0726H.mzML	3318	01KAEM39QKWHD3H9KAXQFQVNTE	3319	WMMA1860	Bugni Lab UW-Madison		KY015201	Micromonosporaceae;Micromonospora;Verrucosispora sp.	Micromonosporaceae	Micromonospora	Verrucosispora sp.	1871626.0
0	3322	0.1673031058783133	01KA9R431DPY96M2PJ01R0726H.mzML	3322	01KAEM49Q453FHQAVKFBP400QK	3323	WMMA1915	Bugni Lab UW-Madison		KY015107	Micromonosporaceae;Micromonospora;Micromonospora sp.	Micromonosporaceae	Micromonospora	Micromonospora sp.	1876.0
0	3323	0.1851175499721145	01KA9R431DPY96M2PJ01R0726H.mzML	3323	01KAEM6NJ15M2AC7KMVWGDZ4RD	3324	WMMD1082	Bugni Lab UW-Madison		GCA_029626175.1	Micromonosporaceae;Micromonospora;Micromonospora sp. WMMD1082	Micromonosporaceae	Micromonospora	Micromonospora sp. WMMD1082	3016104.0
0	3326	0.1328795747945925	01KA9R431DPY96M2PJ01R0726H.mzML	3326	01KAEM4EH07MZM8TEJ5V1C4AJH	3327	WMMA1933	Bugni Lab UW-Madison		KY015114	Micromonosporaceae;Micromonospora;Micromonospora sp.	Micromonosporaceae	Micromonospora	Micromonospora sp.	1876.0
0	3331	0.1743913442626031	01KA9R431DPY96M2PJ01R0726H.mzML	3331	01KAEM6C4VZ95DQF7VTW2N6DDG	3332	WMMA2054	Bugni Lab UW-Madison		KY015213	Micromonosporaceae;Micromonospora;Verrucosispora sp.	Micromonosporaceae	Micromonospora	Verrucosispora sp.	1871626.0
0	3333	0.1744345187381754	01KA9R431DPY96M2PJ01R0726H.mzML	3333	01KAEM2J4N14VY7VNFPJ93RXYR	3334	WMMA1828	Bugni Lab UW-Madison		KY015184	Micromonosporaceae;Micromonospora;Verrucosispora sp.	Micromonosporaceae	Micromonospora	Verrucosispora sp.	1871626.0
0	3335	0.1385934348034338	01KA9R431DPY96M2PJ01R0726H.mzML	3335	01KAEM463DN5ZYWERKSF04ZCCR	3336	WMMA1908	Bugni Lab UW-Madison		KY015102	Micromonosporaceae;Micromonospora;Micromonospora sp.	Micromonosporaceae	Micromonospora	Micromonospora sp.	1876.0
0	3347	0.181914246573222	01KA9R431DPY96M2PJ01R0726H.mzML	3347	01KAEM63PFC01ZNNWAYHBZ2TWM	3348	WMMA2044	Bugni Lab UW-Madison		GCA_027497155.1	Micromonosporaceae;Micromonospora;Verrucosispora sp. WMMA2044	Micromonosporaceae	Micromonospora	Verrucosispora sp. WMMA2044	3016419.0
0	3351	0.1836499871767625	01KA9R431DPY96M2PJ01R0726H.mzML	3351	01KAEM380ZCH704R8WRERW2CV3	3352	WMMA1858	Bugni Lab UW-Madison		KY015200	Micromonosporaceae;Micromonospora;Micromonospora sp.	Micromonosporaceae	Micromonospora	Micromonospora sp.	1876.0
0	3353	0.1654531350425411	01KA9R431DPY96M2PJ01R0726H.mzML	3353	01KAEM2KQFBTYMYG9JXTQTJCH1	3354	WMMA1829	Bugni Lab UW-Madison		KY015185	Micromonosporaceae;Micromonospora;Verrucosispora sp.	Micromonosporaceae	Micromonospora	Verrucosispora sp.	1871626.0
0	3355	0.146074644731744	01KA9R431DPY96M2PJ01R0726H.mzML	3355	01KAEM7BE02VW9WFHDZ6PVYCAZ	3356	WMMD980	Bugni Lab UW-Madison		GCA_029626035.1	Micromonosporaceae;Micromonospora;Micromonospora sp. WMMD980	Micromonosporaceae	Micromonospora	Micromonospora sp. WMMD980	3016088.0
0	3364	0.1448043550498409	01KA9R431DPY96M2PJ01R0726H.mzML	3364	01KAEM494KD1PZ6DBHH3QVBZ7H	3365	WMMA1914	Bugni Lab UW-Madison		KY015106	Micromonosporaceae;Micromonospora;Micromonospora sp.	Micromonosporaceae	Micromonospora	Micromonospora sp.	1876.0
0	3369	0.1765390389522322	01KA9R431DPY96M2PJ01R0726H.mzML	3369	01KAEM6SY9J2Q0D9JDD0NGM97Z	3370	WMMD1128	Bugni Lab UW-Madison		GCA_027497235.1	Micromonosporaceae;Micromonospora;Micromonospora sp. WMMD1128	Micromonosporaceae	Micromonospora	Micromonospora sp. WMMD1128	3015150.0
0	3373	0.1826910727640711	01KA9R431DPY96M2PJ01R0726H.mzML	3373	01KAEM68FPPFN853KA86RC9WVZ	3374	WMMA2053	Bugni Lab UW-Madison		KY015212	Micromonosporaceae;Micromonospora;Verrucosispora sp.	Micromonosporaceae	Micromonospora	Verrucosispora sp.	1871626.0
0	3385	0.1502943908730493	01KA9R431DPY96M2PJ01R0726H.mzML	3385	01KAEM6FTZVGQW5CF8TD5P0BED	3386	WMMC241	Bugni Lab UW-Madison		GCA_027460165.1	Micromonosporaceae;Micromonospora;Micromonospora sp. WMMC241	Micromonosporaceae	Micromonospora	Micromonospora sp. WMMC241	3015159.0
0	3386	0.1663264280359208	01KA9R431DPY96M2PJ01R0726H.mzML	3386	01KAEM2GNK0AJZ4VMR77R57J8N	3387	WMMA1827	Bugni Lab UW-Madison		KY015183	Micromonosporaceae;Micromonospora;Verrucosispora sp.	Micromonosporaceae	Micromonospora	Verrucosispora sp.	1871626.0
0	3391	0.1430167686478696	01KA9R431DPY96M2PJ01R0726H.mzML	3391	01KAEM472SBYDQV56GT196J2V7	3392	WMMA1910	Bugni Lab UW-Madison		KY015103	Micromonosporaceae;Micromonospora;Micromonospora sp.	Micromonosporaceae	Micromonospora	Micromonospora sp.	1876.0
0	3396	0.1458196791111239	01KA9R431DPY96M2PJ01R0726H.mzML	3396	01KAEM3AGX5S0RNZW6YR3B9PDH	3397	WMMA1887	Bugni Lab UW-Madison		KY015083	Micromonosporaceae;Micromonospora;Micromonospora sp.	Micromonosporaceae	Micromonospora	Micromonospora sp.	1876.0
0	3397	0.1815390638657609	01KA9R431DPY96M2PJ01R0726H.mzML	3397	01KAEM5V6X7W14VAE5H573C2Z2	3398	WMMA2011	Bugni Lab UW-Madison		KY015161	Micromonosporaceae;Micromonospora;Micromonospora sp.	Micromonosporaceae	Micromonospora	Micromonospora sp.	1876.0
0	3398	0.1823907253071787	01KA9R431DPY96M2PJ01R0726H.mzML	3398	01KAEM2MXZQS0NZ3MKQK6ZZH25	3399	WMMA1830	Bugni Lab UW-Madison		KY015186	Micromonosporaceae;Micromonospora;Verrucosispora sp.	Micromonosporaceae	Micromonospora	Verrucosispora sp.	1871626.0
0	202	0.1623001790422824	01KABVFKHDBS3D7BATTGRP21QR.mzML	202	01JV8DEJWJEGBZCZZMAPQBDGGT	203	B-24316	USDA-ARS NRRL		AB249926	Streptomycetaceae;Streptomyces;Streptomyces thermocarboxydus	Streptomycetaceae	Streptomyces	Streptomyces thermocarboxydus	59299.0
0	2715	1.4432899320127037e-15	01KABVFKHDBS3D7BATTGRP21QR.mzML	2715	01KABVFKHDBS3D7BATTGRP21QR	2716	B023	Murphy Lab UIC			Micromonospora tulbaghiae (User Submitted 16S)				
0	83	0.1167909354324776	01KA9R4CJ05D7GNAEM0AJ68V0M.mzML	83	01KA9R753Q02A6K9AC8F0RRNRW	84	K544	Murphy Lab UIC			Kocuria sp. (User Submitted 16S)				
0	158	9.547918011776346e-15	01KA9R4CJ05D7GNAEM0AJ68V0M.mzML	158	01KA9R4CJ05D7GNAEM0AJ68V0M	159	117F-1	Murphy lab UIC		MK143124	Micrococcaceae;Kocuria;Kocuria sp.	Micrococcaceae	Kocuria	Kocuria sp.	1871328.0
0	789	0.1503370619013383	01KA9R4CJ05D7GNAEM0AJ68V0M.mzML	789	01KGR410BXF6DEBWMYZ57WHSYS	790	Kocuria_None_None_RRLuftkeim06_02		Kocuria palustris RRLK06_02_Mess01_01\0_I6\1 | Kocuria palustris RRLK06_02_Mess01_04\0_K7\1 | Kocuria palustris RRLK06_02_Mess01_02\0_K6\1 | Kocuria palustris RRLK06_02_Mess01_03\0_I7\1		Micrococcaceae;Kocuria;Kocuria palustris	Micrococcaceae	Kocuria	Kocuria palustris	71999.0
0	791	0.1545721605887333	01KA9R4CJ05D7GNAEM0AJ68V0M.mzML	791	01KGR3D8VH35DFHQ2EE8YTPZ1V	792	Kocuria_None_None_RRLuftkeim06_02		Kocuria palustris RRLK06_02_Mess03_01\0_F3\1 | Kocuria palustris RRLK06_02_Mess03_03\0_F4\1 | Kocuria palustris RRLK06_02_Mess03_04\0_H4\1 | Kocuria palustris RRLK06_02_Mess03_02\0_H3\1		Micrococcaceae;Kocuria;Kocuria palustris	Micrococcaceae	Kocuria	Kocuria palustris	71999.0
0	921	0.1894164206604774	01KA9R4CJ05D7GNAEM0AJ68V0M.mzML	921	01JV3F8RWREE80FREXV5HT0TJ1	922	B-24312	USDA-ARS NRRL		AB184624	Streptomycetaceae;Streptomyces;Streptomyces aculeolatus	Streptomycetaceae	Streptomyces	Streptomyces aculeolatus	270689.0
0	3187	0.1742407089076867	01KA9R4CJ05D7GNAEM0AJ68V0M.mzML	3187	01KGR33RKVAHM623A88JG8JMP2	3188	Kocuria_None_None_RRLuftkeim06_02		Kocuria palustris RRLK06_02_Mess02_03\0_L14\1 | Kocuria palustris RRLK06_02_Mess02_01\0_L13\1 | Kocuria palustris RRLK06_02_Mess02_02\0_N13\1 | Kocuria palustris RRLK06_02_Mess02_04\0_N14\1		Micrococcaceae;Kocuria;Kocuria palustris	Micrococcaceae	Kocuria	Kocuria palustris	71999.0
0	64	0.1833831605990808	01KA9R47SFFX9SBAXB91ZPMR0K.mzML	64	01KA9R5135AXBXG68M163YJ1D9	65	129A-35	Murphy Lab UIC		MK168037	Micromonosporaceae;Micromonospora;Micromonospora sp.	Micromonosporaceae	Micromonospora	Micromonospora sp.	1876.0
0	73	0.1583015251033084	01KA9R47SFFX9SBAXB91ZPMR0K.mzML	73	01KA9R7X14AF8YZA67AFG150N1	74	K792	Murphy Lab UIC			Micromonospora sp. (User Submitted 16S)				
0	139	0.1819441364894218	01KA9R47SFFX9SBAXB91ZPMR0K.mzML	139	01KA9R44B6KYRW1GX0VJHS8BCX	140	115B-7	Murphy lab UIC		MK143177	Intrasporangiaceae;Knoellia;Knoellia sp.	Intrasporangiaceae	Knoellia	Knoellia sp.	1912358.0
0	151	0.1536615551729611	01KA9R47SFFX9SBAXB91ZPMR0K.mzML	151	01KA9R7W1N77QNBT9ACTE879WS	152	K787	Murphy Lab UIC			Micromonospora sp. (User Submitted 16S)				
0	168	0.0652493620647631	01KA9R47SFFX9SBAXB91ZPMR0K.mzML	168	01KA9R5KF1QKAGN54SDPMNK7SC	169	135A-23	Murphy lab UIC		MK143160	Cellulomonadaceae;Oerskovia;Oerskovia sp.	Cellulomonadaceae	Oerskovia	Oerskovia sp.	1915060.0
0	186	1.2656542480726783e-14	01KA9R47SFFX9SBAXB91ZPMR0K.mzML	186	01KA9R47SFFX9SBAXB91ZPMR0K	187	116H-18	Murphy lab UIC		MK163385	Cellulomonadaceae;Oerskovia;Oerskovia sp.	Cellulomonadaceae	Oerskovia	Oerskovia sp.	1915060.0
0	194	0.1624942849089894	01KA9R47SFFX9SBAXB91ZPMR0K.mzML	194	01JV8DF65DEYA903TKSZYZB375	195	B-3288	USDA-ARS NRRL		AB184232	Streptomycetaceae;Streptomyces;Streptomyces pseudogriseolus	Streptomycetaceae	Streptomyces	Streptomyces pseudogriseolus	36817.0
0	208	0.1738233759979703	01KA9R47SFFX9SBAXB91ZPMR0K.mzML	208	01JV8DFABP1BAGTBDFCZ6EHAF8	209	B-3365	USDA-ARS NRRL		AJ399478	Streptomycetaceae;Streptomyces;Streptomyces violaceus	Streptomycetaceae	Streptomyces	Streptomyces violaceus	1936.0
0	213	0.1824334386292255	01KA9R47SFFX9SBAXB91ZPMR0K.mzML	213	01JV8DE9RZDG3Q87HG20BEKF68	214	B-2091	USDA-ARS NRRL		AB184853	Streptomycetaceae;Streptomyces;Streptomyces olivoreticuli	Streptomycetaceae	Streptomyces	Streptomyces olivoreticuli	68246.0
0	931	0.181572389542354	01KA9R47SFFX9SBAXB91ZPMR0K.mzML	931	01JV3FEA11B5DYGMV5D9PKDZWZ	932	B-1548	USDA-ARS NRRL		AJ781363	Streptomycetaceae;Streptomyces;Streptomyces viridiflavus	Streptomycetaceae	Streptomyces	Streptomyces viridiflavus	173862.0
0	938	0.1647817948630103	01KA9R47SFFX9SBAXB91ZPMR0K.mzML	938	01JV3FSM40CCF60ATK7X95Z6RZ	939	B-2283	USDA-ARS NRRL		MT760589	Streptomycetaceae;Streptomyces;Streptomyces galbus	Streptomycetaceae	Streptomyces	Streptomyces galbus	33898.0
0	943	0.1734052681758892	01KA9R47SFFX9SBAXB91ZPMR0K.mzML	943	01JV3F2GE5WRAQ3V30PJEKJ7FK	944	B-5425	USDA-ARS NRRL		AB122740	Streptomycetaceae;Streptomyces;Streptomyces rubiginosohelvolus	Streptomycetaceae	Streptomyces	Streptomyces rubiginosohelvolus	67362.0
0	945	0.1513623264169742	01KA9R47SFFX9SBAXB91ZPMR0K.mzML	945	01JV3FKHSZ6EM66WD5PNP4XENV	946	B-2038	USDA-ARS NRRL		D44414	Streptomycetaceae;Streptomyces;Streptomyces zaomyceticus	Streptomycetaceae	Streptomyces	Streptomyces zaomyceticus	68286.0
0	964	0.1583224303720599	01KA9R47SFFX9SBAXB91ZPMR0K.mzML	964	01JV3F1G3C2WNYPKJAK4GBDGAP	965	2401	USDA-ARS NRRL		 MT760570	Streptomycetaceae;Streptomyces;Streptomyces luteosporeus	Streptomycetaceae	Streptomyces	Streptomyces luteosporeus	173856.0
0	976	0.182125965091102	01KA9R47SFFX9SBAXB91ZPMR0K.mzML	976	01JV3FJM8FXA0G8S0NSAZ62YZA	977	B-1995	USDA-ARS NRRL		D44006	Streptomycetaceae;Streptomyces;Streptomyces luteoverticillatus	Streptomycetaceae	Streptomyces	Streptomyces luteoverticillatus	66425.0
0	979	0.1686234996871484	01KA9R47SFFX9SBAXB91ZPMR0K.mzML	979	01JV3F608B5BQ570PEQ6P6A7ZJ	980	B-1341	USDA-ARS NRRL		AB184289	Streptomycetaceae;Streptomyces;Streptomyces olivochromogenes	Streptomycetaceae	Streptomyces	Streptomyces olivochromogenes	1963.0
0	982	0.1342543696015938	01KA9R47SFFX9SBAXB91ZPMR0K.mzML	982	01JV3F2BS2YNS1SVZCZ04WJQ0A	983	B-12173	USDA-ARS NRRL		AB122725	Streptomycetaceae;Streptomyces;Streptomyces minutiscleroticus	Streptomycetaceae	Streptomyces	Streptomyces minutiscleroticus	68238.0
0	987	0.1551550501681352	01KA9R47SFFX9SBAXB91ZPMR0K.mzML	987	01JV3FRXR16CDZGYAX30AXWETM	988	B-3856	USDA-ARS NRRL		MT760405	Streptomycetaceae;Streptomyces;Streptomyces fumigatiscleroticus	Streptomycetaceae	Streptomyces	Streptomyces fumigatiscleroticus	66371.0
0	996	0.1554935235826938	01KA9R47SFFX9SBAXB91ZPMR0K.mzML	996	01JV3FRNNY6PPBKS05QAKFQ0MF	997	B-1453	USDA-ARS NRRL		LM999765	Streptomycetaceae;Streptomyces;Streptomyces microflavus	Streptomycetaceae	Streptomyces	Streptomyces microflavus	1919.0
0	999	0.1390342647243028	01KA9R47SFFX9SBAXB91ZPMR0K.mzML	999	01JV3F22KSGKKWJTVDN9P2XSKW	1000	B-12497	USDA-ARS NRRL		AB045879	Streptomycetaceae;Streptomyces;Streptomyces tauricus	Streptomycetaceae	Streptomyces	Streptomyces tauricus	68274.0
0	1002	0.1545287215639803	01KA9R47SFFX9SBAXB91ZPMR0K.mzML	1002	01JV3FN8BA8860QS9BF94JJBMF	1003	B-24621	USDA-ARS NRRL		DQ462649	Streptomycetaceae;Streptomyces;Streptomyces prasinopilosus	Streptomycetaceae	Streptomyces	Streptomyces prasinopilosus	67344.0
0	1003	0.1463871639466807	01KA9R47SFFX9SBAXB91ZPMR0K.mzML	1003	01JV3F3AFZPYGH33HNFGMQEDM2	1004	B-2909	USDA-ARS NRRL		AB184072	Streptomycetaceae;Streptomyces;Streptomyces cinereus	Streptomycetaceae	Streptomyces	Streptomyces cinereus	1955.0
0	1010	0.1865947503628381	01KA9R47SFFX9SBAXB91ZPMR0K.mzML	1010	01JV3FCYSY81G7NBD750HB99MB	1011	B-3898	USDA-ARS NRRL		AJ399463	Streptomycetaceae;Streptomyces;Streptomyces fumanus	Streptomycetaceae	Streptomyces	Streptomyces fumanus	67302.0
0	1011	0.1885071465599227	01KA9R47SFFX9SBAXB91ZPMR0K.mzML	1011	01JV3F6PX2F9M4AES68547FJ1P	1012	B-12374	USDA-ARS NRRL		AB184371	Streptomycetaceae;Streptomyces;Streptomyces thermoviolaceus	Streptomycetaceae	Streptomyces	Streptomyces thermoviolaceus	66860.0
0	1020	0.1741638509338198	01KA9R47SFFX9SBAXB91ZPMR0K.mzML	1020	01JV3FG5BPZ6JDQXEJ635JT6W1	1021	B-5313	USDA-ARS NRRL		AY999749	Streptomycetaceae;Streptomyces;Streptomyces griseoincarnatus	Streptomycetaceae	Streptomyces	Streptomyces griseoincarnatus	29305.0
0	1022	0.1664913467722237	01KA9R47SFFX9SBAXB91ZPMR0K.mzML	1022	01JV3FRG249BBT3Y1EDM4DQQK4	1023	B-2708	USDA-ARS NRRL		LC506591	Streptomycetaceae;Streptomyces;Streptomyces flavidovirens	Streptomycetaceae	Streptomyces	Streptomyces flavidovirens	67298.0
0	1028	0.1848829924264531	01KA9R47SFFX9SBAXB91ZPMR0K.mzML	1028	01JV3FNCY814HMRYS7WM9WPD0X	1029	ISP-5106	USDA-ARS NRRL		EF178674	Streptomycetaceae;Streptomyces;Streptomyces azureus	Streptomycetaceae	Streptomyces	Streptomyces azureus	146537.0
0	1033	0.1591653072147658	01KA9R47SFFX9SBAXB91ZPMR0K.mzML	1033	01JV3F39G9YNSP27XTV5G44M0A	1034	B-12103	USDA-ARS NRRL		AB122780	Streptomycetaceae;Streptomyces;Streptomyces djakartensis	Streptomycetaceae	Streptomyces	Streptomyces djakartensis	68193.0
0	1036	0.1801648834796214	01KA9R47SFFX9SBAXB91ZPMR0K.mzML	1036	01JV3FMSENMP97W35CPQV1912N	1037	B-1994	USDA-ARS NRRL		DQ442534	Streptomycetaceae;Streptomyces;Streptomyces olivoverticillatus	Streptomycetaceae	Streptomyces	Streptomyces olivoverticillatus	66427.0
0	1041	0.1462184275765236	01KA9R47SFFX9SBAXB91ZPMR0K.mzML	1041	01JV3F550BSKXSC1CNR0QHKCSA	1042	B-2410	USDA-ARS NRRL		AB184237	Streptomycetaceae;Streptomyces;Streptomyces rochei	Streptomycetaceae	Streptomyces	Streptomyces rochei	1928.0
0	1058	0.1286811733463357	01KA9R47SFFX9SBAXB91ZPMR0K.mzML	1058	01JV3FSY5VB4T7VZ0RMVN3WBP8	1059	B-12102	USDA-ARS NRRL		MT760640	Streptomycetaceae;Streptomyces;Streptomyces geysiriensis	Streptomycetaceae	Streptomyces	Streptomyces geysiriensis	68207.0
0	1061	0.1842878818185063	01KA9R47SFFX9SBAXB91ZPMR0K.mzML	1061	01JV3F14SANSSXTW01RZJW4HKY	1062	ISP-5269	USDA-ARS NRRL		 FJ406122	Streptomycetaceae;Streptomyces;Streptomyces sclerotialus	Streptomycetaceae	Streptomyces	Streptomyces sclerotialus	1957.0
0	1066	0.1567655238490575	01KA9R47SFFX9SBAXB91ZPMR0K.mzML	1066	01JV3FT815J9A44ABN66YVBYN4	1067	B-16374	USDA-ARS NRRL		NR_043502	Streptomycetaceae;Streptomyces;Streptomyces rectiviolaceus	Streptomycetaceae	Streptomyces	Streptomyces rectiviolaceus	332591.0
0	1068	0.15219595384508	01KA9R47SFFX9SBAXB91ZPMR0K.mzML	1068	01JV3FHPK4ZWK296ZS9NQVCDFM	1069	B-5622	USDA-ARS NRRL		AY999852	Streptomycetaceae;Streptomyces;Streptomyces albogriseolus	Streptomycetaceae	Streptomyces	Streptomyces albogriseolus	1887.0
0	1072	0.1452795484129265	01KA9R47SFFX9SBAXB91ZPMR0K.mzML	1072	01JV3FMGB29N9AT3GV5981233Y	1073	ISP-5162	USDA-ARS NRRL		DQ442514	Streptomycetaceae;Streptomyces;Streptomyces kurssanovii	Streptomycetaceae	Streptomyces	Streptomyces kurssanovii	67312.0
0	1082	0.1193098977912692	01KA9R47SFFX9SBAXB91ZPMR0K.mzML	1082	01JV3F3D2MQAY246VX8KCQQYN0	1083	B-1511	USDA-ARS NRRL		AB184075	Streptomycetaceae;Streptomyces;Streptomyces viridochromogenes	Streptomycetaceae	Streptomyces	Streptomyces viridochromogenes	1938.0
0	1092	0.1841736876568689	01KA9R47SFFX9SBAXB91ZPMR0K.mzML	1092	01JV3FGBX0KA8PY4X3J3J4XF6T	1093	B-16363	USDA-ARS NRRL		AY999752	Streptomycetaceae;Streptomyces;Streptomyces coelicoflavus	Streptomycetaceae	Streptomyces	Streptomyces coelicoflavus	285562.0
0	1094	0.1821485618992591	01KA9R47SFFX9SBAXB91ZPMR0K.mzML	1094	01JV3FBZ26Y3P8SB35YG9T5EHC	1095	B-1627	USDA-ARS NRRL		AB249965	Streptomycetaceae;Streptomyces;Streptomyces sulphureus	Streptomycetaceae	Streptomyces	Streptomyces sulphureus	1123321.0
0	1096	0.1532160264301389	01KA9R47SFFX9SBAXB91ZPMR0K.mzML	1096	01JV3FA1AKTSJYYDHEQ08EMA2N	1097	B-1733	USDA-ARS NRRL		AB184763	Streptomycetaceae;Streptomyces;Streptomyces vinaceus	Streptomycetaceae	Streptomyces	Streptomyces vinaceus	1960.0
0	1100	0.1727515534699209	01KA9R47SFFX9SBAXB91ZPMR0K.mzML	1100	01JV3F3ZZGKCQ10XM590KBW84V	1101	B-3982	USDA-ARS NRRL		AB184139	Streptomycetaceae;Streptomyces;Streptomyces griseorubens	Streptomycetaceae	Streptomyces	Streptomyces griseorubens	66897.0
0	1107	0.1813047404800735	01KA9R47SFFX9SBAXB91ZPMR0K.mzML	1107	01JV3FRDQ429Z07MCK4ZWT8QT7	1108	B-11312	USDA-ARS NRRL		LC055414	Streptomycetaceae;Streptomyces;Streptomyces ahygroscopicus	Streptomycetaceae	Streptomyces	Streptomyces ahygroscopicus	387846.0
0	1110	0.1793906346519354	01KA9R47SFFX9SBAXB91ZPMR0K.mzML	1110	01JV3FMQ20B72Y172B0Z5H374N	1111	2466	USDA-ARS NRRL		DQ442532	Streptomycetaceae;Streptomyces;Streptomyces niveus	Streptomycetaceae	Streptomyces	Streptomyces niveus	193462.0
0	1112	0.1810411154322735	01KA9R47SFFX9SBAXB91ZPMR0K.mzML	1112	01JV3FDTJJTN4GA1PKD542G614	1113	B-12326	USDA-ARS NRRL		AJ781338	Streptomycetaceae;Streptomyces;Streptomyces kishiwadensis	Streptomycetaceae	Streptomyces	Streptomyces kishiwadensis	67310.0
0	1116	0.1899455287440375	01KA9R47SFFX9SBAXB91ZPMR0K.mzML	1116	01JV3F09ZQRBQ4EF3G18V92XV1	1117	B-3889	USDA-ARS NRRL		 AB184686	Streptomycetaceae;Streptomyces;Streptomyces torulosus	Streptomycetaceae	Streptomyces	Streptomyces torulosus	68276.0
0	1122	0.1510506711045667	01KA9R47SFFX9SBAXB91ZPMR0K.mzML	1122	01JV3FM2VM8FAQ5D9AFPXW5JRH	1123	B-2712	USDA-ARS NRRL		DQ026658	Streptomycetaceae;Streptomyces;Streptomyces prasinus	Streptomycetaceae	Streptomyces	Streptomyces prasinus	67345.0
0	1132	0.1563190741607257	01KA9R47SFFX9SBAXB91ZPMR0K.mzML	1132	01JV3F803T87CCH3VCD772K4PF	1133	B-24434	USDA-ARS NRRL		AB184508	Streptomycetaceae;Streptomyces;Streptomyces cinnamoneus	Streptomycetaceae	Streptomyces	Streptomyces cinnamoneus	53446.0
0	1138	0.1273319573428604	01KA9R47SFFX9SBAXB91ZPMR0K.mzML	1138	01JV3FSHRR7E2B4GST4BK874VP	1139	ISP-5084	USDA-ARS NRRL		MT760574	Streptomycetaceae;Streptomyces;Streptomyces caelestis	Streptomycetaceae	Streptomyces	Streptomyces caelestis	36816.0
0	1152	0.1639667483114179	01KA9R47SFFX9SBAXB91ZPMR0K.mzML	1152	01JV3FPR1NZD1RQSV091NYKT38	1153	B-24304	USDA-ARS NRRL		FJ406121	Streptomycetaceae;Streptomyces;Streptomyces rhizosphaericus	Streptomycetaceae	Streptomyces	Streptomyces rhizosphaericus	114699.0
0	1160	0.1178207353179645	01KA9R47SFFX9SBAXB91ZPMR0K.mzML	1160	01JV3FGZNZ1MYDSSFC2BVNHP3S	1161	B-12347	USDA-ARS NRRL		AY999787	Streptomycetaceae;Streptomyces;Streptomyces chryseus	Streptomycetaceae	Streptomyces	Streptomyces chryseus	68186.0
0	1161	0.1678588153507286	01KA9R47SFFX9SBAXB91ZPMR0K.mzML	1161	01JV3F07MTM3GBREAXGM06JGE1	1162	B-3175	USDA-ARS NRRL		 AB184659	Streptomycetaceae;Streptomyces;Streptomyces fimbriatus	Streptomycetaceae	Streptomyces	Streptomyces fimbriatus	68197.0
0	1162	0.1601938194976361	01KA9R47SFFX9SBAXB91ZPMR0K.mzML	1162	01JV3F9M0H855DHASM3Z5KDE22	1163	B-5616	USDA-ARS NRRL		AB184704	Streptomycetaceae;Streptomyces;Streptomyces griseoincarnatus	Streptomycetaceae	Streptomyces	Streptomyces griseoincarnatus	29305.0
0	1170	0.1657896272446099	01KA9R47SFFX9SBAXB91ZPMR0K.mzML	1170	01JV3F1SZVVGQB5FDVGPRT77GB	1171	ISP-5262	USDA-ARS NRRL		AB026217	Streptomycetaceae;Streptomyces;Streptomyces bottropensis	Streptomycetaceae	Streptomyces	Streptomyces bottropensis	1054862.0
0	1172	0.1634562528348923	01KA9R47SFFX9SBAXB91ZPMR0K.mzML	1172	01JV3FCJJDMAZGB045MP5FFPAE	1173	B-12348	USDA-ARS NRRL		AF503496	Streptomycetaceae;Streptomyces;Streptomyces anthocyanicus	Streptomycetaceae	Streptomyces	Streptomyces anthocyanicus	68189.0
0	1173	0.1724126832592066	01KA9R47SFFX9SBAXB91ZPMR0K.mzML	1173	01JV3FA9J5S9Z3R4Y8YD9VESF4	1174	B-2655	USDA-ARS NRRL		AB184837	Streptomycetaceae;Streptomyces;Streptomyces azureus	Streptomycetaceae	Streptomyces	Streptomyces azureus	146537.0
0	1179	0.1759281729236749	01KA9R47SFFX9SBAXB91ZPMR0K.mzML	1179	01JV3FBW51REJ4WETVWJAYKNWP	1180	B-24116	USDA-ARS NRRL		AB249962	Streptomycetaceae;Streptomyces;Streptomyces yatensis	Streptomycetaceae	Streptomyces	Streptomyces yatensis	155177.0
0	1191	0.1852568263201379	01KA9R47SFFX9SBAXB91ZPMR0K.mzML	1191	01JV3FKGBP5RYS8KGBMKN45TNA	1192	2382	USDA-ARS NRRL		D44405	Streptomycetaceae;Streptomyces;Streptomyces vinaceus	Streptomycetaceae	Streptomyces	Streptomyces vinaceus	1960.0
0	1199	0.1371313930308976	01KA9R47SFFX9SBAXB91ZPMR0K.mzML	1199	01JV3FNA7Q7NV8GRH5C3WDH1NP	1200	B-24580	USDA-ARS NRRL		DQ912930	Streptomycetaceae;Streptomyces;Streptomyces radiopugnans	Streptomycetaceae	Streptomyces	Streptomyces radiopugnans	403935.0
0	1205	0.1882899135925881	01KA9R47SFFX9SBAXB91ZPMR0K.mzML	1205	01JV3F5SARZJ8GMQNZ3DQANZJA	1206	B-12280	USDA-ARS NRRL		AB184288	Streptomycetaceae;Streptomyces;Streptomyces olivaceoviridis	Streptomycetaceae	Streptomyces	Streptomyces olivaceoviridis	1921.0
0	1208	0.1817405844614181	01KA9R47SFFX9SBAXB91ZPMR0K.mzML	1208	01JV3F3HMDHMZJP205PRATEW1M	1209	B-2403	USDA-ARS NRRL		AB184111	Streptomycetaceae;Streptomyces;Streptomyces alboniger	Streptomycetaceae	Streptomyces	Streptomyces alboniger	132473.0
0	1211	0.1871901170574876	01KA9R47SFFX9SBAXB91ZPMR0K.mzML	1211	01JV3FAEJ7YG9GK6E8VM13KB6E	1212	B-2706	USDA-ARS NRRL		AB184843	Streptomycetaceae;Streptomyces;Streptomyces glaucescens	Streptomycetaceae	Streptomyces	Streptomyces glaucescens	1907.0
0	1212	0.1424053176619322	01KA9R47SFFX9SBAXB91ZPMR0K.mzML	1212	01JV3FD0WPNM5VPC72EN6QH3QK	1213	B-2867	USDA-ARS NRRL		AJ399480	Streptomycetaceae;Streptomyces;Streptomyces violaceus	Streptomycetaceae	Streptomyces	Streptomyces violaceus	1936.0
0	1213	0.1590686578816108	01KA9R47SFFX9SBAXB91ZPMR0K.mzML	1213	01JV3FD617KCBYEVDGPADE2ZX9	1214	B-5621	USDA-ARS NRRL		AJ399483	Streptomycetaceae;Streptomyces;Streptomyces afghaniensis	Streptomycetaceae	Streptomyces	Streptomyces afghaniensis	66865.0
0	1214	0.1451355673937124	01KA9R47SFFX9SBAXB91ZPMR0K.mzML	1214	01JV3FCXPNYEG1S1097VA3QXEJ	1215	ISP-5146	USDA-ARS NRRL		AJ399462	Streptomycetaceae;Streptomyces;Streptomyces coerulescens	Streptomycetaceae	Streptomyces	Streptomyces coerulescens	29304.0
0	1220	0.1750909787600514	01KA9R47SFFX9SBAXB91ZPMR0K.mzML	1220	01JV3F6YQW6HBRP2PBMHHB7EK2	1221	ISP-5528	USDA-ARS NRRL		AB184396	Streptomycetaceae;Streptomyces;Streptomyces canarius	Streptomycetaceae	Streptomyces	Streptomyces canarius	285453.0
0	1221	0.1700289779699956	01KA9R47SFFX9SBAXB91ZPMR0K.mzML	1221	01JV3F3M3FG9EMRF52N1DEC5DD	1222	B-5412	USDA-ARS NRRL		AB184123	Streptomycetaceae;Streptomyces;Streptomyces collinus	Streptomycetaceae	Streptomyces	Streptomyces collinus	42684.0
0	1240	0.163647793110784	01KA9R47SFFX9SBAXB91ZPMR0K.mzML	1240	01JV3F26ZZABZ3P03X3R8NHTXY	1241	B-12230	USDA-ARS NRRL		AB045888	Streptomycetaceae;Streptomyces;Streptomyces purpurascens	Streptomycetaceae	Streptomyces	Streptomyces purpurascens	1924.0
0	1241	0.1789717492321348	01KA9R47SFFX9SBAXB91ZPMR0K.mzML	1241	01JV3FF3QN6KAB1K75PG2Q5HHW	1242	B-24444	USDA-ARS NRRL		AY262826	Streptomycetaceae;Streptantibioticus;Streptantibioticus ferralitis	Streptomycetaceae	Streptantibioticus	Streptantibioticus ferralitis	236510.0
0	1243	0.1800267477056151	01KA9R47SFFX9SBAXB91ZPMR0K.mzML	1243	01JV3FE7BP63CKYRKXKYDF8K6H	1244	B-16923	USDA-ARS NRRL		AJ781356	Streptomycetaceae;Streptomyces;Streptomyces longwoodensis	Streptomycetaceae	Streptomyces	Streptomyces longwoodensis	68231.0
0	1250	0.1859521464629355	01KA9R47SFFX9SBAXB91ZPMR0K.mzML	1250	01JV3F1MHKRJB0WE7MX6RAEWTG	1251	B-1816	USDA-ARS NRRL		 MT760592	Streptomycetaceae;Streptomyces;Streptomyces naganishii	Streptomycetaceae	Streptomyces	Streptomyces naganishii	1306179.0
0	1252	0.1543328655081042	01KA9R47SFFX9SBAXB91ZPMR0K.mzML	1252	01JV3FCQ1MDPATC24J0JRQNFKC	1253	B-2569	USDA-ARS NRRL		AJ306622	Streptomycetaceae;Streptomyces;Streptomyces coeruleorubidus	Streptomycetaceae	Streptomyces	Streptomyces coeruleorubidus	116188.0
0	1259	0.1488445471755541	01KA9R47SFFX9SBAXB91ZPMR0K.mzML	1259	01JV3FQV3D12GBRN6N5127M1P3	1260	ISP-5169	USDA-ARS NRRL		KC954557	Streptomycetaceae;Streptomyces;Streptomyces mutabilis	Streptomycetaceae	Streptomyces	Streptomyces mutabilis	67332.0
0	1260	0.159572716034339	01KA9R47SFFX9SBAXB91ZPMR0K.mzML	1260	01JV3FRB49B5KHNBBX9YDPP4HR	1261	B-11311	USDA-ARS NRRL		LC055413	Streptomycetaceae;Streptomyces;Streptomyces agglomeratus	Streptomycetaceae	Streptomyces	Streptomyces agglomeratus	285458.0
0	1266	0.1539304265088413	01KA9R47SFFX9SBAXB91ZPMR0K.mzML	1266	01JV3FD9HBJGCNV2JT7T3QFC0W	1267	B-12384	USDA-ARS NRRL		AJ399488	Streptomycetaceae;Streptomyces;Streptomyces griseorubiginosus	Streptomycetaceae	Streptomyces	Streptomyces griseorubiginosus	67304.0
0	1289	0.1468697505476319	01KA9R47SFFX9SBAXB91ZPMR0K.mzML	1289	01JV3FDBHA6866GTDDE7BW0VC9	1290	B-3317	USDA-ARS NRRL		AJ399489	Streptomycetaceae;Streptomyces;Streptomyces iakyrus	Streptomycetaceae	Streptomyces	Streptomyces iakyrus	68219.0
0	1290	0.1866015745671189	01KA9R47SFFX9SBAXB91ZPMR0K.mzML	1290	01JV3FE0Z0C4FZ218DBNHWN3EX	1291	3252	USDA-ARS NRRL		AJ781352	Streptomycetaceae;Streptomyces;Streptomyces lomondensis	Streptomycetaceae	Streptomyces	Streptomyces lomondensis	68229.0
0	1291	0.1563838936036443	01KA9R47SFFX9SBAXB91ZPMR0K.mzML	1291	01JV3FQPY6B82Y6N00BGTDJP1A	1292	B-12432	USDA-ARS NRRL		JN566032	Streptomycetaceae;Streptomyces;Streptomyces griseoverticillatus	Streptomycetaceae	Streptomyces	Streptomyces griseoverticillatus	68215.0
0	2723	0.1875797542275278	01KA9R47SFFX9SBAXB91ZPMR0K.mzML	2723	01KABVCGHV7ZC85XTCFAWN8Z30	2724	A003	Murphy Lab UIC			Streptomyces tendae (User Submitted 16S)				
0	2732	0.1396501238257703	01KA9R47SFFX9SBAXB91ZPMR0K.mzML	2732	01KABVDV9YX1DD0E5NB194KTP9	2733	B006	Murphy Lab UIC			Micromonospora sp. (User Submitted 16S)				
0	3261	0.180342939917549	01KA9R47SFFX9SBAXB91ZPMR0K.mzML	3261	01KAEM2PEJZ2BB76HDG7QCM6MF	3262	WMMA1833	Bugni Lab UW-Madison		KY015187	Micromonosporaceae;Micromonospora;Verrucosispora sp.	Micromonosporaceae	Micromonospora	Verrucosispora sp.	1871626.0
0	3267	0.1865105399642055	01KA9R47SFFX9SBAXB91ZPMR0K.mzML	3267	01KAEM47QA3Y8X528R3ZP2FQ93	3268	WMMA1912	Bugni Lab UW-Madison		KY015104	Micromonosporaceae;Micromonospora;Micromonospora sp.	Micromonosporaceae	Micromonospora	Micromonospora sp.	1876.0
0	3269	0.1817125567054698	01KA9R47SFFX9SBAXB91ZPMR0K.mzML	3269	01KAEM2QQG5HJ77W1BP31Z6MX5	3270	WMMA1834	Bugni Lab UW-Madison		KY015188	Micromonosporaceae;Micromonospora;Verrucosispora sp.	Micromonosporaceae	Micromonospora	Verrucosispora sp.	1871626.0
0	3278	0.1629444982573255	01KA9R47SFFX9SBAXB91ZPMR0K.mzML	3278	01KAEM508G22MZD67XTZRBW5H9	3279	WMMA1967	Bugni Lab UW-Madison		KY015131	Micromonosporaceae;Micromonospora;Micromonospora sp.	Micromonosporaceae	Micromonospora	Micromonospora sp.	1876.0
0	3279	0.1675807371159905	01KA9R47SFFX9SBAXB91ZPMR0K.mzML	3279	01KAEM2ETT39MHHHCDFG4R8CV4	3280	WMMA1823	Bugni Lab UW-Madison		KY015181	Micromonosporaceae;Micromonospora;Verrucosispora sp.	Micromonosporaceae	Micromonospora	Verrucosispora sp.	1871626.0
0	3281	0.1888990230579769	01KA9R47SFFX9SBAXB91ZPMR0K.mzML	3281	01KAEM3GCHVFR3A64QED3YRD5V	3282	WMMA1892	Bugni Lab UW-Madison		KY015088	Micromonosporaceae;Micromonospora;Micromonospora sp.	Micromonosporaceae	Micromonospora	Micromonospora sp.	1876.0
0	3282	0.1759784615167381	01KA9R47SFFX9SBAXB91ZPMR0K.mzML	3282	01KAEM5T6BQE9HNWMP8SHK8KYM	3283	WMMA2010	Bugni Lab UW-Madison		KY015160	Micromonosporaceae;Micromonospora;Micromonospora sp.	Micromonosporaceae	Micromonospora	Micromonospora sp.	1876.0
0	3285	0.1834491783592613	01KA9R47SFFX9SBAXB91ZPMR0K.mzML	3285	01KAEM3P2DNFWBMCQCVR1ERR3R	3286	WMMA1896	Bugni Lab UW-Madison		KY015092	Micromonosporaceae;Micromonospora;Micromonospora sp.	Micromonosporaceae	Micromonospora	Micromonospora sp.	1876.0
0	3297	0.1700403601364943	01KA9R47SFFX9SBAXB91ZPMR0K.mzML	3297	01KAEM3WD006ZECTX2XF08AQX4	3298	WMMA1901	Bugni Lab UW-Madison		KY015097	Micromonosporaceae;Micromonospora;Micromonospora sp.	Micromonosporaceae	Micromonospora	Micromonospora sp.	1876.0
0	3306	0.1852759354858462	01KA9R47SFFX9SBAXB91ZPMR0K.mzML	3306	01KAEM2E3B2C3M076VF33DVWZG	3307	WMMA1822	Bugni Lab UW-Madison		KY015180	Micromonosporaceae;Micromonospora;Verrucosispora sp.	Micromonosporaceae	Micromonospora	Verrucosispora sp.	1871626.0
0	3307	0.1847385601789311	01KA9R47SFFX9SBAXB91ZPMR0K.mzML	3307	01KAEM76RD1J3CQ3NMD1PREQ2M	3308	WMMD956	Bugni Lab UW-Madison		GCA_029626125.1	Micromonosporaceae;Micromonospora;Micromonospora sp. WMMD956	Micromonosporaceae	Micromonospora	Micromonospora sp. WMMD956	3016108.0
0	3314	0.184451562788126	01KA9R47SFFX9SBAXB91ZPMR0K.mzML	3314	01KAEM6E7CEG461QBGHW370682	3315	WMMA2121	Bugni Lab UW-Madison		GCA_027460185.1	Micromonosporaceae;Micromonospora;Verrucosispora sp. WMMA2121	Micromonosporaceae	Micromonospora	Verrucosispora sp. WMMA2121	3015164.0
0	3318	0.1794250648396514	01KA9R47SFFX9SBAXB91ZPMR0K.mzML	3318	01KAEM39QKWHD3H9KAXQFQVNTE	3319	WMMA1860	Bugni Lab UW-Madison		KY015201	Micromonosporaceae;Micromonospora;Verrucosispora sp.	Micromonosporaceae	Micromonospora	Verrucosispora sp.	1871626.0
0	3320	0.1634576562052977	01KA9R47SFFX9SBAXB91ZPMR0K.mzML	3320	01KAEM4Y4Y9D5TMCEYK5X2V9W5	3321	WMMA1962	Bugni Lab UW-Madison		KY015129	Micromonosporaceae;Micromonospora;Micromonospora sp.	Micromonosporaceae	Micromonospora	Micromonospora sp.	1876.0
0	3331	0.1849540780577741	01KA9R47SFFX9SBAXB91ZPMR0K.mzML	3331	01KAEM6C4VZ95DQF7VTW2N6DDG	3332	WMMA2054	Bugni Lab UW-Madison		KY015213	Micromonosporaceae;Micromonospora;Verrucosispora sp.	Micromonosporaceae	Micromonospora	Verrucosispora sp.	1871626.0
0	3335	0.1732328648837942	01KA9R47SFFX9SBAXB91ZPMR0K.mzML	3335	01KAEM463DN5ZYWERKSF04ZCCR	3336	WMMA1908	Bugni Lab UW-Madison		KY015102	Micromonosporaceae;Micromonospora;Micromonospora sp.	Micromonosporaceae	Micromonospora	Micromonospora sp.	1876.0
0	3340	0.1502060617770771	01KA9R47SFFX9SBAXB91ZPMR0K.mzML	3340	01KAEM6FA28CMM1HHVK3QWWPM2	3341	WMMB482	Bugni Lab UW-Madison		GCA_019038635.1	Micromonosporaceae;Micromonospora;Micromonospora sp. WMMB482	Micromonosporaceae	Micromonospora	Micromonospora sp. WMMB482	2849653.0
0	3347	0.1832697800088221	01KA9R47SFFX9SBAXB91ZPMR0K.mzML	3347	01KAEM63PFC01ZNNWAYHBZ2TWM	3348	WMMA2044	Bugni Lab UW-Madison		GCA_027497155.1	Micromonosporaceae;Micromonospora;Verrucosispora sp. WMMA2044	Micromonosporaceae	Micromonospora	Verrucosispora sp. WMMA2044	3016419.0
0	3354	0.1872921079996704	01KA9R47SFFX9SBAXB91ZPMR0K.mzML	3354	01KAEM5PNP17Q7E8JX165MHQQY	3355	WMMA2002	Bugni Lab UW-Madison		KY015152	Micromonosporaceae;Micromonospora;Micromonospora sp.	Micromonosporaceae	Micromonospora	Micromonospora sp.	1876.0
0	3361	0.1881679999185021	01KA9R47SFFX9SBAXB91ZPMR0K.mzML	3361	01KAEM4MZ0STYBJZRVJCMRHRHM	3362	WMMA1950	Bugni Lab UW-Madison		KY015120	Micromonosporaceae;Micromonospora;Micromonospora sp.	Micromonosporaceae	Micromonospora	Micromonospora sp.	1876.0
0	3362	0.1876223310281592	01KA9R47SFFX9SBAXB91ZPMR0K.mzML	3362	01KAEM3D3SH04RPDFYPDC7XBV9	3363	WMMA1889	Bugni Lab UW-Madison		KY015085	Micromonosporaceae;Micromonospora;Micromonospora sp.	Micromonosporaceae	Micromonospora	Micromonospora sp.	1876.0
0	3373	0.1876133847010131	01KA9R47SFFX9SBAXB91ZPMR0K.mzML	3373	01KAEM68FPPFN853KA86RC9WVZ	3374	WMMA2053	Bugni Lab UW-Madison		KY015212	Micromonosporaceae;Micromonospora;Verrucosispora sp.	Micromonosporaceae	Micromonospora	Verrucosispora sp.	1871626.0
0	3381	0.1598630149574427	01KA9R47SFFX9SBAXB91ZPMR0K.mzML	3381	01KAEM5AP3JE5EGDXG193QYSEN	3382	WMMA1977	Bugni Lab UW-Madison		KY015140	Micromonosporaceae;Micromonospora;Micromonospora sp.	Micromonosporaceae	Micromonospora	Micromonospora sp.	1876.0
0	3385	0.1767333163887854	01KA9R47SFFX9SBAXB91ZPMR0K.mzML	3385	01KAEM6FTZVGQW5CF8TD5P0BED	3386	WMMC241	Bugni Lab UW-Madison		GCA_027460165.1	Micromonosporaceae;Micromonospora;Micromonospora sp. WMMC241	Micromonosporaceae	Micromonospora	Micromonospora sp. WMMC241	3015159.0
0	3386	0.1782586431594824	01KA9R47SFFX9SBAXB91ZPMR0K.mzML	3386	01KAEM2GNK0AJZ4VMR77R57J8N	3387	WMMA1827	Bugni Lab UW-Madison		KY015183	Micromonosporaceae;Micromonospora;Verrucosispora sp.	Micromonosporaceae	Micromonospora	Verrucosispora sp.	1871626.0
0	3389	0.1888693229385453	01KA9R47SFFX9SBAXB91ZPMR0K.mzML	3389	01KAEM4W9S1KJC51JP5FDBB2Q2	3390	WMMA1960	Bugni Lab UW-Madison		KY015127	Micromonosporaceae;Micromonospora;Micromonospora sp.	Micromonosporaceae	Micromonospora	Micromonospora sp.	1876.0
0	3391	0.1862655698497947	01KA9R47SFFX9SBAXB91ZPMR0K.mzML	3391	01KAEM472SBYDQV56GT196J2V7	3392	WMMA1910	Bugni Lab UW-Madison		KY015103	Micromonosporaceae;Micromonospora;Micromonospora sp.	Micromonosporaceae	Micromonospora	Micromonospora sp.	1876.0
0	3396	0.1782979981406729	01KA9R47SFFX9SBAXB91ZPMR0K.mzML	3396	01KAEM3AGX5S0RNZW6YR3B9PDH	3397	WMMA1887	Bugni Lab UW-Madison		KY015083	Micromonosporaceae;Micromonospora;Micromonospora sp.	Micromonosporaceae	Micromonospora	Micromonospora sp.	1876.0
0	3398	0.1898490774256336	01KA9R47SFFX9SBAXB91ZPMR0K.mzML	3398	01KAEM2MXZQS0NZ3MKQK6ZZH25	3399	WMMA1830	Bugni Lab UW-Madison		KY015186	Micromonosporaceae;Micromonospora;Verrucosispora sp.	Micromonosporaceae	Micromonospora	Verrucosispora sp.	1871626.0
0	1412	1.38222766565832e-14	01JVTRKK0RPP550CFE0B4RGN5T.mzML	1412	01JVTRKK0RPP550CFE0B4RGN5T	1413	LYG002A	Murphy Lab UIC			Cryobacterium sp. (User Submitted 16S)				
0	85	0.1830692520939323	01KA9R71E7K296R6JSP3A2J5WH.mzML	85	01KA9R4PM3JNBES6VX3VX1W4HS	86	121A-19	Murphy lab UIC		MK143136	Microbacteriaceae;Microbacterium;Microbacterium sp.	Microbacteriaceae	Microbacterium	Microbacterium sp.	51671.0
0	86	4.440892098500626e-15	01KA9R71E7K296R6JSP3A2J5WH.mzML	86	01KA9R71E7K296R6JSP3A2J5WH	87	K489	Murphy Lab UIC			Microbacterium sp. (User Submitted 16S)				
0	2709	0.1885182708444096	01KA9R71E7K296R6JSP3A2J5WH.mzML	2709	01KABVDCX3YBV83W778NE5P4RC	2710	B001	Murphy Lab UIC		KY858238	Micromonosporaceae;Micromonospora;Micromonospora chokoriensis	Micromonosporaceae	Micromonospora	Micromonospora chokoriensis	356851.0
0	77	0.1706535169326233	01KA9R6C2735PW9HEVH9786VGR.mzML	77	01KA9R4YM2BEMYHF08H4AZ55FJ	78	128A-46	Murphy lab UIC		MK143366	Erythrobacteraceae;Porphyrobacter;Porphyrobacter sp.	Erythrobacteraceae	Porphyrobacter	Porphyrobacter sp.	1113.0
0	82	9.603429163007604e-15	01KA9R6C2735PW9HEVH9786VGR.mzML	82	01KA9R6C2735PW9HEVH9786VGR	83	138K-5	Murphy Lab UIC		MK143210	Brevibacteriaceae;Brevibacterium;Brevibacterium sp.	Brevibacteriaceae	Brevibacterium	Brevibacterium sp.	1701.0
0	85	0.1899857892648113	01KA9R6C2735PW9HEVH9786VGR.mzML	85	01KA9R4PM3JNBES6VX3VX1W4HS	86	121A-19	Murphy lab UIC		MK143136	Microbacteriaceae;Microbacterium;Microbacterium sp.	Microbacteriaceae	Microbacterium	Microbacterium sp.	51671.0
0	353	0.174077795404113	01KA9R6C2735PW9HEVH9786VGR.mzML	353	01K9QYSP8ZBT89EKZRX2T1TC2G	354	PPS221	Marshall Space Flight Center			Sphingomonas desiccabilis (User Submitted 16S)				
0	1176	0.1743968375133451	01KA9R6C2735PW9HEVH9786VGR.mzML	1176	01JV3FGY0B8C80PVD3TF7YK6N1	1177	B-2567	USDA-ARS NRRL		AY999783	Streptomycetaceae;Streptomyces;Streptomyces badius	Streptomycetaceae	Streptomyces	Streptomyces badius	1941.0
0	70	0.1765830516874019	01KABVG4816P8MNPYHYEXFA5N3.mzML	70	01KA9R7TN3ZPW4SGN9DBW79RR5	71	K779	Murphy Lab UIC			Micromonospora sp. (User Submitted 16S)				
0	95	0.1316436275053681	01KABVG4816P8MNPYHYEXFA5N3.mzML	95	01KA9R7HAP8T2859SKA9XJF8XF	96	K699	Murphy Lab UIC			Micromonospora sp. (User Submitted 16S)				
0	169	0.1865756161307412	01KABVG4816P8MNPYHYEXFA5N3.mzML	169	01KA9R61DZ14QDHWGF5AYV69CT	170	138D-1	Murphy Lab UIC		MK143204	Micromonosporaceae;Micromonospora;Micromonospora sp.	Micromonosporaceae	Micromonospora	Micromonospora sp.	1876.0
0	1380	0.0714979722256287	01KABVG4816P8MNPYHYEXFA5N3.mzML	1380	01JVTRHFKTWPGR04GQT3ZN6Q0R	1381	BM2E001	Murphy Lab UIC			Micromonospora sp. (User Submitted 16S)				
0	1414	0.1866334017381323	01KABVG4816P8MNPYHYEXFA5N3.mzML	1414	01JVTRKJ4AR3BXM510C0GX0PG2	1415	LYG001B	Murphy Lab UIC		PQ112567	Boseaceae;Bosea;Bosea sp. (in: a-proteobacteria)	Boseaceae	Bosea	Bosea sp. (in: a-proteobacteria)	1871050.0
0	2706	0.1343028199039652	01KABVG4816P8MNPYHYEXFA5N3.mzML	2706	01KABVEESWCMN2RCXM1EF85QXF	2707	B012	Murphy Lab UIC		KY858247	Micromonosporaceae;Micromonospora;Micromonospora chokoriensis	Micromonosporaceae	Micromonospora	Micromonospora chokoriensis	356851.0
0	2707	0.1769053027964373	01KABVG4816P8MNPYHYEXFA5N3.mzML	2707	01KABVEM6E13AXGMH5NS3GEVFW	2708	B013	Murphy Lab UIC			Micromonospora tulbaghiae (User Submitted 16S)				
0	2708	1.3877787807814457e-15	01KABVG4816P8MNPYHYEXFA5N3.mzML	2708	01KABVG4816P8MNPYHYEXFA5N3	2709	B031	Murphy Lab UIC			Micromonospora sp. (User Submitted 16S)				
0	2713	0.1772659093210195	01KABVG4816P8MNPYHYEXFA5N3.mzML	2713	01KABVFVY7F65NR3CH41M8RZCG	2714	B026	Murphy Lab UIC		KP009553	Micromonosporaceae;Micromonospora;Micromonospora sp. B026	Micromonosporaceae	Micromonospora	Micromonospora sp. B026	1611404.0
0	2721	0.1657628377164549	01KABVG4816P8MNPYHYEXFA5N3.mzML	2721	01KABVDN5VSH8NWZF4KK71B36P	2722	B002	Murphy Lab UIC			Micromonospora chokoriensis (User Submitted 16S)				
0	2739	0.081424452825716	01KABVG4816P8MNPYHYEXFA5N3.mzML	2739	01KABVG79A32Y6M4JVM4ZYZKAF	2740	B032	Murphy Lab UIC			Micromonospora sp. (User Submitted 16S)				
0	2742	0.0856674454514395	01KABVG4816P8MNPYHYEXFA5N3.mzML	2742	01KABVFFZ7EDYKQM4J5YDVYVC2	2743	B022	Murphy Lab UIC		KY858245	Micromonosporaceae;Micromonospora;Micromonospora chokoriensis	Micromonosporaceae	Micromonospora	Micromonospora chokoriensis	356851.0
0	3261	0.1801621128039734	01KABVG4816P8MNPYHYEXFA5N3.mzML	3261	01KAEM2PEJZ2BB76HDG7QCM6MF	3262	WMMA1833	Bugni Lab UW-Madison		KY015187	Micromonosporaceae;Micromonospora;Verrucosispora sp.	Micromonosporaceae	Micromonospora	Verrucosispora sp.	1871626.0
0	3265	0.074406314023752	01KABVG4816P8MNPYHYEXFA5N3.mzML	3265	01KAEM7A4C05CKZRRK7NAEEC6M	3266	WMMD964	Bugni Lab UW-Madison		GCA_029581455.1	Micromonosporaceae;Micromonospora;Micromonospora sp. WMMD964	Micromonosporaceae	Micromonospora	Micromonospora sp. WMMD964	3016091.0
0	3266	0.1423222986957362	01KABVG4816P8MNPYHYEXFA5N3.mzML	3266	01KAEM6GQSSFDSSSWF8M1NBR4B	3267	WMMC250	Bugni Lab UW-Madison		GCA_027460215.1	Micromonosporaceae;Micromonospora;Micromonospora sp. WMMC250	Micromonosporaceae	Micromonospora	Micromonospora sp. WMMC250	3014781.0
0	3277	0.1695421052843516	01KABVG4816P8MNPYHYEXFA5N3.mzML	3277	01KAEM7EJ8MCQC0WY7106YYBQN	3278	WMMA1923	Bugni Lab UW-Madison		KY015110	Micromonosporaceae;Micromonospora;Micromonospora sp.	Micromonosporaceae	Micromonospora	Micromonospora sp.	1876.0
0	3285	0.1869055576700393	01KABVG4816P8MNPYHYEXFA5N3.mzML	3285	01KAEM3P2DNFWBMCQCVR1ERR3R	3286	WMMA1896	Bugni Lab UW-Madison		KY015092	Micromonosporaceae;Micromonospora;Micromonospora sp.	Micromonosporaceae	Micromonospora	Micromonospora sp.	1876.0
0	3294	0.1792824260835594	01KABVG4816P8MNPYHYEXFA5N3.mzML	3294	01KAEM4C39Q7TJA83NNGAHPZC5	3295	WMMA1922	Bugni Lab UW-Madison		KY015109	Micromonosporaceae;Micromonospora;Micromonospora sp.	Micromonosporaceae	Micromonospora	Micromonospora sp.	1876.0
0	3297	0.1612914703831899	01KABVG4816P8MNPYHYEXFA5N3.mzML	3297	01KAEM3WD006ZECTX2XF08AQX4	3298	WMMA1901	Bugni Lab UW-Madison		KY015097	Micromonosporaceae;Micromonospora;Micromonospora sp.	Micromonosporaceae	Micromonospora	Micromonospora sp.	1876.0
0	3300	0.1024357745940745	01KABVG4816P8MNPYHYEXFA5N3.mzML	3300	01KAEM4G4PJG4A8B33NFAZYAXJ	3301	WMMA1946	Bugni Lab UW-Madison		KY015116	Micromonosporaceae;Micromonospora;Micromonospora sp.	Micromonosporaceae	Micromonospora	Micromonospora sp.	1876.0
0	3301	0.136024406167216	01KABVG4816P8MNPYHYEXFA5N3.mzML	3301	01KAEM602WQS98CMQA0MFX7V2X	3302	WMMA2015	Bugni Lab UW-Madison		KY015165	Micromonosporaceae;Micromonospora;Micromonospora sp.	Micromonosporaceae	Micromonospora	Micromonospora sp.	1876.0
0	3308	0.1444629196695683	01KABVG4816P8MNPYHYEXFA5N3.mzML	3308	01KAEM593HP01GV0WN7D01VJAA	3309	WMMA1975	Bugni Lab UW-Madison		KY015138	Micromonosporaceae;Micromonospora;Micromonospora sp.	Micromonosporaceae	Micromonospora	Micromonospora sp.	1876.0
0	3309	0.1881480700760101	01KABVG4816P8MNPYHYEXFA5N3.mzML	3309	01KAEM3R6ZGJM6H9VFPE3NG99N	3310	WMMA1898	Bugni Lab UW-Madison		KY015094	Micromonosporaceae;Micromonospora;Micromonospora sp.	Micromonosporaceae	Micromonospora	Micromonospora sp.	1876.0
0	3325	0.0955834497842035	01KABVG4816P8MNPYHYEXFA5N3.mzML	3325	01KAEM5QH9B0D9FQRAT45HG21X	3326	WMMA2003	Bugni Lab UW-Madison		KY015153	Micromonosporaceae;Micromonospora;Micromonospora sp.	Micromonosporaceae	Micromonospora	Micromonospora sp.	1876.0
0	3330	0.1346453959848114	01KABVG4816P8MNPYHYEXFA5N3.mzML	3330	01KAEM7AXV70C2W19YKCPCVVBQ	3331	WMMD967	Bugni Lab UW-Madison		GCA_029626165.1	Micromonosporaceae;Micromonospora;Micromonospora sp. WMMD967	Micromonosporaceae	Micromonospora	Micromonospora sp. WMMD967	3016101.0
0	3341	0.1797997571340311	01KABVG4816P8MNPYHYEXFA5N3.mzML	3341	01KAEM48D8SS91MG0GHNF38BV8	3342	WMMA1913	Bugni Lab UW-Madison		KY015105	Micromonosporaceae;Micromonospora;Micromonospora sp.	Micromonosporaceae	Micromonospora	Micromonospora sp.	1876.0
0	3349	0.1680125955497958	01KABVG4816P8MNPYHYEXFA5N3.mzML	3349	01KAEM4K67NYXNFSDWPTTDK5JH	3350	WMMA1949	Bugni Lab UW-Madison		GCA_027460145.1	Micromonosporaceae;Micromonospora;Micromonospora sp. WMMA1949	Micromonosporaceae	Micromonospora	Micromonospora sp. WMMA1949	3015162.0
0	3356	0.1821442451504843	01KABVG4816P8MNPYHYEXFA5N3.mzML	3356	01KAEM408ZA2PQ0BK2539EZR6P	3357	WMMA1906	Bugni Lab UW-Madison		KY015100	Micromonosporaceae;Micromonospora;Micromonospora sp.	Micromonosporaceae	Micromonospora	Micromonospora sp.	1876.0
0	3360	0.1896457332928036	01KABVG4816P8MNPYHYEXFA5N3.mzML	3360	01KAEM3XJA57D9PNJXD4BX4JG8	3361	WMMA1902	Bugni Lab UW-Madison		KY015098	Micromonosporaceae;Micromonospora;Micromonospora sp.	Micromonosporaceae	Micromonospora	Micromonospora sp.	1876.0
0	3372	0.1591975851734414	01KABVG4816P8MNPYHYEXFA5N3.mzML	3372	01KAEM5BD7XFT4R419PNECS3A4	3373	WMMA1978	Bugni Lab UW-Madison		KY015141	Micromonosporaceae;Micromonospora;Micromonospora sp.	Micromonosporaceae	Micromonospora	Micromonospora sp.	1876.0
0	3375	0.1875359900910618	01KABVG4816P8MNPYHYEXFA5N3.mzML	3375	01KAEM5N4P95CJEBQZSQQMJ3PS	3376	WMMA2000	Bugni Lab UW-Madison		KY015151	Micromonosporaceae;Micromonospora;Micromonospora sp.	Micromonosporaceae	Micromonospora	Micromonospora sp.	1876.0
0	3377	0.1827683579478626	01KABVG4816P8MNPYHYEXFA5N3.mzML	3377	01KAEM6XZMV61J15FAGBZM62DH	3378	WMMD710	Bugni Lab UW-Madison		GCA_029626045.1	Micromonosporaceae;Micromonospora;Micromonospora sp. WMMD710	Micromonosporaceae	Micromonospora	Micromonospora sp. WMMD710	3016085.0
0	3380	0.1893365409641622	01KABVG4816P8MNPYHYEXFA5N3.mzML	3380	01KAEM4JNM5NDJXN1M7CNDYZZW	3381	WMMA1948	Bugni Lab UW-Madison		KY015118	Micromonosporaceae;Micromonospora;Micromonospora sp.	Micromonosporaceae	Micromonospora	Micromonospora sp.	1876.0
0	3384	0.0866563491419757	01KABVG4816P8MNPYHYEXFA5N3.mzML	3384	01KAEM6V822MRQ2FRP5EGFRQT5	3385	WMMD1155	Bugni Lab UW-Madison		GCA_029581275.1	Micromonosporaceae;Micromonospora;Micromonospora sp. WMMD1155	Micromonosporaceae	Micromonospora	Micromonospora sp. WMMD1155	3016094.0
0	3390	0.0855850628804606	01KABVG4816P8MNPYHYEXFA5N3.mzML	3390	01KAEM6QCNAXK1RSDKWTE571P9	3391	WMMD1120	Bugni Lab UW-Madison		GCA_029626235.1	Micromonosporaceae;Micromonospora;Micromonospora sp. WMMD1120	Micromonosporaceae	Micromonospora	Micromonospora sp. WMMD1120	3016106.0
0	3391	0.1882048783712806	01KABVG4816P8MNPYHYEXFA5N3.mzML	3391	01KAEM472SBYDQV56GT196J2V7	3392	WMMA1910	Bugni Lab UW-Madison		KY015103	Micromonosporaceae;Micromonospora;Micromonospora sp.	Micromonosporaceae	Micromonospora	Micromonospora sp.	1876.0
0	3393	0.1546096943371094	01KABVG4816P8MNPYHYEXFA5N3.mzML	3393	01KAEM4TJRGRVG070WBFP4E5CW	3394	WMMA1958	Bugni Lab UW-Madison		KY015126	Micromonosporaceae;Micromonospora;Micromonospora sp.	Micromonosporaceae	Micromonospora	Micromonospora sp.	1876.0
0	64	0.1482929024004278	01KA9R7HAP8T2859SKA9XJF8XF.mzML	64	01KA9R5135AXBXG68M163YJ1D9	65	129A-35	Murphy Lab UIC		MK168037	Micromonosporaceae;Micromonospora;Micromonospora sp.	Micromonosporaceae	Micromonospora	Micromonospora sp.	1876.0
0	70	0.0714653306203198	01KA9R7HAP8T2859SKA9XJF8XF.mzML	70	01KA9R7TN3ZPW4SGN9DBW79RR5	71	K779	Murphy Lab UIC			Micromonospora sp. (User Submitted 16S)				
0	95	7.382983113757291e-15	01KA9R7HAP8T2859SKA9XJF8XF.mzML	95	01KA9R7HAP8T2859SKA9XJF8XF	96	K699	Murphy Lab UIC			Micromonospora sp. (User Submitted 16S)				
0	113	0.1014917139390735	01KA9R7HAP8T2859SKA9XJF8XF.mzML	113	01KA9R7ABQNYC3ZX35DV6H299V	114	K622	Murphy Lab UIC			Micromonospora sp. (User Submitted 16S)				
0	137	0.1828551594991891	01KA9R7HAP8T2859SKA9XJF8XF.mzML	137	01KA9R502EM598QFY0NAMWQ4BH	138	129A-2	Murphy Lab UIC		MK168033	Micromonosporaceae;Micromonospora;Micromonospora sp.	Micromonosporaceae	Micromonospora	Micromonospora sp.	1876.0
0	159	0.1759224289586434	01KA9R7HAP8T2859SKA9XJF8XF.mzML	159	01KA9R7JH7PQ4NDNT10K8ME8Y8	160	K701	Murphy Lab UIC			Micromonospora sp. (User Submitted 16S)				
0	169	0.0765274505057993	01KA9R7HAP8T2859SKA9XJF8XF.mzML	169	01KA9R61DZ14QDHWGF5AYV69CT	170	138D-1	Murphy Lab UIC		MK143204	Micromonosporaceae;Micromonospora;Micromonospora sp.	Micromonosporaceae	Micromonospora	Micromonospora sp.	1876.0
0	187	0.1415222174808866	01KA9R7HAP8T2859SKA9XJF8XF.mzML	187	01KA9R7XZV024CS7CNYVBDDZCV	188	K806	Murphy Lab UIC			Micromonospora sp. (User Submitted 16S)				
0	726	0.1783506578191781	01KA9R7HAP8T2859SKA9XJF8XF.mzML	726	01KGR3E7JKB0TYVCF014WQ4WNT	727	Streptococcus_None_None_B_2046		Str_pneumoniae_B2046_03_002\0_H18\1 | Str_pneumoniae_B2046_03_003\0_F19\1 | Str_pneumoniae_B2046_03_004\0_H19\1 | Str_pneumoniae_B2046_03_001\0_F18\1		Streptococcaceae;Streptococcus;Streptococcus pneumoniae	Streptococcaceae	Streptococcus	Streptococcus pneumoniae	1313.0
0	1380	0.1724906571007066	01KA9R7HAP8T2859SKA9XJF8XF.mzML	1380	01JVTRHFKTWPGR04GQT3ZN6Q0R	1381	BM2E001	Murphy Lab UIC			Micromonospora sp. (User Submitted 16S)				
0	2704	0.1832727459177106	01KA9R7HAP8T2859SKA9XJF8XF.mzML	2704	01KABVJR659AEXDY4MCCN7PW67	2705	D081	Murphy Lab UIC			Micromonospora tulbaghiae (User Submitted 16S)				
0	2707	0.1893803663166352	01KA9R7HAP8T2859SKA9XJF8XF.mzML	2707	01KABVEM6E13AXGMH5NS3GEVFW	2708	B013	Murphy Lab UIC			Micromonospora tulbaghiae (User Submitted 16S)				
0	2708	0.131643628646671	01KA9R7HAP8T2859SKA9XJF8XF.mzML	2708	01KABVG4816P8MNPYHYEXFA5N3	2709	B031	Murphy Lab UIC			Micromonospora sp. (User Submitted 16S)				
0	2709	0.1854970083675312	01KA9R7HAP8T2859SKA9XJF8XF.mzML	2709	01KABVDCX3YBV83W778NE5P4RC	2710	B001	Murphy Lab UIC		KY858238	Micromonosporaceae;Micromonospora;Micromonospora chokoriensis	Micromonosporaceae	Micromonospora	Micromonospora chokoriensis	356851.0
0	2713	0.1676215495924289	01KA9R7HAP8T2859SKA9XJF8XF.mzML	2713	01KABVFVY7F65NR3CH41M8RZCG	2714	B026	Murphy Lab UIC		KP009553	Micromonosporaceae;Micromonospora;Micromonospora sp. B026	Micromonosporaceae	Micromonospora	Micromonospora sp. B026	1611404.0
0	2718	0.1461822137176053	01KA9R7HAP8T2859SKA9XJF8XF.mzML	2718	01KABVHQM4Z8DQH3VK01W7KJK4	2719	D053	Murphy Lab UIC			Micromonospora sp. (User Submitted 16S)				
0	2721	0.1880439209853919	01KA9R7HAP8T2859SKA9XJF8XF.mzML	2721	01KABVDN5VSH8NWZF4KK71B36P	2722	B002	Murphy Lab UIC			Micromonospora chokoriensis (User Submitted 16S)				
0	2731	0.1598831107725402	01KA9R7HAP8T2859SKA9XJF8XF.mzML	2731	01KABVHZ2N5BMEDR5SWJC9NPKY	2732	D054	Murphy Lab UIC			Micromonospora sp. (User Submitted 16S)				
0	2732	0.175127219422351	01KA9R7HAP8T2859SKA9XJF8XF.mzML	2732	01KABVDV9YX1DD0E5NB194KTP9	2733	B006	Murphy Lab UIC			Micromonospora sp. (User Submitted 16S)				
0	2739	0.0799970864416966	01KA9R7HAP8T2859SKA9XJF8XF.mzML	2739	01KABVG79A32Y6M4JVM4ZYZKAF	2740	B032	Murphy Lab UIC			Micromonospora sp. (User Submitted 16S)				
0	2742	0.1087236015113849	01KA9R7HAP8T2859SKA9XJF8XF.mzML	2742	01KABVFFZ7EDYKQM4J5YDVYVC2	2743	B022	Murphy Lab UIC		KY858245	Micromonosporaceae;Micromonospora;Micromonospora chokoriensis	Micromonosporaceae	Micromonospora	Micromonospora chokoriensis	356851.0
0	3221	0.1875062168131722	01KA9R7HAP8T2859SKA9XJF8XF.mzML	3221	01KGR3YYJBBY384MZEQAVWC75K	3222	Streptococcus_None_None_B_2046		Str_pneumoniae_B2046_02_003\0_H11\1 | Str_pneumoniae_B2046_02_004\0_H12\1 | Str_pneumoniae_B2046_02_002\0_F12\1 | Str_pneumoniae_B2046_02_001\0_F11\1		Streptococcaceae;Streptococcus;Streptococcus pneumoniae	Streptococcaceae	Streptococcus	Streptococcus pneumoniae	1313.0
0	3265	0.15801396659286	01KA9R7HAP8T2859SKA9XJF8XF.mzML	3265	01KAEM7A4C05CKZRRK7NAEEC6M	3266	WMMD964	Bugni Lab UW-Madison		GCA_029581455.1	Micromonosporaceae;Micromonospora;Micromonospora sp. WMMD964	Micromonosporaceae	Micromonospora	Micromonospora sp. WMMD964	3016091.0
0	3266	0.1635717291207452	01KA9R7HAP8T2859SKA9XJF8XF.mzML	3266	01KAEM6GQSSFDSSSWF8M1NBR4B	3267	WMMC250	Bugni Lab UW-Madison		GCA_027460215.1	Micromonosporaceae;Micromonospora;Micromonospora sp. WMMC250	Micromonosporaceae	Micromonospora	Micromonospora sp. WMMC250	3014781.0
0	3267	0.1837697470915076	01KA9R7HAP8T2859SKA9XJF8XF.mzML	3267	01KAEM47QA3Y8X528R3ZP2FQ93	3268	WMMA1912	Bugni Lab UW-Madison		KY015104	Micromonosporaceae;Micromonospora;Micromonospora sp.	Micromonosporaceae	Micromonospora	Micromonospora sp.	1876.0
0	3268	0.1896913872975688	01KA9R7HAP8T2859SKA9XJF8XF.mzML	3268	01KAEM4RZWT59RYBJ73N3S4YC4	3269	WMMA1957	Bugni Lab UW-Madison		KY015125	Micromonosporaceae;Micromonospora;Micromonospora sp.	Micromonosporaceae	Micromonospora	Micromonospora sp.	1876.0
0	3273	0.1800681960073757	01KA9R7HAP8T2859SKA9XJF8XF.mzML	3273	01KAEM7KCYGPG4DZ96HXMED0V6	3274	WMMD882	Bugni Lab UW-Madison		GCA_027497255.1	Micromonosporaceae;Micromonospora;Micromonospora sp. WMMD882	Micromonosporaceae	Micromonospora	Micromonospora sp. WMMD882	3015151.0
0	3274	0.168106242812336	01KA9R7HAP8T2859SKA9XJF8XF.mzML	3274	01KAEM5S1ADMAES326ZH34TQF2	3275	WMMA2009	Bugni Lab UW-Madison		KY015159	Micromonosporaceae;Micromonospora;Micromonospora sp.	Micromonosporaceae	Micromonospora	Micromonospora sp.	1876.0
0	3294	0.1448391251551245	01KA9R7HAP8T2859SKA9XJF8XF.mzML	3294	01KAEM4C39Q7TJA83NNGAHPZC5	3295	WMMA1922	Bugni Lab UW-Madison		KY015109	Micromonosporaceae;Micromonospora;Micromonospora sp.	Micromonosporaceae	Micromonospora	Micromonospora sp.	1876.0
0	3300	0.157505058206078	01KA9R7HAP8T2859SKA9XJF8XF.mzML	3300	01KAEM4G4PJG4A8B33NFAZYAXJ	3301	WMMA1946	Bugni Lab UW-Madison		KY015116	Micromonosporaceae;Micromonospora;Micromonospora sp.	Micromonosporaceae	Micromonospora	Micromonospora sp.	1876.0
0	3301	0.1669750974664551	01KA9R7HAP8T2859SKA9XJF8XF.mzML	3301	01KAEM602WQS98CMQA0MFX7V2X	3302	WMMA2015	Bugni Lab UW-Madison		KY015165	Micromonosporaceae;Micromonospora;Micromonospora sp.	Micromonosporaceae	Micromonospora	Micromonospora sp.	1876.0
0	3305	0.1870004543614417	01KA9R7HAP8T2859SKA9XJF8XF.mzML	3305	01KAEM5GK810JE1F8D2MZ771HN	3306	WMMA1993	Bugni Lab UW-Madison		KY015146	Micromonosporaceae;Micromonospora;Micromonospora sp.	Micromonosporaceae	Micromonospora	Micromonospora sp.	1876.0
0	3308	0.1761867960567169	01KA9R7HAP8T2859SKA9XJF8XF.mzML	3308	01KAEM593HP01GV0WN7D01VJAA	3309	WMMA1975	Bugni Lab UW-Madison		KY015138	Micromonosporaceae;Micromonospora;Micromonospora sp.	Micromonosporaceae	Micromonospora	Micromonospora sp.	1876.0
0	3325	0.1885765931059447	01KA9R7HAP8T2859SKA9XJF8XF.mzML	3325	01KAEM5QH9B0D9FQRAT45HG21X	3326	WMMA2003	Bugni Lab UW-Madison		KY015153	Micromonosporaceae;Micromonospora;Micromonospora sp.	Micromonosporaceae	Micromonospora	Micromonospora sp.	1876.0
0	3326	0.1758579762861094	01KA9R7HAP8T2859SKA9XJF8XF.mzML	3326	01KAEM4EH07MZM8TEJ5V1C4AJH	3327	WMMA1933	Bugni Lab UW-Madison		KY015114	Micromonosporaceae;Micromonospora;Micromonospora sp.	Micromonosporaceae	Micromonospora	Micromonospora sp.	1876.0
0	3330	0.1467403577607917	01KA9R7HAP8T2859SKA9XJF8XF.mzML	3330	01KAEM7AXV70C2W19YKCPCVVBQ	3331	WMMD967	Bugni Lab UW-Madison		GCA_029626165.1	Micromonosporaceae;Micromonospora;Micromonospora sp. WMMD967	Micromonosporaceae	Micromonospora	Micromonospora sp. WMMD967	3016101.0
0	3332	0.1664947962685015	01KA9R7HAP8T2859SKA9XJF8XF.mzML	3332	01KAEM5Y1S280FYGV2FBFT7RKH	3333	WMMA2013	Bugni Lab UW-Madison		KY015163	Micromonosporaceae;Micromonospora;Micromonospora sp.	Micromonosporaceae	Micromonospora	Micromonospora sp.	1876.0
0	3341	0.1169688201682044	01KA9R7HAP8T2859SKA9XJF8XF.mzML	3341	01KAEM48D8SS91MG0GHNF38BV8	3342	WMMA1913	Bugni Lab UW-Madison		KY015105	Micromonosporaceae;Micromonospora;Micromonospora sp.	Micromonosporaceae	Micromonospora	Micromonospora sp.	1876.0
0	3342	0.186998281546684	01KA9R7HAP8T2859SKA9XJF8XF.mzML	3342	01KAEM5205V182ZMYH4GWWT75N	3343	WMMA1968	Bugni Lab UW-Madison		KY015132	Micromonosporaceae;Micromonospora;Micromonospora sp.	Micromonosporaceae	Micromonospora	Micromonospora sp.	1876.0
0	3343	0.1855095830559213	01KA9R7HAP8T2859SKA9XJF8XF.mzML	3343	01KAEM704JRFRE3RNS4FZQ3KD0	3344	WMMD714	Bugni Lab UW-Madison		GCA_029581315.1	Micromonosporaceae;Micromonospora;Micromonospora sp. WMMD714	Micromonosporaceae	Micromonospora	Micromonospora sp. WMMD714	3016097.0
0	3351	0.173231434429913	01KA9R7HAP8T2859SKA9XJF8XF.mzML	3351	01KAEM380ZCH704R8WRERW2CV3	3352	WMMA1858	Bugni Lab UW-Madison		KY015200	Micromonosporaceae;Micromonospora;Micromonospora sp.	Micromonosporaceae	Micromonospora	Micromonospora sp.	1876.0
0	3355	0.1757718596997687	01KA9R7HAP8T2859SKA9XJF8XF.mzML	3355	01KAEM7BE02VW9WFHDZ6PVYCAZ	3356	WMMD980	Bugni Lab UW-Madison		GCA_029626035.1	Micromonosporaceae;Micromonospora;Micromonospora sp. WMMD980	Micromonosporaceae	Micromonospora	Micromonospora sp. WMMD980	3016088.0
0	3360	0.1584898221218514	01KA9R7HAP8T2859SKA9XJF8XF.mzML	3360	01KAEM3XJA57D9PNJXD4BX4JG8	3361	WMMA1902	Bugni Lab UW-Madison		KY015098	Micromonosporaceae;Micromonospora;Micromonospora sp.	Micromonosporaceae	Micromonospora	Micromonospora sp.	1876.0
0	3364	0.1818482270024454	01KA9R7HAP8T2859SKA9XJF8XF.mzML	3364	01KAEM494KD1PZ6DBHH3QVBZ7H	3365	WMMA1914	Bugni Lab UW-Madison		KY015106	Micromonosporaceae;Micromonospora;Micromonospora sp.	Micromonosporaceae	Micromonospora	Micromonospora sp.	1876.0
0	3367	0.1210830728432618	01KA9R7HAP8T2859SKA9XJF8XF.mzML	3367	01KAEM74TARTBB8B6KQP3RS4JC	3368	WMMD812	Bugni Lab UW-Madison		GCA_027497215.1	Micromonosporaceae;Micromonospora;Micromonospora sp. WMMD812	Micromonosporaceae	Micromonospora	Micromonospora sp. WMMD812	3015152.0
0	3372	0.1823759678055526	01KA9R7HAP8T2859SKA9XJF8XF.mzML	3372	01KAEM5BD7XFT4R419PNECS3A4	3373	WMMA1978	Bugni Lab UW-Madison		KY015141	Micromonosporaceae;Micromonospora;Micromonospora sp.	Micromonosporaceae	Micromonospora	Micromonospora sp.	1876.0
0	3376	0.163397911623933	01KA9R7HAP8T2859SKA9XJF8XF.mzML	3376	01KAEM60YD604ZSFAX8VM2J0R6	3377	WMMA2032	Bugni Lab UW-Madison		SAMN07666506	Micromonosporaceae;Micromonospora;Micromonospora sp. WMMA2032	Micromonosporaceae	Micromonospora	Micromonospora sp. WMMA2032	2039870.0
0	3377	0.169359511168686	01KA9R7HAP8T2859SKA9XJF8XF.mzML	3377	01KAEM6XZMV61J15FAGBZM62DH	3378	WMMD710	Bugni Lab UW-Madison		GCA_029626045.1	Micromonosporaceae;Micromonospora;Micromonospora sp. WMMD710	Micromonosporaceae	Micromonospora	Micromonospora sp. WMMD710	3016085.0
0	3384	0.1393968638620871	01KA9R7HAP8T2859SKA9XJF8XF.mzML	3384	01KAEM6V822MRQ2FRP5EGFRQT5	3385	WMMD1155	Bugni Lab UW-Madison		GCA_029581275.1	Micromonosporaceae;Micromonospora;Micromonospora sp. WMMD1155	Micromonosporaceae	Micromonospora	Micromonospora sp. WMMD1155	3016094.0
0	3389	0.1887915888194381	01KA9R7HAP8T2859SKA9XJF8XF.mzML	3389	01KAEM4W9S1KJC51JP5FDBB2Q2	3390	WMMA1960	Bugni Lab UW-Madison		KY015127	Micromonosporaceae;Micromonospora;Micromonospora sp.	Micromonosporaceae	Micromonospora	Micromonospora sp.	1876.0
0	3390	0.093800950500883	01KA9R7HAP8T2859SKA9XJF8XF.mzML	3390	01KAEM6QCNAXK1RSDKWTE571P9	3391	WMMD1120	Bugni Lab UW-Madison		GCA_029626235.1	Micromonosporaceae;Micromonospora;Micromonospora sp. WMMD1120	Micromonosporaceae	Micromonospora	Micromonospora sp. WMMD1120	3016106.0
0	3391	0.1704592168738688	01KA9R7HAP8T2859SKA9XJF8XF.mzML	3391	01KAEM472SBYDQV56GT196J2V7	3392	WMMA1910	Bugni Lab UW-Madison		KY015103	Micromonosporaceae;Micromonospora;Micromonospora sp.	Micromonosporaceae	Micromonospora	Micromonospora sp.	1876.0
0	3392	0.1810120538952402	01KA9R7HAP8T2859SKA9XJF8XF.mzML	3392	01KAEM6MQW7TN5YMDYB7GDM5QB	3393	WMMD1047	Bugni Lab UW-Madison		GCA_029626155.1	Micromonosporaceae;Solwaraspora;Solwaraspora sp. WMMD1047	Micromonosporaceae	Solwaraspora	Solwaraspora sp. WMMD1047	3016102.0
0	3393	0.1730343359619393	01KA9R7HAP8T2859SKA9XJF8XF.mzML	3393	01KAEM4TJRGRVG070WBFP4E5CW	3394	WMMA1958	Bugni Lab UW-Madison		KY015126	Micromonosporaceae;Micromonospora;Micromonospora sp.	Micromonosporaceae	Micromonospora	Micromonospora sp.	1876.0
0	2738	4.6074255521944004e-15	01KABVJ86MP9786BNFNVZFZYRG.mzML	2738	01KABVJ86MP9786BNFNVZFZYRG	2739	D058	Murphy Lab UIC			Actinomadura sp. (User Submitted 16S)				
0	63	1.1324274851176595e-14	01KA9R7BH55VJ5EFY407W36QQ6.mzML	63	01KA9R7BH55VJ5EFY407W36QQ6	64	K633	Murphy Lab UIC			Micromonospora sp. (User Submitted 16S)				
0	70	0.1638860333274246	01KA9R7BH55VJ5EFY407W36QQ6.mzML	70	01KA9R7TN3ZPW4SGN9DBW79RR5	71	K779	Murphy Lab UIC			Micromonospora sp. (User Submitted 16S)				
0	113	0.1626731930079782	01KA9R7BH55VJ5EFY407W36QQ6.mzML	113	01KA9R7ABQNYC3ZX35DV6H299V	114	K622	Murphy Lab UIC			Micromonospora sp. (User Submitted 16S)				
0	159	0.06053749911125	01KA9R7BH55VJ5EFY407W36QQ6.mzML	159	01KA9R7JH7PQ4NDNT10K8ME8Y8	160	K701	Murphy Lab UIC			Micromonospora sp. (User Submitted 16S)				
0	420	0.1553500514985665	01KA9R7BH55VJ5EFY407W36QQ6.mzML	420	01KGR43BEAJH2RYHVB6226BHTT	421	Francisella_None_None_F059		Francisella tularensis subspecies novocida_F59\0_L5\7 | Francisella tularensis subspecies novocida_F59\0_L5\3 | Francisella tularensis subspecies novocida_F59\0_L5\1 | Francisella tularensis subspecies novocida_F59\0_L5\6 | Francisella tularensis subspecies novocida_F59\0_L5\2 | Francisella tularensis subspecies novocida_F59\0_M6\5 | Francisella tularensis subspecies novocida_F59\0_M6\8 | Francisella tularensis subspecies novocida_F59\0_M6\2 | Francisella tularensis subspecies novocida_F59\0_M6\6 | Francisella tularensis subspecies novocida_F59\0_M6\1 | Francisella tularensis subspecies novocida_F59\0_M6\3 | Francisella tularensis subspecies novocida_F59\0_M6\7 | Francisella tularensis subspecies novocida_F59\0_L6\8 | Francisella tularensis subspecies novocida_F59\0_L6\5 | Francisella tularensis subspecies novocida_F59\0_L6\1 | Francisella tularensis subspecies novocida_F59\0_L6\3 | Francisella tularensis subspecies novocida_F59\0_M5\6 | Francisella tularensis subspecies novocida_F59\0_M5\5 | Francisella tularensis subspecies novocida_F59\0_M5\8 | Francisella tularensis subspecies novocida_F59\0_M5\2 | Francisella tularensis subspecies novocida_F59\0_M5\3 | Francisella tularensis subspecies novocida_F59\0_M5\4 | Francisella tularensis subspecies novocida_F59\0_N5\1 | Francisella tularensis subspecies novocida_F59\0_N6\6 | Francisella tularensis subspecies novocida_F59\0_N6\4		Francisellaceae;Francisella;Francisella tularensis	Francisellaceae	Francisella	Francisella tularensis	264.0
0	438	0.1885380285120954	01KA9R7BH55VJ5EFY407W36QQ6.mzML	438	01KGR3QQKGWEF71Z49MDPV9H0Y	439	Francisella_None_None_LVS		Francisella  tularensis subspecies holarctica_LVS_Alk\0_A3\4 | Francisella  tularensis subspecies holarctica_LVS_Alk\0_A3\3 | Francisella  tularensis subspecies holarctica_LVS_Alk\0_A3\1 | Francisella  tularensis subspecies holarctica_LVS_Alk\0_A3\6 | Francisella  tularensis subspecies holarctica_LVS_Alk\0_A3\2 | Francisella  tularensis subspecies holarctica_LVS_Alk\0_A3\5 | Francisella  tularensis subspecies holarctica_LVS_Alk\0_A4\5 | Francisella  tularensis subspecies holarctica_LVS_Alk\0_A4\2 | Francisella  tularensis subspecies holarctica_LVS_Alk\0_A4\1 | Francisella  tularensis subspecies holarctica_LVS_Alk\0_A4\4 | Francisella  tularensis subspecies holarctica_LVS_Alk\0_C4\2 | Francisella  tularensis subspecies holarctica_LVS_Alk\0_C4\5 | Francisella  tularensis subspecies holarctica_LVS_Alk\0_C4\1 | Francisella  tularensis subspecies holarctica_LVS_Alk\0_C4\4 | Francisella  tularensis subspecies holarctica_LVS_Alk\0_C4\3 | Francisella  tularensis subspecies holarctica_LVS_Alk\0_C3\3 | Francisella  tularensis subspecies holarctica_LVS_Alk\0_C3\4 | Francisella  tularensis subspecies holarctica_LVS_Alk\0_C3\1 | Francisella  tularensis subspecies holarctica_LVS_Alk\0_C3\5 | Francisella  tularensis subspecies holarctica_LVS_Alk\0_C3\2 | Francisella  tularensis subspecies holarctica_LVS_Alk\0_B4\3 | Francisella  tularensis subspecies holarctica_LVS_Alk\0_B4\4 | Francisella  tularensis subspecies holarctica_LVS_Alk\0_B4\1 | Francisella  tularensis subspecies holarctica_LVS_Alk\0_B4\5 | Francisella  tularensis subspecies holarctica_LVS_Alk\0_B4\2 | Francisella  tularensis subspecies holarctica_LVS_Alk\0_B3\1 | Francisella  tularensis subspecies holarctica_LVS_Alk\0_B3\2 | Francisella  tularensis subspecies holarctica_LVS_Alk\0_B3\5		Francisellaceae;Francisella;Francisella tularensis	Francisellaceae	Francisella	Francisella tularensis	119857.0
0	764	0.169127001896751	01KA9R7BH55VJ5EFY407W36QQ6.mzML	764	01KGR3BYZ682CD75A2E070VWXD	765	Francisella_None_None_F064		Francisella tularensis subspecies mediasiatica_F064_Alk\0_L12\4 | Francisella tularensis subspecies mediasiatica_F064_Alk\0_L12\3 | Francisella tularensis subspecies mediasiatica_F064_Alk\0_L12\1 | Francisella tularensis subspecies mediasiatica_F064_Alk\0_L12\2 | Francisella tularensis subspecies mediasiatica_F064_Alk\0_L11\1 | Francisella tularensis subspecies mediasiatica_F064_Alk\0_L11\2 | Francisella tularensis subspecies mediasiatica_F064_Alk\0_L11\4 | Francisella tularensis subspecies mediasiatica_F064_Alk\0_L11\3 | Francisella tularensis subspecies mediasiatica_F064_Alk\0_K10\2 | Francisella tularensis subspecies mediasiatica_F064_Alk\0_K10\1 | Francisella tularensis subspecies mediasiatica_F064_Alk\0_K10\3 | Francisella tularensis subspecies mediasiatica_F064_Alk\0_K10\4 | Francisella tularensis subspecies mediasiatica_F064_Alk\0_K12\3 | Francisella tularensis subspecies mediasiatica_F064_Alk\0_K12\4 | Francisella tularensis subspecies mediasiatica_F064_Alk\0_K12\2 | Francisella tularensis subspecies mediasiatica_F064_Alk\0_K12\1 | Francisella tularensis subspecies mediasiatica_F064_Alk\0_L10\2 | Francisella tularensis subspecies mediasiatica_F064_Alk\0_L10\1 | Francisella tularensis subspecies mediasiatica_F064_Alk\0_L10\4 | Francisella tularensis subspecies mediasiatica_F064_Alk\0_L10\3 | Francisella tularensis subspecies mediasiatica_F064_Alk\0_K11\3 | Francisella tularensis subspecies mediasiatica_F064_Alk\0_K11\4 | Francisella tularensis subspecies mediasiatica_F064_Alk\0_K11\2 | Francisella tularensis subspecies mediasiatica_F064_Alk\0_K11\1		Francisellaceae;Francisella;Francisella tularensis	Francisellaceae	Francisella	Francisella tularensis	135248.0
0	793	0.1600635992317989	01KA9R7BH55VJ5EFY407W36QQ6.mzML	793	01KGR3J0W12DM3RE55JDXCEX88	794	Streptococcus_None_None_B_3019		Str_salivarius_B3019_05_004\0_K20\1 | Str_salivarius_B3019_05_002\0_I20\1 | Str_salivarius_B3019_05_003\0_K19\1 | Str_salivarius_B3019_05_001\0_I19\1		Streptococcaceae;Streptococcus;Streptococcus salivarius	Streptococcaceae	Streptococcus	Streptococcus salivarius	1304.0
0	808	0.1856405625257713	01KA9R7BH55VJ5EFY407W36QQ6.mzML	808	01KGR42E38FV28ARMWPZFJ5K4J	809	Streptococcus_None_None_B_2258		Str_salivarius_B2258_03_001\0_C17\1 | Str_salivarius_B2258_03_004\0_E18\1 | Str_salivarius_B2258_03_003\0_E17\1 | Str_salivarius_B2258_03_002\0_C18\1		Streptococcaceae;Streptococcus;Streptococcus salivarius	Streptococcaceae	Streptococcus	Streptococcus salivarius	1304.0
0	848	0.1881289481004603	01KA9R7BH55VJ5EFY407W36QQ6.mzML	848	01KGR3R8QFGRGPNGQQCGQTEDTT	849	Streptococcus_None_None_B_2258		Str_salivarius_B2258_01_002\0_L4\1 | Str_salivarius_B2258_01_001\0_L3\1 | Str_salivarius_B2258_01_003\0_N3\1 | Str_salivarius_B2258_01_004\0_N4\1		Streptococcaceae;Streptococcus;Streptococcus salivarius	Streptococcaceae	Streptococcus	Streptococcus salivarius	1304.0
0	2279	0.165077951538302	01KA9R7BH55VJ5EFY407W36QQ6.mzML	2279	01KGRMT24C9Y1VJN3QS6SSF31H	2280	Francisella_None_None_F063		Francisella tularensis subspecies mediasiatica_F063_Alk\0_O12\4 | Francisella tularensis subspecies mediasiatica_F063_Alk\0_O12\3 | Francisella tularensis subspecies mediasiatica_F063_Alk\0_O12\1 | Francisella tularensis subspecies mediasiatica_F063_Alk\0_O12\2 | Francisella tularensis subspecies mediasiatica_F063_Alk\0_N12\3 | Francisella tularensis subspecies mediasiatica_F063_Alk\0_N12\4 | Francisella tularensis subspecies mediasiatica_F063_Alk\0_N12\1 | Francisella tularensis subspecies mediasiatica_F063_Alk\0_N12\2 | Francisella tularensis subspecies mediasiatica_F063_Alk\0_O11\2 | Francisella tularensis subspecies mediasiatica_F063_Alk\0_O11\1 | Francisella tularensis subspecies mediasiatica_F063_Alk\0_O11\3 | Francisella tularensis subspecies mediasiatica_F063_Alk\0_O11\4 | Francisella tularensis subspecies mediasiatica_F063_Alk\0_N11\1 | Francisella tularensis subspecies mediasiatica_F063_Alk\0_N11\2 | Francisella tularensis subspecies mediasiatica_F063_Alk\0_N11\4 | Francisella tularensis subspecies mediasiatica_F063_Alk\0_N11\3 | Francisella tularensis subspecies mediasiatica_F063_Alk\0_N10\3 | Francisella tularensis subspecies mediasiatica_F063_Alk\0_N10\4 | Francisella tularensis subspecies mediasiatica_F063_Alk\0_N10\1 | Francisella tularensis subspecies mediasiatica_F063_Alk\0_N10\2 | Francisella tularensis subspecies mediasiatica_F063_Alk\0_O10\1 | Francisella tularensis subspecies mediasiatica_F063_Alk\0_O10\2 | Francisella tularensis subspecies mediasiatica_F063_Alk\0_O10\3 | Francisella tularensis subspecies mediasiatica_F063_Alk\0_O10\4		Francisellaceae;Francisella;Francisella tularensis	Francisellaceae	Francisella	Francisella tularensis	135248.0
0	2433	0.1531869154970287	01KA9R7BH55VJ5EFY407W36QQ6.mzML	2433	01KGRN13VVHRX6K4S22FC8PS6N	2434	Francisella_None_None_F048		Francisella tularensis subspecies novicida_FSC 048\0_C16\4 | Francisella tularensis subspecies novicida_FSC 048\0_C16\3 | Francisella tularensis subspecies novicida_FSC 048\0_C16\1 | Francisella tularensis subspecies novicida_FSC 048\0_C16\2 | Francisella tularensis subspecies novicida_FSC 048\0_B16\4 | Francisella tularensis subspecies novicida_FSC 048\0_B16\2 | Francisella tularensis subspecies novicida_FSC 048\0_B16\1 | Francisella tularensis subspecies novicida_FSC 048\0_A16\3 | Francisella tularensis subspecies novicida_FSC 048\0_A16\4 | Francisella tularensis subspecies novicida_FSC 048\0_A16\1 | Francisella tularensis subspecies novicida_FSC 048\0_A16\2 | Francisella tularensis subspecies novicida_FSC 048\0_B17\1 | Francisella tularensis subspecies novicida_FSC 048\0_B17\2 | Francisella tularensis subspecies novicida_FSC 048\0_B17\3 | Francisella tularensis subspecies novicida_FSC 048\0_B17\4 | Francisella tularensis subspecies novicida_FSC 048\0_C17\3 | Francisella tularensis subspecies novicida_FSC 048\0_C17\2 | Francisella tularensis subspecies novicida_FSC 048\0_C17\1 | Francisella tularensis subspecies novicida_FSC 048\0_A17\1 | Francisella tularensis subspecies novicida_FSC 048\0_A17\2 | Francisella tularensis subspecies novicida_FSC 048\0_A17\4 | Francisella tularensis subspecies novicida_FSC 048\0_A17\3		Francisellaceae;Francisella;Francisella tularensis	Francisellaceae	Francisella	Francisella tularensis	264.0
0	2746	0.0985895769581977	01KA9R7BH55VJ5EFY407W36QQ6.mzML	2746	01KABVF1BFERF34QT58K4HE90J	2747	B017	Murphy Lab UIC			Micromonospora aurantiaca (User Submitted 16S)				
0	2961	0.1717191995142289	01KA9R7BH55VJ5EFY407W36QQ6.mzML	2961	01KGR39ZHZG3HMC2M14KGN98BT	2962	Streptococcus_None_None_B_2258		Str_salivarius_B2258_WH01_004\0_E6\1 | Str_salivarius_B2258_WH01_001\0_C5\1 | Str_salivarius_B2258_WH01_003\0_E5\1 | Str_salivarius_B2258_WH01_002\0_C6\1		Streptococcaceae;Streptococcus;Streptococcus salivarius	Streptococcaceae	Streptococcus	Streptococcus salivarius	1304.0
0	3273	0.1440447676420938	01KA9R7BH55VJ5EFY407W36QQ6.mzML	3273	01KAEM7KCYGPG4DZ96HXMED0V6	3274	WMMD882	Bugni Lab UW-Madison		GCA_027497255.1	Micromonosporaceae;Micromonospora;Micromonospora sp. WMMD882	Micromonosporaceae	Micromonospora	Micromonospora sp. WMMD882	3015151.0
0	3307	0.1807545340127928	01KA9R7BH55VJ5EFY407W36QQ6.mzML	3307	01KAEM76RD1J3CQ3NMD1PREQ2M	3308	WMMD956	Bugni Lab UW-Madison		GCA_029626125.1	Micromonosporaceae;Micromonospora;Micromonospora sp. WMMD956	Micromonosporaceae	Micromonospora	Micromonospora sp. WMMD956	3016108.0
0	3343	0.1678538438434209	01KA9R7BH55VJ5EFY407W36QQ6.mzML	3343	01KAEM704JRFRE3RNS4FZQ3KD0	3344	WMMD714	Bugni Lab UW-Madison		GCA_029581315.1	Micromonosporaceae;Micromonospora;Micromonospora sp. WMMD714	Micromonosporaceae	Micromonospora	Micromonospora sp. WMMD714	3016097.0
0	3379	0.1740016421850059	01KA9R7BH55VJ5EFY407W36QQ6.mzML	3379	01KAEM6YZXW3VV2TH60Q3QN26W	3380	WMMD712	Bugni Lab UW-Madison		GCA_029581295.1	Micromonosporaceae;Micromonospora;Micromonospora sp. WMMD712	Micromonosporaceae	Micromonospora	Micromonospora sp. WMMD712	3016096.0
0	3392	0.1479521330018803	01KA9R7BH55VJ5EFY407W36QQ6.mzML	3392	01KAEM6MQW7TN5YMDYB7GDM5QB	3393	WMMD1047	Bugni Lab UW-Madison		GCA_029626155.1	Micromonosporaceae;Solwaraspora;Solwaraspora sp. WMMD1047	Micromonosporaceae	Solwaraspora	Solwaraspora sp. WMMD1047	3016102.0
0	84	0.1655837104100733	01KA9R5NBBZ6XWSWBRZM7AEBBV.mzML	84	01KA9R6VSWVKJDVZEWX329GRD4	85	K412	Murphy lab UIC			Rhodococcus sp. (User Submitted 16S)				
0	154	9.658940314238862e-15	01KA9R5NBBZ6XWSWBRZM7AEBBV.mzML	154	01KA9R5NBBZ6XWSWBRZM7AEBBV	155	135A-8	Murphy Lab UIC		MK143180	Pseudonocardiaceae;Saccharomonospora;Saccharomonospora sp.	Pseudonocardiaceae	Saccharomonospora	Saccharomonospora sp.	33913.0
0	2734	0.1226864502217682	01KA9R5NBBZ6XWSWBRZM7AEBBV.mzML	2734	01KABVCR0ZA7R4B4MKVY1Q45YF	2735	A026	Murphy Lab UIC			Saccharomonospora azurea (User Submitted 16S)				
0	97	6.994405055138486e-15	01KA9R4XXSNR6R8Z38DAYG2YHE.mzML	97	01KA9R4XXSNR6R8Z38DAYG2YHE	98	128A-35	Murphy lab UIC		MK163411	Boseaceae;Bosea;Bosea sp. (in: a-proteobacteria)	Boseaceae	Bosea	Bosea sp. (in: a-proteobacteria)	1871050.0
0	64	0.1611503023050304	01KABVJD25776HYCW46YPZ6JJZ.mzML	64	01KA9R5135AXBXG68M163YJ1D9	65	129A-35	Murphy Lab UIC		MK168037	Micromonosporaceae;Micromonospora;Micromonospora sp.	Micromonosporaceae	Micromonospora	Micromonospora sp.	1876.0
0	73	0.1314333778005316	01KABVJD25776HYCW46YPZ6JJZ.mzML	73	01KA9R7X14AF8YZA67AFG150N1	74	K792	Murphy Lab UIC			Micromonospora sp. (User Submitted 16S)				
0	105	0.1620976722728104	01KABVJD25776HYCW46YPZ6JJZ.mzML	105	01KA9R431DPY96M2PJ01R0726H	106	114B-8	Murphy lab UIC		MK143173	Intrasporangiaceae;Knoellia;Knoellia sp.	Intrasporangiaceae	Knoellia	Knoellia sp.	1912358.0
0	137	0.1627092255387697	01KABVJD25776HYCW46YPZ6JJZ.mzML	137	01KA9R502EM598QFY0NAMWQ4BH	138	129A-2	Murphy Lab UIC		MK168033	Micromonosporaceae;Micromonospora;Micromonospora sp.	Micromonosporaceae	Micromonospora	Micromonospora sp.	1876.0
0	151	0.1343485470462094	01KABVJD25776HYCW46YPZ6JJZ.mzML	151	01KA9R7W1N77QNBT9ACTE879WS	152	K787	Murphy Lab UIC			Micromonospora sp. (User Submitted 16S)				
0	1468	0.1266351894032145	01KABVJD25776HYCW46YPZ6JJZ.mzML	1468	01JVTRHJ8EME3YWMDSH83XVR3D	1469	BM2Q003	Murphy Lab UIC		PP998012.1	Micromonosporaceae;Micromonospora;Micromonospora sp.	Micromonosporaceae	Micromonospora	Micromonospora sp.	1876.0
0	2657	0.1766662097875375	01KABVJD25776HYCW46YPZ6JJZ.mzML	2657	01K2J3E5S7PZE3KZMYG07G2DEC	2658	CNS801	Jensen Lab Scripps UCSD			Micromonosporaceae;Salinispora;Salinispora vitiensis	Micromonosporaceae	Salinispora	Salinispora vitiensis	1408350.0
0	2660	0.1856369000693138	01KABVJD25776HYCW46YPZ6JJZ.mzML	2660	01K2J3E0VQYZ5VYR5C41S6R307	2661	CNT403	Jensen Lab Scripps UCSD			Micromonosporaceae;Salinispora;Salinispora pacifica	Micromonosporaceae	Salinispora	Salinispora pacifica	1408353.0
0	2707	0.1669260429484897	01KABVJD25776HYCW46YPZ6JJZ.mzML	2707	01KABVEM6E13AXGMH5NS3GEVFW	2708	B013	Murphy Lab UIC			Micromonospora tulbaghiae (User Submitted 16S)				
0	2709	0.1531775673790271	01KABVJD25776HYCW46YPZ6JJZ.mzML	2709	01KABVDCX3YBV83W778NE5P4RC	2710	B001	Murphy Lab UIC		KY858238	Micromonosporaceae;Micromonospora;Micromonospora chokoriensis	Micromonosporaceae	Micromonospora	Micromonospora chokoriensis	356851.0
0	2710	2.942091015256665e-15	01KABVJD25776HYCW46YPZ6JJZ.mzML	2710	01KABVJD25776HYCW46YPZ6JJZ	2711	D077	Murphy Lab UIC			Micromonospora humi (User Submitted 16S)				
0	2713	0.1879968489306173	01KABVJD25776HYCW46YPZ6JJZ.mzML	2713	01KABVFVY7F65NR3CH41M8RZCG	2714	B026	Murphy Lab UIC		KP009553	Micromonosporaceae;Micromonospora;Micromonospora sp. B026	Micromonosporaceae	Micromonospora	Micromonospora sp. B026	1611404.0
0	2718	0.1550102147116672	01KABVJD25776HYCW46YPZ6JJZ.mzML	2718	01KABVHQM4Z8DQH3VK01W7KJK4	2719	D053	Murphy Lab UIC			Micromonospora sp. (User Submitted 16S)				
0	2719	0.1673068580915322	01KABVJD25776HYCW46YPZ6JJZ.mzML	2719	01KABVCZE33AHJJWTSS5QD65NE	2720	A039	Murphy Lab UIC			Verrucosispora sp. (User Submitted 16S)				
0	2732	0.1397023078902793	01KABVJD25776HYCW46YPZ6JJZ.mzML	2732	01KABVDV9YX1DD0E5NB194KTP9	2733	B006	Murphy Lab UIC			Micromonospora sp. (User Submitted 16S)				
0	2739	0.169494734253666	01KABVJD25776HYCW46YPZ6JJZ.mzML	2739	01KABVG79A32Y6M4JVM4ZYZKAF	2740	B032	Murphy Lab UIC			Micromonospora sp. (User Submitted 16S)				
0	3261	0.1865334328433885	01KABVJD25776HYCW46YPZ6JJZ.mzML	3261	01KAEM2PEJZ2BB76HDG7QCM6MF	3262	WMMA1833	Bugni Lab UW-Madison		KY015187	Micromonosporaceae;Micromonospora;Verrucosispora sp.	Micromonosporaceae	Micromonospora	Verrucosispora sp.	1871626.0
0	3265	0.1513733551499619	01KABVJD25776HYCW46YPZ6JJZ.mzML	3265	01KAEM7A4C05CKZRRK7NAEEC6M	3266	WMMD964	Bugni Lab UW-Madison		GCA_029581455.1	Micromonosporaceae;Micromonospora;Micromonospora sp. WMMD964	Micromonosporaceae	Micromonospora	Micromonospora sp. WMMD964	3016091.0
0	3266	0.159374045395664	01KABVJD25776HYCW46YPZ6JJZ.mzML	3266	01KAEM6GQSSFDSSSWF8M1NBR4B	3267	WMMC250	Bugni Lab UW-Madison		GCA_027460215.1	Micromonosporaceae;Micromonospora;Micromonospora sp. WMMC250	Micromonosporaceae	Micromonospora	Micromonospora sp. WMMC250	3014781.0
0	3267	0.0937358498975406	01KABVJD25776HYCW46YPZ6JJZ.mzML	3267	01KAEM47QA3Y8X528R3ZP2FQ93	3268	WMMA1912	Bugni Lab UW-Madison		KY015104	Micromonosporaceae;Micromonospora;Micromonospora sp.	Micromonosporaceae	Micromonospora	Micromonospora sp.	1876.0
0	3271	0.1103918974165041	01KABVJD25776HYCW46YPZ6JJZ.mzML	3271	01KAEM70MTGV5C0JCVAAYWFWJ5	3272	WMMD718	Bugni Lab UW-Madison		GCA_029626075.1	Micromonosporaceae;Micromonospora;Micromonospora sp. WMMD718	Micromonosporaceae	Micromonospora	Micromonospora sp. WMMD718	3016098.0
0	3272	0.0632417187621045	01KABVJD25776HYCW46YPZ6JJZ.mzML	3272	01KAEM7DACZ1W1DK65CWYDM3JJ	3273	WMMD998	Bugni Lab UW-Madison		GCA_029581235.1	Micromonosporaceae;Micromonospora;Micromonospora sp. WMMD998	Micromonosporaceae	Micromonospora	Micromonospora sp. WMMD998	3016092.0
0	3273	0.1662394922749516	01KABVJD25776HYCW46YPZ6JJZ.mzML	3273	01KAEM7KCYGPG4DZ96HXMED0V6	3274	WMMD882	Bugni Lab UW-Madison		GCA_027497255.1	Micromonosporaceae;Micromonospora;Micromonospora sp. WMMD882	Micromonosporaceae	Micromonospora	Micromonospora sp. WMMD882	3015151.0
0	3274	0.1672729067109271	01KABVJD25776HYCW46YPZ6JJZ.mzML	3274	01KAEM5S1ADMAES326ZH34TQF2	3275	WMMA2009	Bugni Lab UW-Madison		KY015159	Micromonosporaceae;Micromonospora;Micromonospora sp.	Micromonosporaceae	Micromonospora	Micromonospora sp.	1876.0
0	3278	0.1750205643620445	01KABVJD25776HYCW46YPZ6JJZ.mzML	3278	01KAEM508G22MZD67XTZRBW5H9	3279	WMMA1967	Bugni Lab UW-Madison		KY015131	Micromonosporaceae;Micromonospora;Micromonospora sp.	Micromonosporaceae	Micromonospora	Micromonospora sp.	1876.0
0	3281	0.1528374594486043	01KABVJD25776HYCW46YPZ6JJZ.mzML	3281	01KAEM3GCHVFR3A64QED3YRD5V	3282	WMMA1892	Bugni Lab UW-Madison		KY015088	Micromonosporaceae;Micromonospora;Micromonospora sp.	Micromonosporaceae	Micromonospora	Micromonospora sp.	1876.0
0	3282	0.1582988349983995	01KABVJD25776HYCW46YPZ6JJZ.mzML	3282	01KAEM5T6BQE9HNWMP8SHK8KYM	3283	WMMA2010	Bugni Lab UW-Madison		KY015160	Micromonosporaceae;Micromonospora;Micromonospora sp.	Micromonosporaceae	Micromonospora	Micromonospora sp.	1876.0
0	3283	0.176669089480753	01KABVJD25776HYCW46YPZ6JJZ.mzML	3283	01KAEM3FDP54J4SWP2ABA5W8T2	3284	WMMA1891	Bugni Lab UW-Madison		KY015087	Micromonosporaceae;Micromonospora;Micromonospora sp.	Micromonosporaceae	Micromonospora	Micromonospora sp.	1876.0
0	3284	0.0569295446502617	01KABVJD25776HYCW46YPZ6JJZ.mzML	3284	01KAEM5ET506087KW4WS7FGCGY	3285	WMMA1991	Bugni Lab UW-Madison		KY015145	Micromonosporaceae;Micromonospora;Micromonospora sp.	Micromonosporaceae	Micromonospora	Micromonospora sp.	1876.0
0	3287	0.158509545433274	01KABVJD25776HYCW46YPZ6JJZ.mzML	3287	01KAEM534PSTRZA2N2A3QBBXFG	3288	WMMA1970	Bugni Lab UW-Madison		KY015134	Micromonosporaceae;Micromonospora;Micromonospora sp.	Micromonosporaceae	Micromonospora	Micromonospora sp.	1876.0
0	3291	0.1542056089263669	01KABVJD25776HYCW46YPZ6JJZ.mzML	3291	01KAEM55CGM34NAP9Z3BTE1PX5	3292	WMMA1973	Bugni Lab UW-Madison		KY015136	Micromonosporaceae;Micromonospora;Micromonospora sp.	Micromonosporaceae	Micromonospora	Micromonospora sp.	1876.0
0	3294	0.1709215560065146	01KABVJD25776HYCW46YPZ6JJZ.mzML	3294	01KAEM4C39Q7TJA83NNGAHPZC5	3295	WMMA1922	Bugni Lab UW-Madison		KY015109	Micromonosporaceae;Micromonospora;Micromonospora sp.	Micromonosporaceae	Micromonospora	Micromonospora sp.	1876.0
0	3297	0.1570676535453407	01KABVJD25776HYCW46YPZ6JJZ.mzML	3297	01KAEM3WD006ZECTX2XF08AQX4	3298	WMMA1901	Bugni Lab UW-Madison		KY015097	Micromonosporaceae;Micromonospora;Micromonospora sp.	Micromonosporaceae	Micromonospora	Micromonospora sp.	1876.0
0	3298	0.1679850246900076	01KABVJD25776HYCW46YPZ6JJZ.mzML	3298	01KAEM3EEN63NJAYA68GJG5X8N	3299	WMMA1890	Bugni Lab UW-Madison		KY015086	Micromonosporaceae;Micromonospora;Micromonospora sp.	Micromonosporaceae	Micromonospora	Micromonospora sp.	1876.0
0	3300	0.1280553754309886	01KABVJD25776HYCW46YPZ6JJZ.mzML	3300	01KAEM4G4PJG4A8B33NFAZYAXJ	3301	WMMA1946	Bugni Lab UW-Madison		KY015116	Micromonosporaceae;Micromonospora;Micromonospora sp.	Micromonosporaceae	Micromonospora	Micromonospora sp.	1876.0
0	3301	0.1759631673447974	01KABVJD25776HYCW46YPZ6JJZ.mzML	3301	01KAEM602WQS98CMQA0MFX7V2X	3302	WMMA2015	Bugni Lab UW-Madison		KY015165	Micromonosporaceae;Micromonospora;Micromonospora sp.	Micromonosporaceae	Micromonospora	Micromonospora sp.	1876.0
0	3302	0.1854625087056787	01KABVJD25776HYCW46YPZ6JJZ.mzML	3302	01KAEM333WGY4DANSKAQVPQ3BB	3303	WMMA1854	Bugni Lab UW-Madison		KY015197	Micromonosporaceae;Micromonospora;Verrucosispora sp.	Micromonosporaceae	Micromonospora	Verrucosispora sp.	1871626.0
0	3305	0.0673310273555054	01KABVJD25776HYCW46YPZ6JJZ.mzML	3305	01KAEM5GK810JE1F8D2MZ771HN	3306	WMMA1993	Bugni Lab UW-Madison		KY015146	Micromonosporaceae;Micromonospora;Micromonospora sp.	Micromonosporaceae	Micromonospora	Micromonospora sp.	1876.0
0	3307	0.1755308781718586	01KABVJD25776HYCW46YPZ6JJZ.mzML	3307	01KAEM76RD1J3CQ3NMD1PREQ2M	3308	WMMD956	Bugni Lab UW-Madison		GCA_029626125.1	Micromonosporaceae;Micromonospora;Micromonospora sp. WMMD956	Micromonosporaceae	Micromonospora	Micromonospora sp. WMMD956	3016108.0
0	3308	0.1230219055748614	01KABVJD25776HYCW46YPZ6JJZ.mzML	3308	01KAEM593HP01GV0WN7D01VJAA	3309	WMMA1975	Bugni Lab UW-Madison		KY015138	Micromonosporaceae;Micromonospora;Micromonospora sp.	Micromonosporaceae	Micromonospora	Micromonospora sp.	1876.0
0	3309	0.1736252078495359	01KABVJD25776HYCW46YPZ6JJZ.mzML	3309	01KAEM3R6ZGJM6H9VFPE3NG99N	3310	WMMA1898	Bugni Lab UW-Madison		KY015094	Micromonosporaceae;Micromonospora;Micromonospora sp.	Micromonosporaceae	Micromonospora	Micromonospora sp.	1876.0
0	3322	0.0998903930327623	01KABVJD25776HYCW46YPZ6JJZ.mzML	3322	01KAEM49Q453FHQAVKFBP400QK	3323	WMMA1915	Bugni Lab UW-Madison		KY015107	Micromonosporaceae;Micromonospora;Micromonospora sp.	Micromonosporaceae	Micromonospora	Micromonospora sp.	1876.0
0	3325	0.1301385896748479	01KABVJD25776HYCW46YPZ6JJZ.mzML	3325	01KAEM5QH9B0D9FQRAT45HG21X	3326	WMMA2003	Bugni Lab UW-Madison		KY015153	Micromonosporaceae;Micromonospora;Micromonospora sp.	Micromonosporaceae	Micromonospora	Micromonospora sp.	1876.0
0	3326	0.1275726665426543	01KABVJD25776HYCW46YPZ6JJZ.mzML	3326	01KAEM4EH07MZM8TEJ5V1C4AJH	3327	WMMA1933	Bugni Lab UW-Madison		KY015114	Micromonosporaceae;Micromonospora;Micromonospora sp.	Micromonosporaceae	Micromonospora	Micromonospora sp.	1876.0
0	3328	0.1618768119209708	01KABVJD25776HYCW46YPZ6JJZ.mzML	3328	01KAEM5M26TC6XKN2V0XVGZXDT	3329	WMMA1998	Bugni Lab UW-Madison		GCA_027497375.1	Micromonosporaceae;Micromonospora;Micromonospora sp. WMMA1998	Micromonosporaceae	Micromonospora	Micromonospora sp. WMMA1998	3015167.0
0	3330	0.1160815052318073	01KABVJD25776HYCW46YPZ6JJZ.mzML	3330	01KAEM7AXV70C2W19YKCPCVVBQ	3331	WMMD967	Bugni Lab UW-Madison		GCA_029626165.1	Micromonosporaceae;Micromonospora;Micromonospora sp. WMMD967	Micromonosporaceae	Micromonospora	Micromonospora sp. WMMD967	3016101.0
0	3332	0.1438277986558995	01KABVJD25776HYCW46YPZ6JJZ.mzML	3332	01KAEM5Y1S280FYGV2FBFT7RKH	3333	WMMA2013	Bugni Lab UW-Madison		KY015163	Micromonosporaceae;Micromonospora;Micromonospora sp.	Micromonosporaceae	Micromonospora	Micromonospora sp.	1876.0
0	3335	0.0608346358911738	01KABVJD25776HYCW46YPZ6JJZ.mzML	3335	01KAEM463DN5ZYWERKSF04ZCCR	3336	WMMA1908	Bugni Lab UW-Madison		KY015102	Micromonosporaceae;Micromonospora;Micromonospora sp.	Micromonosporaceae	Micromonospora	Micromonospora sp.	1876.0
0	3336	0.175938560995631	01KABVJD25776HYCW46YPZ6JJZ.mzML	3336	01KAEM4YRDVQRFW8A4DXKKD2V6	3337	WMMA1966	Bugni Lab UW-Madison		KY015130	Micromonosporaceae;Micromonospora;Micromonospora sp.	Micromonosporaceae	Micromonospora	Micromonospora sp.	1876.0
0	3338	0.1282590530694319	01KABVJD25776HYCW46YPZ6JJZ.mzML	3338	01KAEM4B1WGAQ49A7VXPPY79GA	3339	WMMA1921	Bugni Lab UW-Madison		KY015108	Micromonosporaceae;Micromonospora;Micromonospora sp.	Micromonosporaceae	Micromonospora	Micromonospora sp.	1876.0
0	3339	0.1694422731244729	01KABVJD25776HYCW46YPZ6JJZ.mzML	3339	01KAEM4X2N3RQREDD19HEP5E8V	3340	WMMA1961	Bugni Lab UW-Madison		KY015128	Micromonosporaceae;Micromonospora;Micromonospora sp.	Micromonosporaceae	Micromonospora	Micromonospora sp.	1876.0
0	3340	0.1482973073406757	01KABVJD25776HYCW46YPZ6JJZ.mzML	3340	01KAEM6FA28CMM1HHVK3QWWPM2	3341	WMMB482	Bugni Lab UW-Madison		GCA_019038635.1	Micromonosporaceae;Micromonospora;Micromonospora sp. WMMB482	Micromonosporaceae	Micromonospora	Micromonospora sp. WMMB482	2849653.0
0	3341	0.1436501581333708	01KABVJD25776HYCW46YPZ6JJZ.mzML	3341	01KAEM48D8SS91MG0GHNF38BV8	3342	WMMA1913	Bugni Lab UW-Madison		KY015105	Micromonosporaceae;Micromonospora;Micromonospora sp.	Micromonosporaceae	Micromonospora	Micromonospora sp.	1876.0
0	3344	0.1496229768411507	01KABVJD25776HYCW46YPZ6JJZ.mzML	3344	01KAEM4P38YMP6KNFDYQ3V7F8P	3345	WMMA1951	Bugni Lab UW-Madison		KY015121	Micromonosporaceae;Micromonospora;Micromonospora sp.	Micromonosporaceae	Micromonospora	Micromonospora sp.	1876.0
0	3349	0.1774128899418091	01KABVJD25776HYCW46YPZ6JJZ.mzML	3349	01KAEM4K67NYXNFSDWPTTDK5JH	3350	WMMA1949	Bugni Lab UW-Madison		GCA_027460145.1	Micromonosporaceae;Micromonospora;Micromonospora sp. WMMA1949	Micromonosporaceae	Micromonospora	Micromonospora sp. WMMA1949	3015162.0
0	3354	0.1579196682944296	01KABVJD25776HYCW46YPZ6JJZ.mzML	3354	01KAEM5PNP17Q7E8JX165MHQQY	3355	WMMA2002	Bugni Lab UW-Madison		KY015152	Micromonosporaceae;Micromonospora;Micromonospora sp.	Micromonosporaceae	Micromonospora	Micromonospora sp.	1876.0
0	3355	0.0975571425327755	01KABVJD25776HYCW46YPZ6JJZ.mzML	3355	01KAEM7BE02VW9WFHDZ6PVYCAZ	3356	WMMD980	Bugni Lab UW-Madison		GCA_029626035.1	Micromonosporaceae;Micromonospora;Micromonospora sp. WMMD980	Micromonosporaceae	Micromonospora	Micromonospora sp. WMMD980	3016088.0
0	3358	0.1771808207430047	01KABVJD25776HYCW46YPZ6JJZ.mzML	3358	01KAEM4H40HZXRMJF18AY3H26J	3359	WMMA1947	Bugni Lab UW-Madison		GCA_027497355.1	Micromonosporaceae;Micromonospora;Micromonospora sp. WMMA1947	Micromonosporaceae	Micromonospora	Micromonospora sp. WMMA1947	3015163.0
0	3361	0.1726315653037748	01KABVJD25776HYCW46YPZ6JJZ.mzML	3361	01KAEM4MZ0STYBJZRVJCMRHRHM	3362	WMMA1950	Bugni Lab UW-Madison		KY015120	Micromonosporaceae;Micromonospora;Micromonospora sp.	Micromonosporaceae	Micromonospora	Micromonospora sp.	1876.0
0	3364	0.0566694749054779	01KABVJD25776HYCW46YPZ6JJZ.mzML	3364	01KAEM494KD1PZ6DBHH3QVBZ7H	3365	WMMA1914	Bugni Lab UW-Madison		KY015106	Micromonosporaceae;Micromonospora;Micromonospora sp.	Micromonosporaceae	Micromonospora	Micromonospora sp.	1876.0
0	3367	0.1738798651270024	01KABVJD25776HYCW46YPZ6JJZ.mzML	3367	01KAEM74TARTBB8B6KQP3RS4JC	3368	WMMD812	Bugni Lab UW-Madison		GCA_027497215.1	Micromonosporaceae;Micromonospora;Micromonospora sp. WMMD812	Micromonosporaceae	Micromonospora	Micromonospora sp. WMMD812	3015152.0
0	3369	0.1418398366598162	01KABVJD25776HYCW46YPZ6JJZ.mzML	3369	01KAEM6SY9J2Q0D9JDD0NGM97Z	3370	WMMD1128	Bugni Lab UW-Madison		GCA_027497235.1	Micromonosporaceae;Micromonospora;Micromonospora sp. WMMD1128	Micromonosporaceae	Micromonospora	Micromonospora sp. WMMD1128	3015150.0
0	3377	0.1867224511430977	01KABVJD25776HYCW46YPZ6JJZ.mzML	3377	01KAEM6XZMV61J15FAGBZM62DH	3378	WMMD710	Bugni Lab UW-Madison		GCA_029626045.1	Micromonosporaceae;Micromonospora;Micromonospora sp. WMMD710	Micromonosporaceae	Micromonospora	Micromonospora sp. WMMD710	3016085.0
0	3379	0.1571332120373684	01KABVJD25776HYCW46YPZ6JJZ.mzML	3379	01KAEM6YZXW3VV2TH60Q3QN26W	3380	WMMD712	Bugni Lab UW-Madison		GCA_029581295.1	Micromonosporaceae;Micromonospora;Micromonospora sp. WMMD712	Micromonosporaceae	Micromonospora	Micromonospora sp. WMMD712	3016096.0
0	3381	0.1845912911064713	01KABVJD25776HYCW46YPZ6JJZ.mzML	3381	01KAEM5AP3JE5EGDXG193QYSEN	3382	WMMA1977	Bugni Lab UW-Madison		KY015140	Micromonosporaceae;Micromonospora;Micromonospora sp.	Micromonosporaceae	Micromonospora	Micromonospora sp.	1876.0
0	3384	0.1390230426827159	01KABVJD25776HYCW46YPZ6JJZ.mzML	3384	01KAEM6V822MRQ2FRP5EGFRQT5	3385	WMMD1155	Bugni Lab UW-Madison		GCA_029581275.1	Micromonosporaceae;Micromonospora;Micromonospora sp. WMMD1155	Micromonosporaceae	Micromonospora	Micromonospora sp. WMMD1155	3016094.0
0	3385	0.1081928552241552	01KABVJD25776HYCW46YPZ6JJZ.mzML	3385	01KAEM6FTZVGQW5CF8TD5P0BED	3386	WMMC241	Bugni Lab UW-Madison		GCA_027460165.1	Micromonosporaceae;Micromonospora;Micromonospora sp. WMMC241	Micromonosporaceae	Micromonospora	Micromonospora sp. WMMC241	3015159.0
0	3389	0.1217394222546104	01KABVJD25776HYCW46YPZ6JJZ.mzML	3389	01KAEM4W9S1KJC51JP5FDBB2Q2	3390	WMMA1960	Bugni Lab UW-Madison		KY015127	Micromonosporaceae;Micromonospora;Micromonospora sp.	Micromonosporaceae	Micromonospora	Micromonospora sp.	1876.0
0	3390	0.1798792662336413	01KABVJD25776HYCW46YPZ6JJZ.mzML	3390	01KAEM6QCNAXK1RSDKWTE571P9	3391	WMMD1120	Bugni Lab UW-Madison		GCA_029626235.1	Micromonosporaceae;Micromonospora;Micromonospora sp. WMMD1120	Micromonosporaceae	Micromonospora	Micromonospora sp. WMMD1120	3016106.0
0	3391	0.0623678364049594	01KABVJD25776HYCW46YPZ6JJZ.mzML	3391	01KAEM472SBYDQV56GT196J2V7	3392	WMMA1910	Bugni Lab UW-Madison		KY015103	Micromonosporaceae;Micromonospora;Micromonospora sp.	Micromonosporaceae	Micromonospora	Micromonospora sp.	1876.0
0	3392	0.1778262346869976	01KABVJD25776HYCW46YPZ6JJZ.mzML	3392	01KAEM6MQW7TN5YMDYB7GDM5QB	3393	WMMD1047	Bugni Lab UW-Madison		GCA_029626155.1	Micromonosporaceae;Solwaraspora;Solwaraspora sp. WMMD1047	Micromonosporaceae	Solwaraspora	Solwaraspora sp. WMMD1047	3016102.0
0	3396	0.0544057961813311	01KABVJD25776HYCW46YPZ6JJZ.mzML	3396	01KAEM3AGX5S0RNZW6YR3B9PDH	3397	WMMA1887	Bugni Lab UW-Madison		KY015083	Micromonosporaceae;Micromonospora;Micromonospora sp.	Micromonosporaceae	Micromonospora	Micromonospora sp.	1876.0
0	3397	0.0604160890864863	01KABVJD25776HYCW46YPZ6JJZ.mzML	3397	01KAEM5V6X7W14VAE5H573C2Z2	3398	WMMA2011	Bugni Lab UW-Madison		KY015161	Micromonosporaceae;Micromonospora;Micromonospora sp.	Micromonosporaceae	Micromonospora	Micromonospora sp.	1876.0
0	116	0.1861235255404049	01KA9R44B6KYRW1GX0VJHS8BCX.mzML	116	01KA9R4J2G8Q76HED26K40CYYR	117	119A-10	Murphy Lab UIC		MK168025	Micrococcaceae;Arthrobacter;Arthrobacter sp.	Micrococcaceae	Arthrobacter	Arthrobacter sp.	1667.0
0	139	4.884981308350689e-15	01KA9R44B6KYRW1GX0VJHS8BCX.mzML	139	01KA9R44B6KYRW1GX0VJHS8BCX	140	115B-7	Murphy lab UIC		MK143177	Intrasporangiaceae;Knoellia;Knoellia sp.	Intrasporangiaceae	Knoellia	Knoellia sp.	1912358.0
0	168	0.1700436967982347	01KA9R44B6KYRW1GX0VJHS8BCX.mzML	168	01KA9R5KF1QKAGN54SDPMNK7SC	169	135A-23	Murphy lab UIC		MK143160	Cellulomonadaceae;Oerskovia;Oerskovia sp.	Cellulomonadaceae	Oerskovia	Oerskovia sp.	1915060.0
0	186	0.1819441421412712	01KA9R44B6KYRW1GX0VJHS8BCX.mzML	186	01KA9R47SFFX9SBAXB91ZPMR0K	187	116H-18	Murphy lab UIC		MK163385	Cellulomonadaceae;Oerskovia;Oerskovia sp.	Cellulomonadaceae	Oerskovia	Oerskovia sp.	1915060.0
0	1297	0.1707416561073589	01KA9R44B6KYRW1GX0VJHS8BCX.mzML	1297	01JV3FMVP3DZ947H2NSBXKXB4W	1298	B-3379	USDA-ARS NRRL		DQ442536	Streptomycetaceae;Streptomyces;Streptomyces orinoci	Streptomycetaceae	Streptomyces	Streptomyces orinoci	67339.0
0	3269	0.1790210412788137	01KA9R44B6KYRW1GX0VJHS8BCX.mzML	3269	01KAEM2QQG5HJ77W1BP31Z6MX5	3270	WMMA1834	Bugni Lab UW-Madison		KY015188	Micromonosporaceae;Micromonospora;Verrucosispora sp.	Micromonosporaceae	Micromonospora	Verrucosispora sp.	1871626.0
0	78	0.1790071201709923	01KA9R4J2G8Q76HED26K40CYYR.mzML	78	01KA9R76ZXSVEW9GXYZGS85PHJ	79	K571	Murphy Lab UIC			Rothia sp. (User Submitted 16S)				
0	116	4.3853809472693675e-15	01KA9R4J2G8Q76HED26K40CYYR.mzML	116	01KA9R4J2G8Q76HED26K40CYYR	117	119A-10	Murphy Lab UIC		MK168025	Micrococcaceae;Arthrobacter;Arthrobacter sp.	Micrococcaceae	Arthrobacter	Arthrobacter sp.	1667.0
0	139	0.1861235137898894	01KA9R4J2G8Q76HED26K40CYYR.mzML	139	01KA9R44B6KYRW1GX0VJHS8BCX	140	115B-7	Murphy lab UIC		MK143177	Intrasporangiaceae;Knoellia;Knoellia sp.	Intrasporangiaceae	Knoellia	Knoellia sp.	1912358.0
0	350	0.1657318115849547	01KA9R4J2G8Q76HED26K40CYYR.mzML	350	01K9QYSKG82XYQ8VXEKXX663XN	351	PPS119	Marshall Space Flight Center			Arthrobacter ginsengisoli/Pseudoarthrobacter psychrotolerans (User Submitted 16S)				
0	386	0.1594053112775673	01KA9R4J2G8Q76HED26K40CYYR.mzML	386	01K9QYTFXKG3XD99VSV7STPKDM	387	PPS68	Marshall Space Flight Center			Arthrobacter koreensis (User Submitted 16S)				
0	1367	0.1792831085695547	01KA9R4J2G8Q76HED26K40CYYR.mzML	1367	01JVTRHWEY7N7R9C172E0NCP39	1368	BM6G004	Murphy Lab UIC		PQ001026	Microbacteriaceae;Microbacterium;Microbacterium sp.	Microbacteriaceae	Microbacterium	Microbacterium sp.	51671.0
0	1402	0.1280967989695998	01KA9R4J2G8Q76HED26K40CYYR.mzML	1402	01JVTRNDANWFN4TZY6JT52BNEA	1403	MS2F07P	Murphy Lab UIC		PQ113554.1	Micrococcaceae;Pseudarthrobacter;Pseudarthrobacter sp.	Micrococcaceae	Pseudarthrobacter	Pseudarthrobacter sp.	1934409.0
0	3261	0.1817734280273744	01KA9R4J2G8Q76HED26K40CYYR.mzML	3261	01KAEM2PEJZ2BB76HDG7QCM6MF	3262	WMMA1833	Bugni Lab UW-Madison		KY015187	Micromonosporaceae;Micromonospora;Verrucosispora sp.	Micromonosporaceae	Micromonospora	Verrucosispora sp.	1871626.0
0	64	0.1487966117680263	01KABVHQM4Z8DQH3VK01W7KJK4.mzML	64	01KA9R5135AXBXG68M163YJ1D9	65	129A-35	Murphy Lab UIC		MK168037	Micromonosporaceae;Micromonospora;Micromonospora sp.	Micromonosporaceae	Micromonospora	Micromonospora sp.	1876.0
0	70	0.172153135505657	01KABVHQM4Z8DQH3VK01W7KJK4.mzML	70	01KA9R7TN3ZPW4SGN9DBW79RR5	71	K779	Murphy Lab UIC			Micromonospora sp. (User Submitted 16S)				
0	73	0.1462867633960479	01KABVHQM4Z8DQH3VK01W7KJK4.mzML	73	01KA9R7X14AF8YZA67AFG150N1	74	K792	Murphy Lab UIC			Micromonospora sp. (User Submitted 16S)				
0	95	0.1461822033769695	01KABVHQM4Z8DQH3VK01W7KJK4.mzML	95	01KA9R7HAP8T2859SKA9XJF8XF	96	K699	Murphy Lab UIC			Micromonospora sp. (User Submitted 16S)				
0	113	0.1294488268511716	01KABVHQM4Z8DQH3VK01W7KJK4.mzML	113	01KA9R7ABQNYC3ZX35DV6H299V	114	K622	Murphy Lab UIC			Micromonospora sp. (User Submitted 16S)				
0	137	0.0834804050721199	01KABVHQM4Z8DQH3VK01W7KJK4.mzML	137	01KA9R502EM598QFY0NAMWQ4BH	138	129A-2	Murphy Lab UIC		MK168033	Micromonosporaceae;Micromonospora;Micromonospora sp.	Micromonosporaceae	Micromonospora	Micromonospora sp.	1876.0
0	151	0.1088527451133284	01KABVHQM4Z8DQH3VK01W7KJK4.mzML	151	01KA9R7W1N77QNBT9ACTE879WS	152	K787	Murphy Lab UIC			Micromonospora sp. (User Submitted 16S)				
0	187	0.1479392380305598	01KABVHQM4Z8DQH3VK01W7KJK4.mzML	187	01KA9R7XZV024CS7CNYVBDDZCV	188	K806	Murphy Lab UIC			Micromonospora sp. (User Submitted 16S)				
0	2660	0.1762292626974704	01KABVHQM4Z8DQH3VK01W7KJK4.mzML	2660	01K2J3E0VQYZ5VYR5C41S6R307	2661	CNT403	Jensen Lab Scripps UCSD			Micromonosporaceae;Salinispora;Salinispora pacifica	Micromonosporaceae	Salinispora	Salinispora pacifica	1408353.0
0	2705	0.1820460976585973	01KABVHQM4Z8DQH3VK01W7KJK4.mzML	2705	01KABVD7EDZHRJHR0K1NTXK7ZH	2706	A040	Murphy Lab UIC			Micromonospora sp. (User Submitted 16S)				
0	2710	0.1550102169061175	01KABVHQM4Z8DQH3VK01W7KJK4.mzML	2710	01KABVJD25776HYCW46YPZ6JJZ	2711	D077	Murphy Lab UIC			Micromonospora humi (User Submitted 16S)				
0	2713	0.1613239750621309	01KABVHQM4Z8DQH3VK01W7KJK4.mzML	2713	01KABVFVY7F65NR3CH41M8RZCG	2714	B026	Murphy Lab UIC		KP009553	Micromonosporaceae;Micromonospora;Micromonospora sp. B026	Micromonosporaceae	Micromonospora	Micromonospora sp. B026	1611404.0
0	2718	4.496403249731884e-15	01KABVHQM4Z8DQH3VK01W7KJK4.mzML	2718	01KABVHQM4Z8DQH3VK01W7KJK4	2719	D053	Murphy Lab UIC			Micromonospora sp. (User Submitted 16S)				
0	2724	0.1844835816245736	01KABVHQM4Z8DQH3VK01W7KJK4.mzML	2724	01KABVESM7KWN3EQNV18Z6SQQS	2725	B016	Murphy Lab UIC			Micromonospora sp. (User Submitted 16S)				
0	2731	0.1658518843399709	01KABVHQM4Z8DQH3VK01W7KJK4.mzML	2731	01KABVHZ2N5BMEDR5SWJC9NPKY	2732	D054	Murphy Lab UIC			Micromonospora sp. (User Submitted 16S)				
0	2732	0.1535244424128667	01KABVHQM4Z8DQH3VK01W7KJK4.mzML	2732	01KABVDV9YX1DD0E5NB194KTP9	2733	B006	Murphy Lab UIC			Micromonospora sp. (User Submitted 16S)				
0	2739	0.178105896130605	01KABVHQM4Z8DQH3VK01W7KJK4.mzML	2739	01KABVG79A32Y6M4JVM4ZYZKAF	2740	B032	Murphy Lab UIC			Micromonospora sp. (User Submitted 16S)				
0	2746	0.1272033282439123	01KABVHQM4Z8DQH3VK01W7KJK4.mzML	2746	01KABVF1BFERF34QT58K4HE90J	2747	B017	Murphy Lab UIC			Micromonospora aurantiaca (User Submitted 16S)				
0	3267	0.1465575834560704	01KABVHQM4Z8DQH3VK01W7KJK4.mzML	3267	01KAEM47QA3Y8X528R3ZP2FQ93	3268	WMMA1912	Bugni Lab UW-Madison		KY015104	Micromonosporaceae;Micromonospora;Micromonospora sp.	Micromonosporaceae	Micromonospora	Micromonospora sp.	1876.0
0	3271	0.1716952268660682	01KABVHQM4Z8DQH3VK01W7KJK4.mzML	3271	01KAEM70MTGV5C0JCVAAYWFWJ5	3272	WMMD718	Bugni Lab UW-Madison		GCA_029626075.1	Micromonosporaceae;Micromonospora;Micromonospora sp. WMMD718	Micromonosporaceae	Micromonospora	Micromonospora sp. WMMD718	3016098.0
0	3272	0.177202767088945	01KABVHQM4Z8DQH3VK01W7KJK4.mzML	3272	01KAEM7DACZ1W1DK65CWYDM3JJ	3273	WMMD998	Bugni Lab UW-Madison		GCA_029581235.1	Micromonosporaceae;Micromonospora;Micromonospora sp. WMMD998	Micromonosporaceae	Micromonospora	Micromonospora sp. WMMD998	3016092.0
0	3274	0.1563963032030197	01KABVHQM4Z8DQH3VK01W7KJK4.mzML	3274	01KAEM5S1ADMAES326ZH34TQF2	3275	WMMA2009	Bugni Lab UW-Madison		KY015159	Micromonosporaceae;Micromonospora;Micromonospora sp.	Micromonosporaceae	Micromonospora	Micromonospora sp.	1876.0
0	3287	0.1647445519426262	01KABVHQM4Z8DQH3VK01W7KJK4.mzML	3287	01KAEM534PSTRZA2N2A3QBBXFG	3288	WMMA1970	Bugni Lab UW-Madison		KY015134	Micromonosporaceae;Micromonospora;Micromonospora sp.	Micromonosporaceae	Micromonospora	Micromonospora sp.	1876.0
0	3294	0.1564549288282627	01KABVHQM4Z8DQH3VK01W7KJK4.mzML	3294	01KAEM4C39Q7TJA83NNGAHPZC5	3295	WMMA1922	Bugni Lab UW-Madison		KY015109	Micromonosporaceae;Micromonospora;Micromonospora sp.	Micromonosporaceae	Micromonospora	Micromonospora sp.	1876.0
0	3298	0.1742318423030462	01KABVHQM4Z8DQH3VK01W7KJK4.mzML	3298	01KAEM3EEN63NJAYA68GJG5X8N	3299	WMMA1890	Bugni Lab UW-Madison		KY015086	Micromonosporaceae;Micromonospora;Micromonospora sp.	Micromonosporaceae	Micromonospora	Micromonospora sp.	1876.0
0	3300	0.1680418819826522	01KABVHQM4Z8DQH3VK01W7KJK4.mzML	3300	01KAEM4G4PJG4A8B33NFAZYAXJ	3301	WMMA1946	Bugni Lab UW-Madison		KY015116	Micromonosporaceae;Micromonospora;Micromonospora sp.	Micromonosporaceae	Micromonospora	Micromonospora sp.	1876.0
0	3305	0.1894928207672549	01KABVHQM4Z8DQH3VK01W7KJK4.mzML	3305	01KAEM5GK810JE1F8D2MZ771HN	3306	WMMA1993	Bugni Lab UW-Madison		KY015146	Micromonosporaceae;Micromonospora;Micromonospora sp.	Micromonosporaceae	Micromonospora	Micromonospora sp.	1876.0
0	3308	0.1813681328474025	01KABVHQM4Z8DQH3VK01W7KJK4.mzML	3308	01KAEM593HP01GV0WN7D01VJAA	3309	WMMA1975	Bugni Lab UW-Madison		KY015138	Micromonosporaceae;Micromonospora;Micromonospora sp.	Micromonosporaceae	Micromonospora	Micromonospora sp.	1876.0
0	3316	0.1789268103954668	01KABVHQM4Z8DQH3VK01W7KJK4.mzML	3316	01KAEM6N1T0RXX1RNFA2QGHB0M	3317	WMMD1076	Bugni Lab UW-Madison		GCA_029581475.1	Micromonosporaceae;Micromonospora;Micromonospora sp. WMMD1076	Micromonosporaceae	Micromonospora	Micromonospora sp. WMMD1076	3016103.0
0	3322	0.170721278471478	01KABVHQM4Z8DQH3VK01W7KJK4.mzML	3322	01KAEM49Q453FHQAVKFBP400QK	3323	WMMA1915	Bugni Lab UW-Madison		KY015107	Micromonosporaceae;Micromonospora;Micromonospora sp.	Micromonosporaceae	Micromonospora	Micromonospora sp.	1876.0
0	3326	0.1284540353322339	01KABVHQM4Z8DQH3VK01W7KJK4.mzML	3326	01KAEM4EH07MZM8TEJ5V1C4AJH	3327	WMMA1933	Bugni Lab UW-Madison		KY015114	Micromonosporaceae;Micromonospora;Micromonospora sp.	Micromonosporaceae	Micromonospora	Micromonospora sp.	1876.0
0	3328	0.1899750495179105	01KABVHQM4Z8DQH3VK01W7KJK4.mzML	3328	01KAEM5M26TC6XKN2V0XVGZXDT	3329	WMMA1998	Bugni Lab UW-Madison		GCA_027497375.1	Micromonosporaceae;Micromonospora;Micromonospora sp. WMMA1998	Micromonosporaceae	Micromonospora	Micromonospora sp. WMMA1998	3015167.0
0	3330	0.1751889756007268	01KABVHQM4Z8DQH3VK01W7KJK4.mzML	3330	01KAEM7AXV70C2W19YKCPCVVBQ	3331	WMMD967	Bugni Lab UW-Madison		GCA_029626165.1	Micromonosporaceae;Micromonospora;Micromonospora sp. WMMD967	Micromonosporaceae	Micromonospora	Micromonospora sp. WMMD967	3016101.0
0	3332	0.1732038909689312	01KABVHQM4Z8DQH3VK01W7KJK4.mzML	3332	01KAEM5Y1S280FYGV2FBFT7RKH	3333	WMMA2013	Bugni Lab UW-Madison		KY015163	Micromonosporaceae;Micromonospora;Micromonospora sp.	Micromonosporaceae	Micromonospora	Micromonospora sp.	1876.0
0	3335	0.1821552980227473	01KABVHQM4Z8DQH3VK01W7KJK4.mzML	3335	01KAEM463DN5ZYWERKSF04ZCCR	3336	WMMA1908	Bugni Lab UW-Madison		KY015102	Micromonosporaceae;Micromonospora;Micromonospora sp.	Micromonosporaceae	Micromonospora	Micromonospora sp.	1876.0
0	3338	0.1858333863997017	01KABVHQM4Z8DQH3VK01W7KJK4.mzML	3338	01KAEM4B1WGAQ49A7VXPPY79GA	3339	WMMA1921	Bugni Lab UW-Madison		KY015108	Micromonosporaceae;Micromonospora;Micromonospora sp.	Micromonosporaceae	Micromonospora	Micromonospora sp.	1876.0
0	3341	0.1644327297164806	01KABVHQM4Z8DQH3VK01W7KJK4.mzML	3341	01KAEM48D8SS91MG0GHNF38BV8	3342	WMMA1913	Bugni Lab UW-Madison		KY015105	Micromonosporaceae;Micromonospora;Micromonospora sp.	Micromonosporaceae	Micromonospora	Micromonospora sp.	1876.0
0	3342	0.1781491553456243	01KABVHQM4Z8DQH3VK01W7KJK4.mzML	3342	01KAEM5205V182ZMYH4GWWT75N	3343	WMMA1968	Bugni Lab UW-Madison		KY015132	Micromonosporaceae;Micromonospora;Micromonospora sp.	Micromonosporaceae	Micromonospora	Micromonospora sp.	1876.0
0	3350	0.1864083935848314	01KABVHQM4Z8DQH3VK01W7KJK4.mzML	3350	01KAEM67QMVDGEV5X50WSKPQT7	3351	WMMA2052	Bugni Lab UW-Madison		KY015211	Micromonosporaceae;Micromonospora;Verrucosispora sp.	Micromonosporaceae	Micromonospora	Verrucosispora sp.	1871626.0
0	3355	0.1360433206730928	01KABVHQM4Z8DQH3VK01W7KJK4.mzML	3355	01KAEM7BE02VW9WFHDZ6PVYCAZ	3356	WMMD980	Bugni Lab UW-Madison		GCA_029626035.1	Micromonosporaceae;Micromonospora;Micromonospora sp. WMMD980	Micromonosporaceae	Micromonospora	Micromonospora sp. WMMD980	3016088.0
0	3364	0.1633829653769845	01KABVHQM4Z8DQH3VK01W7KJK4.mzML	3364	01KAEM494KD1PZ6DBHH3QVBZ7H	3365	WMMA1914	Bugni Lab UW-Madison		KY015106	Micromonosporaceae;Micromonospora;Micromonospora sp.	Micromonosporaceae	Micromonospora	Micromonospora sp.	1876.0
0	3367	0.1265581879728292	01KABVHQM4Z8DQH3VK01W7KJK4.mzML	3367	01KAEM74TARTBB8B6KQP3RS4JC	3368	WMMD812	Bugni Lab UW-Madison		GCA_027497215.1	Micromonosporaceae;Micromonospora;Micromonospora sp. WMMD812	Micromonosporaceae	Micromonospora	Micromonospora sp. WMMD812	3015152.0
0	3371	0.1343990739160189	01KABVHQM4Z8DQH3VK01W7KJK4.mzML	3371	01KAEM6EV4W4G9YBP9M2ZZEDVY	3372	WMMB235	Bugni Lab UW-Madison		GCA_001855515.1	Micromonosporaceae;Micromonospora;Micromonospora sp. WMMB235	Micromonosporaceae	Micromonospora	Micromonospora sp. WMMB235	1172030.0
0	3372	0.1710846580491775	01KABVHQM4Z8DQH3VK01W7KJK4.mzML	3372	01KAEM5BD7XFT4R419PNECS3A4	3373	WMMA1978	Bugni Lab UW-Madison		KY015141	Micromonosporaceae;Micromonospora;Micromonospora sp.	Micromonosporaceae	Micromonospora	Micromonospora sp.	1876.0
0	3375	0.1609464648314692	01KABVHQM4Z8DQH3VK01W7KJK4.mzML	3375	01KAEM5N4P95CJEBQZSQQMJ3PS	3376	WMMA2000	Bugni Lab UW-Madison		KY015151	Micromonosporaceae;Micromonospora;Micromonospora sp.	Micromonosporaceae	Micromonospora	Micromonospora sp.	1876.0
0	3376	0.1837631301118886	01KABVHQM4Z8DQH3VK01W7KJK4.mzML	3376	01KAEM60YD604ZSFAX8VM2J0R6	3377	WMMA2032	Bugni Lab UW-Madison		SAMN07666506	Micromonosporaceae;Micromonospora;Micromonospora sp. WMMA2032	Micromonosporaceae	Micromonospora	Micromonospora sp. WMMA2032	2039870.0
0	3380	0.1767776776286745	01KABVHQM4Z8DQH3VK01W7KJK4.mzML	3380	01KAEM4JNM5NDJXN1M7CNDYZZW	3381	WMMA1948	Bugni Lab UW-Madison		KY015118	Micromonosporaceae;Micromonospora;Micromonospora sp.	Micromonosporaceae	Micromonospora	Micromonospora sp.	1876.0
0	3385	0.1668974575154989	01KABVHQM4Z8DQH3VK01W7KJK4.mzML	3385	01KAEM6FTZVGQW5CF8TD5P0BED	3386	WMMC241	Bugni Lab UW-Madison		GCA_027460165.1	Micromonosporaceae;Micromonospora;Micromonospora sp. WMMC241	Micromonosporaceae	Micromonospora	Micromonospora sp. WMMC241	3015159.0
0	3389	0.1753277375962495	01KABVHQM4Z8DQH3VK01W7KJK4.mzML	3389	01KAEM4W9S1KJC51JP5FDBB2Q2	3390	WMMA1960	Bugni Lab UW-Madison		KY015127	Micromonosporaceae;Micromonospora;Micromonospora sp.	Micromonosporaceae	Micromonospora	Micromonospora sp.	1876.0
0	3390	0.1851218456240444	01KABVHQM4Z8DQH3VK01W7KJK4.mzML	3390	01KAEM6QCNAXK1RSDKWTE571P9	3391	WMMD1120	Bugni Lab UW-Madison		GCA_029626235.1	Micromonosporaceae;Micromonospora;Micromonospora sp. WMMD1120	Micromonosporaceae	Micromonospora	Micromonospora sp. WMMD1120	3016106.0
0	3391	0.1646453471568481	01KABVHQM4Z8DQH3VK01W7KJK4.mzML	3391	01KAEM472SBYDQV56GT196J2V7	3392	WMMA1910	Bugni Lab UW-Madison		KY015103	Micromonosporaceae;Micromonospora;Micromonospora sp.	Micromonosporaceae	Micromonospora	Micromonospora sp.	1876.0
0	3392	0.1646454580030885	01KABVHQM4Z8DQH3VK01W7KJK4.mzML	3392	01KAEM6MQW7TN5YMDYB7GDM5QB	3393	WMMD1047	Bugni Lab UW-Madison		GCA_029626155.1	Micromonosporaceae;Solwaraspora;Solwaraspora sp. WMMD1047	Micromonosporaceae	Solwaraspora	Solwaraspora sp. WMMD1047	3016102.0
0	3396	0.1806231763805319	01KABVHQM4Z8DQH3VK01W7KJK4.mzML	3396	01KAEM3AGX5S0RNZW6YR3B9PDH	3397	WMMA1887	Bugni Lab UW-Madison		KY015083	Micromonosporaceae;Micromonospora;Micromonospora sp.	Micromonosporaceae	Micromonospora	Micromonospora sp.	1876.0
0	180	1.3933298959045716e-14	01KA9R4FDKM384VPE4YWWKDG53.mzML	180	01KA9R4FDKM384VPE4YWWKDG53	181	117H-59	Murphy lab UIC		MK168023	Microbacteriaceae;Microbacterium;Microbacterium sp.	Microbacteriaceae	Microbacterium	Microbacterium sp.	51671.0
0	1036	0.170568760895388	01KA9R4FDKM384VPE4YWWKDG53.mzML	1036	01JV3FMSENMP97W35CPQV1912N	1037	B-1994	USDA-ARS NRRL		DQ442534	Streptomycetaceae;Streptomyces;Streptomyces olivoverticillatus	Streptomycetaceae	Streptomyces	Streptomyces olivoverticillatus	66427.0
0	1122	0.1886856017852772	01KA9R4FDKM384VPE4YWWKDG53.mzML	1122	01JV3FM2VM8FAQ5D9AFPXW5JRH	1123	B-2712	USDA-ARS NRRL		DQ026658	Streptomycetaceae;Streptomyces;Streptomyces prasinus	Streptomycetaceae	Streptomyces	Streptomyces prasinus	67345.0
0	1199	0.1820931359725752	01KA9R4FDKM384VPE4YWWKDG53.mzML	1199	01JV3FNA7Q7NV8GRH5C3WDH1NP	1200	B-24580	USDA-ARS NRRL		DQ912930	Streptomycetaceae;Streptomyces;Streptomyces radiopugnans	Streptomycetaceae	Streptomyces	Streptomyces radiopugnans	403935.0
0	2375	0.1853058614356582	01KA9R4FDKM384VPE4YWWKDG53.mzML	2375	01KGRMT4V47S7BC8Z46F6EA78G	2376	Weizmannia_None_None_DSM_2311		Weizmannia coagulans_DSM 2311_02\0_K15\1 | Weizmannia coagulans_DSM 2311_03\0_I16\1 | Weizmannia coagulans_DSM 2311_04\0_K16\1 | Weizmannia coagulans_DSM 2311_01\0_I15\1		Bacillaceae;Heyndrickxia;Heyndrickxia coagulans	Bacillaceae	Heyndrickxia	Heyndrickxia coagulans	1398.0
0	187	0.184073136305737	01KABVESM7KWN3EQNV18Z6SQQS.mzML	187	01KA9R7XZV024CS7CNYVBDDZCV	188	K806	Murphy Lab UIC			Micromonospora sp. (User Submitted 16S)				
0	2705	0.1772153839970418	01KABVESM7KWN3EQNV18Z6SQQS.mzML	2705	01KABVD7EDZHRJHR0K1NTXK7ZH	2706	A040	Murphy Lab UIC			Micromonospora sp. (User Submitted 16S)				
0	2718	0.1844835674913189	01KABVESM7KWN3EQNV18Z6SQQS.mzML	2718	01KABVHQM4Z8DQH3VK01W7KJK4	2719	D053	Murphy Lab UIC			Micromonospora sp. (User Submitted 16S)				
0	2724	3.885780586188048e-15	01KABVESM7KWN3EQNV18Z6SQQS.mzML	2724	01KABVESM7KWN3EQNV18Z6SQQS	2725	B016	Murphy Lab UIC			Micromonospora sp. (User Submitted 16S)				
0	2728	0.1539313586684796	01KABVESM7KWN3EQNV18Z6SQQS.mzML	2728	01KABVF7F49ZNFGTHS37N5M3HY	2729	B019	Murphy Lab UIC			Micromonospora tulbaghiae (User Submitted 16S)				
0	2731	0.1712681705606658	01KABVESM7KWN3EQNV18Z6SQQS.mzML	2731	01KABVHZ2N5BMEDR5SWJC9NPKY	2732	D054	Murphy Lab UIC			Micromonospora sp. (User Submitted 16S)				
0	3329	0.1810280420038863	01KABVESM7KWN3EQNV18Z6SQQS.mzML	3329	01KAEM34NTRZR8GN9RF5VBSSN8	3330	WMMA1855	Bugni Lab UW-Madison		KY015198	Micromonosporaceae;Solwaraspora;Solwaraspora sp.	Micromonosporaceae	Solwaraspora	Solwaraspora sp.	1912063.0
0	3394	0.1567205063638295	01KABVESM7KWN3EQNV18Z6SQQS.mzML	3394	01KAEM73P8JWTJ4J113TN1SMYR	3395	WMMD792	Bugni Lab UW-Madison		GCA_029626105.1	Micromonosporaceae;Solwaraspora;Solwaraspora sp. WMMD792	Micromonosporaceae	Solwaraspora	Solwaraspora sp. WMMD792	3016099.0
0	1340	6.161737786669619e-15	01JVTRP3SN4TX5K95W43YT3MCE.mzML	1340	01JVTRP3SN4TX5K95W43YT3MCE	1341	OS302P	Murphy Lab UIC		PQ118469	Microbacteriaceae;Curtobacterium;Curtobacterium sp.	Microbacteriaceae	Curtobacterium	Curtobacterium sp.	1869344.0
0	70	0.1226476578374757	01KABVDCX3YBV83W778NE5P4RC.mzML	70	01KA9R7TN3ZPW4SGN9DBW79RR5	71	K779	Murphy Lab UIC			Micromonospora sp. (User Submitted 16S)				
0	86	0.1885182683057437	01KABVDCX3YBV83W778NE5P4RC.mzML	86	01KA9R71E7K296R6JSP3A2J5WH	87	K489	Murphy Lab UIC			Microbacterium sp. (User Submitted 16S)				
0	95	0.1854969990995941	01KABVDCX3YBV83W778NE5P4RC.mzML	95	01KA9R7HAP8T2859SKA9XJF8XF	96	K699	Murphy Lab UIC			Micromonospora sp. (User Submitted 16S)				
0	420	0.1748513507145445	01KABVDCX3YBV83W778NE5P4RC.mzML	420	01KGR43BEAJH2RYHVB6226BHTT	421	Francisella_None_None_F059		Francisella tularensis subspecies novocida_F59\0_L5\7 | Francisella tularensis subspecies novocida_F59\0_L5\3 | Francisella tularensis subspecies novocida_F59\0_L5\1 | Francisella tularensis subspecies novocida_F59\0_L5\6 | Francisella tularensis subspecies novocida_F59\0_L5\2 | Francisella tularensis subspecies novocida_F59\0_M6\5 | Francisella tularensis subspecies novocida_F59\0_M6\8 | Francisella tularensis subspecies novocida_F59\0_M6\2 | Francisella tularensis subspecies novocida_F59\0_M6\6 | Francisella tularensis subspecies novocida_F59\0_M6\1 | Francisella tularensis subspecies novocida_F59\0_M6\3 | Francisella tularensis subspecies novocida_F59\0_M6\7 | Francisella tularensis subspecies novocida_F59\0_L6\8 | Francisella tularensis subspecies novocida_F59\0_L6\5 | Francisella tularensis subspecies novocida_F59\0_L6\1 | Francisella tularensis subspecies novocida_F59\0_L6\3 | Francisella tularensis subspecies novocida_F59\0_M5\6 | Francisella tularensis subspecies novocida_F59\0_M5\5 | Francisella tularensis subspecies novocida_F59\0_M5\8 | Francisella tularensis subspecies novocida_F59\0_M5\2 | Francisella tularensis subspecies novocida_F59\0_M5\3 | Francisella tularensis subspecies novocida_F59\0_M5\4 | Francisella tularensis subspecies novocida_F59\0_N5\1 | Francisella tularensis subspecies novocida_F59\0_N6\6 | Francisella tularensis subspecies novocida_F59\0_N6\4		Francisellaceae;Francisella;Francisella tularensis	Francisellaceae	Francisella	Francisella tularensis	264.0
0	764	0.1804850643823586	01KABVDCX3YBV83W778NE5P4RC.mzML	764	01KGR3BYZ682CD75A2E070VWXD	765	Francisella_None_None_F064		Francisella tularensis subspecies mediasiatica_F064_Alk\0_L12\4 | Francisella tularensis subspecies mediasiatica_F064_Alk\0_L12\3 | Francisella tularensis subspecies mediasiatica_F064_Alk\0_L12\1 | Francisella tularensis subspecies mediasiatica_F064_Alk\0_L12\2 | Francisella tularensis subspecies mediasiatica_F064_Alk\0_L11\1 | Francisella tularensis subspecies mediasiatica_F064_Alk\0_L11\2 | Francisella tularensis subspecies mediasiatica_F064_Alk\0_L11\4 | Francisella tularensis subspecies mediasiatica_F064_Alk\0_L11\3 | Francisella tularensis subspecies mediasiatica_F064_Alk\0_K10\2 | Francisella tularensis subspecies mediasiatica_F064_Alk\0_K10\1 | Francisella tularensis subspecies mediasiatica_F064_Alk\0_K10\3 | Francisella tularensis subspecies mediasiatica_F064_Alk\0_K10\4 | Francisella tularensis subspecies mediasiatica_F064_Alk\0_K12\3 | Francisella tularensis subspecies mediasiatica_F064_Alk\0_K12\4 | Francisella tularensis subspecies mediasiatica_F064_Alk\0_K12\2 | Francisella tularensis subspecies mediasiatica_F064_Alk\0_K12\1 | Francisella tularensis subspecies mediasiatica_F064_Alk\0_L10\2 | Francisella tularensis subspecies mediasiatica_F064_Alk\0_L10\1 | Francisella tularensis subspecies mediasiatica_F064_Alk\0_L10\4 | Francisella tularensis subspecies mediasiatica_F064_Alk\0_L10\3 | Francisella tularensis subspecies mediasiatica_F064_Alk\0_K11\3 | Francisella tularensis subspecies mediasiatica_F064_Alk\0_K11\4 | Francisella tularensis subspecies mediasiatica_F064_Alk\0_K11\2 | Francisella tularensis subspecies mediasiatica_F064_Alk\0_K11\1		Francisellaceae;Francisella;Francisella tularensis	Francisellaceae	Francisella	Francisella tularensis	135248.0
0	1380	0.1846290452994073	01KABVDCX3YBV83W778NE5P4RC.mzML	1380	01JVTRHFKTWPGR04GQT3ZN6Q0R	1381	BM2E001	Murphy Lab UIC			Micromonospora sp. (User Submitted 16S)				
0	1468	0.1667222385248942	01KABVDCX3YBV83W778NE5P4RC.mzML	1468	01JVTRHJ8EME3YWMDSH83XVR3D	1469	BM2Q003	Murphy Lab UIC		PP998012.1	Micromonosporaceae;Micromonospora;Micromonospora sp.	Micromonosporaceae	Micromonospora	Micromonospora sp.	1876.0
0	2279	0.1784997551444656	01KABVDCX3YBV83W778NE5P4RC.mzML	2279	01KGRMT24C9Y1VJN3QS6SSF31H	2280	Francisella_None_None_F063		Francisella tularensis subspecies mediasiatica_F063_Alk\0_O12\4 | Francisella tularensis subspecies mediasiatica_F063_Alk\0_O12\3 | Francisella tularensis subspecies mediasiatica_F063_Alk\0_O12\1 | Francisella tularensis subspecies mediasiatica_F063_Alk\0_O12\2 | Francisella tularensis subspecies mediasiatica_F063_Alk\0_N12\3 | Francisella tularensis subspecies mediasiatica_F063_Alk\0_N12\4 | Francisella tularensis subspecies mediasiatica_F063_Alk\0_N12\1 | Francisella tularensis subspecies mediasiatica_F063_Alk\0_N12\2 | Francisella tularensis subspecies mediasiatica_F063_Alk\0_O11\2 | Francisella tularensis subspecies mediasiatica_F063_Alk\0_O11\1 | Francisella tularensis subspecies mediasiatica_F063_Alk\0_O11\3 | Francisella tularensis subspecies mediasiatica_F063_Alk\0_O11\4 | Francisella tularensis subspecies mediasiatica_F063_Alk\0_N11\1 | Francisella tularensis subspecies mediasiatica_F063_Alk\0_N11\2 | Francisella tularensis subspecies mediasiatica_F063_Alk\0_N11\4 | Francisella tularensis subspecies mediasiatica_F063_Alk\0_N11\3 | Francisella tularensis subspecies mediasiatica_F063_Alk\0_N10\3 | Francisella tularensis subspecies mediasiatica_F063_Alk\0_N10\4 | Francisella tularensis subspecies mediasiatica_F063_Alk\0_N10\1 | Francisella tularensis subspecies mediasiatica_F063_Alk\0_N10\2 | Francisella tularensis subspecies mediasiatica_F063_Alk\0_O10\1 | Francisella tularensis subspecies mediasiatica_F063_Alk\0_O10\2 | Francisella tularensis subspecies mediasiatica_F063_Alk\0_O10\3 | Francisella tularensis subspecies mediasiatica_F063_Alk\0_O10\4		Francisellaceae;Francisella;Francisella tularensis	Francisellaceae	Francisella	Francisella tularensis	135248.0
0	2433	0.1888814231025881	01KABVDCX3YBV83W778NE5P4RC.mzML	2433	01KGRN13VVHRX6K4S22FC8PS6N	2434	Francisella_None_None_F048		Francisella tularensis subspecies novicida_FSC 048\0_C16\4 | Francisella tularensis subspecies novicida_FSC 048\0_C16\3 | Francisella tularensis subspecies novicida_FSC 048\0_C16\1 | Francisella tularensis subspecies novicida_FSC 048\0_C16\2 | Francisella tularensis subspecies novicida_FSC 048\0_B16\4 | Francisella tularensis subspecies novicida_FSC 048\0_B16\2 | Francisella tularensis subspecies novicida_FSC 048\0_B16\1 | Francisella tularensis subspecies novicida_FSC 048\0_A16\3 | Francisella tularensis subspecies novicida_FSC 048\0_A16\4 | Francisella tularensis subspecies novicida_FSC 048\0_A16\1 | Francisella tularensis subspecies novicida_FSC 048\0_A16\2 | Francisella tularensis subspecies novicida_FSC 048\0_B17\1 | Francisella tularensis subspecies novicida_FSC 048\0_B17\2 | Francisella tularensis subspecies novicida_FSC 048\0_B17\3 | Francisella tularensis subspecies novicida_FSC 048\0_B17\4 | Francisella tularensis subspecies novicida_FSC 048\0_C17\3 | Francisella tularensis subspecies novicida_FSC 048\0_C17\2 | Francisella tularensis subspecies novicida_FSC 048\0_C17\1 | Francisella tularensis subspecies novicida_FSC 048\0_A17\1 | Francisella tularensis subspecies novicida_FSC 048\0_A17\2 | Francisella tularensis subspecies novicida_FSC 048\0_A17\4 | Francisella tularensis subspecies novicida_FSC 048\0_A17\3		Francisellaceae;Francisella;Francisella tularensis	Francisellaceae	Francisella	Francisella tularensis	264.0
0	2709	2.275957200481571e-15	01KABVDCX3YBV83W778NE5P4RC.mzML	2709	01KABVDCX3YBV83W778NE5P4RC	2710	B001	Murphy Lab UIC		KY858238	Micromonosporaceae;Micromonospora;Micromonospora chokoriensis	Micromonosporaceae	Micromonospora	Micromonospora chokoriensis	356851.0
0	2710	0.1531775606300455	01KABVDCX3YBV83W778NE5P4RC.mzML	2710	01KABVJD25776HYCW46YPZ6JJZ	2711	D077	Murphy Lab UIC			Micromonospora humi (User Submitted 16S)				
0	2721	0.1823791869021568	01KABVDCX3YBV83W778NE5P4RC.mzML	2721	01KABVDN5VSH8NWZF4KK71B36P	2722	B002	Murphy Lab UIC			Micromonospora chokoriensis (User Submitted 16S)				
0	2732	0.1859319373501928	01KABVDCX3YBV83W778NE5P4RC.mzML	2732	01KABVDV9YX1DD0E5NB194KTP9	2733	B006	Murphy Lab UIC			Micromonospora sp. (User Submitted 16S)				
0	2739	0.1535202890724309	01KABVDCX3YBV83W778NE5P4RC.mzML	2739	01KABVG79A32Y6M4JVM4ZYZKAF	2740	B032	Murphy Lab UIC			Micromonospora sp. (User Submitted 16S)				
0	2742	0.1549689212921888	01KABVDCX3YBV83W778NE5P4RC.mzML	2742	01KABVFFZ7EDYKQM4J5YDVYVC2	2743	B022	Murphy Lab UIC		KY858245	Micromonosporaceae;Micromonospora;Micromonospora chokoriensis	Micromonosporaceae	Micromonospora	Micromonospora chokoriensis	356851.0
0	3181	0.1854196640716162	01KABVDCX3YBV83W778NE5P4RC.mzML	3181	01KGR34KTJD8M005TBGQK2H6NN	3182	Francisella_None_None_A_1935-1		A1935-1_03_001\0_I11\1 | A1935-1_03_004\0_K12\1 | A1935-1_03_003\0_I12\1 | A1935-1_03_002\0_K11\1		Francisellaceae;Francisella;Francisella tularensis	Francisellaceae	Francisella	Francisella tularensis	119857.0
0	3265	0.1823461427153765	01KABVDCX3YBV83W778NE5P4RC.mzML	3265	01KAEM7A4C05CKZRRK7NAEEC6M	3266	WMMD964	Bugni Lab UW-Madison		GCA_029581455.1	Micromonosporaceae;Micromonospora;Micromonospora sp. WMMD964	Micromonosporaceae	Micromonospora	Micromonospora sp. WMMD964	3016091.0
0	3266	0.1772703020239019	01KABVDCX3YBV83W778NE5P4RC.mzML	3266	01KAEM6GQSSFDSSSWF8M1NBR4B	3267	WMMC250	Bugni Lab UW-Madison		GCA_027460215.1	Micromonosporaceae;Micromonospora;Micromonospora sp. WMMC250	Micromonosporaceae	Micromonospora	Micromonospora sp. WMMC250	3014781.0
0	3300	0.1135261716466721	01KABVDCX3YBV83W778NE5P4RC.mzML	3300	01KAEM4G4PJG4A8B33NFAZYAXJ	3301	WMMA1946	Bugni Lab UW-Madison		KY015116	Micromonosporaceae;Micromonospora;Micromonospora sp.	Micromonosporaceae	Micromonospora	Micromonospora sp.	1876.0
0	3301	0.1673654576913295	01KABVDCX3YBV83W778NE5P4RC.mzML	3301	01KAEM602WQS98CMQA0MFX7V2X	3302	WMMA2015	Bugni Lab UW-Madison		KY015165	Micromonosporaceae;Micromonospora;Micromonospora sp.	Micromonosporaceae	Micromonospora	Micromonospora sp.	1876.0
0	3305	0.1867517166537136	01KABVDCX3YBV83W778NE5P4RC.mzML	3305	01KAEM5GK810JE1F8D2MZ771HN	3306	WMMA1993	Bugni Lab UW-Madison		KY015146	Micromonosporaceae;Micromonospora;Micromonospora sp.	Micromonosporaceae	Micromonospora	Micromonospora sp.	1876.0
0	3308	0.1478362564525746	01KABVDCX3YBV83W778NE5P4RC.mzML	3308	01KAEM593HP01GV0WN7D01VJAA	3309	WMMA1975	Bugni Lab UW-Madison		KY015138	Micromonosporaceae;Micromonospora;Micromonospora sp.	Micromonosporaceae	Micromonospora	Micromonospora sp.	1876.0
0	3322	0.1405409129654287	01KABVDCX3YBV83W778NE5P4RC.mzML	3322	01KAEM49Q453FHQAVKFBP400QK	3323	WMMA1915	Bugni Lab UW-Madison		KY015107	Micromonosporaceae;Micromonospora;Micromonospora sp.	Micromonosporaceae	Micromonospora	Micromonospora sp.	1876.0
0	3325	0.1298046726640284	01KABVDCX3YBV83W778NE5P4RC.mzML	3325	01KAEM5QH9B0D9FQRAT45HG21X	3326	WMMA2003	Bugni Lab UW-Madison		KY015153	Micromonosporaceae;Micromonospora;Micromonospora sp.	Micromonosporaceae	Micromonospora	Micromonospora sp.	1876.0
0	3330	0.1427810188785854	01KABVDCX3YBV83W778NE5P4RC.mzML	3330	01KAEM7AXV70C2W19YKCPCVVBQ	3331	WMMD967	Bugni Lab UW-Madison		GCA_029626165.1	Micromonosporaceae;Micromonospora;Micromonospora sp. WMMD967	Micromonosporaceae	Micromonospora	Micromonospora sp. WMMD967	3016101.0
0	3335	0.1684658300371719	01KABVDCX3YBV83W778NE5P4RC.mzML	3335	01KAEM463DN5ZYWERKSF04ZCCR	3336	WMMA1908	Bugni Lab UW-Madison		KY015102	Micromonosporaceae;Micromonospora;Micromonospora sp.	Micromonosporaceae	Micromonospora	Micromonospora sp.	1876.0
0	3341	0.117222202566644	01KABVDCX3YBV83W778NE5P4RC.mzML	3341	01KAEM48D8SS91MG0GHNF38BV8	3342	WMMA1913	Bugni Lab UW-Madison		KY015105	Micromonosporaceae;Micromonospora;Micromonospora sp.	Micromonosporaceae	Micromonospora	Micromonospora sp.	1876.0
0	3364	0.1887754638562708	01KABVDCX3YBV83W778NE5P4RC.mzML	3364	01KAEM494KD1PZ6DBHH3QVBZ7H	3365	WMMA1914	Bugni Lab UW-Madison		KY015106	Micromonosporaceae;Micromonospora;Micromonospora sp.	Micromonosporaceae	Micromonospora	Micromonospora sp.	1876.0
0	3384	0.1598632114868885	01KABVDCX3YBV83W778NE5P4RC.mzML	3384	01KAEM6V822MRQ2FRP5EGFRQT5	3385	WMMD1155	Bugni Lab UW-Madison		GCA_029581275.1	Micromonosporaceae;Micromonospora;Micromonospora sp. WMMD1155	Micromonosporaceae	Micromonospora	Micromonospora sp. WMMD1155	3016094.0
0	3390	0.1476166307802505	01KABVDCX3YBV83W778NE5P4RC.mzML	3390	01KAEM6QCNAXK1RSDKWTE571P9	3391	WMMD1120	Bugni Lab UW-Madison		GCA_029626235.1	Micromonosporaceae;Micromonospora;Micromonospora sp. WMMD1120	Micromonosporaceae	Micromonospora	Micromonospora sp. WMMD1120	3016106.0
0	3393	0.1379125719411407	01KABVDCX3YBV83W778NE5P4RC.mzML	3393	01KAEM4TJRGRVG070WBFP4E5CW	3394	WMMA1958	Bugni Lab UW-Madison		KY015126	Micromonosporaceae;Micromonospora;Micromonospora sp.	Micromonosporaceae	Micromonospora	Micromonospora sp.	1876.0
0	3396	0.1569489185325543	01KABVDCX3YBV83W778NE5P4RC.mzML	3396	01KAEM3AGX5S0RNZW6YR3B9PDH	3397	WMMA1887	Bugni Lab UW-Madison		KY015083	Micromonosporaceae;Micromonospora;Micromonospora sp.	Micromonosporaceae	Micromonospora	Micromonospora sp.	1876.0
0	3397	0.1823130689746879	01KABVDCX3YBV83W778NE5P4RC.mzML	3397	01KAEM5V6X7W14VAE5H573C2Z2	3398	WMMA2011	Bugni Lab UW-Madison		KY015161	Micromonosporaceae;Micromonospora;Micromonospora sp.	Micromonosporaceae	Micromonospora	Micromonospora sp.	1876.0
0	63	0.0985895771061571	01KABVF1BFERF34QT58K4HE90J.mzML	63	01KA9R7BH55VJ5EFY407W36QQ6	64	K633	Murphy Lab UIC			Micromonospora sp. (User Submitted 16S)				
0	70	0.1778286509950625	01KABVF1BFERF34QT58K4HE90J.mzML	70	01KA9R7TN3ZPW4SGN9DBW79RR5	71	K779	Murphy Lab UIC			Micromonospora sp. (User Submitted 16S)				
0	73	0.1368959464527909	01KABVF1BFERF34QT58K4HE90J.mzML	73	01KA9R7X14AF8YZA67AFG150N1	74	K792	Murphy Lab UIC			Micromonospora sp. (User Submitted 16S)				
0	113	0.1771639098820207	01KABVF1BFERF34QT58K4HE90J.mzML	113	01KA9R7ABQNYC3ZX35DV6H299V	114	K622	Murphy Lab UIC			Micromonospora sp. (User Submitted 16S)				
0	151	0.1290635859649422	01KABVF1BFERF34QT58K4HE90J.mzML	151	01KA9R7W1N77QNBT9ACTE879WS	152	K787	Murphy Lab UIC			Micromonospora sp. (User Submitted 16S)				
0	159	0.0989657302240636	01KABVF1BFERF34QT58K4HE90J.mzML	159	01KA9R7JH7PQ4NDNT10K8ME8Y8	160	K701	Murphy Lab UIC			Micromonospora sp. (User Submitted 16S)				
0	696	0.1831320756271119	01KABVF1BFERF34QT58K4HE90J.mzML	696	01KGR3BMB44SZAQWHS7JABHDJN	697	Streptococcus_None_None_B_2634		Str_salivarius_B2634_04_001\0_I13\1 | Str_salivarius_B2634_04_002\0_I14\1 | Str_salivarius_B2634_04_004\0_K14\1 | Str_salivarius_B2634_04_003\0_K13\1		Streptococcaceae;Streptococcus;Streptococcus salivarius	Streptococcaceae	Streptococcus	Streptococcus salivarius	1304.0
0	734	0.1771388611043318	01KABVF1BFERF34QT58K4HE90J.mzML	734	01KGR4318JTRCN0C8WXV4MZGZ2	735	Streptococcus_None_None_B_2634		Str_salivarius_B2634_01_004\0_N12\1 | Str_salivarius_B2634_01_001\0_L11\1 | Str_salivarius_B2634_01_003\0_N11\1 | Str_salivarius_B2634_01_002\0_L12\1		Streptococcaceae;Streptococcus;Streptococcus salivarius	Streptococcaceae	Streptococcus	Streptococcus salivarius	1304.0
0	793	0.1880289482905871	01KABVF1BFERF34QT58K4HE90J.mzML	793	01KGR3J0W12DM3RE55JDXCEX88	794	Streptococcus_None_None_B_3019		Str_salivarius_B3019_05_004\0_K20\1 | Str_salivarius_B3019_05_002\0_I20\1 | Str_salivarius_B3019_05_003\0_K19\1 | Str_salivarius_B3019_05_001\0_I19\1		Streptococcaceae;Streptococcus;Streptococcus salivarius	Streptococcaceae	Streptococcus	Streptococcus salivarius	1304.0
0	808	0.1875872349836355	01KABVF1BFERF34QT58K4HE90J.mzML	808	01KGR42E38FV28ARMWPZFJ5K4J	809	Streptococcus_None_None_B_2258		Str_salivarius_B2258_03_001\0_C17\1 | Str_salivarius_B2258_03_004\0_E18\1 | Str_salivarius_B2258_03_003\0_E17\1 | Str_salivarius_B2258_03_002\0_C18\1		Streptococcaceae;Streptococcus;Streptococcus salivarius	Streptococcaceae	Streptococcus	Streptococcus salivarius	1304.0
0	848	0.1719298481812767	01KABVF1BFERF34QT58K4HE90J.mzML	848	01KGR3R8QFGRGPNGQQCGQTEDTT	849	Streptococcus_None_None_B_2258		Str_salivarius_B2258_01_002\0_L4\1 | Str_salivarius_B2258_01_001\0_L3\1 | Str_salivarius_B2258_01_003\0_N3\1 | Str_salivarius_B2258_01_004\0_N4\1		Streptococcaceae;Streptococcus;Streptococcus salivarius	Streptococcaceae	Streptococcus	Streptococcus salivarius	1304.0
0	928	0.1249823323942617	01KABVF1BFERF34QT58K4HE90J.mzML	928	01JV3F1QY06HDF55Y7QRHQD4CJ	929	B-11050	USDA-ARS NRRL		 X92622	Micromonosporaceae;Micromonospora;Micromonospora lacustris	Micromonosporaceae	Micromonospora	Micromonospora lacustris	47867.0
0	953	0.1772868217003875	01KABVF1BFERF34QT58K4HE90J.mzML	953	01JV3F0VFZCMB5Q3A23A6170N3	954	B-2289	USDA-ARS NRRL		 AY999823	Streptomycetaceae;Streptomyces;Streptomyces anulatus	Streptomycetaceae	Streptomyces	Streptomyces anulatus	285559.0
0	1542	0.1792770646420861	01KABVF1BFERF34QT58K4HE90J.mzML	1542	01KGRMT7CZ4GBK162NMYP62TBJ	1543	Streptococcus_None_None_DSM_20565,_ATCC_12344,_NCTC_8198		LMTG70H10_0\0_H10\1 | LMTG70N04_0\0_N4\1 | LMTG69N14_0\0_N14\1 | LMTG70K11_0\0_K11\1 | LMTG73H05_0\0_H5\1 | LMTG72N08_0\0_N8\1		Streptococcaceae;Streptococcus;Streptococcus pyogenes	Streptococcaceae	Streptococcus	Streptococcus pyogenes	1314.0
0	1700	0.1899330679434558	01KABVF1BFERF34QT58K4HE90J.mzML	1700	01KGRMK062PJDRJAXFMFV155VN	1701	Streptococcus_None_None_DSM_20567		Str_sanguinis_DSM_20567_01_003\0_H7\1 | Str_sanguinis_DSM_20567_01_001\0_F7\1 | Str_sanguinis_DSM_20567_01_002\0_F8\1 | Str_sanguinis_DSM_20567_01_004\0_H8\1		Streptococcaceae;Streptococcus;Streptococcus sanguinis	Streptococcaceae	Streptococcus	Streptococcus sanguinis	1305.0
0	1776	0.1661203394561932	01KABVF1BFERF34QT58K4HE90J.mzML	1776	01KGRMP4C9474X4MX3K5GQEQHE	1777	Streptococcus_None_None_B_9056		Str_oralis_9056_02_002\0_F4\1 | Str_oralis_9056_02_001\0_F3\1 | Str_oralis_9056_02_003\0_H3\1 | Str_oralis_9056_02_004\0_H4\1		Streptococcaceae;Streptococcus;Streptococcus parasanguinis	Streptococcaceae	Streptococcus	Streptococcus parasanguinis	1318.0
0	1921	0.1687844386111926	01KABVF1BFERF34QT58K4HE90J.mzML	1921	01KGRMGNEYNWW4R7CJCFRMH5T7	1922	Streptococcus_None_None_B_9056		Str_oralis_9056_01_003\0_K17\1 | Str_oralis_9056_01_001\0_I17\1 | Str_oralis_9056_01_002\0_I18\1 | Str_oralis_9056_01_004\0_K18\1		Streptococcaceae;Streptococcus;Streptococcus parasanguinis	Streptococcaceae	Streptococcus	Streptococcus parasanguinis	1318.0
0	2545	0.1825661896503048	01KABVF1BFERF34QT58K4HE90J.mzML	2545	01KGRMZNZVBFX4SAEN5YBXXR47	2546	Streptococcus_None_None_B_2258		Str_salivarius_B2258_02_003\0_H5\1 | Str_salivarius_B2258_02_002\0_F6\1 | Str_salivarius_B2258_02_004\0_H6\1 | Str_salivarius_B2258_02_001\0_F5\1		Streptococcaceae;Streptococcus;Streptococcus salivarius	Streptococcaceae	Streptococcus	Streptococcus salivarius	1304.0
0	2657	0.1851153994787574	01KABVF1BFERF34QT58K4HE90J.mzML	2657	01K2J3E5S7PZE3KZMYG07G2DEC	2658	CNS801	Jensen Lab Scripps UCSD			Micromonosporaceae;Salinispora;Salinispora vitiensis	Micromonosporaceae	Salinispora	Salinispora vitiensis	1408350.0
0	2658	0.1648866860387221	01KABVF1BFERF34QT58K4HE90J.mzML	2658	01K2J3DT9SX6AEEK7VRYHQHBDR	2659	CNR_942	Jensen Lab Scripps UCSD		MH973613	Micromonosporaceae;Salinispora;Salinispora fenicalii	Micromonosporaceae	Salinispora	Salinispora fenicalii	1137263.0
0	2660	0.1753967506129434	01KABVF1BFERF34QT58K4HE90J.mzML	2660	01K2J3E0VQYZ5VYR5C41S6R307	2661	CNT403	Jensen Lab Scripps UCSD			Micromonosporaceae;Salinispora;Salinispora pacifica	Micromonosporaceae	Salinispora	Salinispora pacifica	1408353.0
0	2718	0.1272033275848322	01KABVF1BFERF34QT58K4HE90J.mzML	2718	01KABVHQM4Z8DQH3VK01W7KJK4	2719	D053	Murphy Lab UIC			Micromonospora sp. (User Submitted 16S)				
0	2732	0.1889437262781132	01KABVF1BFERF34QT58K4HE90J.mzML	2732	01KABVDV9YX1DD0E5NB194KTP9	2733	B006	Murphy Lab UIC			Micromonospora sp. (User Submitted 16S)				
0	2746	1.2212453270876722e-15	01KABVF1BFERF34QT58K4HE90J.mzML	2746	01KABVF1BFERF34QT58K4HE90J	2747	B017	Murphy Lab UIC			Micromonospora aurantiaca (User Submitted 16S)				
0	2961	0.1765713932667149	01KABVF1BFERF34QT58K4HE90J.mzML	2961	01KGR39ZHZG3HMC2M14KGN98BT	2962	Streptococcus_None_None_B_2258		Str_salivarius_B2258_WH01_004\0_E6\1 | Str_salivarius_B2258_WH01_001\0_C5\1 | Str_salivarius_B2258_WH01_003\0_E5\1 | Str_salivarius_B2258_WH01_002\0_C6\1		Streptococcaceae;Streptococcus;Streptococcus salivarius	Streptococcaceae	Streptococcus	Streptococcus salivarius	1304.0
0	3185	0.1554709152765174	01KABVF1BFERF34QT58K4HE90J.mzML	3185	01KGR3DWD7BH7JYV7VRMWTDS52	3186	Streptococcus_None_None_B_9056		Str_oralis_9056_03_002\0_C16\1 | Str_oralis_9056_03_001\0_C15\1 | Str_oralis_9056_03_004\0_E16\1 | Str_oralis_9056_03_003\0_E15\1		Streptococcaceae;Streptococcus;Streptococcus parasanguinis	Streptococcaceae	Streptococcus	Streptococcus parasanguinis	1318.0
0	3267	0.1736842540273077	01KABVF1BFERF34QT58K4HE90J.mzML	3267	01KAEM47QA3Y8X528R3ZP2FQ93	3268	WMMA1912	Bugni Lab UW-Madison		KY015104	Micromonosporaceae;Micromonospora;Micromonospora sp.	Micromonosporaceae	Micromonospora	Micromonospora sp.	1876.0
0	3272	0.1783846282279689	01KABVF1BFERF34QT58K4HE90J.mzML	3272	01KAEM7DACZ1W1DK65CWYDM3JJ	3273	WMMD998	Bugni Lab UW-Madison		GCA_029581235.1	Micromonosporaceae;Micromonospora;Micromonospora sp. WMMD998	Micromonosporaceae	Micromonospora	Micromonospora sp. WMMD998	3016092.0
0	3273	0.1240980512973085	01KABVF1BFERF34QT58K4HE90J.mzML	3273	01KAEM7KCYGPG4DZ96HXMED0V6	3274	WMMD882	Bugni Lab UW-Madison		GCA_027497255.1	Micromonosporaceae;Micromonospora;Micromonospora sp. WMMD882	Micromonosporaceae	Micromonospora	Micromonospora sp. WMMD882	3015151.0
0	3284	0.1832892339101714	01KABVF1BFERF34QT58K4HE90J.mzML	3284	01KAEM5ET506087KW4WS7FGCGY	3285	WMMA1991	Bugni Lab UW-Madison		KY015145	Micromonosporaceae;Micromonospora;Micromonospora sp.	Micromonosporaceae	Micromonospora	Micromonospora sp.	1876.0
0	3305	0.1775961759920961	01KABVF1BFERF34QT58K4HE90J.mzML	3305	01KAEM5GK810JE1F8D2MZ771HN	3306	WMMA1993	Bugni Lab UW-Madison		KY015146	Micromonosporaceae;Micromonospora;Micromonospora sp.	Micromonosporaceae	Micromonospora	Micromonospora sp.	1876.0
0	3307	0.1731097527156593	01KABVF1BFERF34QT58K4HE90J.mzML	3307	01KAEM76RD1J3CQ3NMD1PREQ2M	3308	WMMD956	Bugni Lab UW-Madison		GCA_029626125.1	Micromonosporaceae;Micromonospora;Micromonospora sp. WMMD956	Micromonosporaceae	Micromonospora	Micromonospora sp. WMMD956	3016108.0
0	3326	0.1878047048160353	01KABVF1BFERF34QT58K4HE90J.mzML	3326	01KAEM4EH07MZM8TEJ5V1C4AJH	3327	WMMA1933	Bugni Lab UW-Madison		KY015114	Micromonosporaceae;Micromonospora;Micromonospora sp.	Micromonosporaceae	Micromonospora	Micromonospora sp.	1876.0
0	3343	0.1889740113387868	01KABVF1BFERF34QT58K4HE90J.mzML	3343	01KAEM704JRFRE3RNS4FZQ3KD0	3344	WMMD714	Bugni Lab UW-Madison		GCA_029581315.1	Micromonosporaceae;Micromonospora;Micromonospora sp. WMMD714	Micromonosporaceae	Micromonospora	Micromonospora sp. WMMD714	3016097.0
0	3354	0.1750902591551843	01KABVF1BFERF34QT58K4HE90J.mzML	3354	01KAEM5PNP17Q7E8JX165MHQQY	3355	WMMA2002	Bugni Lab UW-Madison		KY015152	Micromonosporaceae;Micromonospora;Micromonospora sp.	Micromonosporaceae	Micromonospora	Micromonospora sp.	1876.0
0	3355	0.1700052805495377	01KABVF1BFERF34QT58K4HE90J.mzML	3355	01KAEM7BE02VW9WFHDZ6PVYCAZ	3356	WMMD980	Bugni Lab UW-Madison		GCA_029626035.1	Micromonosporaceae;Micromonospora;Micromonospora sp. WMMD980	Micromonosporaceae	Micromonospora	Micromonospora sp. WMMD980	3016088.0
0	3367	0.1841112589091763	01KABVF1BFERF34QT58K4HE90J.mzML	3367	01KAEM74TARTBB8B6KQP3RS4JC	3368	WMMD812	Bugni Lab UW-Madison		GCA_027497215.1	Micromonosporaceae;Micromonospora;Micromonospora sp. WMMD812	Micromonosporaceae	Micromonospora	Micromonospora sp. WMMD812	3015152.0
0	3385	0.1794337960738725	01KABVF1BFERF34QT58K4HE90J.mzML	3385	01KAEM6FTZVGQW5CF8TD5P0BED	3386	WMMC241	Bugni Lab UW-Madison		GCA_027460165.1	Micromonosporaceae;Micromonospora;Micromonospora sp. WMMC241	Micromonosporaceae	Micromonospora	Micromonospora sp. WMMC241	3015159.0
0	3392	0.1461317271339066	01KABVF1BFERF34QT58K4HE90J.mzML	3392	01KAEM6MQW7TN5YMDYB7GDM5QB	3393	WMMD1047	Bugni Lab UW-Madison		GCA_029626155.1	Micromonosporaceae;Solwaraspora;Solwaraspora sp. WMMD1047	Micromonosporaceae	Solwaraspora	Solwaraspora sp. WMMD1047	3016102.0
0	3395	0.187242744960711	01KABVF1BFERF34QT58K4HE90J.mzML	3395	01KAEM78SBFCBCJSWZW116Z86R	3396	WMMD961	Bugni Lab UW-Madison		GCA_029626145.1	Micromonosporaceae;Micromonospora;Micromonospora sp. WMMD961	Micromonosporaceae	Micromonospora	Micromonospora sp. WMMD961	3016100.0
0	3396	0.1830857191331474	01KABVF1BFERF34QT58K4HE90J.mzML	3396	01KAEM3AGX5S0RNZW6YR3B9PDH	3397	WMMA1887	Bugni Lab UW-Madison		KY015083	Micromonosporaceae;Micromonospora;Micromonospora sp.	Micromonosporaceae	Micromonospora	Micromonospora sp.	1876.0
0	1440	3.996802888650564e-15	01JVTRHV4XK709RB213EACRM8J.mzML	1440	01JVTRHV4XK709RB213EACRM8J	1441	BM5L003A	Murphy Lab UIC		PQ000242	Microbacteriaceae;Microbacterium;Microbacterium sp.	Microbacteriaceae	Microbacterium	Microbacterium sp.	51671.0
0	64	0.1054520142490557	01KA9R7X14AF8YZA67AFG150N1.mzML	64	01KA9R5135AXBXG68M163YJ1D9	65	129A-35	Murphy Lab UIC		MK168037	Micromonosporaceae;Micromonospora;Micromonospora sp.	Micromonosporaceae	Micromonospora	Micromonospora sp.	1876.0
0	73	1.0991207943789051e-14	01KA9R7X14AF8YZA67AFG150N1.mzML	73	01KA9R7X14AF8YZA67AFG150N1	74	K792	Murphy Lab UIC			Micromonospora sp. (User Submitted 16S)				
0	105	0.1886726576391241	01KA9R7X14AF8YZA67AFG150N1.mzML	105	01KA9R431DPY96M2PJ01R0726H	106	114B-8	Murphy lab UIC		MK143173	Intrasporangiaceae;Knoellia;Knoellia sp.	Intrasporangiaceae	Knoellia	Knoellia sp.	1912358.0
0	137	0.1242809829025148	01KA9R7X14AF8YZA67AFG150N1.mzML	137	01KA9R502EM598QFY0NAMWQ4BH	138	129A-2	Murphy Lab UIC		MK168033	Micromonosporaceae;Micromonospora;Micromonospora sp.	Micromonosporaceae	Micromonospora	Micromonospora sp.	1876.0
0	151	0.0260232097158138	01KA9R7X14AF8YZA67AFG150N1.mzML	151	01KA9R7W1N77QNBT9ACTE879WS	152	K787	Murphy Lab UIC			Micromonospora sp. (User Submitted 16S)				
0	186	0.1583015508422809	01KA9R7X14AF8YZA67AFG150N1.mzML	186	01KA9R47SFFX9SBAXB91ZPMR0K	187	116H-18	Murphy lab UIC		MK163385	Cellulomonadaceae;Oerskovia;Oerskovia sp.	Cellulomonadaceae	Oerskovia	Oerskovia sp.	1915060.0
0	1039	0.1830327818711534	01KA9R7X14AF8YZA67AFG150N1.mzML	1039	01JV3F7PSCXZ4Z1EN5K952YD7T	1040	B-1676	USDA-ARS NRRL		AB184441	Streptomycetaceae;Streptomyces;Streptomyces eurocidicus	Streptomycetaceae	Streptomyces	Streptomyces eurocidicus	66423.0
0	2657	0.1659392852124404	01KA9R7X14AF8YZA67AFG150N1.mzML	2657	01K2J3E5S7PZE3KZMYG07G2DEC	2658	CNS801	Jensen Lab Scripps UCSD			Micromonosporaceae;Salinispora;Salinispora vitiensis	Micromonosporaceae	Salinispora	Salinispora vitiensis	1408350.0
0	2660	0.1876971238869929	01KA9R7X14AF8YZA67AFG150N1.mzML	2660	01K2J3E0VQYZ5VYR5C41S6R307	2661	CNT403	Jensen Lab Scripps UCSD			Micromonosporaceae;Salinispora;Salinispora pacifica	Micromonosporaceae	Salinispora	Salinispora pacifica	1408353.0
0	2707	0.1156832118259792	01KA9R7X14AF8YZA67AFG150N1.mzML	2707	01KABVEM6E13AXGMH5NS3GEVFW	2708	B013	Murphy Lab UIC			Micromonospora tulbaghiae (User Submitted 16S)				
0	2710	0.1314333885206963	01KA9R7X14AF8YZA67AFG150N1.mzML	2710	01KABVJD25776HYCW46YPZ6JJZ	2711	D077	Murphy Lab UIC			Micromonospora humi (User Submitted 16S)				
0	2713	0.1440948230225349	01KA9R7X14AF8YZA67AFG150N1.mzML	2713	01KABVFVY7F65NR3CH41M8RZCG	2714	B026	Murphy Lab UIC		KP009553	Micromonosporaceae;Micromonospora;Micromonospora sp. B026	Micromonosporaceae	Micromonospora	Micromonospora sp. B026	1611404.0
0	2718	0.1462867875793765	01KA9R7X14AF8YZA67AFG150N1.mzML	2718	01KABVHQM4Z8DQH3VK01W7KJK4	2719	D053	Murphy Lab UIC			Micromonospora sp. (User Submitted 16S)				
0	2719	0.1746475873814613	01KA9R7X14AF8YZA67AFG150N1.mzML	2719	01KABVCZE33AHJJWTSS5QD65NE	2720	A039	Murphy Lab UIC			Verrucosispora sp. (User Submitted 16S)				
0	2732	0.0886835104682857	01KA9R7X14AF8YZA67AFG150N1.mzML	2732	01KABVDV9YX1DD0E5NB194KTP9	2733	B006	Murphy Lab UIC			Micromonospora sp. (User Submitted 16S)				
0	2746	0.136895954050311	01KA9R7X14AF8YZA67AFG150N1.mzML	2746	01KABVF1BFERF34QT58K4HE90J	2747	B017	Murphy Lab UIC			Micromonospora aurantiaca (User Submitted 16S)				
0	3261	0.1481697924107136	01KA9R7X14AF8YZA67AFG150N1.mzML	3261	01KAEM2PEJZ2BB76HDG7QCM6MF	3262	WMMA1833	Bugni Lab UW-Madison		KY015187	Micromonosporaceae;Micromonospora;Verrucosispora sp.	Micromonosporaceae	Micromonospora	Verrucosispora sp.	1871626.0
0	3267	0.0888124622793539	01KA9R7X14AF8YZA67AFG150N1.mzML	3267	01KAEM47QA3Y8X528R3ZP2FQ93	3268	WMMA1912	Bugni Lab UW-Madison		KY015104	Micromonosporaceae;Micromonospora;Micromonospora sp.	Micromonosporaceae	Micromonospora	Micromonospora sp.	1876.0
0	3269	0.1620315257203972	01KA9R7X14AF8YZA67AFG150N1.mzML	3269	01KAEM2QQG5HJ77W1BP31Z6MX5	3270	WMMA1834	Bugni Lab UW-Madison		KY015188	Micromonosporaceae;Micromonospora;Verrucosispora sp.	Micromonosporaceae	Micromonospora	Verrucosispora sp.	1871626.0
0	3271	0.0485773188213468	01KA9R7X14AF8YZA67AFG150N1.mzML	3271	01KAEM70MTGV5C0JCVAAYWFWJ5	3272	WMMD718	Bugni Lab UW-Madison		GCA_029626075.1	Micromonosporaceae;Micromonospora;Micromonospora sp. WMMD718	Micromonosporaceae	Micromonospora	Micromonospora sp. WMMD718	3016098.0
0	3272	0.1047722389228683	01KA9R7X14AF8YZA67AFG150N1.mzML	3272	01KAEM7DACZ1W1DK65CWYDM3JJ	3273	WMMD998	Bugni Lab UW-Madison		GCA_029581235.1	Micromonosporaceae;Micromonospora;Micromonospora sp. WMMD998	Micromonosporaceae	Micromonospora	Micromonospora sp. WMMD998	3016092.0
0	3273	0.1781664552877751	01KA9R7X14AF8YZA67AFG150N1.mzML	3273	01KAEM7KCYGPG4DZ96HXMED0V6	3274	WMMD882	Bugni Lab UW-Madison		GCA_027497255.1	Micromonosporaceae;Micromonospora;Micromonospora sp. WMMD882	Micromonosporaceae	Micromonospora	Micromonospora sp. WMMD882	3015151.0
0	3274	0.1504308200060052	01KA9R7X14AF8YZA67AFG150N1.mzML	3274	01KAEM5S1ADMAES326ZH34TQF2	3275	WMMA2009	Bugni Lab UW-Madison		KY015159	Micromonosporaceae;Micromonospora;Micromonospora sp.	Micromonosporaceae	Micromonospora	Micromonospora sp.	1876.0
0	3278	0.1215378601555281	01KA9R7X14AF8YZA67AFG150N1.mzML	3278	01KAEM508G22MZD67XTZRBW5H9	3279	WMMA1967	Bugni Lab UW-Madison		KY015131	Micromonosporaceae;Micromonospora;Micromonospora sp.	Micromonosporaceae	Micromonospora	Micromonospora sp.	1876.0
0	3279	0.1465586849506898	01KA9R7X14AF8YZA67AFG150N1.mzML	3279	01KAEM2ETT39MHHHCDFG4R8CV4	3280	WMMA1823	Bugni Lab UW-Madison		KY015181	Micromonosporaceae;Micromonospora;Verrucosispora sp.	Micromonosporaceae	Micromonospora	Verrucosispora sp.	1871626.0
0	3280	0.1505447808635283	01KA9R7X14AF8YZA67AFG150N1.mzML	3280	01KAEM6KBK5Y14ZAKXC2DTAAFE	3281	WMMC273	Bugni Lab UW-Madison		GCA_027460285.1	Micromonosporaceae;Micromonospora;Micromonospora sp. WMMC273	Micromonosporaceae	Micromonospora	Micromonospora sp. WMMC273	3015157.0
0	3281	0.0989249914058811	01KA9R7X14AF8YZA67AFG150N1.mzML	3281	01KAEM3GCHVFR3A64QED3YRD5V	3282	WMMA1892	Bugni Lab UW-Madison		KY015088	Micromonosporaceae;Micromonospora;Micromonospora sp.	Micromonosporaceae	Micromonospora	Micromonospora sp.	1876.0
0	3282	0.1072793067346208	01KA9R7X14AF8YZA67AFG150N1.mzML	3282	01KAEM5T6BQE9HNWMP8SHK8KYM	3283	WMMA2010	Bugni Lab UW-Madison		KY015160	Micromonosporaceae;Micromonospora;Micromonospora sp.	Micromonosporaceae	Micromonospora	Micromonospora sp.	1876.0
0	3283	0.1356997979524853	01KA9R7X14AF8YZA67AFG150N1.mzML	3283	01KAEM3FDP54J4SWP2ABA5W8T2	3284	WMMA1891	Bugni Lab UW-Madison		KY015087	Micromonosporaceae;Micromonospora;Micromonospora sp.	Micromonosporaceae	Micromonospora	Micromonospora sp.	1876.0
0	3284	0.1192204706689762	01KA9R7X14AF8YZA67AFG150N1.mzML	3284	01KAEM5ET506087KW4WS7FGCGY	3285	WMMA1991	Bugni Lab UW-Madison		KY015145	Micromonosporaceae;Micromonospora;Micromonospora sp.	Micromonosporaceae	Micromonospora	Micromonospora sp.	1876.0
0	3285	0.134851890674079	01KA9R7X14AF8YZA67AFG150N1.mzML	3285	01KAEM3P2DNFWBMCQCVR1ERR3R	3286	WMMA1896	Bugni Lab UW-Madison		KY015092	Micromonosporaceae;Micromonospora;Micromonospora sp.	Micromonosporaceae	Micromonospora	Micromonospora sp.	1876.0
0	3287	0.0904475459475608	01KA9R7X14AF8YZA67AFG150N1.mzML	3287	01KAEM534PSTRZA2N2A3QBBXFG	3288	WMMA1970	Bugni Lab UW-Madison		KY015134	Micromonosporaceae;Micromonospora;Micromonospora sp.	Micromonosporaceae	Micromonospora	Micromonospora sp.	1876.0
0	3288	0.1679271030010833	01KA9R7X14AF8YZA67AFG150N1.mzML	3288	01KAEM59ZNGTA92TD0M6KT33VZ	3289	WMMA1976	Bugni Lab UW-Madison		GCA_027497335.1	Micromonosporaceae;Micromonospora;Micromonospora sp. WMMA1976	Micromonosporaceae	Micromonospora	Micromonospora sp. WMMA1976	3014995.0
0	3291	0.1126061517565388	01KA9R7X14AF8YZA67AFG150N1.mzML	3291	01KAEM55CGM34NAP9Z3BTE1PX5	3292	WMMA1973	Bugni Lab UW-Madison		KY015136	Micromonosporaceae;Micromonospora;Micromonospora sp.	Micromonosporaceae	Micromonospora	Micromonospora sp.	1876.0
0	3293	0.1750077969180324	01KA9R7X14AF8YZA67AFG150N1.mzML	3293	01KAEM54RC9X0V603SHKQ78NMH	3294	WMMA1971	Bugni Lab UW-Madison		KY015135	Micromonosporaceae;Micromonospora;Micromonospora sp.	Micromonosporaceae	Micromonospora	Micromonospora sp.	1876.0
0	3294	0.1538552785369442	01KA9R7X14AF8YZA67AFG150N1.mzML	3294	01KAEM4C39Q7TJA83NNGAHPZC5	3295	WMMA1922	Bugni Lab UW-Madison		KY015109	Micromonosporaceae;Micromonospora;Micromonospora sp.	Micromonosporaceae	Micromonospora	Micromonospora sp.	1876.0
0	3295	0.1597106394742512	01KA9R7X14AF8YZA67AFG150N1.mzML	3295	01KAEM5BWQ2AJE02GTW8QEQRNN	3296	WMMA1979	Bugni Lab UW-Madison		KY015142	Micromonosporaceae;Micromonospora;Micromonospora sp.	Micromonosporaceae	Micromonospora	Micromonospora sp.	1876.0
0	3297	0.1227724292794527	01KA9R7X14AF8YZA67AFG150N1.mzML	3297	01KAEM3WD006ZECTX2XF08AQX4	3298	WMMA1901	Bugni Lab UW-Madison		KY015097	Micromonosporaceae;Micromonospora;Micromonospora sp.	Micromonosporaceae	Micromonospora	Micromonospora sp.	1876.0
0	3298	0.1692138735472025	01KA9R7X14AF8YZA67AFG150N1.mzML	3298	01KAEM3EEN63NJAYA68GJG5X8N	3299	WMMA1890	Bugni Lab UW-Madison		KY015086	Micromonosporaceae;Micromonospora;Micromonospora sp.	Micromonosporaceae	Micromonospora	Micromonospora sp.	1876.0
0	3300	0.1735656931671775	01KA9R7X14AF8YZA67AFG150N1.mzML	3300	01KAEM4G4PJG4A8B33NFAZYAXJ	3301	WMMA1946	Bugni Lab UW-Madison		KY015116	Micromonosporaceae;Micromonospora;Micromonospora sp.	Micromonosporaceae	Micromonospora	Micromonospora sp.	1876.0
0	3301	0.1401819511547102	01KA9R7X14AF8YZA67AFG150N1.mzML	3301	01KAEM602WQS98CMQA0MFX7V2X	3302	WMMA2015	Bugni Lab UW-Madison		KY015165	Micromonosporaceae;Micromonospora;Micromonospora sp.	Micromonosporaceae	Micromonospora	Micromonospora sp.	1876.0
0	3302	0.1475284377419358	01KA9R7X14AF8YZA67AFG150N1.mzML	3302	01KAEM333WGY4DANSKAQVPQ3BB	3303	WMMA1854	Bugni Lab UW-Madison		KY015197	Micromonosporaceae;Micromonospora;Verrucosispora sp.	Micromonosporaceae	Micromonospora	Verrucosispora sp.	1871626.0
0	3305	0.1362747441856889	01KA9R7X14AF8YZA67AFG150N1.mzML	3305	01KAEM5GK810JE1F8D2MZ771HN	3306	WMMA1993	Bugni Lab UW-Madison		KY015146	Micromonosporaceae;Micromonospora;Micromonospora sp.	Micromonosporaceae	Micromonospora	Micromonospora sp.	1876.0
0	3306	0.1539565851092176	01KA9R7X14AF8YZA67AFG150N1.mzML	3306	01KAEM2E3B2C3M076VF33DVWZG	3307	WMMA1822	Bugni Lab UW-Madison		KY015180	Micromonosporaceae;Micromonospora;Verrucosispora sp.	Micromonosporaceae	Micromonospora	Verrucosispora sp.	1871626.0
0	3308	0.1328042597098189	01KA9R7X14AF8YZA67AFG150N1.mzML	3308	01KAEM593HP01GV0WN7D01VJAA	3309	WMMA1975	Bugni Lab UW-Madison		KY015138	Micromonosporaceae;Micromonospora;Micromonospora sp.	Micromonosporaceae	Micromonospora	Micromonospora sp.	1876.0
0	3309	0.1270415544413226	01KA9R7X14AF8YZA67AFG150N1.mzML	3309	01KAEM3R6ZGJM6H9VFPE3NG99N	3310	WMMA1898	Bugni Lab UW-Madison		KY015094	Micromonosporaceae;Micromonospora;Micromonospora sp.	Micromonosporaceae	Micromonospora	Micromonospora sp.	1876.0
0	3311	0.1732517274966025	01KA9R7X14AF8YZA67AFG150N1.mzML	3311	01KAEM62KKJWN9SK3PKEEQZ9T1	3312	WMMA2043	Bugni Lab UW-Madison		KY015204	Micromonosporaceae;Micromonospora;Verrucosispora sp.	Micromonosporaceae	Micromonospora	Verrucosispora sp.	1871626.0
0	3312	0.1775009432636699	01KA9R7X14AF8YZA67AFG150N1.mzML	3312	01KAEM5WFA9RC0C5P7RBFY1W65	3313	WMMA2012	Bugni Lab UW-Madison		KY015162	Micromonosporaceae;Micromonospora;Micromonospora sp.	Micromonosporaceae	Micromonospora	Micromonospora sp.	1876.0
0	3314	0.1417663666185058	01KA9R7X14AF8YZA67AFG150N1.mzML	3314	01KAEM6E7CEG461QBGHW370682	3315	WMMA2121	Bugni Lab UW-Madison		GCA_027460185.1	Micromonosporaceae;Micromonospora;Verrucosispora sp. WMMA2121	Micromonosporaceae	Micromonospora	Verrucosispora sp. WMMA2121	3015164.0
0	3318	0.1617824185604384	01KA9R7X14AF8YZA67AFG150N1.mzML	3318	01KAEM39QKWHD3H9KAXQFQVNTE	3319	WMMA1860	Bugni Lab UW-Madison		KY015201	Micromonosporaceae;Micromonospora;Verrucosispora sp.	Micromonosporaceae	Micromonospora	Verrucosispora sp.	1871626.0
0	3320	0.1101901236019604	01KA9R7X14AF8YZA67AFG150N1.mzML	3320	01KAEM4Y4Y9D5TMCEYK5X2V9W5	3321	WMMA1962	Bugni Lab UW-Madison		KY015129	Micromonosporaceae;Micromonospora;Micromonospora sp.	Micromonosporaceae	Micromonospora	Micromonospora sp.	1876.0
0	3321	0.1463934687549863	01KA9R7X14AF8YZA67AFG150N1.mzML	3321	01KAEM6WFSCH7MFKNK1V3QHDK1	3322	WMMD573	Bugni Lab UW-Madison		GCA_027497175.1	Micromonosporaceae;Micromonospora;Verrucosispora sp. WMMD573	Micromonosporaceae	Micromonospora	Verrucosispora sp. WMMD573	3015149.0
0	3322	0.1269535915373522	01KA9R7X14AF8YZA67AFG150N1.mzML	3322	01KAEM49Q453FHQAVKFBP400QK	3323	WMMA1915	Bugni Lab UW-Madison		KY015107	Micromonosporaceae;Micromonospora;Micromonospora sp.	Micromonosporaceae	Micromonospora	Micromonospora sp.	1876.0
0	3323	0.1311923543806126	01KA9R7X14AF8YZA67AFG150N1.mzML	3323	01KAEM6NJ15M2AC7KMVWGDZ4RD	3324	WMMD1082	Bugni Lab UW-Madison		GCA_029626175.1	Micromonosporaceae;Micromonospora;Micromonospora sp. WMMD1082	Micromonosporaceae	Micromonospora	Micromonospora sp. WMMD1082	3016104.0
0	3325	0.1677253795198585	01KA9R7X14AF8YZA67AFG150N1.mzML	3325	01KAEM5QH9B0D9FQRAT45HG21X	3326	WMMA2003	Bugni Lab UW-Madison		KY015153	Micromonosporaceae;Micromonospora;Micromonospora sp.	Micromonosporaceae	Micromonospora	Micromonospora sp.	1876.0
0	3326	0.1187985858864643	01KA9R7X14AF8YZA67AFG150N1.mzML	3326	01KAEM4EH07MZM8TEJ5V1C4AJH	3327	WMMA1933	Bugni Lab UW-Madison		KY015114	Micromonosporaceae;Micromonospora;Micromonospora sp.	Micromonosporaceae	Micromonospora	Micromonospora sp.	1876.0
0	3328	0.0988648887915303	01KA9R7X14AF8YZA67AFG150N1.mzML	3328	01KAEM5M26TC6XKN2V0XVGZXDT	3329	WMMA1998	Bugni Lab UW-Madison		GCA_027497375.1	Micromonosporaceae;Micromonospora;Micromonospora sp. WMMA1998	Micromonosporaceae	Micromonospora	Micromonospora sp. WMMA1998	3015167.0
0	3330	0.1372335765752123	01KA9R7X14AF8YZA67AFG150N1.mzML	3330	01KAEM7AXV70C2W19YKCPCVVBQ	3331	WMMD967	Bugni Lab UW-Madison		GCA_029626165.1	Micromonosporaceae;Micromonospora;Micromonospora sp. WMMD967	Micromonosporaceae	Micromonospora	Micromonospora sp. WMMD967	3016101.0
0	3331	0.1601803485471241	01KA9R7X14AF8YZA67AFG150N1.mzML	3331	01KAEM6C4VZ95DQF7VTW2N6DDG	3332	WMMA2054	Bugni Lab UW-Madison		KY015213	Micromonosporaceae;Micromonospora;Verrucosispora sp.	Micromonosporaceae	Micromonospora	Verrucosispora sp.	1871626.0
0	3333	0.1356792528211154	01KA9R7X14AF8YZA67AFG150N1.mzML	3333	01KAEM2J4N14VY7VNFPJ93RXYR	3334	WMMA1828	Bugni Lab UW-Madison		KY015184	Micromonosporaceae;Micromonospora;Verrucosispora sp.	Micromonosporaceae	Micromonospora	Verrucosispora sp.	1871626.0
0	3335	0.0962568909462477	01KA9R7X14AF8YZA67AFG150N1.mzML	3335	01KAEM463DN5ZYWERKSF04ZCCR	3336	WMMA1908	Bugni Lab UW-Madison		KY015102	Micromonosporaceae;Micromonospora;Micromonospora sp.	Micromonosporaceae	Micromonospora	Micromonospora sp.	1876.0
0	3338	0.1165615010793265	01KA9R7X14AF8YZA67AFG150N1.mzML	3338	01KAEM4B1WGAQ49A7VXPPY79GA	3339	WMMA1921	Bugni Lab UW-Madison		KY015108	Micromonosporaceae;Micromonospora;Micromonospora sp.	Micromonosporaceae	Micromonospora	Micromonospora sp.	1876.0
0	3340	0.0989888278644477	01KA9R7X14AF8YZA67AFG150N1.mzML	3340	01KAEM6FA28CMM1HHVK3QWWPM2	3341	WMMB482	Bugni Lab UW-Madison		GCA_019038635.1	Micromonosporaceae;Micromonospora;Micromonospora sp. WMMB482	Micromonosporaceae	Micromonospora	Micromonospora sp. WMMB482	2849653.0
0	3341	0.1818489989271141	01KA9R7X14AF8YZA67AFG150N1.mzML	3341	01KAEM48D8SS91MG0GHNF38BV8	3342	WMMA1913	Bugni Lab UW-Madison		KY015105	Micromonosporaceae;Micromonospora;Micromonospora sp.	Micromonosporaceae	Micromonospora	Micromonospora sp.	1876.0
0	3344	0.115825366563955	01KA9R7X14AF8YZA67AFG150N1.mzML	3344	01KAEM4P38YMP6KNFDYQ3V7F8P	3345	WMMA1951	Bugni Lab UW-Madison		KY015121	Micromonosporaceae;Micromonospora;Micromonospora sp.	Micromonosporaceae	Micromonospora	Micromonospora sp.	1876.0
0	3345	0.1454313818216549	01KA9R7X14AF8YZA67AFG150N1.mzML	3345	01KAEM4DDCEZ14WXD51KEEPW53	3346	WMMA1925	Bugni Lab UW-Madison		KY015111	Micromonosporaceae;Micromonospora;Micromonospora sp.	Micromonosporaceae	Micromonospora	Micromonospora sp.	1876.0
0	3347	0.1738303477604481	01KA9R7X14AF8YZA67AFG150N1.mzML	3347	01KAEM63PFC01ZNNWAYHBZ2TWM	3348	WMMA2044	Bugni Lab UW-Madison		GCA_027497155.1	Micromonosporaceae;Micromonospora;Verrucosispora sp. WMMA2044	Micromonosporaceae	Micromonospora	Verrucosispora sp. WMMA2044	3016419.0
0	3348	0.1474675964405499	01KA9R7X14AF8YZA67AFG150N1.mzML	3348	01KAEM3PX2HY9JKWDJ0JE0R0YJ	3349	WMMA1897	Bugni Lab UW-Madison		KY015093	Micromonosporaceae;Micromonospora;Micromonospora sp.	Micromonosporaceae	Micromonospora	Micromonospora sp.	1876.0
0	3349	0.1637362861919997	01KA9R7X14AF8YZA67AFG150N1.mzML	3349	01KAEM4K67NYXNFSDWPTTDK5JH	3350	WMMA1949	Bugni Lab UW-Madison		GCA_027460145.1	Micromonosporaceae;Micromonospora;Micromonospora sp. WMMA1949	Micromonosporaceae	Micromonospora	Micromonospora sp. WMMA1949	3015162.0
0	3350	0.1429985913441033	01KA9R7X14AF8YZA67AFG150N1.mzML	3350	01KAEM67QMVDGEV5X50WSKPQT7	3351	WMMA2052	Bugni Lab UW-Madison		KY015211	Micromonosporaceae;Micromonospora;Verrucosispora sp.	Micromonosporaceae	Micromonospora	Verrucosispora sp.	1871626.0
0	3352	0.0988812064438471	01KA9R7X14AF8YZA67AFG150N1.mzML	3352	01KAEM5E4JEXW276KERE0VYFY9	3353	WMMA1990	Bugni Lab UW-Madison		KY015144	Micromonosporaceae;Micromonospora;Micromonospora sp.	Micromonosporaceae	Micromonospora	Micromonospora sp.	1876.0
0	3353	0.1320646611966751	01KA9R7X14AF8YZA67AFG150N1.mzML	3353	01KAEM2KQFBTYMYG9JXTQTJCH1	3354	WMMA1829	Bugni Lab UW-Madison		KY015185	Micromonosporaceae;Micromonospora;Verrucosispora sp.	Micromonosporaceae	Micromonospora	Verrucosispora sp.	1871626.0
0	3354	0.0645506833684177	01KA9R7X14AF8YZA67AFG150N1.mzML	3354	01KAEM5PNP17Q7E8JX165MHQQY	3355	WMMA2002	Bugni Lab UW-Madison		KY015152	Micromonosporaceae;Micromonospora;Micromonospora sp.	Micromonosporaceae	Micromonospora	Micromonospora sp.	1876.0
0	3355	0.1081041076992999	01KA9R7X14AF8YZA67AFG150N1.mzML	3355	01KAEM7BE02VW9WFHDZ6PVYCAZ	3356	WMMD980	Bugni Lab UW-Madison		GCA_029626035.1	Micromonosporaceae;Micromonospora;Micromonospora sp. WMMD980	Micromonosporaceae	Micromonospora	Micromonospora sp. WMMD980	3016088.0
0	3356	0.168795573645453	01KA9R7X14AF8YZA67AFG150N1.mzML	3356	01KAEM408ZA2PQ0BK2539EZR6P	3357	WMMA1906	Bugni Lab UW-Madison		KY015100	Micromonosporaceae;Micromonospora;Micromonospora sp.	Micromonosporaceae	Micromonospora	Micromonospora sp.	1876.0
0	3358	0.1831015005981257	01KA9R7X14AF8YZA67AFG150N1.mzML	3358	01KAEM4H40HZXRMJF18AY3H26J	3359	WMMA1947	Bugni Lab UW-Madison		GCA_027497355.1	Micromonosporaceae;Micromonospora;Micromonospora sp. WMMA1947	Micromonosporaceae	Micromonospora	Micromonospora sp. WMMA1947	3015163.0
0	3361	0.1095554640173523	01KA9R7X14AF8YZA67AFG150N1.mzML	3361	01KAEM4MZ0STYBJZRVJCMRHRHM	3362	WMMA1950	Bugni Lab UW-Madison		KY015120	Micromonosporaceae;Micromonospora;Micromonospora sp.	Micromonosporaceae	Micromonospora	Micromonospora sp.	1876.0
0	3362	0.137188388865852	01KA9R7X14AF8YZA67AFG150N1.mzML	3362	01KAEM3D3SH04RPDFYPDC7XBV9	3363	WMMA1889	Bugni Lab UW-Madison		KY015085	Micromonosporaceae;Micromonospora;Micromonospora sp.	Micromonosporaceae	Micromonospora	Micromonospora sp.	1876.0
0	3364	0.1257877258554634	01KA9R7X14AF8YZA67AFG150N1.mzML	3364	01KAEM494KD1PZ6DBHH3QVBZ7H	3365	WMMA1914	Bugni Lab UW-Madison		KY015106	Micromonosporaceae;Micromonospora;Micromonospora sp.	Micromonosporaceae	Micromonospora	Micromonospora sp.	1876.0
0	3367	0.1273904151703881	01KA9R7X14AF8YZA67AFG150N1.mzML	3367	01KAEM74TARTBB8B6KQP3RS4JC	3368	WMMD812	Bugni Lab UW-Madison		GCA_027497215.1	Micromonosporaceae;Micromonospora;Micromonospora sp. WMMD812	Micromonosporaceae	Micromonospora	Micromonospora sp. WMMD812	3015152.0
0	3368	0.1529987263205256	01KA9R7X14AF8YZA67AFG150N1.mzML	3368	01KAEM3YN0X4TRWCETMSC3Y6NH	3369	WMMA1903	Bugni Lab UW-Madison		KY015099	Micromonosporaceae;Micromonospora;Micromonospora sp.	Micromonosporaceae	Micromonospora	Micromonospora sp.	1876.0
0	3369	0.1675621921902583	01KA9R7X14AF8YZA67AFG150N1.mzML	3369	01KAEM6SY9J2Q0D9JDD0NGM97Z	3370	WMMD1128	Bugni Lab UW-Madison		GCA_027497235.1	Micromonosporaceae;Micromonospora;Micromonospora sp. WMMD1128	Micromonosporaceae	Micromonospora	Micromonospora sp. WMMD1128	3015150.0
0	3371	0.1487755034558362	01KA9R7X14AF8YZA67AFG150N1.mzML	3371	01KAEM6EV4W4G9YBP9M2ZZEDVY	3372	WMMB235	Bugni Lab UW-Madison		GCA_001855515.1	Micromonosporaceae;Micromonospora;Micromonospora sp. WMMB235	Micromonosporaceae	Micromonospora	Micromonospora sp. WMMB235	1172030.0
0	3372	0.1193448295007686	01KA9R7X14AF8YZA67AFG150N1.mzML	3372	01KAEM5BD7XFT4R419PNECS3A4	3373	WMMA1978	Bugni Lab UW-Madison		KY015141	Micromonosporaceae;Micromonospora;Micromonospora sp.	Micromonosporaceae	Micromonospora	Micromonospora sp.	1876.0
0	3373	0.1475299315543014	01KA9R7X14AF8YZA67AFG150N1.mzML	3373	01KAEM68FPPFN853KA86RC9WVZ	3374	WMMA2053	Bugni Lab UW-Madison		KY015212	Micromonosporaceae;Micromonospora;Verrucosispora sp.	Micromonosporaceae	Micromonospora	Verrucosispora sp.	1871626.0
0	3375	0.1158529684406328	01KA9R7X14AF8YZA67AFG150N1.mzML	3375	01KAEM5N4P95CJEBQZSQQMJ3PS	3376	WMMA2000	Bugni Lab UW-Madison		KY015151	Micromonosporaceae;Micromonospora;Micromonospora sp.	Micromonosporaceae	Micromonospora	Micromonospora sp.	1876.0
0	3378	0.1749684495131134	01KA9R7X14AF8YZA67AFG150N1.mzML	3378	01KAEM5HTGWKNPX6JFTCCHRT4J	3379	WMMA1994	Bugni Lab UW-Madison		KY015147	Micromonosporaceae;Micromonospora;Micromonospora sp.	Micromonosporaceae	Micromonospora	Micromonospora sp.	1876.0
0	3380	0.1014398714184603	01KA9R7X14AF8YZA67AFG150N1.mzML	3380	01KAEM4JNM5NDJXN1M7CNDYZZW	3381	WMMA1948	Bugni Lab UW-Madison		KY015118	Micromonosporaceae;Micromonospora;Micromonospora sp.	Micromonosporaceae	Micromonospora	Micromonospora sp.	1876.0
0	3381	0.1070636115542551	01KA9R7X14AF8YZA67AFG150N1.mzML	3381	01KAEM5AP3JE5EGDXG193QYSEN	3382	WMMA1977	Bugni Lab UW-Madison		KY015140	Micromonosporaceae;Micromonospora;Micromonospora sp.	Micromonosporaceae	Micromonospora	Micromonospora sp.	1876.0
0	3383	0.1650914288951175	01KA9R7X14AF8YZA67AFG150N1.mzML	3383	01KAEM3TSH7CBH380QZRNC80F8	3384	WMMA1900	Bugni Lab UW-Madison		KY015096	Micromonosporaceae;Micromonospora;Micromonospora sp.	Micromonosporaceae	Micromonospora	Micromonospora sp.	1876.0
0	3384	0.1756411694001766	01KA9R7X14AF8YZA67AFG150N1.mzML	3384	01KAEM6V822MRQ2FRP5EGFRQT5	3385	WMMD1155	Bugni Lab UW-Madison		GCA_029581275.1	Micromonosporaceae;Micromonospora;Micromonospora sp. WMMD1155	Micromonosporaceae	Micromonospora	Micromonospora sp. WMMD1155	3016094.0
0	3385	0.0761189422969143	01KA9R7X14AF8YZA67AFG150N1.mzML	3385	01KAEM6FTZVGQW5CF8TD5P0BED	3386	WMMC241	Bugni Lab UW-Madison		GCA_027460165.1	Micromonosporaceae;Micromonospora;Micromonospora sp. WMMC241	Micromonosporaceae	Micromonospora	Micromonospora sp. WMMC241	3015159.0
0	3386	0.1054100159600582	01KA9R7X14AF8YZA67AFG150N1.mzML	3386	01KAEM2GNK0AJZ4VMR77R57J8N	3387	WMMA1827	Bugni Lab UW-Madison		KY015183	Micromonosporaceae;Micromonospora;Verrucosispora sp.	Micromonosporaceae	Micromonospora	Verrucosispora sp.	1871626.0
0	3387	0.1448307623485661	01KA9R7X14AF8YZA67AFG150N1.mzML	3387	01KAEM5YZMDJ3MRYGR1XAYSX97	3388	WMMA2014	Bugni Lab UW-Madison		KY015164	Micromonosporaceae;Micromonospora;Micromonospora sp.	Micromonosporaceae	Micromonospora	Micromonospora sp.	1876.0
0	3389	0.1395833760717065	01KA9R7X14AF8YZA67AFG150N1.mzML	3389	01KAEM4W9S1KJC51JP5FDBB2Q2	3390	WMMA1960	Bugni Lab UW-Madison		KY015127	Micromonosporaceae;Micromonospora;Micromonospora sp.	Micromonosporaceae	Micromonospora	Micromonospora sp.	1876.0
0	3391	0.1002538784522889	01KA9R7X14AF8YZA67AFG150N1.mzML	3391	01KAEM472SBYDQV56GT196J2V7	3392	WMMA1910	Bugni Lab UW-Madison		KY015103	Micromonosporaceae;Micromonospora;Micromonospora sp.	Micromonosporaceae	Micromonospora	Micromonospora sp.	1876.0
0	3392	0.1814411985426479	01KA9R7X14AF8YZA67AFG150N1.mzML	3392	01KAEM6MQW7TN5YMDYB7GDM5QB	3393	WMMD1047	Bugni Lab UW-Madison		GCA_029626155.1	Micromonosporaceae;Solwaraspora;Solwaraspora sp. WMMD1047	Micromonosporaceae	Solwaraspora	Solwaraspora sp. WMMD1047	3016102.0
0	3396	0.0962409411754154	01KA9R7X14AF8YZA67AFG150N1.mzML	3396	01KAEM3AGX5S0RNZW6YR3B9PDH	3397	WMMA1887	Bugni Lab UW-Madison		KY015083	Micromonosporaceae;Micromonospora;Micromonospora sp.	Micromonosporaceae	Micromonospora	Micromonospora sp.	1876.0
0	3397	0.1540821105932471	01KA9R7X14AF8YZA67AFG150N1.mzML	3397	01KAEM5V6X7W14VAE5H573C2Z2	3398	WMMA2011	Bugni Lab UW-Madison		KY015161	Micromonosporaceae;Micromonospora;Micromonospora sp.	Micromonosporaceae	Micromonospora	Micromonospora sp.	1876.0
0	3398	0.1246617713860676	01KA9R7X14AF8YZA67AFG150N1.mzML	3398	01KAEM2MXZQS0NZ3MKQK6ZZH25	3399	WMMA1830	Bugni Lab UW-Madison		KY015186	Micromonosporaceae;Micromonospora;Verrucosispora sp.	Micromonosporaceae	Micromonospora	Verrucosispora sp.	1871626.0
0	1431	9.492406860545088e-15	01JVTRPWACEHWY4SDV73RV4RZ3.mzML	1431	01JVTRPWACEHWY4SDV73RV4RZ3	1432	WIAH03	Murphy Lab UIC		PQ118633	Streptosporangiaceae;Streptosporangium;Streptosporangium sp.	Streptosporangiaceae	Streptosporangium	Streptosporangium sp.	47486.0
0	87	1.1546319456101628e-14	01KA9R7C22MTRSGF0SVAZ0KQBS.mzML	87	01KA9R7C22MTRSGF0SVAZ0KQBS	88	K651	Murphy Lab UIC			Micromonospora sp. (User Submitted 16S)				
0	95	0.188043922753955	01KABVDN5VSH8NWZF4KK71B36P.mzML	95	01KA9R7HAP8T2859SKA9XJF8XF	96	K699	Murphy Lab UIC			Micromonospora sp. (User Submitted 16S)				
0	1380	0.1420787046716155	01KABVDN5VSH8NWZF4KK71B36P.mzML	1380	01JVTRHFKTWPGR04GQT3ZN6Q0R	1381	BM2E001	Murphy Lab UIC			Micromonospora sp. (User Submitted 16S)				
0	2704	0.1834219640272177	01KABVDN5VSH8NWZF4KK71B36P.mzML	2704	01KABVJR659AEXDY4MCCN7PW67	2705	D081	Murphy Lab UIC			Micromonospora tulbaghiae (User Submitted 16S)				
0	2706	0.1318014726366589	01KABVDN5VSH8NWZF4KK71B36P.mzML	2706	01KABVEESWCMN2RCXM1EF85QXF	2707	B012	Murphy Lab UIC		KY858247	Micromonosporaceae;Micromonospora;Micromonospora chokoriensis	Micromonosporaceae	Micromonospora	Micromonospora chokoriensis	356851.0
0	2708	0.1657628463367858	01KABVDN5VSH8NWZF4KK71B36P.mzML	2708	01KABVG4816P8MNPYHYEXFA5N3	2709	B031	Murphy Lab UIC			Micromonospora sp. (User Submitted 16S)				
0	2709	0.1823791838136628	01KABVDN5VSH8NWZF4KK71B36P.mzML	2709	01KABVDCX3YBV83W778NE5P4RC	2710	B001	Murphy Lab UIC		KY858238	Micromonosporaceae;Micromonospora;Micromonospora chokoriensis	Micromonosporaceae	Micromonospora	Micromonospora chokoriensis	356851.0
0	2713	0.1828869724416315	01KABVDN5VSH8NWZF4KK71B36P.mzML	2713	01KABVFVY7F65NR3CH41M8RZCG	2714	B026	Murphy Lab UIC		KP009553	Micromonosporaceae;Micromonospora;Micromonospora sp. B026	Micromonosporaceae	Micromonospora	Micromonospora sp. B026	1611404.0
0	2721	1.4432899320127037e-15	01KABVDN5VSH8NWZF4KK71B36P.mzML	2721	01KABVDN5VSH8NWZF4KK71B36P	2722	B002	Murphy Lab UIC			Micromonospora chokoriensis (User Submitted 16S)				
0	2742	0.143856376264044	01KABVDN5VSH8NWZF4KK71B36P.mzML	2742	01KABVFFZ7EDYKQM4J5YDVYVC2	2743	B022	Murphy Lab UIC		KY858245	Micromonosporaceae;Micromonospora;Micromonospora chokoriensis	Micromonosporaceae	Micromonospora	Micromonospora chokoriensis	356851.0
0	3265	0.177627441850928	01KABVDN5VSH8NWZF4KK71B36P.mzML	3265	01KAEM7A4C05CKZRRK7NAEEC6M	3266	WMMD964	Bugni Lab UW-Madison		GCA_029581455.1	Micromonosporaceae;Micromonospora;Micromonospora sp. WMMD964	Micromonosporaceae	Micromonospora	Micromonospora sp. WMMD964	3016091.0
0	3300	0.1531074204626455	01KABVDN5VSH8NWZF4KK71B36P.mzML	3300	01KAEM4G4PJG4A8B33NFAZYAXJ	3301	WMMA1946	Bugni Lab UW-Madison		KY015116	Micromonosporaceae;Micromonospora;Micromonospora sp.	Micromonosporaceae	Micromonospora	Micromonospora sp.	1876.0
0	3325	0.1527192989646899	01KABVDN5VSH8NWZF4KK71B36P.mzML	3325	01KAEM5QH9B0D9FQRAT45HG21X	3326	WMMA2003	Bugni Lab UW-Madison		KY015153	Micromonosporaceae;Micromonospora;Micromonospora sp.	Micromonosporaceae	Micromonospora	Micromonospora sp.	1876.0
0	3348	0.1897987418954193	01KABVDN5VSH8NWZF4KK71B36P.mzML	3348	01KAEM3PX2HY9JKWDJ0JE0R0YJ	3349	WMMA1897	Bugni Lab UW-Madison		KY015093	Micromonosporaceae;Micromonospora;Micromonospora sp.	Micromonosporaceae	Micromonospora	Micromonospora sp.	1876.0
0	3360	0.1887051655508869	01KABVDN5VSH8NWZF4KK71B36P.mzML	3360	01KAEM3XJA57D9PNJXD4BX4JG8	3361	WMMA1902	Bugni Lab UW-Madison		KY015098	Micromonosporaceae;Micromonospora;Micromonospora sp.	Micromonosporaceae	Micromonospora	Micromonospora sp.	1876.0
0	3366	0.1891638066049485	01KABVDN5VSH8NWZF4KK71B36P.mzML	3366	01KAEM6J49DY9JAC8443R0WT0T	3367	WMMC264	Bugni Lab UW-Madison		GCA_027497275.1	Micromonosporaceae;Micromonospora;Micromonospora sp. WMMC264	Micromonosporaceae	Micromonospora	Micromonospora sp. WMMC264	3015158.0
0	3371	0.1867154803058132	01KABVDN5VSH8NWZF4KK71B36P.mzML	3371	01KAEM6EV4W4G9YBP9M2ZZEDVY	3372	WMMB235	Bugni Lab UW-Madison		GCA_001855515.1	Micromonosporaceae;Micromonospora;Micromonospora sp. WMMB235	Micromonosporaceae	Micromonospora	Micromonospora sp. WMMB235	1172030.0
0	3372	0.1625205126248735	01KABVDN5VSH8NWZF4KK71B36P.mzML	3372	01KAEM5BD7XFT4R419PNECS3A4	3373	WMMA1978	Bugni Lab UW-Madison		KY015141	Micromonosporaceae;Micromonospora;Micromonospora sp.	Micromonosporaceae	Micromonospora	Micromonospora sp.	1876.0
0	3375	0.189268311682316	01KABVDN5VSH8NWZF4KK71B36P.mzML	3375	01KAEM5N4P95CJEBQZSQQMJ3PS	3376	WMMA2000	Bugni Lab UW-Madison		KY015151	Micromonosporaceae;Micromonospora;Micromonospora sp.	Micromonosporaceae	Micromonospora	Micromonospora sp.	1876.0
0	3384	0.1764842148657228	01KABVDN5VSH8NWZF4KK71B36P.mzML	3384	01KAEM6V822MRQ2FRP5EGFRQT5	3385	WMMD1155	Bugni Lab UW-Madison		GCA_029581275.1	Micromonosporaceae;Micromonospora;Micromonospora sp. WMMD1155	Micromonosporaceae	Micromonospora	Micromonospora sp. WMMD1155	3016094.0
0	3390	0.1276453174392554	01KABVDN5VSH8NWZF4KK71B36P.mzML	3390	01KAEM6QCNAXK1RSDKWTE571P9	3391	WMMD1120	Bugni Lab UW-Madison		GCA_029626235.1	Micromonosporaceae;Micromonospora;Micromonospora sp. WMMD1120	Micromonosporaceae	Micromonospora	Micromonospora sp. WMMD1120	3016106.0
0	88	6.161737786669619e-15	01KA9R5SK6QJMYGQ53FXXQMPB9.mzML	88	01KA9R5SK6QJMYGQ53FXXQMPB9	89	137A-20	Murphy lab UIC		MK143189	Nocardiaceae;Williamsia;Williamsia sp.	Nocardiaceae	Williamsia	Williamsia sp.	1872085.0
0	99	0.1176924556078171	01KA9R5SK6QJMYGQ53FXXQMPB9.mzML	99	01KA9R5V0REJ6VMN2AC7HZCXJ2	100	137A-25	Murphy Lab UIC		MK163426	Geodermatophilaceae;Blastococcus;Blastococcus sp.	Geodermatophilaceae	Blastococcus	Blastococcus sp.	1873459.0
0	339	0.1872808635482319	01KA9R5SK6QJMYGQ53FXXQMPB9.mzML	339	01HHB1JR9JBXYPD491F7PK32GA	340	MSK.20.14	Duchossois Family Institute		JAAINB000000000	Lachnospiraceae;Blautia;Blautia wexlerae	Lachnospiraceae	Blautia	Blautia wexlerae	418240.0
0	984	0.1884919161393045	01KA9R5SK6QJMYGQ53FXXQMPB9.mzML	984	01JV3FPT8HTD6Y2851JP2XDFQK	985	B-24800	USDA-ARS NRRL		GQ184344	Streptomycetaceae;Streptomyces;Streptomyces lacticiproducens	Streptomycetaceae	Streptomyces	Streptomyces lacticiproducens	652943.0
0	991	0.1887503333193904	01KA9R5SK6QJMYGQ53FXXQMPB9.mzML	991	01JV3FQ595CJHVZ5NT3AAV2C64	992	B-2252	USDA-ARS NRRL		GU383173	Streptomycetaceae;Streptomyces;Streptomyces microflavus	Streptomycetaceae	Streptomyces	Streptomyces microflavus	1919.0
0	1026	0.1839354138723941	01KA9R5SK6QJMYGQ53FXXQMPB9.mzML	1026	01JV3FFMG62A1SM0PW4NBTB8HA	1027	B-24620	USDA-ARS NRRL		AY876940	Streptomycetaceae;Actinacidiphila;Actinacidiphila yanglinensis	Streptomycetaceae	Actinacidiphila	Actinacidiphila yanglinensis	310779.0
0	1081	0.181315257251972	01KA9R5SK6QJMYGQ53FXXQMPB9.mzML	1081	01JV3FBHN4BJGTCYAECQ4KPGEJ	1082	B-16376	USDA-ARS NRRL		AB249933	Streptomycetaceae;Streptomyces;Streptomyces hygroscopicus	Streptomycetaceae	Streptomyces	Streptomyces hygroscopicus	68042.0
0	1102	0.1888963517610742	01KA9R5SK6QJMYGQ53FXXQMPB9.mzML	1102	01JV3EZRQDA14040ZC1E2VXAHT	1103	ISP-5001	USDA-ARS NRRL		 AB184117	Streptomycetaceae;Streptomyces;Streptomyces canescens	Streptomycetaceae	Streptomyces	Streptomyces canescens	53445.0
0	1143	0.1736043677074774	01KA9R5SK6QJMYGQ53FXXQMPB9.mzML	1143	01JV3FB6EQ7ZFJFYZMZJXB7AS2	1144	B-2095	USDA-ARS NRRL		AB249912	Streptomycetaceae;Streptomyces;Streptomyces griseobrunneus	Streptomycetaceae	Streptomyces	Streptomyces griseobrunneus	66894.0
0	1159	0.1666955260950355	01KA9R5SK6QJMYGQ53FXXQMPB9.mzML	1159	01JV3FT15QHRZ6TN2REV0Z4VJS	1160	8144	USDA-ARS NRRL		MT760643	Streptomycetaceae;Streptomyces;Streptomyces echinoruber	Streptomycetaceae	Streptomyces	Streptomyces echinoruber	68898.0
0	1242	0.169503760260492	01KA9R5SK6QJMYGQ53FXXQMPB9.mzML	1242	01JV3F67QKJ8V6S2CWCNKB3HCB	1243	B-2555	USDA-ARS NRRL		AB184300	Streptomycetaceae;Streptomyces;Streptomyces griseus	Streptomycetaceae	Streptomyces	Streptomyces griseus	1911.0
0	1261	0.1738335715781766	01KA9R5SK6QJMYGQ53FXXQMPB9.mzML	1261	01JV3F057BXA1B2T38BFNPX4R6	1262	B-8030	USDA-ARS NRRL		 AB184642	Streptomycetaceae;Streptomyces;Streptomyces griseus	Streptomycetaceae	Streptomyces	Streptomyces griseus	1911.0
0	64	0.0696836949435205	01KA9R502EM598QFY0NAMWQ4BH.mzML	64	01KA9R5135AXBXG68M163YJ1D9	65	129A-35	Murphy Lab UIC		MK168037	Micromonosporaceae;Micromonospora;Micromonospora sp.	Micromonosporaceae	Micromonospora	Micromonospora sp.	1876.0
0	73	0.1242809532642479	01KA9R502EM598QFY0NAMWQ4BH.mzML	73	01KA9R7X14AF8YZA67AFG150N1	74	K792	Murphy Lab UIC			Micromonospora sp. (User Submitted 16S)				
0	95	0.1828551473869069	01KA9R502EM598QFY0NAMWQ4BH.mzML	95	01KA9R7HAP8T2859SKA9XJF8XF	96	K699	Murphy Lab UIC			Micromonospora sp. (User Submitted 16S)				
0	113	0.1720458918711261	01KA9R502EM598QFY0NAMWQ4BH.mzML	113	01KA9R7ABQNYC3ZX35DV6H299V	114	K622	Murphy Lab UIC			Micromonospora sp. (User Submitted 16S)				
0	137	6.439293542825908e-15	01KA9R502EM598QFY0NAMWQ4BH.mzML	137	01KA9R502EM598QFY0NAMWQ4BH	138	129A-2	Murphy Lab UIC		MK168033	Micromonosporaceae;Micromonospora;Micromonospora sp.	Micromonosporaceae	Micromonospora	Micromonospora sp.	1876.0
0	151	0.0953830377896963	01KA9R502EM598QFY0NAMWQ4BH.mzML	151	01KA9R7W1N77QNBT9ACTE879WS	152	K787	Murphy Lab UIC			Micromonospora sp. (User Submitted 16S)				
0	187	0.1102611468898153	01KA9R502EM598QFY0NAMWQ4BH.mzML	187	01KA9R7XZV024CS7CNYVBDDZCV	188	K806	Murphy Lab UIC			Micromonospora sp. (User Submitted 16S)				
0	2704	0.163357350987152	01KA9R502EM598QFY0NAMWQ4BH.mzML	2704	01KABVJR659AEXDY4MCCN7PW67	2705	D081	Murphy Lab UIC			Micromonospora tulbaghiae (User Submitted 16S)				
0	2705	0.1296677422188399	01KA9R502EM598QFY0NAMWQ4BH.mzML	2705	01KABVD7EDZHRJHR0K1NTXK7ZH	2706	A040	Murphy Lab UIC			Micromonospora sp. (User Submitted 16S)				
0	2706	0.1836230383945106	01KA9R502EM598QFY0NAMWQ4BH.mzML	2706	01KABVEESWCMN2RCXM1EF85QXF	2707	B012	Murphy Lab UIC		KY858247	Micromonosporaceae;Micromonospora;Micromonospora chokoriensis	Micromonosporaceae	Micromonospora	Micromonospora chokoriensis	356851.0
0	2707	0.0737315175893764	01KA9R502EM598QFY0NAMWQ4BH.mzML	2707	01KABVEM6E13AXGMH5NS3GEVFW	2708	B013	Murphy Lab UIC			Micromonospora tulbaghiae (User Submitted 16S)				
0	2710	0.1627092285708998	01KA9R502EM598QFY0NAMWQ4BH.mzML	2710	01KABVJD25776HYCW46YPZ6JJZ	2711	D077	Murphy Lab UIC			Micromonospora humi (User Submitted 16S)				
0	2713	0.1001248723411449	01KA9R502EM598QFY0NAMWQ4BH.mzML	2713	01KABVFVY7F65NR3CH41M8RZCG	2714	B026	Murphy Lab UIC		KP009553	Micromonosporaceae;Micromonospora;Micromonospora sp. B026	Micromonosporaceae	Micromonospora	Micromonospora sp. B026	1611404.0
0	2718	0.083480407379543	01KA9R502EM598QFY0NAMWQ4BH.mzML	2718	01KABVHQM4Z8DQH3VK01W7KJK4	2719	D053	Murphy Lab UIC			Micromonospora sp. (User Submitted 16S)				
0	2731	0.1360076831595163	01KA9R502EM598QFY0NAMWQ4BH.mzML	2731	01KABVHZ2N5BMEDR5SWJC9NPKY	2732	D054	Murphy Lab UIC			Micromonospora sp. (User Submitted 16S)				
0	2732	0.1631658036693495	01KA9R502EM598QFY0NAMWQ4BH.mzML	2732	01KABVDV9YX1DD0E5NB194KTP9	2733	B006	Murphy Lab UIC			Micromonospora sp. (User Submitted 16S)				
0	3263	0.1886332326373806	01KA9R502EM598QFY0NAMWQ4BH.mzML	3263	01KAEM3HY3WCGA3TTFZ44KREBQ	3264	WMMA1893	Bugni Lab UW-Madison		KY015089	Micromonosporaceae;Micromonospora;Micromonospora sp.	Micromonosporaceae	Micromonospora	Micromonospora sp.	1876.0
0	3264	0.1730271450082858	01KA9R502EM598QFY0NAMWQ4BH.mzML	3264	01KAEM3SQBAZ7X3W5WJJH4KSP6	3265	WMMA1899	Bugni Lab UW-Madison		KY015095	Micromonosporaceae;Micromonospora;Micromonospora sp.	Micromonosporaceae	Micromonospora	Micromonospora sp.	1876.0
0	3266	0.1869659013409316	01KA9R502EM598QFY0NAMWQ4BH.mzML	3266	01KAEM6GQSSFDSSSWF8M1NBR4B	3267	WMMC250	Bugni Lab UW-Madison		GCA_027460215.1	Micromonosporaceae;Micromonospora;Micromonospora sp. WMMC250	Micromonosporaceae	Micromonospora	Micromonospora sp. WMMC250	3014781.0
0	3267	0.093190405817163	01KA9R502EM598QFY0NAMWQ4BH.mzML	3267	01KAEM47QA3Y8X528R3ZP2FQ93	3268	WMMA1912	Bugni Lab UW-Madison		KY015104	Micromonosporaceae;Micromonospora;Micromonospora sp.	Micromonosporaceae	Micromonospora	Micromonospora sp.	1876.0
0	3268	0.1286894672506408	01KA9R502EM598QFY0NAMWQ4BH.mzML	3268	01KAEM4RZWT59RYBJ73N3S4YC4	3269	WMMA1957	Bugni Lab UW-Madison		KY015125	Micromonosporaceae;Micromonospora;Micromonospora sp.	Micromonosporaceae	Micromonospora	Micromonospora sp.	1876.0
0	3271	0.132994275953255	01KA9R502EM598QFY0NAMWQ4BH.mzML	3271	01KAEM70MTGV5C0JCVAAYWFWJ5	3272	WMMD718	Bugni Lab UW-Madison		GCA_029626075.1	Micromonosporaceae;Micromonospora;Micromonospora sp. WMMD718	Micromonosporaceae	Micromonospora	Micromonospora sp. WMMD718	3016098.0
0	3272	0.1394133929812352	01KA9R502EM598QFY0NAMWQ4BH.mzML	3272	01KAEM7DACZ1W1DK65CWYDM3JJ	3273	WMMD998	Bugni Lab UW-Madison		GCA_029581235.1	Micromonosporaceae;Micromonospora;Micromonospora sp. WMMD998	Micromonosporaceae	Micromonospora	Micromonospora sp. WMMD998	3016092.0
0	3274	0.1432680985575217	01KA9R502EM598QFY0NAMWQ4BH.mzML	3274	01KAEM5S1ADMAES326ZH34TQF2	3275	WMMA2009	Bugni Lab UW-Madison		KY015159	Micromonosporaceae;Micromonospora;Micromonospora sp.	Micromonosporaceae	Micromonospora	Micromonospora sp.	1876.0
0	3278	0.1682400214133848	01KA9R502EM598QFY0NAMWQ4BH.mzML	3278	01KAEM508G22MZD67XTZRBW5H9	3279	WMMA1967	Bugni Lab UW-Madison		KY015131	Micromonosporaceae;Micromonospora;Micromonospora sp.	Micromonosporaceae	Micromonospora	Micromonospora sp.	1876.0
0	3280	0.1541002119572568	01KA9R502EM598QFY0NAMWQ4BH.mzML	3280	01KAEM6KBK5Y14ZAKXC2DTAAFE	3281	WMMC273	Bugni Lab UW-Madison		GCA_027460285.1	Micromonosporaceae;Micromonospora;Micromonospora sp. WMMC273	Micromonosporaceae	Micromonospora	Micromonospora sp. WMMC273	3015157.0
0	3281	0.1701084311283045	01KA9R502EM598QFY0NAMWQ4BH.mzML	3281	01KAEM3GCHVFR3A64QED3YRD5V	3282	WMMA1892	Bugni Lab UW-Madison		KY015088	Micromonosporaceae;Micromonospora;Micromonospora sp.	Micromonosporaceae	Micromonospora	Micromonospora sp.	1876.0
0	3282	0.1309024156647605	01KA9R502EM598QFY0NAMWQ4BH.mzML	3282	01KAEM5T6BQE9HNWMP8SHK8KYM	3283	WMMA2010	Bugni Lab UW-Madison		KY015160	Micromonosporaceae;Micromonospora;Micromonospora sp.	Micromonosporaceae	Micromonospora	Micromonospora sp.	1876.0
0	3283	0.1261735715720524	01KA9R502EM598QFY0NAMWQ4BH.mzML	3283	01KAEM3FDP54J4SWP2ABA5W8T2	3284	WMMA1891	Bugni Lab UW-Madison		KY015087	Micromonosporaceae;Micromonospora;Micromonospora sp.	Micromonosporaceae	Micromonospora	Micromonospora sp.	1876.0
0	3284	0.1800069767851854	01KA9R502EM598QFY0NAMWQ4BH.mzML	3284	01KAEM5ET506087KW4WS7FGCGY	3285	WMMA1991	Bugni Lab UW-Madison		KY015145	Micromonosporaceae;Micromonospora;Micromonospora sp.	Micromonosporaceae	Micromonospora	Micromonospora sp.	1876.0
0	3285	0.1260634993645326	01KA9R502EM598QFY0NAMWQ4BH.mzML	3285	01KAEM3P2DNFWBMCQCVR1ERR3R	3286	WMMA1896	Bugni Lab UW-Madison		KY015092	Micromonosporaceae;Micromonospora;Micromonospora sp.	Micromonosporaceae	Micromonospora	Micromonospora sp.	1876.0
0	3286	0.1648844101547241	01KA9R502EM598QFY0NAMWQ4BH.mzML	3286	01KAEM4QBT90QGWRQW6NFRRB4P	3287	WMMA1953	Bugni Lab UW-Madison		KY015122	Micromonosporaceae;Micromonospora;Micromonospora sp.	Micromonosporaceae	Micromonospora	Micromonospora sp.	1876.0
0	3287	0.067713133319586	01KA9R502EM598QFY0NAMWQ4BH.mzML	3287	01KAEM534PSTRZA2N2A3QBBXFG	3288	WMMA1970	Bugni Lab UW-Madison		KY015134	Micromonosporaceae;Micromonospora;Micromonospora sp.	Micromonosporaceae	Micromonospora	Micromonospora sp.	1876.0
0	3288	0.1448761493986308	01KA9R502EM598QFY0NAMWQ4BH.mzML	3288	01KAEM59ZNGTA92TD0M6KT33VZ	3289	WMMA1976	Bugni Lab UW-Madison		GCA_027497335.1	Micromonosporaceae;Micromonospora;Micromonospora sp. WMMA1976	Micromonosporaceae	Micromonospora	Micromonospora sp. WMMA1976	3014995.0
0	3291	0.1857555845701035	01KA9R502EM598QFY0NAMWQ4BH.mzML	3291	01KAEM55CGM34NAP9Z3BTE1PX5	3292	WMMA1973	Bugni Lab UW-Madison		KY015136	Micromonosporaceae;Micromonospora;Micromonospora sp.	Micromonosporaceae	Micromonospora	Micromonospora sp.	1876.0
0	3294	0.1050284617778039	01KA9R502EM598QFY0NAMWQ4BH.mzML	3294	01KAEM4C39Q7TJA83NNGAHPZC5	3295	WMMA1922	Bugni Lab UW-Madison		KY015109	Micromonosporaceae;Micromonospora;Micromonospora sp.	Micromonosporaceae	Micromonospora	Micromonospora sp.	1876.0
0	3297	0.1666513953003348	01KA9R502EM598QFY0NAMWQ4BH.mzML	3297	01KAEM3WD006ZECTX2XF08AQX4	3298	WMMA1901	Bugni Lab UW-Madison		KY015097	Micromonosporaceae;Micromonospora;Micromonospora sp.	Micromonosporaceae	Micromonospora	Micromonospora sp.	1876.0
0	3298	0.1570690178507057	01KA9R502EM598QFY0NAMWQ4BH.mzML	3298	01KAEM3EEN63NJAYA68GJG5X8N	3299	WMMA1890	Bugni Lab UW-Madison		KY015086	Micromonosporaceae;Micromonospora;Micromonospora sp.	Micromonosporaceae	Micromonospora	Micromonospora sp.	1876.0
0	3300	0.168097835080081	01KA9R502EM598QFY0NAMWQ4BH.mzML	3300	01KAEM4G4PJG4A8B33NFAZYAXJ	3301	WMMA1946	Bugni Lab UW-Madison		KY015116	Micromonosporaceae;Micromonospora;Micromonospora sp.	Micromonosporaceae	Micromonospora	Micromonospora sp.	1876.0
0	3305	0.1788259071282564	01KA9R502EM598QFY0NAMWQ4BH.mzML	3305	01KAEM5GK810JE1F8D2MZ771HN	3306	WMMA1993	Bugni Lab UW-Madison		KY015146	Micromonosporaceae;Micromonospora;Micromonospora sp.	Micromonosporaceae	Micromonospora	Micromonospora sp.	1876.0
0	3308	0.1504970569827258	01KA9R502EM598QFY0NAMWQ4BH.mzML	3308	01KAEM593HP01GV0WN7D01VJAA	3309	WMMA1975	Bugni Lab UW-Madison		KY015138	Micromonosporaceae;Micromonospora;Micromonospora sp.	Micromonosporaceae	Micromonospora	Micromonospora sp.	1876.0
0	3309	0.0840575051254114	01KA9R502EM598QFY0NAMWQ4BH.mzML	3309	01KAEM3R6ZGJM6H9VFPE3NG99N	3310	WMMA1898	Bugni Lab UW-Madison		KY015094	Micromonosporaceae;Micromonospora;Micromonospora sp.	Micromonosporaceae	Micromonospora	Micromonospora sp.	1876.0
0	3312	0.1230471842695754	01KA9R502EM598QFY0NAMWQ4BH.mzML	3312	01KAEM5WFA9RC0C5P7RBFY1W65	3313	WMMA2012	Bugni Lab UW-Madison		KY015162	Micromonosporaceae;Micromonospora;Micromonospora sp.	Micromonosporaceae	Micromonospora	Micromonospora sp.	1876.0
0	3314	0.1616742040311887	01KA9R502EM598QFY0NAMWQ4BH.mzML	3314	01KAEM6E7CEG461QBGHW370682	3315	WMMA2121	Bugni Lab UW-Madison		GCA_027460185.1	Micromonosporaceae;Micromonospora;Verrucosispora sp. WMMA2121	Micromonosporaceae	Micromonospora	Verrucosispora sp. WMMA2121	3015164.0
0	3316	0.079550249671682	01KA9R502EM598QFY0NAMWQ4BH.mzML	3316	01KAEM6N1T0RXX1RNFA2QGHB0M	3317	WMMD1076	Bugni Lab UW-Madison		GCA_029581475.1	Micromonosporaceae;Micromonospora;Micromonospora sp. WMMD1076	Micromonosporaceae	Micromonospora	Micromonospora sp. WMMD1076	3016103.0
0	3320	0.1445691900023441	01KA9R502EM598QFY0NAMWQ4BH.mzML	3320	01KAEM4Y4Y9D5TMCEYK5X2V9W5	3321	WMMA1962	Bugni Lab UW-Madison		KY015129	Micromonosporaceae;Micromonospora;Micromonospora sp.	Micromonosporaceae	Micromonospora	Micromonospora sp.	1876.0
0	3322	0.1779982235975959	01KA9R502EM598QFY0NAMWQ4BH.mzML	3322	01KAEM49Q453FHQAVKFBP400QK	3323	WMMA1915	Bugni Lab UW-Madison		KY015107	Micromonosporaceae;Micromonospora;Micromonospora sp.	Micromonosporaceae	Micromonospora	Micromonospora sp.	1876.0
0	3324	0.1809649892493904	01KA9R502EM598QFY0NAMWQ4BH.mzML	3324	01KAEM5JDPDQ1ZXYCVATJ1JN0G	3325	WMMA1996	Bugni Lab UW-Madison		SAMN07663079	Micromonosporaceae;Micromonospora;Micromonospora sp. WMMA1996	Micromonosporaceae	Micromonospora	Micromonospora sp. WMMA1996	2039878.0
0	3325	0.1878922407643075	01KA9R502EM598QFY0NAMWQ4BH.mzML	3325	01KAEM5QH9B0D9FQRAT45HG21X	3326	WMMA2003	Bugni Lab UW-Madison		KY015153	Micromonosporaceae;Micromonospora;Micromonospora sp.	Micromonosporaceae	Micromonospora	Micromonospora sp.	1876.0
0	3326	0.0835653706118552	01KA9R502EM598QFY0NAMWQ4BH.mzML	3326	01KAEM4EH07MZM8TEJ5V1C4AJH	3327	WMMA1933	Bugni Lab UW-Madison		KY015114	Micromonosporaceae;Micromonospora;Micromonospora sp.	Micromonosporaceae	Micromonospora	Micromonospora sp.	1876.0
0	3328	0.1624544799225472	01KA9R502EM598QFY0NAMWQ4BH.mzML	3328	01KAEM5M26TC6XKN2V0XVGZXDT	3329	WMMA1998	Bugni Lab UW-Madison		GCA_027497375.1	Micromonosporaceae;Micromonospora;Micromonospora sp. WMMA1998	Micromonosporaceae	Micromonospora	Micromonospora sp. WMMA1998	3015167.0
0	3330	0.1349033524955923	01KA9R502EM598QFY0NAMWQ4BH.mzML	3330	01KAEM7AXV70C2W19YKCPCVVBQ	3331	WMMD967	Bugni Lab UW-Madison		GCA_029626165.1	Micromonosporaceae;Micromonospora;Micromonospora sp. WMMD967	Micromonosporaceae	Micromonospora	Micromonospora sp. WMMD967	3016101.0
0	3332	0.1841506733086513	01KA9R502EM598QFY0NAMWQ4BH.mzML	3332	01KAEM5Y1S280FYGV2FBFT7RKH	3333	WMMA2013	Bugni Lab UW-Madison		KY015163	Micromonosporaceae;Micromonospora;Micromonospora sp.	Micromonosporaceae	Micromonospora	Micromonospora sp.	1876.0
0	3335	0.1591149582254157	01KA9R502EM598QFY0NAMWQ4BH.mzML	3335	01KAEM463DN5ZYWERKSF04ZCCR	3336	WMMA1908	Bugni Lab UW-Madison		KY015102	Micromonosporaceae;Micromonospora;Micromonospora sp.	Micromonosporaceae	Micromonospora	Micromonospora sp.	1876.0
0	3336	0.1824285819704557	01KA9R502EM598QFY0NAMWQ4BH.mzML	3336	01KAEM4YRDVQRFW8A4DXKKD2V6	3337	WMMA1966	Bugni Lab UW-Madison		KY015130	Micromonosporaceae;Micromonospora;Micromonospora sp.	Micromonosporaceae	Micromonospora	Micromonospora sp.	1876.0
0	3338	0.1334492702523165	01KA9R502EM598QFY0NAMWQ4BH.mzML	3338	01KAEM4B1WGAQ49A7VXPPY79GA	3339	WMMA1921	Bugni Lab UW-Madison		KY015108	Micromonosporaceae;Micromonospora;Micromonospora sp.	Micromonosporaceae	Micromonospora	Micromonospora sp.	1876.0
0	3340	0.1225917628149338	01KA9R502EM598QFY0NAMWQ4BH.mzML	3340	01KAEM6FA28CMM1HHVK3QWWPM2	3341	WMMB482	Bugni Lab UW-Madison		GCA_019038635.1	Micromonosporaceae;Micromonospora;Micromonospora sp. WMMB482	Micromonosporaceae	Micromonospora	Micromonospora sp. WMMB482	2849653.0
0	3342	0.1703850339879922	01KA9R502EM598QFY0NAMWQ4BH.mzML	3342	01KAEM5205V182ZMYH4GWWT75N	3343	WMMA1968	Bugni Lab UW-Madison		KY015132	Micromonosporaceae;Micromonospora;Micromonospora sp.	Micromonosporaceae	Micromonospora	Micromonospora sp.	1876.0
0	3345	0.146171607540346	01KA9R502EM598QFY0NAMWQ4BH.mzML	3345	01KAEM4DDCEZ14WXD51KEEPW53	3346	WMMA1925	Bugni Lab UW-Madison		KY015111	Micromonosporaceae;Micromonospora;Micromonospora sp.	Micromonosporaceae	Micromonospora	Micromonospora sp.	1876.0
0	3346	0.1284866434427253	01KA9R502EM598QFY0NAMWQ4BH.mzML	3346	01KAEM3BS403H999QG5SZN44QM	3347	WMMA1888	Bugni Lab UW-Madison		KY015084	Micromonosporaceae;Micromonospora;Micromonospora sp.	Micromonosporaceae	Micromonospora	Micromonospora sp.	1876.0
0	3347	0.1824569307914294	01KA9R502EM598QFY0NAMWQ4BH.mzML	3347	01KAEM63PFC01ZNNWAYHBZ2TWM	3348	WMMA2044	Bugni Lab UW-Madison		GCA_027497155.1	Micromonosporaceae;Micromonospora;Verrucosispora sp. WMMA2044	Micromonosporaceae	Micromonospora	Verrucosispora sp. WMMA2044	3016419.0
0	3348	0.0809465013848582	01KA9R502EM598QFY0NAMWQ4BH.mzML	3348	01KAEM3PX2HY9JKWDJ0JE0R0YJ	3349	WMMA1897	Bugni Lab UW-Madison		KY015093	Micromonosporaceae;Micromonospora;Micromonospora sp.	Micromonosporaceae	Micromonospora	Micromonospora sp.	1876.0
0	3349	0.1713164896336462	01KA9R502EM598QFY0NAMWQ4BH.mzML	3349	01KAEM4K67NYXNFSDWPTTDK5JH	3350	WMMA1949	Bugni Lab UW-Madison		GCA_027460145.1	Micromonosporaceae;Micromonospora;Micromonospora sp. WMMA1949	Micromonosporaceae	Micromonospora	Micromonospora sp. WMMA1949	3015162.0
0	3350	0.1724163147215055	01KA9R502EM598QFY0NAMWQ4BH.mzML	3350	01KAEM67QMVDGEV5X50WSKPQT7	3351	WMMA2052	Bugni Lab UW-Madison		KY015211	Micromonosporaceae;Micromonospora;Verrucosispora sp.	Micromonosporaceae	Micromonospora	Verrucosispora sp.	1871626.0
0	3352	0.1577217056541466	01KA9R502EM598QFY0NAMWQ4BH.mzML	3352	01KAEM5E4JEXW276KERE0VYFY9	3353	WMMA1990	Bugni Lab UW-Madison		KY015144	Micromonosporaceae;Micromonospora;Micromonospora sp.	Micromonosporaceae	Micromonospora	Micromonospora sp.	1876.0
0	3353	0.1606327405532064	01KA9R502EM598QFY0NAMWQ4BH.mzML	3353	01KAEM2KQFBTYMYG9JXTQTJCH1	3354	WMMA1829	Bugni Lab UW-Madison		KY015185	Micromonosporaceae;Micromonospora;Verrucosispora sp.	Micromonosporaceae	Micromonospora	Verrucosispora sp.	1871626.0
0	3354	0.1477720577945243	01KA9R502EM598QFY0NAMWQ4BH.mzML	3354	01KAEM5PNP17Q7E8JX165MHQQY	3355	WMMA2002	Bugni Lab UW-Madison		KY015152	Micromonosporaceae;Micromonospora;Micromonospora sp.	Micromonosporaceae	Micromonospora	Micromonospora sp.	1876.0
0	3355	0.1432612922527614	01KA9R502EM598QFY0NAMWQ4BH.mzML	3355	01KAEM7BE02VW9WFHDZ6PVYCAZ	3356	WMMD980	Bugni Lab UW-Madison		GCA_029626035.1	Micromonosporaceae;Micromonospora;Micromonospora sp. WMMD980	Micromonosporaceae	Micromonospora	Micromonospora sp. WMMD980	3016088.0
0	3356	0.144368194639365	01KA9R502EM598QFY0NAMWQ4BH.mzML	3356	01KAEM408ZA2PQ0BK2539EZR6P	3357	WMMA1906	Bugni Lab UW-Madison		KY015100	Micromonosporaceae;Micromonospora;Micromonospora sp.	Micromonosporaceae	Micromonospora	Micromonospora sp.	1876.0
0	3358	0.1786477945270319	01KA9R502EM598QFY0NAMWQ4BH.mzML	3358	01KAEM4H40HZXRMJF18AY3H26J	3359	WMMA1947	Bugni Lab UW-Madison		GCA_027497355.1	Micromonosporaceae;Micromonospora;Micromonospora sp. WMMA1947	Micromonosporaceae	Micromonospora	Micromonospora sp. WMMA1947	3015163.0
0	3360	0.1653409355524462	01KA9R502EM598QFY0NAMWQ4BH.mzML	3360	01KAEM3XJA57D9PNJXD4BX4JG8	3361	WMMA1902	Bugni Lab UW-Madison		KY015098	Micromonosporaceae;Micromonospora;Micromonospora sp.	Micromonosporaceae	Micromonospora	Micromonospora sp.	1876.0
0	3361	0.1469141576422634	01KA9R502EM598QFY0NAMWQ4BH.mzML	3361	01KAEM4MZ0STYBJZRVJCMRHRHM	3362	WMMA1950	Bugni Lab UW-Madison		KY015120	Micromonosporaceae;Micromonospora;Micromonospora sp.	Micromonosporaceae	Micromonospora	Micromonospora sp.	1876.0
0	3362	0.1217195790059412	01KA9R502EM598QFY0NAMWQ4BH.mzML	3362	01KAEM3D3SH04RPDFYPDC7XBV9	3363	WMMA1889	Bugni Lab UW-Madison		KY015085	Micromonosporaceae;Micromonospora;Micromonospora sp.	Micromonosporaceae	Micromonospora	Micromonospora sp.	1876.0
0	3364	0.1220557276941874	01KA9R502EM598QFY0NAMWQ4BH.mzML	3364	01KAEM494KD1PZ6DBHH3QVBZ7H	3365	WMMA1914	Bugni Lab UW-Madison		KY015106	Micromonosporaceae;Micromonospora;Micromonospora sp.	Micromonosporaceae	Micromonospora	Micromonospora sp.	1876.0
0	3366	0.1588235981924732	01KA9R502EM598QFY0NAMWQ4BH.mzML	3366	01KAEM6J49DY9JAC8443R0WT0T	3367	WMMC264	Bugni Lab UW-Madison		GCA_027497275.1	Micromonosporaceae;Micromonospora;Micromonospora sp. WMMC264	Micromonosporaceae	Micromonospora	Micromonospora sp. WMMC264	3015158.0
0	3367	0.1413585144294366	01KA9R502EM598QFY0NAMWQ4BH.mzML	3367	01KAEM74TARTBB8B6KQP3RS4JC	3368	WMMD812	Bugni Lab UW-Madison		GCA_027497215.1	Micromonosporaceae;Micromonospora;Micromonospora sp. WMMD812	Micromonosporaceae	Micromonospora	Micromonospora sp. WMMD812	3015152.0
0	3368	0.1362761806953972	01KA9R502EM598QFY0NAMWQ4BH.mzML	3368	01KAEM3YN0X4TRWCETMSC3Y6NH	3369	WMMA1903	Bugni Lab UW-Madison		KY015099	Micromonosporaceae;Micromonospora;Micromonospora sp.	Micromonosporaceae	Micromonospora	Micromonospora sp.	1876.0
0	3369	0.154277998322642	01KA9R502EM598QFY0NAMWQ4BH.mzML	3369	01KAEM6SY9J2Q0D9JDD0NGM97Z	3370	WMMD1128	Bugni Lab UW-Madison		GCA_027497235.1	Micromonosporaceae;Micromonospora;Micromonospora sp. WMMD1128	Micromonosporaceae	Micromonospora	Micromonospora sp. WMMD1128	3015150.0
0	3371	0.1161124269972058	01KA9R502EM598QFY0NAMWQ4BH.mzML	3371	01KAEM6EV4W4G9YBP9M2ZZEDVY	3372	WMMB235	Bugni Lab UW-Madison		GCA_001855515.1	Micromonosporaceae;Micromonospora;Micromonospora sp. WMMB235	Micromonosporaceae	Micromonospora	Micromonospora sp. WMMB235	1172030.0
0	3372	0.0849065107461871	01KA9R502EM598QFY0NAMWQ4BH.mzML	3372	01KAEM5BD7XFT4R419PNECS3A4	3373	WMMA1978	Bugni Lab UW-Madison		KY015141	Micromonosporaceae;Micromonospora;Micromonospora sp.	Micromonosporaceae	Micromonospora	Micromonospora sp.	1876.0
0	3375	0.0626632750463593	01KA9R502EM598QFY0NAMWQ4BH.mzML	3375	01KAEM5N4P95CJEBQZSQQMJ3PS	3376	WMMA2000	Bugni Lab UW-Madison		KY015151	Micromonosporaceae;Micromonospora;Micromonospora sp.	Micromonosporaceae	Micromonospora	Micromonospora sp.	1876.0
0	3376	0.1693970790357363	01KA9R502EM598QFY0NAMWQ4BH.mzML	3376	01KAEM60YD604ZSFAX8VM2J0R6	3377	WMMA2032	Bugni Lab UW-Madison		SAMN07666506	Micromonosporaceae;Micromonospora;Micromonospora sp. WMMA2032	Micromonosporaceae	Micromonospora	Micromonospora sp. WMMA2032	2039870.0
0	3378	0.1469305775811112	01KA9R502EM598QFY0NAMWQ4BH.mzML	3378	01KAEM5HTGWKNPX6JFTCCHRT4J	3379	WMMA1994	Bugni Lab UW-Madison		KY015147	Micromonosporaceae;Micromonospora;Micromonospora sp.	Micromonosporaceae	Micromonospora	Micromonospora sp.	1876.0
0	3380	0.0768859428880954	01KA9R502EM598QFY0NAMWQ4BH.mzML	3380	01KAEM4JNM5NDJXN1M7CNDYZZW	3381	WMMA1948	Bugni Lab UW-Madison		KY015118	Micromonosporaceae;Micromonospora;Micromonospora sp.	Micromonosporaceae	Micromonospora	Micromonospora sp.	1876.0
0	3381	0.1109322003319775	01KA9R502EM598QFY0NAMWQ4BH.mzML	3381	01KAEM5AP3JE5EGDXG193QYSEN	3382	WMMA1977	Bugni Lab UW-Madison		KY015140	Micromonosporaceae;Micromonospora;Micromonospora sp.	Micromonosporaceae	Micromonospora	Micromonospora sp.	1876.0
0	3382	0.1674815044630408	01KA9R502EM598QFY0NAMWQ4BH.mzML	3382	01KAEM6T7XXX37SRR7WN3ZJMN5	3383	WMMD1129	Bugni Lab UW-Madison		GCA_029581255.1	Micromonosporaceae;Micromonospora;Verrucosispora sp. WMMD1129	Micromonosporaceae	Micromonospora	Verrucosispora sp. WMMD1129	3016093.0
0	3383	0.1422101944964955	01KA9R502EM598QFY0NAMWQ4BH.mzML	3383	01KAEM3TSH7CBH380QZRNC80F8	3384	WMMA1900	Bugni Lab UW-Madison		KY015096	Micromonosporaceae;Micromonospora;Micromonospora sp.	Micromonosporaceae	Micromonospora	Micromonospora sp.	1876.0
0	3384	0.1651132205799648	01KA9R502EM598QFY0NAMWQ4BH.mzML	3384	01KAEM6V822MRQ2FRP5EGFRQT5	3385	WMMD1155	Bugni Lab UW-Madison		GCA_029581275.1	Micromonosporaceae;Micromonospora;Micromonospora sp. WMMD1155	Micromonosporaceae	Micromonospora	Micromonospora sp. WMMD1155	3016094.0
0	3385	0.1045527026894676	01KA9R502EM598QFY0NAMWQ4BH.mzML	3385	01KAEM6FTZVGQW5CF8TD5P0BED	3386	WMMC241	Bugni Lab UW-Madison		GCA_027460165.1	Micromonosporaceae;Micromonospora;Micromonospora sp. WMMC241	Micromonosporaceae	Micromonospora	Micromonospora sp. WMMC241	3015159.0
0	3387	0.11935401530797	01KA9R502EM598QFY0NAMWQ4BH.mzML	3387	01KAEM5YZMDJ3MRYGR1XAYSX97	3388	WMMA2014	Bugni Lab UW-Madison		KY015164	Micromonosporaceae;Micromonospora;Micromonospora sp.	Micromonosporaceae	Micromonospora	Micromonospora sp.	1876.0
0	3388	0.184808488270273	01KA9R502EM598QFY0NAMWQ4BH.mzML	3388	01KAEM56WE97RAE73ZSFTS62BK	3389	WMMA1974	Bugni Lab UW-Madison		KY015137	Micromonosporaceae;Micromonospora;Micromonospora sp.	Micromonosporaceae	Micromonospora	Micromonospora sp.	1876.0
0	3389	0.1270702644502948	01KA9R502EM598QFY0NAMWQ4BH.mzML	3389	01KAEM4W9S1KJC51JP5FDBB2Q2	3390	WMMA1960	Bugni Lab UW-Madison		KY015127	Micromonosporaceae;Micromonospora;Micromonospora sp.	Micromonosporaceae	Micromonospora	Micromonospora sp.	1876.0
0	3391	0.1056439177829162	01KA9R502EM598QFY0NAMWQ4BH.mzML	3391	01KAEM472SBYDQV56GT196J2V7	3392	WMMA1910	Bugni Lab UW-Madison		KY015103	Micromonosporaceae;Micromonospora;Micromonospora sp.	Micromonosporaceae	Micromonospora	Micromonospora sp.	1876.0
0	3396	0.1574544082649404	01KA9R502EM598QFY0NAMWQ4BH.mzML	3396	01KAEM3AGX5S0RNZW6YR3B9PDH	3397	WMMA1887	Bugni Lab UW-Madison		KY015083	Micromonosporaceae;Micromonospora;Micromonospora sp.	Micromonosporaceae	Micromonospora	Micromonospora sp.	1876.0
0	3398	0.1860501017125257	01KA9R502EM598QFY0NAMWQ4BH.mzML	3398	01KAEM2MXZQS0NZ3MKQK6ZZH25	3399	WMMA1830	Bugni Lab UW-Madison		KY015186	Micromonosporaceae;Micromonospora;Verrucosispora sp.	Micromonosporaceae	Micromonospora	Verrucosispora sp.	1871626.0
0	64	0.1766579391077718	01KABVEESWCMN2RCXM1EF85QXF.mzML	64	01KA9R5135AXBXG68M163YJ1D9	65	129A-35	Murphy Lab UIC		MK168037	Micromonosporaceae;Micromonospora;Micromonospora sp.	Micromonosporaceae	Micromonospora	Micromonospora sp.	1876.0
0	137	0.1836230307897549	01KABVEESWCMN2RCXM1EF85QXF.mzML	137	01KA9R502EM598QFY0NAMWQ4BH	138	129A-2	Murphy Lab UIC		MK168033	Micromonosporaceae;Micromonospora;Micromonospora sp.	Micromonosporaceae	Micromonospora	Micromonospora sp.	1876.0
0	1380	0.1211026663184419	01KABVEESWCMN2RCXM1EF85QXF.mzML	1380	01JVTRHFKTWPGR04GQT3ZN6Q0R	1381	BM2E001	Murphy Lab UIC			Micromonospora sp. (User Submitted 16S)				
0	2704	0.1899583455795215	01KABVEESWCMN2RCXM1EF85QXF.mzML	2704	01KABVJR659AEXDY4MCCN7PW67	2705	D081	Murphy Lab UIC			Micromonospora tulbaghiae (User Submitted 16S)				
0	2706	1.887379141862766e-15	01KABVEESWCMN2RCXM1EF85QXF.mzML	2706	01KABVEESWCMN2RCXM1EF85QXF	2707	B012	Murphy Lab UIC		KY858247	Micromonosporaceae;Micromonospora;Micromonospora chokoriensis	Micromonosporaceae	Micromonospora	Micromonospora chokoriensis	356851.0
0	2707	0.1507156414700572	01KABVEESWCMN2RCXM1EF85QXF.mzML	2707	01KABVEM6E13AXGMH5NS3GEVFW	2708	B013	Murphy Lab UIC			Micromonospora tulbaghiae (User Submitted 16S)				
0	2708	0.1343028209042012	01KABVEESWCMN2RCXM1EF85QXF.mzML	2708	01KABVG4816P8MNPYHYEXFA5N3	2709	B031	Murphy Lab UIC			Micromonospora sp. (User Submitted 16S)				
0	2713	0.1496637394529745	01KABVEESWCMN2RCXM1EF85QXF.mzML	2713	01KABVFVY7F65NR3CH41M8RZCG	2714	B026	Murphy Lab UIC		KP009553	Micromonosporaceae;Micromonospora;Micromonospora sp. B026	Micromonosporaceae	Micromonospora	Micromonospora sp. B026	1611404.0
0	2721	0.1318014758495322	01KABVEESWCMN2RCXM1EF85QXF.mzML	2721	01KABVDN5VSH8NWZF4KK71B36P	2722	B002	Murphy Lab UIC			Micromonospora chokoriensis (User Submitted 16S)				
0	2742	0.1414188421498305	01KABVEESWCMN2RCXM1EF85QXF.mzML	2742	01KABVFFZ7EDYKQM4J5YDVYVC2	2743	B022	Murphy Lab UIC		KY858245	Micromonosporaceae;Micromonospora;Micromonospora chokoriensis	Micromonosporaceae	Micromonospora	Micromonospora chokoriensis	356851.0
0	3261	0.1642340204333566	01KABVEESWCMN2RCXM1EF85QXF.mzML	3261	01KAEM2PEJZ2BB76HDG7QCM6MF	3262	WMMA1833	Bugni Lab UW-Madison		KY015187	Micromonosporaceae;Micromonospora;Verrucosispora sp.	Micromonosporaceae	Micromonospora	Verrucosispora sp.	1871626.0
0	3265	0.1412628832590361	01KABVEESWCMN2RCXM1EF85QXF.mzML	3265	01KAEM7A4C05CKZRRK7NAEEC6M	3266	WMMD964	Bugni Lab UW-Madison		GCA_029581455.1	Micromonosporaceae;Micromonospora;Micromonospora sp. WMMD964	Micromonosporaceae	Micromonospora	Micromonospora sp. WMMD964	3016091.0
0	3266	0.1745078257693446	01KABVEESWCMN2RCXM1EF85QXF.mzML	3266	01KAEM6GQSSFDSSSWF8M1NBR4B	3267	WMMC250	Bugni Lab UW-Madison		GCA_027460215.1	Micromonosporaceae;Micromonospora;Micromonospora sp. WMMC250	Micromonosporaceae	Micromonospora	Micromonospora sp. WMMC250	3014781.0
0	3267	0.1783521951896439	01KABVEESWCMN2RCXM1EF85QXF.mzML	3267	01KAEM47QA3Y8X528R3ZP2FQ93	3268	WMMA1912	Bugni Lab UW-Madison		KY015104	Micromonosporaceae;Micromonospora;Micromonospora sp.	Micromonosporaceae	Micromonospora	Micromonospora sp.	1876.0
0	3286	0.1851193926152789	01KABVEESWCMN2RCXM1EF85QXF.mzML	3286	01KAEM4QBT90QGWRQW6NFRRB4P	3287	WMMA1953	Bugni Lab UW-Madison		KY015122	Micromonosporaceae;Micromonospora;Micromonospora sp.	Micromonosporaceae	Micromonospora	Micromonospora sp.	1876.0
0	3287	0.1823954146641518	01KABVEESWCMN2RCXM1EF85QXF.mzML	3287	01KAEM534PSTRZA2N2A3QBBXFG	3288	WMMA1970	Bugni Lab UW-Madison		KY015134	Micromonosporaceae;Micromonospora;Micromonospora sp.	Micromonosporaceae	Micromonospora	Micromonospora sp.	1876.0
0	3294	0.1823400759211104	01KABVEESWCMN2RCXM1EF85QXF.mzML	3294	01KAEM4C39Q7TJA83NNGAHPZC5	3295	WMMA1922	Bugni Lab UW-Madison		KY015109	Micromonosporaceae;Micromonospora;Micromonospora sp.	Micromonosporaceae	Micromonospora	Micromonospora sp.	1876.0
0	3300	0.1137604928518908	01KABVEESWCMN2RCXM1EF85QXF.mzML	3300	01KAEM4G4PJG4A8B33NFAZYAXJ	3301	WMMA1946	Bugni Lab UW-Madison		KY015116	Micromonosporaceae;Micromonospora;Micromonospora sp.	Micromonosporaceae	Micromonospora	Micromonospora sp.	1876.0
0	3301	0.1591959425574902	01KABVEESWCMN2RCXM1EF85QXF.mzML	3301	01KAEM602WQS98CMQA0MFX7V2X	3302	WMMA2015	Bugni Lab UW-Madison		KY015165	Micromonosporaceae;Micromonospora;Micromonospora sp.	Micromonosporaceae	Micromonospora	Micromonospora sp.	1876.0
0	3308	0.1569022763736138	01KABVEESWCMN2RCXM1EF85QXF.mzML	3308	01KAEM593HP01GV0WN7D01VJAA	3309	WMMA1975	Bugni Lab UW-Madison		KY015138	Micromonosporaceae;Micromonospora;Micromonospora sp.	Micromonosporaceae	Micromonospora	Micromonospora sp.	1876.0
0	3309	0.1820399243999853	01KABVEESWCMN2RCXM1EF85QXF.mzML	3309	01KAEM3R6ZGJM6H9VFPE3NG99N	3310	WMMA1898	Bugni Lab UW-Madison		KY015094	Micromonosporaceae;Micromonospora;Micromonospora sp.	Micromonosporaceae	Micromonospora	Micromonospora sp.	1876.0
0	3314	0.1779486908705835	01KABVEESWCMN2RCXM1EF85QXF.mzML	3314	01KAEM6E7CEG461QBGHW370682	3315	WMMA2121	Bugni Lab UW-Madison		GCA_027460185.1	Micromonosporaceae;Micromonospora;Verrucosispora sp. WMMA2121	Micromonosporaceae	Micromonospora	Verrucosispora sp. WMMA2121	3015164.0
0	3322	0.1742347472574957	01KABVEESWCMN2RCXM1EF85QXF.mzML	3322	01KAEM49Q453FHQAVKFBP400QK	3323	WMMA1915	Bugni Lab UW-Madison		KY015107	Micromonosporaceae;Micromonospora;Micromonospora sp.	Micromonosporaceae	Micromonospora	Micromonospora sp.	1876.0
0	3325	0.101480897624873	01KABVEESWCMN2RCXM1EF85QXF.mzML	3325	01KAEM5QH9B0D9FQRAT45HG21X	3326	WMMA2003	Bugni Lab UW-Madison		KY015153	Micromonosporaceae;Micromonospora;Micromonospora sp.	Micromonosporaceae	Micromonospora	Micromonospora sp.	1876.0
0	3330	0.1771304713396603	01KABVEESWCMN2RCXM1EF85QXF.mzML	3330	01KAEM7AXV70C2W19YKCPCVVBQ	3331	WMMD967	Bugni Lab UW-Madison		GCA_029626165.1	Micromonosporaceae;Micromonospora;Micromonospora sp. WMMD967	Micromonosporaceae	Micromonospora	Micromonospora sp. WMMD967	3016101.0
0	3333	0.1738222008219619	01KABVEESWCMN2RCXM1EF85QXF.mzML	3333	01KAEM2J4N14VY7VNFPJ93RXYR	3334	WMMA1828	Bugni Lab UW-Madison		KY015184	Micromonosporaceae;Micromonospora;Verrucosispora sp.	Micromonosporaceae	Micromonospora	Verrucosispora sp.	1871626.0
0	3356	0.1823361625998792	01KABVEESWCMN2RCXM1EF85QXF.mzML	3356	01KAEM408ZA2PQ0BK2539EZR6P	3357	WMMA1906	Bugni Lab UW-Madison		KY015100	Micromonosporaceae;Micromonospora;Micromonospora sp.	Micromonosporaceae	Micromonospora	Micromonospora sp.	1876.0
0	3366	0.184837693855318	01KABVEESWCMN2RCXM1EF85QXF.mzML	3366	01KAEM6J49DY9JAC8443R0WT0T	3367	WMMC264	Bugni Lab UW-Madison		GCA_027497275.1	Micromonosporaceae;Micromonospora;Micromonospora sp. WMMC264	Micromonosporaceae	Micromonospora	Micromonospora sp. WMMC264	3015158.0
0	3367	0.1873873943435383	01KABVEESWCMN2RCXM1EF85QXF.mzML	3367	01KAEM74TARTBB8B6KQP3RS4JC	3368	WMMD812	Bugni Lab UW-Madison		GCA_027497215.1	Micromonosporaceae;Micromonospora;Micromonospora sp. WMMD812	Micromonosporaceae	Micromonospora	Micromonospora sp. WMMD812	3015152.0
0	3372	0.1362088988513997	01KABVEESWCMN2RCXM1EF85QXF.mzML	3372	01KAEM5BD7XFT4R419PNECS3A4	3373	WMMA1978	Bugni Lab UW-Madison		KY015141	Micromonosporaceae;Micromonospora;Micromonospora sp.	Micromonosporaceae	Micromonospora	Micromonospora sp.	1876.0
0	3375	0.1521147186614299	01KABVEESWCMN2RCXM1EF85QXF.mzML	3375	01KAEM5N4P95CJEBQZSQQMJ3PS	3376	WMMA2000	Bugni Lab UW-Madison		KY015151	Micromonosporaceae;Micromonospora;Micromonospora sp.	Micromonosporaceae	Micromonospora	Micromonospora sp.	1876.0
0	3377	0.1855388725183969	01KABVEESWCMN2RCXM1EF85QXF.mzML	3377	01KAEM6XZMV61J15FAGBZM62DH	3378	WMMD710	Bugni Lab UW-Madison		GCA_029626045.1	Micromonosporaceae;Micromonospora;Micromonospora sp. WMMD710	Micromonosporaceae	Micromonospora	Micromonospora sp. WMMD710	3016085.0
0	3379	0.1715896545992893	01KABVEESWCMN2RCXM1EF85QXF.mzML	3379	01KAEM6YZXW3VV2TH60Q3QN26W	3380	WMMD712	Bugni Lab UW-Madison		GCA_029581295.1	Micromonosporaceae;Micromonospora;Micromonospora sp. WMMD712	Micromonosporaceae	Micromonospora	Micromonospora sp. WMMD712	3016096.0
0	3380	0.1599382722921779	01KABVEESWCMN2RCXM1EF85QXF.mzML	3380	01KAEM4JNM5NDJXN1M7CNDYZZW	3381	WMMA1948	Bugni Lab UW-Madison		KY015118	Micromonosporaceae;Micromonospora;Micromonospora sp.	Micromonosporaceae	Micromonospora	Micromonospora sp.	1876.0
0	3384	0.1605528792725179	01KABVEESWCMN2RCXM1EF85QXF.mzML	3384	01KAEM6V822MRQ2FRP5EGFRQT5	3385	WMMD1155	Bugni Lab UW-Madison		GCA_029581275.1	Micromonosporaceae;Micromonospora;Micromonospora sp. WMMD1155	Micromonosporaceae	Micromonospora	Micromonospora sp. WMMD1155	3016094.0
0	3390	0.1605663181505269	01KABVEESWCMN2RCXM1EF85QXF.mzML	3390	01KAEM6QCNAXK1RSDKWTE571P9	3391	WMMD1120	Bugni Lab UW-Madison		GCA_029626235.1	Micromonosporaceae;Micromonospora;Micromonospora sp. WMMD1120	Micromonosporaceae	Micromonospora	Micromonospora sp. WMMD1120	3016106.0
0	3393	0.1601706262559983	01KABVEESWCMN2RCXM1EF85QXF.mzML	3393	01KAEM4TJRGRVG070WBFP4E5CW	3394	WMMA1958	Bugni Lab UW-Madison		KY015126	Micromonosporaceae;Micromonospora;Micromonospora sp.	Micromonosporaceae	Micromonospora	Micromonospora sp.	1876.0
0	105	0.1541089447665067	01JVTRHJ8EME3YWMDSH83XVR3D.mzML	105	01KA9R431DPY96M2PJ01R0726H	106	114B-8	Murphy lab UIC		MK143173	Intrasporangiaceae;Knoellia;Knoellia sp.	Intrasporangiaceae	Knoellia	Knoellia sp.	1912358.0
0	151	0.1815005014421025	01JVTRHJ8EME3YWMDSH83XVR3D.mzML	151	01KA9R7W1N77QNBT9ACTE879WS	152	K787	Murphy Lab UIC			Micromonospora sp. (User Submitted 16S)				
0	1468	4.6629367034256575e-15	01JVTRHJ8EME3YWMDSH83XVR3D.mzML	1468	01JVTRHJ8EME3YWMDSH83XVR3D	1469	BM2Q003	Murphy Lab UIC		PP998012.1	Micromonosporaceae;Micromonospora;Micromonospora sp.	Micromonosporaceae	Micromonospora	Micromonospora sp.	1876.0
0	2651	0.1564123235618129	01JVTRHJ8EME3YWMDSH83XVR3D.mzML	2651	01K2J3DK66A1BQC7BQM006BGQN	2652	CNB_536	Jensen Lab Scripps UCSD			Micromonosporaceae;Salinispora;Salinispora tropica	Micromonosporaceae	Salinispora	Salinispora tropica	1136431.0
0	2653	0.1789542691496842	01JVTRHJ8EME3YWMDSH83XVR3D.mzML	2653	01K2J3DTYZWSEXF3Y8B0H7AE7Z	2654	CNS_237	Jensen Lab Scripps UCSD		DQ318246	Micromonosporaceae;Salinispora;Salinispora mooreana	Micromonosporaceae	Salinispora	Salinispora mooreana	999545.0
0	2709	0.1667222374241609	01JVTRHJ8EME3YWMDSH83XVR3D.mzML	2709	01KABVDCX3YBV83W778NE5P4RC	2710	B001	Murphy Lab UIC		KY858238	Micromonosporaceae;Micromonospora;Micromonospora chokoriensis	Micromonosporaceae	Micromonospora	Micromonospora chokoriensis	356851.0
0	2710	0.1266352008915677	01JVTRHJ8EME3YWMDSH83XVR3D.mzML	2710	01KABVJD25776HYCW46YPZ6JJZ	2711	D077	Murphy Lab UIC			Micromonospora humi (User Submitted 16S)				
0	2732	0.178078451166396	01JVTRHJ8EME3YWMDSH83XVR3D.mzML	2732	01KABVDV9YX1DD0E5NB194KTP9	2733	B006	Murphy Lab UIC			Micromonospora sp. (User Submitted 16S)				
0	3261	0.1698512245042332	01JVTRHJ8EME3YWMDSH83XVR3D.mzML	3261	01KAEM2PEJZ2BB76HDG7QCM6MF	3262	WMMA1833	Bugni Lab UW-Madison		KY015187	Micromonosporaceae;Micromonospora;Verrucosispora sp.	Micromonosporaceae	Micromonospora	Verrucosispora sp.	1871626.0
0	3263	0.1773958348926422	01JVTRHJ8EME3YWMDSH83XVR3D.mzML	3263	01KAEM3HY3WCGA3TTFZ44KREBQ	3264	WMMA1893	Bugni Lab UW-Madison		KY015089	Micromonosporaceae;Micromonospora;Micromonospora sp.	Micromonosporaceae	Micromonospora	Micromonospora sp.	1876.0
0	3265	0.1829478764291696	01JVTRHJ8EME3YWMDSH83XVR3D.mzML	3265	01KAEM7A4C05CKZRRK7NAEEC6M	3266	WMMD964	Bugni Lab UW-Madison		GCA_029581455.1	Micromonosporaceae;Micromonospora;Micromonospora sp. WMMD964	Micromonosporaceae	Micromonospora	Micromonospora sp. WMMD964	3016091.0
0	3267	0.1560111361368656	01JVTRHJ8EME3YWMDSH83XVR3D.mzML	3267	01KAEM47QA3Y8X528R3ZP2FQ93	3268	WMMA1912	Bugni Lab UW-Madison		KY015104	Micromonosporaceae;Micromonospora;Micromonospora sp.	Micromonosporaceae	Micromonospora	Micromonospora sp.	1876.0
0	3271	0.1686287935600243	01JVTRHJ8EME3YWMDSH83XVR3D.mzML	3271	01KAEM70MTGV5C0JCVAAYWFWJ5	3272	WMMD718	Bugni Lab UW-Madison		GCA_029626075.1	Micromonosporaceae;Micromonospora;Micromonospora sp. WMMD718	Micromonosporaceae	Micromonospora	Micromonospora sp. WMMD718	3016098.0
0	3272	0.1374350841702719	01JVTRHJ8EME3YWMDSH83XVR3D.mzML	3272	01KAEM7DACZ1W1DK65CWYDM3JJ	3273	WMMD998	Bugni Lab UW-Madison		GCA_029581235.1	Micromonosporaceae;Micromonospora;Micromonospora sp. WMMD998	Micromonosporaceae	Micromonospora	Micromonospora sp. WMMD998	3016092.0
0	3273	0.1801173856955168	01JVTRHJ8EME3YWMDSH83XVR3D.mzML	3273	01KAEM7KCYGPG4DZ96HXMED0V6	3274	WMMD882	Bugni Lab UW-Madison		GCA_027497255.1	Micromonosporaceae;Micromonospora;Micromonospora sp. WMMD882	Micromonosporaceae	Micromonospora	Micromonospora sp. WMMD882	3015151.0
0	3274	0.1260430307124096	01JVTRHJ8EME3YWMDSH83XVR3D.mzML	3274	01KAEM5S1ADMAES326ZH34TQF2	3275	WMMA2009	Bugni Lab UW-Madison		KY015159	Micromonosporaceae;Micromonospora;Micromonospora sp.	Micromonosporaceae	Micromonospora	Micromonospora sp.	1876.0
0	3281	0.1739799280060494	01JVTRHJ8EME3YWMDSH83XVR3D.mzML	3281	01KAEM3GCHVFR3A64QED3YRD5V	3282	WMMA1892	Bugni Lab UW-Madison		KY015088	Micromonosporaceae;Micromonospora;Micromonospora sp.	Micromonosporaceae	Micromonospora	Micromonospora sp.	1876.0
0	3284	0.1489500825460727	01JVTRHJ8EME3YWMDSH83XVR3D.mzML	3284	01KAEM5ET506087KW4WS7FGCGY	3285	WMMA1991	Bugni Lab UW-Madison		KY015145	Micromonosporaceae;Micromonospora;Micromonospora sp.	Micromonosporaceae	Micromonospora	Micromonospora sp.	1876.0
0	3285	0.1872735242872781	01JVTRHJ8EME3YWMDSH83XVR3D.mzML	3285	01KAEM3P2DNFWBMCQCVR1ERR3R	3286	WMMA1896	Bugni Lab UW-Madison		KY015092	Micromonosporaceae;Micromonospora;Micromonospora sp.	Micromonosporaceae	Micromonospora	Micromonospora sp.	1876.0
0	3291	0.1427689487814053	01JVTRHJ8EME3YWMDSH83XVR3D.mzML	3291	01KAEM55CGM34NAP9Z3BTE1PX5	3292	WMMA1973	Bugni Lab UW-Madison		KY015136	Micromonosporaceae;Micromonospora;Micromonospora sp.	Micromonosporaceae	Micromonospora	Micromonospora sp.	1876.0
0	3293	0.1487800565174054	01JVTRHJ8EME3YWMDSH83XVR3D.mzML	3293	01KAEM54RC9X0V603SHKQ78NMH	3294	WMMA1971	Bugni Lab UW-Madison		KY015135	Micromonosporaceae;Micromonospora;Micromonospora sp.	Micromonosporaceae	Micromonospora	Micromonospora sp.	1876.0
0	3297	0.1535975229543253	01JVTRHJ8EME3YWMDSH83XVR3D.mzML	3297	01KAEM3WD006ZECTX2XF08AQX4	3298	WMMA1901	Bugni Lab UW-Madison		KY015097	Micromonosporaceae;Micromonospora;Micromonospora sp.	Micromonosporaceae	Micromonospora	Micromonospora sp.	1876.0
0	3298	0.1186433728232455	01JVTRHJ8EME3YWMDSH83XVR3D.mzML	3298	01KAEM3EEN63NJAYA68GJG5X8N	3299	WMMA1890	Bugni Lab UW-Madison		KY015086	Micromonosporaceae;Micromonospora;Micromonospora sp.	Micromonosporaceae	Micromonospora	Micromonospora sp.	1876.0
0	3300	0.1597793990109393	01JVTRHJ8EME3YWMDSH83XVR3D.mzML	3300	01KAEM4G4PJG4A8B33NFAZYAXJ	3301	WMMA1946	Bugni Lab UW-Madison		KY015116	Micromonosporaceae;Micromonospora;Micromonospora sp.	Micromonosporaceae	Micromonospora	Micromonospora sp.	1876.0
0	3301	0.1798757108328367	01JVTRHJ8EME3YWMDSH83XVR3D.mzML	3301	01KAEM602WQS98CMQA0MFX7V2X	3302	WMMA2015	Bugni Lab UW-Madison		KY015165	Micromonosporaceae;Micromonospora;Micromonospora sp.	Micromonosporaceae	Micromonospora	Micromonospora sp.	1876.0
0	3305	0.1376899709575407	01JVTRHJ8EME3YWMDSH83XVR3D.mzML	3305	01KAEM5GK810JE1F8D2MZ771HN	3306	WMMA1993	Bugni Lab UW-Madison		KY015146	Micromonosporaceae;Micromonospora;Micromonospora sp.	Micromonosporaceae	Micromonospora	Micromonospora sp.	1876.0
0	3308	0.1788776107376222	01JVTRHJ8EME3YWMDSH83XVR3D.mzML	3308	01KAEM593HP01GV0WN7D01VJAA	3309	WMMA1975	Bugni Lab UW-Madison		KY015138	Micromonosporaceae;Micromonospora;Micromonospora sp.	Micromonosporaceae	Micromonospora	Micromonospora sp.	1876.0
0	3315	0.147459215715602	01JVTRHJ8EME3YWMDSH83XVR3D.mzML	3315	01KAEM5KGN4MB93ZQRX9N6WNQ0	3316	WMMA1997	Bugni Lab UW-Madison		KY015149	Micromonosporaceae;Micromonospora;Micromonospora sp.	Micromonosporaceae	Micromonospora	Micromonospora sp.	1876.0
0	3317	0.1787260384561287	01JVTRHJ8EME3YWMDSH83XVR3D.mzML	3317	01KAEM3K0BBGPKMN4XBHG3S5QC	3318	WMMA1894	Bugni Lab UW-Madison		KY015090	Micromonosporaceae;Micromonospora;Micromonospora sp.	Micromonosporaceae	Micromonospora	Micromonospora sp.	1876.0
0	3320	0.1628714105332657	01JVTRHJ8EME3YWMDSH83XVR3D.mzML	3320	01KAEM4Y4Y9D5TMCEYK5X2V9W5	3321	WMMA1962	Bugni Lab UW-Madison		KY015129	Micromonosporaceae;Micromonospora;Micromonospora sp.	Micromonosporaceae	Micromonospora	Micromonospora sp.	1876.0
0	3321	0.1888106523916656	01JVTRHJ8EME3YWMDSH83XVR3D.mzML	3321	01KAEM6WFSCH7MFKNK1V3QHDK1	3322	WMMD573	Bugni Lab UW-Madison		GCA_027497175.1	Micromonosporaceae;Micromonospora;Verrucosispora sp. WMMD573	Micromonosporaceae	Micromonospora	Verrucosispora sp. WMMD573	3015149.0
0	3322	0.1653054726732582	01JVTRHJ8EME3YWMDSH83XVR3D.mzML	3322	01KAEM49Q453FHQAVKFBP400QK	3323	WMMA1915	Bugni Lab UW-Madison		KY015107	Micromonosporaceae;Micromonospora;Micromonospora sp.	Micromonosporaceae	Micromonospora	Micromonospora sp.	1876.0
0	3325	0.1711786929138508	01JVTRHJ8EME3YWMDSH83XVR3D.mzML	3325	01KAEM5QH9B0D9FQRAT45HG21X	3326	WMMA2003	Bugni Lab UW-Madison		KY015153	Micromonosporaceae;Micromonospora;Micromonospora sp.	Micromonosporaceae	Micromonospora	Micromonospora sp.	1876.0
0	3326	0.1518344712644742	01JVTRHJ8EME3YWMDSH83XVR3D.mzML	3326	01KAEM4EH07MZM8TEJ5V1C4AJH	3327	WMMA1933	Bugni Lab UW-Madison		KY015114	Micromonosporaceae;Micromonospora;Micromonospora sp.	Micromonosporaceae	Micromonospora	Micromonospora sp.	1876.0
0	3328	0.1315228314002773	01JVTRHJ8EME3YWMDSH83XVR3D.mzML	3328	01KAEM5M26TC6XKN2V0XVGZXDT	3329	WMMA1998	Bugni Lab UW-Madison		GCA_027497375.1	Micromonosporaceae;Micromonospora;Micromonospora sp. WMMA1998	Micromonosporaceae	Micromonospora	Micromonospora sp. WMMA1998	3015167.0
0	3332	0.1319239981437791	01JVTRHJ8EME3YWMDSH83XVR3D.mzML	3332	01KAEM5Y1S280FYGV2FBFT7RKH	3333	WMMA2013	Bugni Lab UW-Madison		KY015163	Micromonosporaceae;Micromonospora;Micromonospora sp.	Micromonosporaceae	Micromonospora	Micromonospora sp.	1876.0
0	3333	0.1818286308841138	01JVTRHJ8EME3YWMDSH83XVR3D.mzML	3333	01KAEM2J4N14VY7VNFPJ93RXYR	3334	WMMA1828	Bugni Lab UW-Madison		KY015184	Micromonosporaceae;Micromonospora;Verrucosispora sp.	Micromonosporaceae	Micromonospora	Verrucosispora sp.	1871626.0
0	3335	0.0947538829120019	01JVTRHJ8EME3YWMDSH83XVR3D.mzML	3335	01KAEM463DN5ZYWERKSF04ZCCR	3336	WMMA1908	Bugni Lab UW-Madison		KY015102	Micromonosporaceae;Micromonospora;Micromonospora sp.	Micromonosporaceae	Micromonospora	Micromonospora sp.	1876.0
0	3336	0.1246201340344328	01JVTRHJ8EME3YWMDSH83XVR3D.mzML	3336	01KAEM4YRDVQRFW8A4DXKKD2V6	3337	WMMA1966	Bugni Lab UW-Madison		KY015130	Micromonosporaceae;Micromonospora;Micromonospora sp.	Micromonosporaceae	Micromonospora	Micromonospora sp.	1876.0
0	3338	0.1399912298024915	01JVTRHJ8EME3YWMDSH83XVR3D.mzML	3338	01KAEM4B1WGAQ49A7VXPPY79GA	3339	WMMA1921	Bugni Lab UW-Madison		KY015108	Micromonosporaceae;Micromonospora;Micromonospora sp.	Micromonosporaceae	Micromonospora	Micromonospora sp.	1876.0
0	3339	0.1037130082504657	01JVTRHJ8EME3YWMDSH83XVR3D.mzML	3339	01KAEM4X2N3RQREDD19HEP5E8V	3340	WMMA1961	Bugni Lab UW-Madison		KY015128	Micromonosporaceae;Micromonospora;Micromonospora sp.	Micromonosporaceae	Micromonospora	Micromonospora sp.	1876.0
0	3341	0.1539944748981825	01JVTRHJ8EME3YWMDSH83XVR3D.mzML	3341	01KAEM48D8SS91MG0GHNF38BV8	3342	WMMA1913	Bugni Lab UW-Madison		KY015105	Micromonosporaceae;Micromonospora;Micromonospora sp.	Micromonosporaceae	Micromonospora	Micromonospora sp.	1876.0
0	3342	0.130948246549207	01JVTRHJ8EME3YWMDSH83XVR3D.mzML	3342	01KAEM5205V182ZMYH4GWWT75N	3343	WMMA1968	Bugni Lab UW-Madison		KY015132	Micromonosporaceae;Micromonospora;Micromonospora sp.	Micromonosporaceae	Micromonospora	Micromonospora sp.	1876.0
0	3347	0.174949813561228	01JVTRHJ8EME3YWMDSH83XVR3D.mzML	3347	01KAEM63PFC01ZNNWAYHBZ2TWM	3348	WMMA2044	Bugni Lab UW-Madison		GCA_027497155.1	Micromonosporaceae;Micromonospora;Verrucosispora sp. WMMA2044	Micromonosporaceae	Micromonospora	Verrucosispora sp. WMMA2044	3016419.0
0	3349	0.1503463742812976	01JVTRHJ8EME3YWMDSH83XVR3D.mzML	3349	01KAEM4K67NYXNFSDWPTTDK5JH	3350	WMMA1949	Bugni Lab UW-Madison		GCA_027460145.1	Micromonosporaceae;Micromonospora;Micromonospora sp. WMMA1949	Micromonosporaceae	Micromonospora	Micromonospora sp. WMMA1949	3015162.0
0	3352	0.1856221200754934	01JVTRHJ8EME3YWMDSH83XVR3D.mzML	3352	01KAEM5E4JEXW276KERE0VYFY9	3353	WMMA1990	Bugni Lab UW-Madison		KY015144	Micromonosporaceae;Micromonospora;Micromonospora sp.	Micromonosporaceae	Micromonospora	Micromonospora sp.	1876.0
0	3353	0.1895020295361367	01JVTRHJ8EME3YWMDSH83XVR3D.mzML	3353	01KAEM2KQFBTYMYG9JXTQTJCH1	3354	WMMA1829	Bugni Lab UW-Madison		KY015185	Micromonosporaceae;Micromonospora;Verrucosispora sp.	Micromonosporaceae	Micromonospora	Verrucosispora sp.	1871626.0
0	3354	0.1650645541726691	01JVTRHJ8EME3YWMDSH83XVR3D.mzML	3354	01KAEM5PNP17Q7E8JX165MHQQY	3355	WMMA2002	Bugni Lab UW-Madison		KY015152	Micromonosporaceae;Micromonospora;Micromonospora sp.	Micromonosporaceae	Micromonospora	Micromonospora sp.	1876.0
0	3355	0.1608654483732332	01JVTRHJ8EME3YWMDSH83XVR3D.mzML	3355	01KAEM7BE02VW9WFHDZ6PVYCAZ	3356	WMMD980	Bugni Lab UW-Madison		GCA_029626035.1	Micromonosporaceae;Micromonospora;Micromonospora sp. WMMD980	Micromonosporaceae	Micromonospora	Micromonospora sp. WMMD980	3016088.0
0	3357	0.142700495345125	01JVTRHJ8EME3YWMDSH83XVR3D.mzML	3357	01KAEM4QX8P6CM7CR3ERAQCQYR	3358	WMMA1954	Bugni Lab UW-Madison		KY015123	Micromonosporaceae;Micromonospora;Micromonospora sp.	Micromonosporaceae	Micromonospora	Micromonospora sp.	1876.0
0	3360	0.13802168510592	01JVTRHJ8EME3YWMDSH83XVR3D.mzML	3360	01KAEM3XJA57D9PNJXD4BX4JG8	3361	WMMA1902	Bugni Lab UW-Madison		KY015098	Micromonosporaceae;Micromonospora;Micromonospora sp.	Micromonosporaceae	Micromonospora	Micromonospora sp.	1876.0
0	3361	0.168747296329714	01JVTRHJ8EME3YWMDSH83XVR3D.mzML	3361	01KAEM4MZ0STYBJZRVJCMRHRHM	3362	WMMA1950	Bugni Lab UW-Madison		KY015120	Micromonosporaceae;Micromonospora;Micromonospora sp.	Micromonosporaceae	Micromonospora	Micromonospora sp.	1876.0
0	3364	0.107700167603048	01JVTRHJ8EME3YWMDSH83XVR3D.mzML	3364	01KAEM494KD1PZ6DBHH3QVBZ7H	3365	WMMA1914	Bugni Lab UW-Madison		KY015106	Micromonosporaceae;Micromonospora;Micromonospora sp.	Micromonosporaceae	Micromonospora	Micromonospora sp.	1876.0
0	3369	0.1702371812994642	01JVTRHJ8EME3YWMDSH83XVR3D.mzML	3369	01KAEM6SY9J2Q0D9JDD0NGM97Z	3370	WMMD1128	Bugni Lab UW-Madison		GCA_027497235.1	Micromonosporaceae;Micromonospora;Micromonospora sp. WMMD1128	Micromonosporaceae	Micromonospora	Micromonospora sp. WMMD1128	3015150.0
0	3376	0.165868889534542	01JVTRHJ8EME3YWMDSH83XVR3D.mzML	3376	01KAEM60YD604ZSFAX8VM2J0R6	3377	WMMA2032	Bugni Lab UW-Madison		SAMN07666506	Micromonosporaceae;Micromonospora;Micromonospora sp. WMMA2032	Micromonosporaceae	Micromonospora	Micromonospora sp. WMMA2032	2039870.0
0	3385	0.1676294682081221	01JVTRHJ8EME3YWMDSH83XVR3D.mzML	3385	01KAEM6FTZVGQW5CF8TD5P0BED	3386	WMMC241	Bugni Lab UW-Madison		GCA_027460165.1	Micromonosporaceae;Micromonospora;Micromonospora sp. WMMC241	Micromonosporaceae	Micromonospora	Micromonospora sp. WMMC241	3015159.0
0	3389	0.1545699097083689	01JVTRHJ8EME3YWMDSH83XVR3D.mzML	3389	01KAEM4W9S1KJC51JP5FDBB2Q2	3390	WMMA1960	Bugni Lab UW-Madison		KY015127	Micromonosporaceae;Micromonospora;Micromonospora sp.	Micromonosporaceae	Micromonospora	Micromonospora sp.	1876.0
0	3390	0.1577422394714116	01JVTRHJ8EME3YWMDSH83XVR3D.mzML	3390	01KAEM6QCNAXK1RSDKWTE571P9	3391	WMMD1120	Bugni Lab UW-Madison		GCA_029626235.1	Micromonosporaceae;Micromonospora;Micromonospora sp. WMMD1120	Micromonosporaceae	Micromonospora	Micromonospora sp. WMMD1120	3016106.0
0	3391	0.1226374359020582	01JVTRHJ8EME3YWMDSH83XVR3D.mzML	3391	01KAEM472SBYDQV56GT196J2V7	3392	WMMA1910	Bugni Lab UW-Madison		KY015103	Micromonosporaceae;Micromonospora;Micromonospora sp.	Micromonosporaceae	Micromonospora	Micromonospora sp.	1876.0
0	3396	0.1256845457196853	01JVTRHJ8EME3YWMDSH83XVR3D.mzML	3396	01KAEM3AGX5S0RNZW6YR3B9PDH	3397	WMMA1887	Bugni Lab UW-Madison		KY015083	Micromonosporaceae;Micromonospora;Micromonospora sp.	Micromonosporaceae	Micromonospora	Micromonospora sp.	1876.0
0	3397	0.1312889332186403	01JVTRHJ8EME3YWMDSH83XVR3D.mzML	3397	01KAEM5V6X7W14VAE5H573C2Z2	3398	WMMA2011	Bugni Lab UW-Madison		KY015161	Micromonosporaceae;Micromonospora;Micromonospora sp.	Micromonosporaceae	Micromonospora	Micromonospora sp.	1876.0
0	64	0.1181001683681433	01KA9R7W1N77QNBT9ACTE879WS.mzML	64	01KA9R5135AXBXG68M163YJ1D9	65	129A-35	Murphy Lab UIC		MK168037	Micromonosporaceae;Micromonospora;Micromonospora sp.	Micromonosporaceae	Micromonospora	Micromonospora sp.	1876.0
0	73	0.0260232085044624	01KA9R7W1N77QNBT9ACTE879WS.mzML	73	01KA9R7X14AF8YZA67AFG150N1	74	K792	Murphy Lab UIC			Micromonospora sp. (User Submitted 16S)				
0	137	0.0953830302956921	01KA9R7W1N77QNBT9ACTE879WS.mzML	137	01KA9R502EM598QFY0NAMWQ4BH	138	129A-2	Murphy Lab UIC		MK168033	Micromonosporaceae;Micromonospora;Micromonospora sp.	Micromonosporaceae	Micromonospora	Micromonospora sp.	1876.0
0	151	6.3282712403633915e-15	01KA9R7W1N77QNBT9ACTE879WS.mzML	151	01KA9R7W1N77QNBT9ACTE879WS	152	K787	Murphy Lab UIC			Micromonospora sp. (User Submitted 16S)				
0	186	0.1536615799859971	01KA9R7W1N77QNBT9ACTE879WS.mzML	186	01KA9R47SFFX9SBAXB91ZPMR0K	187	116H-18	Murphy lab UIC		MK163385	Cellulomonadaceae;Oerskovia;Oerskovia sp.	Cellulomonadaceae	Oerskovia	Oerskovia sp.	1915060.0
0	187	0.1543102443569242	01KA9R7W1N77QNBT9ACTE879WS.mzML	187	01KA9R7XZV024CS7CNYVBDDZCV	188	K806	Murphy Lab UIC			Micromonospora sp. (User Submitted 16S)				
0	928	0.1787579663007659	01KA9R7W1N77QNBT9ACTE879WS.mzML	928	01JV3F1QY06HDF55Y7QRHQD4CJ	929	B-11050	USDA-ARS NRRL		 X92622	Micromonosporaceae;Micromonospora;Micromonospora lacustris	Micromonosporaceae	Micromonospora	Micromonospora lacustris	47867.0
0	1039	0.1759981254228975	01KA9R7W1N77QNBT9ACTE879WS.mzML	1039	01JV3F7PSCXZ4Z1EN5K952YD7T	1040	B-1676	USDA-ARS NRRL		AB184441	Streptomycetaceae;Streptomyces;Streptomyces eurocidicus	Streptomycetaceae	Streptomyces	Streptomyces eurocidicus	66423.0
0	1468	0.1815005081508046	01KA9R7W1N77QNBT9ACTE879WS.mzML	1468	01JVTRHJ8EME3YWMDSH83XVR3D	1469	BM2Q003	Murphy Lab UIC		PP998012.1	Micromonosporaceae;Micromonospora;Micromonospora sp.	Micromonosporaceae	Micromonospora	Micromonospora sp.	1876.0
0	2657	0.1833288441713219	01KA9R7W1N77QNBT9ACTE879WS.mzML	2657	01K2J3E5S7PZE3KZMYG07G2DEC	2658	CNS801	Jensen Lab Scripps UCSD			Micromonosporaceae;Salinispora;Salinispora vitiensis	Micromonosporaceae	Salinispora	Salinispora vitiensis	1408350.0
0	2707	0.1220300199858679	01KA9R7W1N77QNBT9ACTE879WS.mzML	2707	01KABVEM6E13AXGMH5NS3GEVFW	2708	B013	Murphy Lab UIC			Micromonospora tulbaghiae (User Submitted 16S)				
0	2710	0.1343485589613826	01KA9R7W1N77QNBT9ACTE879WS.mzML	2710	01KABVJD25776HYCW46YPZ6JJZ	2711	D077	Murphy Lab UIC			Micromonospora humi (User Submitted 16S)				
0	2713	0.1401310235836402	01KA9R7W1N77QNBT9ACTE879WS.mzML	2713	01KABVFVY7F65NR3CH41M8RZCG	2714	B026	Murphy Lab UIC		KP009553	Micromonosporaceae;Micromonospora;Micromonospora sp. B026	Micromonosporaceae	Micromonospora	Micromonospora sp. B026	1611404.0
0	2718	0.1088527460703195	01KA9R7W1N77QNBT9ACTE879WS.mzML	2718	01KABVHQM4Z8DQH3VK01W7KJK4	2719	D053	Murphy Lab UIC			Micromonospora sp. (User Submitted 16S)				
0	2732	0.08081416684952	01KA9R7W1N77QNBT9ACTE879WS.mzML	2732	01KABVDV9YX1DD0E5NB194KTP9	2733	B006	Murphy Lab UIC			Micromonospora sp. (User Submitted 16S)				
0	2746	0.1290635884798557	01KA9R7W1N77QNBT9ACTE879WS.mzML	2746	01KABVF1BFERF34QT58K4HE90J	2747	B017	Murphy Lab UIC			Micromonospora aurantiaca (User Submitted 16S)				
0	3261	0.1855850475798708	01KA9R7W1N77QNBT9ACTE879WS.mzML	3261	01KAEM2PEJZ2BB76HDG7QCM6MF	3262	WMMA1833	Bugni Lab UW-Madison		KY015187	Micromonosporaceae;Micromonospora;Verrucosispora sp.	Micromonosporaceae	Micromonospora	Verrucosispora sp.	1871626.0
0	3263	0.1575270237346192	01KA9R7W1N77QNBT9ACTE879WS.mzML	3263	01KAEM3HY3WCGA3TTFZ44KREBQ	3264	WMMA1893	Bugni Lab UW-Madison		KY015089	Micromonosporaceae;Micromonospora;Micromonospora sp.	Micromonosporaceae	Micromonospora	Micromonospora sp.	1876.0
0	3264	0.1717485257340041	01KA9R7W1N77QNBT9ACTE879WS.mzML	3264	01KAEM3SQBAZ7X3W5WJJH4KSP6	3265	WMMA1899	Bugni Lab UW-Madison		KY015095	Micromonosporaceae;Micromonospora;Micromonospora sp.	Micromonosporaceae	Micromonospora	Micromonospora sp.	1876.0
0	3267	0.0999275745793308	01KA9R7W1N77QNBT9ACTE879WS.mzML	3267	01KAEM47QA3Y8X528R3ZP2FQ93	3268	WMMA1912	Bugni Lab UW-Madison		KY015104	Micromonosporaceae;Micromonospora;Micromonospora sp.	Micromonosporaceae	Micromonospora	Micromonospora sp.	1876.0
0	3268	0.174650443540942	01KA9R7W1N77QNBT9ACTE879WS.mzML	3268	01KAEM4RZWT59RYBJ73N3S4YC4	3269	WMMA1957	Bugni Lab UW-Madison		KY015125	Micromonosporaceae;Micromonospora;Micromonospora sp.	Micromonosporaceae	Micromonospora	Micromonospora sp.	1876.0
0	3271	0.0678290219366577	01KA9R7W1N77QNBT9ACTE879WS.mzML	3271	01KAEM70MTGV5C0JCVAAYWFWJ5	3272	WMMD718	Bugni Lab UW-Madison		GCA_029626075.1	Micromonosporaceae;Micromonospora;Micromonospora sp. WMMD718	Micromonosporaceae	Micromonospora	Micromonospora sp. WMMD718	3016098.0
0	3272	0.1167485744724153	01KA9R7W1N77QNBT9ACTE879WS.mzML	3272	01KAEM7DACZ1W1DK65CWYDM3JJ	3273	WMMD998	Bugni Lab UW-Madison		GCA_029581235.1	Micromonosporaceae;Micromonospora;Micromonospora sp. WMMD998	Micromonosporaceae	Micromonospora	Micromonospora sp. WMMD998	3016092.0
0	3274	0.1245781495923461	01KA9R7W1N77QNBT9ACTE879WS.mzML	3274	01KAEM5S1ADMAES326ZH34TQF2	3275	WMMA2009	Bugni Lab UW-Madison		KY015159	Micromonosporaceae;Micromonospora;Micromonospora sp.	Micromonosporaceae	Micromonospora	Micromonospora sp.	1876.0
0	3278	0.1219989043310393	01KA9R7W1N77QNBT9ACTE879WS.mzML	3278	01KAEM508G22MZD67XTZRBW5H9	3279	WMMA1967	Bugni Lab UW-Madison		KY015131	Micromonosporaceae;Micromonospora;Micromonospora sp.	Micromonosporaceae	Micromonospora	Micromonospora sp.	1876.0
0	3279	0.1895514238529888	01KA9R7W1N77QNBT9ACTE879WS.mzML	3279	01KAEM2ETT39MHHHCDFG4R8CV4	3280	WMMA1823	Bugni Lab UW-Madison		KY015181	Micromonosporaceae;Micromonospora;Verrucosispora sp.	Micromonosporaceae	Micromonospora	Verrucosispora sp.	1871626.0
0	3280	0.1594864510291083	01KA9R7W1N77QNBT9ACTE879WS.mzML	3280	01KAEM6KBK5Y14ZAKXC2DTAAFE	3281	WMMC273	Bugni Lab UW-Madison		GCA_027460285.1	Micromonosporaceae;Micromonospora;Micromonospora sp. WMMC273	Micromonosporaceae	Micromonospora	Micromonospora sp. WMMC273	3015157.0
0	3281	0.1067653093603208	01KA9R7W1N77QNBT9ACTE879WS.mzML	3281	01KAEM3GCHVFR3A64QED3YRD5V	3282	WMMA1892	Bugni Lab UW-Madison		KY015088	Micromonosporaceae;Micromonospora;Micromonospora sp.	Micromonosporaceae	Micromonospora	Micromonospora sp.	1876.0
0	3282	0.1220138553204648	01KA9R7W1N77QNBT9ACTE879WS.mzML	3282	01KAEM5T6BQE9HNWMP8SHK8KYM	3283	WMMA2010	Bugni Lab UW-Madison		KY015160	Micromonosporaceae;Micromonospora;Micromonospora sp.	Micromonosporaceae	Micromonospora	Micromonospora sp.	1876.0
0	3283	0.1321224669651892	01KA9R7W1N77QNBT9ACTE879WS.mzML	3283	01KAEM3FDP54J4SWP2ABA5W8T2	3284	WMMA1891	Bugni Lab UW-Madison		KY015087	Micromonosporaceae;Micromonospora;Micromonospora sp.	Micromonosporaceae	Micromonospora	Micromonospora sp.	1876.0
0	3284	0.1566026957411948	01KA9R7W1N77QNBT9ACTE879WS.mzML	3284	01KAEM5ET506087KW4WS7FGCGY	3285	WMMA1991	Bugni Lab UW-Madison		KY015145	Micromonosporaceae;Micromonospora;Micromonospora sp.	Micromonosporaceae	Micromonospora	Micromonospora sp.	1876.0
0	3285	0.1290799976564639	01KA9R7W1N77QNBT9ACTE879WS.mzML	3285	01KAEM3P2DNFWBMCQCVR1ERR3R	3286	WMMA1896	Bugni Lab UW-Madison		KY015092	Micromonosporaceae;Micromonospora;Micromonospora sp.	Micromonosporaceae	Micromonospora	Micromonospora sp.	1876.0
0	3287	0.082691045550277	01KA9R7W1N77QNBT9ACTE879WS.mzML	3287	01KAEM534PSTRZA2N2A3QBBXFG	3288	WMMA1970	Bugni Lab UW-Madison		KY015134	Micromonosporaceae;Micromonospora;Micromonospora sp.	Micromonosporaceae	Micromonospora	Micromonospora sp.	1876.0
0	3288	0.1647156299831057	01KA9R7W1N77QNBT9ACTE879WS.mzML	3288	01KAEM59ZNGTA92TD0M6KT33VZ	3289	WMMA1976	Bugni Lab UW-Madison		GCA_027497335.1	Micromonosporaceae;Micromonospora;Micromonospora sp. WMMA1976	Micromonosporaceae	Micromonospora	Micromonospora sp. WMMA1976	3014995.0
0	3291	0.1057558915300394	01KA9R7W1N77QNBT9ACTE879WS.mzML	3291	01KAEM55CGM34NAP9Z3BTE1PX5	3292	WMMA1973	Bugni Lab UW-Madison		KY015136	Micromonosporaceae;Micromonospora;Micromonospora sp.	Micromonosporaceae	Micromonospora	Micromonospora sp.	1876.0
0	3293	0.1373079174206822	01KA9R7W1N77QNBT9ACTE879WS.mzML	3293	01KAEM54RC9X0V603SHKQ78NMH	3294	WMMA1971	Bugni Lab UW-Madison		KY015135	Micromonosporaceae;Micromonospora;Micromonospora sp.	Micromonosporaceae	Micromonospora	Micromonospora sp.	1876.0
0	3294	0.1453368019590495	01KA9R7W1N77QNBT9ACTE879WS.mzML	3294	01KAEM4C39Q7TJA83NNGAHPZC5	3295	WMMA1922	Bugni Lab UW-Madison		KY015109	Micromonosporaceae;Micromonospora;Micromonospora sp.	Micromonosporaceae	Micromonospora	Micromonospora sp.	1876.0
0	3295	0.1458062133360862	01KA9R7W1N77QNBT9ACTE879WS.mzML	3295	01KAEM5BWQ2AJE02GTW8QEQRNN	3296	WMMA1979	Bugni Lab UW-Madison		KY015142	Micromonosporaceae;Micromonospora;Micromonospora sp.	Micromonosporaceae	Micromonospora	Micromonospora sp.	1876.0
0	3297	0.1106119793704571	01KA9R7W1N77QNBT9ACTE879WS.mzML	3297	01KAEM3WD006ZECTX2XF08AQX4	3298	WMMA1901	Bugni Lab UW-Madison		KY015097	Micromonosporaceae;Micromonospora;Micromonospora sp.	Micromonosporaceae	Micromonospora	Micromonospora sp.	1876.0
0	3298	0.1306007333007802	01KA9R7W1N77QNBT9ACTE879WS.mzML	3298	01KAEM3EEN63NJAYA68GJG5X8N	3299	WMMA1890	Bugni Lab UW-Madison		KY015086	Micromonosporaceae;Micromonospora;Micromonospora sp.	Micromonosporaceae	Micromonospora	Micromonospora sp.	1876.0
0	3300	0.1514514061919404	01KA9R7W1N77QNBT9ACTE879WS.mzML	3300	01KAEM4G4PJG4A8B33NFAZYAXJ	3301	WMMA1946	Bugni Lab UW-Madison		KY015116	Micromonosporaceae;Micromonospora;Micromonospora sp.	Micromonosporaceae	Micromonospora	Micromonospora sp.	1876.0
0	3301	0.139544534355804	01KA9R7W1N77QNBT9ACTE879WS.mzML	3301	01KAEM602WQS98CMQA0MFX7V2X	3302	WMMA2015	Bugni Lab UW-Madison		KY015165	Micromonosporaceae;Micromonospora;Micromonospora sp.	Micromonosporaceae	Micromonospora	Micromonospora sp.	1876.0
0	3302	0.1861435728464617	01KA9R7W1N77QNBT9ACTE879WS.mzML	3302	01KAEM333WGY4DANSKAQVPQ3BB	3303	WMMA1854	Bugni Lab UW-Madison		KY015197	Micromonosporaceae;Micromonospora;Verrucosispora sp.	Micromonosporaceae	Micromonospora	Verrucosispora sp.	1871626.0
0	3305	0.1399175397595786	01KA9R7W1N77QNBT9ACTE879WS.mzML	3305	01KAEM5GK810JE1F8D2MZ771HN	3306	WMMA1993	Bugni Lab UW-Madison		KY015146	Micromonosporaceae;Micromonospora;Micromonospora sp.	Micromonosporaceae	Micromonospora	Micromonospora sp.	1876.0
0	3307	0.1835713718558212	01KA9R7W1N77QNBT9ACTE879WS.mzML	3307	01KAEM76RD1J3CQ3NMD1PREQ2M	3308	WMMD956	Bugni Lab UW-Madison		GCA_029626125.1	Micromonosporaceae;Micromonospora;Micromonospora sp. WMMD956	Micromonosporaceae	Micromonospora	Micromonospora sp. WMMD956	3016108.0
0	3308	0.1477724464615651	01KA9R7W1N77QNBT9ACTE879WS.mzML	3308	01KAEM593HP01GV0WN7D01VJAA	3309	WMMA1975	Bugni Lab UW-Madison		KY015138	Micromonosporaceae;Micromonospora;Micromonospora sp.	Micromonosporaceae	Micromonospora	Micromonospora sp.	1876.0
0	3309	0.1152071707674652	01KA9R7W1N77QNBT9ACTE879WS.mzML	3309	01KAEM3R6ZGJM6H9VFPE3NG99N	3310	WMMA1898	Bugni Lab UW-Madison		KY015094	Micromonosporaceae;Micromonospora;Micromonospora sp.	Micromonosporaceae	Micromonospora	Micromonospora sp.	1876.0
0	3312	0.1654438939901791	01KA9R7W1N77QNBT9ACTE879WS.mzML	3312	01KAEM5WFA9RC0C5P7RBFY1W65	3313	WMMA2012	Bugni Lab UW-Madison		KY015162	Micromonosporaceae;Micromonospora;Micromonospora sp.	Micromonosporaceae	Micromonospora	Micromonospora sp.	1876.0
0	3314	0.1509856955991266	01KA9R7W1N77QNBT9ACTE879WS.mzML	3314	01KAEM6E7CEG461QBGHW370682	3315	WMMA2121	Bugni Lab UW-Madison		GCA_027460185.1	Micromonosporaceae;Micromonospora;Verrucosispora sp. WMMA2121	Micromonosporaceae	Micromonospora	Verrucosispora sp. WMMA2121	3015164.0
0	3316	0.1785837941403958	01KA9R7W1N77QNBT9ACTE879WS.mzML	3316	01KAEM6N1T0RXX1RNFA2QGHB0M	3317	WMMD1076	Bugni Lab UW-Madison		GCA_029581475.1	Micromonosporaceae;Micromonospora;Micromonospora sp. WMMD1076	Micromonosporaceae	Micromonospora	Micromonospora sp. WMMD1076	3016103.0
0	3317	0.1708332266206505	01KA9R7W1N77QNBT9ACTE879WS.mzML	3317	01KAEM3K0BBGPKMN4XBHG3S5QC	3318	WMMA1894	Bugni Lab UW-Madison		KY015090	Micromonosporaceae;Micromonospora;Micromonospora sp.	Micromonosporaceae	Micromonospora	Micromonospora sp.	1876.0
0	3318	0.1894983581875332	01KA9R7W1N77QNBT9ACTE879WS.mzML	3318	01KAEM39QKWHD3H9KAXQFQVNTE	3319	WMMA1860	Bugni Lab UW-Madison		KY015201	Micromonosporaceae;Micromonospora;Verrucosispora sp.	Micromonosporaceae	Micromonospora	Verrucosispora sp.	1871626.0
0	3320	0.0933357770046552	01KA9R7W1N77QNBT9ACTE879WS.mzML	3320	01KAEM4Y4Y9D5TMCEYK5X2V9W5	3321	WMMA1962	Bugni Lab UW-Madison		KY015129	Micromonosporaceae;Micromonospora;Micromonospora sp.	Micromonosporaceae	Micromonospora	Micromonospora sp.	1876.0
0	3321	0.1716315976144979	01KA9R7W1N77QNBT9ACTE879WS.mzML	3321	01KAEM6WFSCH7MFKNK1V3QHDK1	3322	WMMD573	Bugni Lab UW-Madison		GCA_027497175.1	Micromonosporaceae;Micromonospora;Verrucosispora sp. WMMD573	Micromonosporaceae	Micromonospora	Verrucosispora sp. WMMD573	3015149.0
0	3322	0.1321193914224384	01KA9R7W1N77QNBT9ACTE879WS.mzML	3322	01KAEM49Q453FHQAVKFBP400QK	3323	WMMA1915	Bugni Lab UW-Madison		KY015107	Micromonosporaceae;Micromonospora;Micromonospora sp.	Micromonosporaceae	Micromonospora	Micromonospora sp.	1876.0
0	3323	0.1722609384240017	01KA9R7W1N77QNBT9ACTE879WS.mzML	3323	01KAEM6NJ15M2AC7KMVWGDZ4RD	3324	WMMD1082	Bugni Lab UW-Madison		GCA_029626175.1	Micromonosporaceae;Micromonospora;Micromonospora sp. WMMD1082	Micromonosporaceae	Micromonospora	Micromonospora sp. WMMD1082	3016104.0
0	3325	0.1638929229028061	01KA9R7W1N77QNBT9ACTE879WS.mzML	3325	01KAEM5QH9B0D9FQRAT45HG21X	3326	WMMA2003	Bugni Lab UW-Madison		KY015153	Micromonosporaceae;Micromonospora;Micromonospora sp.	Micromonosporaceae	Micromonospora	Micromonospora sp.	1876.0
0	3326	0.1005668181087793	01KA9R7W1N77QNBT9ACTE879WS.mzML	3326	01KAEM4EH07MZM8TEJ5V1C4AJH	3327	WMMA1933	Bugni Lab UW-Madison		KY015114	Micromonosporaceae;Micromonospora;Micromonospora sp.	Micromonosporaceae	Micromonospora	Micromonospora sp.	1876.0
0	3328	0.0940101829790261	01KA9R7W1N77QNBT9ACTE879WS.mzML	3328	01KAEM5M26TC6XKN2V0XVGZXDT	3329	WMMA1998	Bugni Lab UW-Madison		GCA_027497375.1	Micromonosporaceae;Micromonospora;Micromonospora sp. WMMA1998	Micromonosporaceae	Micromonospora	Micromonospora sp. WMMA1998	3015167.0
0	3330	0.1397508415144038	01KA9R7W1N77QNBT9ACTE879WS.mzML	3330	01KAEM7AXV70C2W19YKCPCVVBQ	3331	WMMD967	Bugni Lab UW-Madison		GCA_029626165.1	Micromonosporaceae;Micromonospora;Micromonospora sp. WMMD967	Micromonosporaceae	Micromonospora	Micromonospora sp. WMMD967	3016101.0
0	3332	0.1821439917042054	01KA9R7W1N77QNBT9ACTE879WS.mzML	3332	01KAEM5Y1S280FYGV2FBFT7RKH	3333	WMMA2013	Bugni Lab UW-Madison		KY015163	Micromonosporaceae;Micromonospora;Micromonospora sp.	Micromonosporaceae	Micromonospora	Micromonospora sp.	1876.0
0	3333	0.1662777476695813	01KA9R7W1N77QNBT9ACTE879WS.mzML	3333	01KAEM2J4N14VY7VNFPJ93RXYR	3334	WMMA1828	Bugni Lab UW-Madison		KY015184	Micromonosporaceae;Micromonospora;Verrucosispora sp.	Micromonosporaceae	Micromonospora	Verrucosispora sp.	1871626.0
0	3335	0.1074403859972011	01KA9R7W1N77QNBT9ACTE879WS.mzML	3335	01KAEM463DN5ZYWERKSF04ZCCR	3336	WMMA1908	Bugni Lab UW-Madison		KY015102	Micromonosporaceae;Micromonospora;Micromonospora sp.	Micromonosporaceae	Micromonospora	Micromonospora sp.	1876.0
0	3336	0.1431034148455686	01KA9R7W1N77QNBT9ACTE879WS.mzML	3336	01KAEM4YRDVQRFW8A4DXKKD2V6	3337	WMMA1966	Bugni Lab UW-Madison		KY015130	Micromonosporaceae;Micromonospora;Micromonospora sp.	Micromonosporaceae	Micromonospora	Micromonospora sp.	1876.0
0	3338	0.1084337170046036	01KA9R7W1N77QNBT9ACTE879WS.mzML	3338	01KAEM4B1WGAQ49A7VXPPY79GA	3339	WMMA1921	Bugni Lab UW-Madison		KY015108	Micromonosporaceae;Micromonospora;Micromonospora sp.	Micromonosporaceae	Micromonospora	Micromonospora sp.	1876.0
0	3339	0.1698106113329341	01KA9R7W1N77QNBT9ACTE879WS.mzML	3339	01KAEM4X2N3RQREDD19HEP5E8V	3340	WMMA1961	Bugni Lab UW-Madison		KY015128	Micromonosporaceae;Micromonospora;Micromonospora sp.	Micromonosporaceae	Micromonospora	Micromonospora sp.	1876.0
0	3340	0.1072562532363023	01KA9R7W1N77QNBT9ACTE879WS.mzML	3340	01KAEM6FA28CMM1HHVK3QWWPM2	3341	WMMB482	Bugni Lab UW-Madison		GCA_019038635.1	Micromonosporaceae;Micromonospora;Micromonospora sp. WMMB482	Micromonosporaceae	Micromonospora	Micromonospora sp. WMMB482	2849653.0
0	3341	0.1671294777029639	01KA9R7W1N77QNBT9ACTE879WS.mzML	3341	01KAEM48D8SS91MG0GHNF38BV8	3342	WMMA1913	Bugni Lab UW-Madison		KY015105	Micromonosporaceae;Micromonospora;Micromonospora sp.	Micromonosporaceae	Micromonospora	Micromonospora sp.	1876.0
0	3342	0.1453523008535162	01KA9R7W1N77QNBT9ACTE879WS.mzML	3342	01KAEM5205V182ZMYH4GWWT75N	3343	WMMA1968	Bugni Lab UW-Madison		KY015132	Micromonosporaceae;Micromonospora;Micromonospora sp.	Micromonosporaceae	Micromonospora	Micromonospora sp.	1876.0
0	3344	0.1288339516573783	01KA9R7W1N77QNBT9ACTE879WS.mzML	3344	01KAEM4P38YMP6KNFDYQ3V7F8P	3345	WMMA1951	Bugni Lab UW-Madison		KY015121	Micromonosporaceae;Micromonospora;Micromonospora sp.	Micromonosporaceae	Micromonospora	Micromonospora sp.	1876.0
0	3345	0.135641319090913	01KA9R7W1N77QNBT9ACTE879WS.mzML	3345	01KAEM4DDCEZ14WXD51KEEPW53	3346	WMMA1925	Bugni Lab UW-Madison		KY015111	Micromonosporaceae;Micromonospora;Micromonospora sp.	Micromonosporaceae	Micromonospora	Micromonospora sp.	1876.0
0	3346	0.1666529109292203	01KA9R7W1N77QNBT9ACTE879WS.mzML	3346	01KAEM3BS403H999QG5SZN44QM	3347	WMMA1888	Bugni Lab UW-Madison		KY015084	Micromonosporaceae;Micromonospora;Micromonospora sp.	Micromonosporaceae	Micromonospora	Micromonospora sp.	1876.0
0	3347	0.1794699428668098	01KA9R7W1N77QNBT9ACTE879WS.mzML	3347	01KAEM63PFC01ZNNWAYHBZ2TWM	3348	WMMA2044	Bugni Lab UW-Madison		GCA_027497155.1	Micromonosporaceae;Micromonospora;Verrucosispora sp. WMMA2044	Micromonosporaceae	Micromonospora	Verrucosispora sp. WMMA2044	3016419.0
0	3348	0.1284303470879595	01KA9R7W1N77QNBT9ACTE879WS.mzML	3348	01KAEM3PX2HY9JKWDJ0JE0R0YJ	3349	WMMA1897	Bugni Lab UW-Madison		KY015093	Micromonosporaceae;Micromonospora;Micromonospora sp.	Micromonosporaceae	Micromonospora	Micromonospora sp.	1876.0
0	3349	0.1458505376731078	01KA9R7W1N77QNBT9ACTE879WS.mzML	3349	01KAEM4K67NYXNFSDWPTTDK5JH	3350	WMMA1949	Bugni Lab UW-Madison		GCA_027460145.1	Micromonosporaceae;Micromonospora;Micromonospora sp. WMMA1949	Micromonosporaceae	Micromonospora	Micromonospora sp. WMMA1949	3015162.0
0	3350	0.1656634688540082	01KA9R7W1N77QNBT9ACTE879WS.mzML	3350	01KAEM67QMVDGEV5X50WSKPQT7	3351	WMMA2052	Bugni Lab UW-Madison		KY015211	Micromonosporaceae;Micromonospora;Verrucosispora sp.	Micromonosporaceae	Micromonospora	Verrucosispora sp.	1871626.0
0	3352	0.0987810092923218	01KA9R7W1N77QNBT9ACTE879WS.mzML	3352	01KAEM5E4JEXW276KERE0VYFY9	3353	WMMA1990	Bugni Lab UW-Madison		KY015144	Micromonosporaceae;Micromonospora;Micromonospora sp.	Micromonosporaceae	Micromonospora	Micromonospora sp.	1876.0
0	3353	0.163509088994783	01KA9R7W1N77QNBT9ACTE879WS.mzML	3353	01KAEM2KQFBTYMYG9JXTQTJCH1	3354	WMMA1829	Bugni Lab UW-Madison		KY015185	Micromonosporaceae;Micromonospora;Verrucosispora sp.	Micromonosporaceae	Micromonospora	Verrucosispora sp.	1871626.0
0	3354	0.0661164267668615	01KA9R7W1N77QNBT9ACTE879WS.mzML	3354	01KAEM5PNP17Q7E8JX165MHQQY	3355	WMMA2002	Bugni Lab UW-Madison		KY015152	Micromonosporaceae;Micromonospora;Micromonospora sp.	Micromonosporaceae	Micromonospora	Micromonospora sp.	1876.0
0	3355	0.1021121130804156	01KA9R7W1N77QNBT9ACTE879WS.mzML	3355	01KAEM7BE02VW9WFHDZ6PVYCAZ	3356	WMMD980	Bugni Lab UW-Madison		GCA_029626035.1	Micromonosporaceae;Micromonospora;Micromonospora sp. WMMD980	Micromonosporaceae	Micromonospora	Micromonospora sp. WMMD980	3016088.0
0	3356	0.1508302737308597	01KA9R7W1N77QNBT9ACTE879WS.mzML	3356	01KAEM408ZA2PQ0BK2539EZR6P	3357	WMMA1906	Bugni Lab UW-Madison		KY015100	Micromonosporaceae;Micromonospora;Micromonospora sp.	Micromonosporaceae	Micromonospora	Micromonospora sp.	1876.0
0	3357	0.1626174481370989	01KA9R7W1N77QNBT9ACTE879WS.mzML	3357	01KAEM4QX8P6CM7CR3ERAQCQYR	3358	WMMA1954	Bugni Lab UW-Madison		KY015123	Micromonosporaceae;Micromonospora;Micromonospora sp.	Micromonosporaceae	Micromonospora	Micromonospora sp.	1876.0
0	3358	0.1461530376838605	01KA9R7W1N77QNBT9ACTE879WS.mzML	3358	01KAEM4H40HZXRMJF18AY3H26J	3359	WMMA1947	Bugni Lab UW-Madison		GCA_027497355.1	Micromonosporaceae;Micromonospora;Micromonospora sp. WMMA1947	Micromonosporaceae	Micromonospora	Micromonospora sp. WMMA1947	3015163.0
0	3360	0.1528826889509242	01KA9R7W1N77QNBT9ACTE879WS.mzML	3360	01KAEM3XJA57D9PNJXD4BX4JG8	3361	WMMA1902	Bugni Lab UW-Madison		KY015098	Micromonosporaceae;Micromonospora;Micromonospora sp.	Micromonosporaceae	Micromonospora	Micromonospora sp.	1876.0
0	3361	0.1074066304206671	01KA9R7W1N77QNBT9ACTE879WS.mzML	3361	01KAEM4MZ0STYBJZRVJCMRHRHM	3362	WMMA1950	Bugni Lab UW-Madison		KY015120	Micromonosporaceae;Micromonospora;Micromonospora sp.	Micromonosporaceae	Micromonospora	Micromonospora sp.	1876.0
0	3362	0.1422116215789497	01KA9R7W1N77QNBT9ACTE879WS.mzML	3362	01KAEM3D3SH04RPDFYPDC7XBV9	3363	WMMA1889	Bugni Lab UW-Madison		KY015085	Micromonosporaceae;Micromonospora;Micromonospora sp.	Micromonosporaceae	Micromonospora	Micromonospora sp.	1876.0
0	3364	0.1278669771712868	01KA9R7W1N77QNBT9ACTE879WS.mzML	3364	01KAEM494KD1PZ6DBHH3QVBZ7H	3365	WMMA1914	Bugni Lab UW-Madison		KY015106	Micromonosporaceae;Micromonospora;Micromonospora sp.	Micromonosporaceae	Micromonospora	Micromonospora sp.	1876.0
0	3366	0.1792426581216782	01KA9R7W1N77QNBT9ACTE879WS.mzML	3366	01KAEM6J49DY9JAC8443R0WT0T	3367	WMMC264	Bugni Lab UW-Madison		GCA_027497275.1	Micromonosporaceae;Micromonospora;Micromonospora sp. WMMC264	Micromonosporaceae	Micromonospora	Micromonospora sp. WMMC264	3015158.0
0	3367	0.1147672764910434	01KA9R7W1N77QNBT9ACTE879WS.mzML	3367	01KAEM74TARTBB8B6KQP3RS4JC	3368	WMMD812	Bugni Lab UW-Madison		GCA_027497215.1	Micromonosporaceae;Micromonospora;Micromonospora sp. WMMD812	Micromonosporaceae	Micromonospora	Micromonospora sp. WMMD812	3015152.0
0	3368	0.1531959428834081	01KA9R7W1N77QNBT9ACTE879WS.mzML	3368	01KAEM3YN0X4TRWCETMSC3Y6NH	3369	WMMA1903	Bugni Lab UW-Madison		KY015099	Micromonosporaceae;Micromonospora;Micromonospora sp.	Micromonosporaceae	Micromonospora	Micromonospora sp.	1876.0
0	3369	0.1706620606959824	01KA9R7W1N77QNBT9ACTE879WS.mzML	3369	01KAEM6SY9J2Q0D9JDD0NGM97Z	3370	WMMD1128	Bugni Lab UW-Madison		GCA_027497235.1	Micromonosporaceae;Micromonospora;Micromonospora sp. WMMD1128	Micromonosporaceae	Micromonospora	Micromonospora sp. WMMD1128	3015150.0
0	3371	0.1274999699314174	01KA9R7W1N77QNBT9ACTE879WS.mzML	3371	01KAEM6EV4W4G9YBP9M2ZZEDVY	3372	WMMB235	Bugni Lab UW-Madison		GCA_001855515.1	Micromonosporaceae;Micromonospora;Micromonospora sp. WMMB235	Micromonosporaceae	Micromonospora	Micromonospora sp. WMMB235	1172030.0
0	3372	0.1104709632645569	01KA9R7W1N77QNBT9ACTE879WS.mzML	3372	01KAEM5BD7XFT4R419PNECS3A4	3373	WMMA1978	Bugni Lab UW-Madison		KY015141	Micromonosporaceae;Micromonospora;Micromonospora sp.	Micromonosporaceae	Micromonospora	Micromonospora sp.	1876.0
0	3373	0.1760141855192012	01KA9R7W1N77QNBT9ACTE879WS.mzML	3373	01KAEM68FPPFN853KA86RC9WVZ	3374	WMMA2053	Bugni Lab UW-Madison		KY015212	Micromonosporaceae;Micromonospora;Verrucosispora sp.	Micromonosporaceae	Micromonospora	Verrucosispora sp.	1871626.0
0	3375	0.1024174799288946	01KA9R7W1N77QNBT9ACTE879WS.mzML	3375	01KAEM5N4P95CJEBQZSQQMJ3PS	3376	WMMA2000	Bugni Lab UW-Madison		KY015151	Micromonosporaceae;Micromonospora;Micromonospora sp.	Micromonosporaceae	Micromonospora	Micromonospora sp.	1876.0
0	3376	0.15522985328601	01KA9R7W1N77QNBT9ACTE879WS.mzML	3376	01KAEM60YD604ZSFAX8VM2J0R6	3377	WMMA2032	Bugni Lab UW-Madison		SAMN07666506	Micromonosporaceae;Micromonospora;Micromonospora sp. WMMA2032	Micromonosporaceae	Micromonospora	Micromonospora sp. WMMA2032	2039870.0
0	3378	0.1608277648530408	01KA9R7W1N77QNBT9ACTE879WS.mzML	3378	01KAEM5HTGWKNPX6JFTCCHRT4J	3379	WMMA1994	Bugni Lab UW-Madison		KY015147	Micromonosporaceae;Micromonospora;Micromonospora sp.	Micromonosporaceae	Micromonospora	Micromonospora sp.	1876.0
0	3379	0.1781460189611222	01KA9R7W1N77QNBT9ACTE879WS.mzML	3379	01KAEM6YZXW3VV2TH60Q3QN26W	3380	WMMD712	Bugni Lab UW-Madison		GCA_029581295.1	Micromonosporaceae;Micromonospora;Micromonospora sp. WMMD712	Micromonosporaceae	Micromonospora	Micromonospora sp. WMMD712	3016096.0
0	3380	0.1024730839792217	01KA9R7W1N77QNBT9ACTE879WS.mzML	3380	01KAEM4JNM5NDJXN1M7CNDYZZW	3381	WMMA1948	Bugni Lab UW-Madison		KY015118	Micromonosporaceae;Micromonospora;Micromonospora sp.	Micromonosporaceae	Micromonospora	Micromonospora sp.	1876.0
0	3381	0.1111744498778758	01KA9R7W1N77QNBT9ACTE879WS.mzML	3381	01KAEM5AP3JE5EGDXG193QYSEN	3382	WMMA1977	Bugni Lab UW-Madison		KY015140	Micromonosporaceae;Micromonospora;Micromonospora sp.	Micromonosporaceae	Micromonospora	Micromonospora sp.	1876.0
0	3383	0.155581316850923	01KA9R7W1N77QNBT9ACTE879WS.mzML	3383	01KAEM3TSH7CBH380QZRNC80F8	3384	WMMA1900	Bugni Lab UW-Madison		KY015096	Micromonosporaceae;Micromonospora;Micromonospora sp.	Micromonosporaceae	Micromonospora	Micromonospora sp.	1876.0
0	3384	0.1728629693551563	01KA9R7W1N77QNBT9ACTE879WS.mzML	3384	01KAEM6V822MRQ2FRP5EGFRQT5	3385	WMMD1155	Bugni Lab UW-Madison		GCA_029581275.1	Micromonosporaceae;Micromonospora;Micromonospora sp. WMMD1155	Micromonosporaceae	Micromonospora	Micromonospora sp. WMMD1155	3016094.0
0	3385	0.0969211570316052	01KA9R7W1N77QNBT9ACTE879WS.mzML	3385	01KAEM6FTZVGQW5CF8TD5P0BED	3386	WMMC241	Bugni Lab UW-Madison		GCA_027460165.1	Micromonosporaceae;Micromonospora;Micromonospora sp. WMMC241	Micromonosporaceae	Micromonospora	Micromonospora sp. WMMC241	3015159.0
0	3386	0.1464388769389208	01KA9R7W1N77QNBT9ACTE879WS.mzML	3386	01KAEM2GNK0AJZ4VMR77R57J8N	3387	WMMA1827	Bugni Lab UW-Madison		KY015183	Micromonosporaceae;Micromonospora;Verrucosispora sp.	Micromonosporaceae	Micromonospora	Verrucosispora sp.	1871626.0
0	3387	0.1456447414694314	01KA9R7W1N77QNBT9ACTE879WS.mzML	3387	01KAEM5YZMDJ3MRYGR1XAYSX97	3388	WMMA2014	Bugni Lab UW-Madison		KY015164	Micromonosporaceae;Micromonospora;Micromonospora sp.	Micromonosporaceae	Micromonospora	Micromonospora sp.	1876.0
0	3388	0.1580366383626636	01KA9R7W1N77QNBT9ACTE879WS.mzML	3388	01KAEM56WE97RAE73ZSFTS62BK	3389	WMMA1974	Bugni Lab UW-Madison		KY015137	Micromonosporaceae;Micromonospora;Micromonospora sp.	Micromonosporaceae	Micromonospora	Micromonospora sp.	1876.0
0	3389	0.1155468442996333	01KA9R7W1N77QNBT9ACTE879WS.mzML	3389	01KAEM4W9S1KJC51JP5FDBB2Q2	3390	WMMA1960	Bugni Lab UW-Madison		KY015127	Micromonosporaceae;Micromonospora;Micromonospora sp.	Micromonosporaceae	Micromonospora	Micromonospora sp.	1876.0
0	3391	0.1057267773800882	01KA9R7W1N77QNBT9ACTE879WS.mzML	3391	01KAEM472SBYDQV56GT196J2V7	3392	WMMA1910	Bugni Lab UW-Madison		KY015103	Micromonosporaceae;Micromonospora;Micromonospora sp.	Micromonosporaceae	Micromonospora	Micromonospora sp.	1876.0
0	3392	0.1663372883221968	01KA9R7W1N77QNBT9ACTE879WS.mzML	3392	01KAEM6MQW7TN5YMDYB7GDM5QB	3393	WMMD1047	Bugni Lab UW-Madison		GCA_029626155.1	Micromonosporaceae;Solwaraspora;Solwaraspora sp. WMMD1047	Micromonosporaceae	Solwaraspora	Solwaraspora sp. WMMD1047	3016102.0
0	3396	0.0986958189215905	01KA9R7W1N77QNBT9ACTE879WS.mzML	3396	01KAEM3AGX5S0RNZW6YR3B9PDH	3397	WMMA1887	Bugni Lab UW-Madison		KY015083	Micromonosporaceae;Micromonospora;Micromonospora sp.	Micromonosporaceae	Micromonospora	Micromonospora sp.	1876.0
0	3397	0.1699774635224952	01KA9R7W1N77QNBT9ACTE879WS.mzML	3397	01KAEM5V6X7W14VAE5H573C2Z2	3398	WMMA2011	Bugni Lab UW-Madison		KY015161	Micromonosporaceae;Micromonospora;Micromonospora sp.	Micromonosporaceae	Micromonospora	Micromonospora sp.	1876.0
0	3398	0.146867265904631	01KA9R7W1N77QNBT9ACTE879WS.mzML	3398	01KAEM2MXZQS0NZ3MKQK6ZZH25	3399	WMMA1830	Bugni Lab UW-Madison		KY015186	Micromonosporaceae;Micromonospora;Verrucosispora sp.	Micromonosporaceae	Micromonospora	Verrucosispora sp.	1871626.0
0	2705	0.1760904366322505	01KABVHK5KH3DG3M2BHGF8GKG9.mzML	2705	01KABVD7EDZHRJHR0K1NTXK7ZH	2706	A040	Murphy Lab UIC			Micromonospora sp. (User Submitted 16S)				
0	2731	0.1834531232376744	01KABVHK5KH3DG3M2BHGF8GKG9.mzML	2731	01KABVHZ2N5BMEDR5SWJC9NPKY	2732	D054	Murphy Lab UIC			Micromonospora sp. (User Submitted 16S)				
0	2741	7.049916206369744e-15	01KABVHK5KH3DG3M2BHGF8GKG9.mzML	2741	01KABVHK5KH3DG3M2BHGF8GKG9	2742	D052	Murphy Lab UIC			Micromonospora sp. (User Submitted 16S)				
0	64	0.1402523593252163	01KABVG79A32Y6M4JVM4ZYZKAF.mzML	64	01KA9R5135AXBXG68M163YJ1D9	65	129A-35	Murphy Lab UIC		MK168037	Micromonosporaceae;Micromonospora;Micromonospora sp.	Micromonosporaceae	Micromonospora	Micromonospora sp.	1876.0
0	70	0.0987437390951464	01KABVG79A32Y6M4JVM4ZYZKAF.mzML	70	01KA9R7TN3ZPW4SGN9DBW79RR5	71	K779	Murphy Lab UIC			Micromonospora sp. (User Submitted 16S)				
0	95	0.0799970825881936	01KABVG79A32Y6M4JVM4ZYZKAF.mzML	95	01KA9R7HAP8T2859SKA9XJF8XF	96	K699	Murphy Lab UIC			Micromonospora sp. (User Submitted 16S)				
0	113	0.1796472876774967	01KABVG79A32Y6M4JVM4ZYZKAF.mzML	113	01KA9R7ABQNYC3ZX35DV6H299V	114	K622	Murphy Lab UIC			Micromonospora sp. (User Submitted 16S)				
0	169	0.0946188383763517	01KABVG79A32Y6M4JVM4ZYZKAF.mzML	169	01KA9R61DZ14QDHWGF5AYV69CT	170	138D-1	Murphy Lab UIC		MK143204	Micromonosporaceae;Micromonospora;Micromonospora sp.	Micromonosporaceae	Micromonospora	Micromonospora sp.	1876.0
0	187	0.168963463535907	01KABVG79A32Y6M4JVM4ZYZKAF.mzML	187	01KA9R7XZV024CS7CNYVBDDZCV	188	K806	Murphy Lab UIC			Micromonospora sp. (User Submitted 16S)				
0	1380	0.1392162938562284	01KABVG79A32Y6M4JVM4ZYZKAF.mzML	1380	01JVTRHFKTWPGR04GQT3ZN6Q0R	1381	BM2E001	Murphy Lab UIC			Micromonospora sp. (User Submitted 16S)				
0	2653	0.1777363032908431	01KABVG79A32Y6M4JVM4ZYZKAF.mzML	2653	01K2J3DTYZWSEXF3Y8B0H7AE7Z	2654	CNS_237	Jensen Lab Scripps UCSD		DQ318246	Micromonosporaceae;Salinispora;Salinispora mooreana	Micromonosporaceae	Salinispora	Salinispora mooreana	999545.0
0	2707	0.1666689168282023	01KABVG79A32Y6M4JVM4ZYZKAF.mzML	2707	01KABVEM6E13AXGMH5NS3GEVFW	2708	B013	Murphy Lab UIC			Micromonospora tulbaghiae (User Submitted 16S)				
0	2708	0.0814244558835086	01KABVG79A32Y6M4JVM4ZYZKAF.mzML	2708	01KABVG4816P8MNPYHYEXFA5N3	2709	B031	Murphy Lab UIC			Micromonospora sp. (User Submitted 16S)				
0	2709	0.1535202951216988	01KABVG79A32Y6M4JVM4ZYZKAF.mzML	2709	01KABVDCX3YBV83W778NE5P4RC	2710	B001	Murphy Lab UIC		KY858238	Micromonosporaceae;Micromonospora;Micromonospora chokoriensis	Micromonosporaceae	Micromonospora	Micromonospora chokoriensis	356851.0
0	2710	0.1694947363709547	01KABVG79A32Y6M4JVM4ZYZKAF.mzML	2710	01KABVJD25776HYCW46YPZ6JJZ	2711	D077	Murphy Lab UIC			Micromonospora humi (User Submitted 16S)				
0	2713	0.1547358900586131	01KABVG79A32Y6M4JVM4ZYZKAF.mzML	2713	01KABVFVY7F65NR3CH41M8RZCG	2714	B026	Murphy Lab UIC		KP009553	Micromonosporaceae;Micromonospora;Micromonospora sp. B026	Micromonosporaceae	Micromonospora	Micromonospora sp. B026	1611404.0
0	2718	0.1781059009355317	01KABVG79A32Y6M4JVM4ZYZKAF.mzML	2718	01KABVHQM4Z8DQH3VK01W7KJK4	2719	D053	Murphy Lab UIC			Micromonospora sp. (User Submitted 16S)				
0	2732	0.154074373054659	01KABVG79A32Y6M4JVM4ZYZKAF.mzML	2732	01KABVDV9YX1DD0E5NB194KTP9	2733	B006	Murphy Lab UIC			Micromonospora sp. (User Submitted 16S)				
0	2739	2.275957200481571e-15	01KABVG79A32Y6M4JVM4ZYZKAF.mzML	2739	01KABVG79A32Y6M4JVM4ZYZKAF	2740	B032	Murphy Lab UIC			Micromonospora sp. (User Submitted 16S)				
0	2742	0.1076482318311128	01KABVG79A32Y6M4JVM4ZYZKAF.mzML	2742	01KABVFFZ7EDYKQM4J5YDVYVC2	2743	B022	Murphy Lab UIC		KY858245	Micromonosporaceae;Micromonospora;Micromonospora chokoriensis	Micromonosporaceae	Micromonospora	Micromonospora chokoriensis	356851.0
0	3261	0.1739553713232361	01KABVG79A32Y6M4JVM4ZYZKAF.mzML	3261	01KAEM2PEJZ2BB76HDG7QCM6MF	3262	WMMA1833	Bugni Lab UW-Madison		KY015187	Micromonosporaceae;Micromonospora;Verrucosispora sp.	Micromonosporaceae	Micromonospora	Verrucosispora sp.	1871626.0
0	3265	0.1216156056794503	01KABVG79A32Y6M4JVM4ZYZKAF.mzML	3265	01KAEM7A4C05CKZRRK7NAEEC6M	3266	WMMD964	Bugni Lab UW-Madison		GCA_029581455.1	Micromonosporaceae;Micromonospora;Micromonospora sp. WMMD964	Micromonosporaceae	Micromonospora	Micromonospora sp. WMMD964	3016091.0
0	3266	0.1191240078167622	01KABVG79A32Y6M4JVM4ZYZKAF.mzML	3266	01KAEM6GQSSFDSSSWF8M1NBR4B	3267	WMMC250	Bugni Lab UW-Madison		GCA_027460215.1	Micromonosporaceae;Micromonospora;Micromonospora sp. WMMC250	Micromonosporaceae	Micromonospora	Micromonospora sp. WMMC250	3014781.0
0	3267	0.1617669789661313	01KABVG79A32Y6M4JVM4ZYZKAF.mzML	3267	01KAEM47QA3Y8X528R3ZP2FQ93	3268	WMMA1912	Bugni Lab UW-Madison		KY015104	Micromonosporaceae;Micromonospora;Micromonospora sp.	Micromonosporaceae	Micromonospora	Micromonospora sp.	1876.0
0	3269	0.1745609203167402	01KABVG79A32Y6M4JVM4ZYZKAF.mzML	3269	01KAEM2QQG5HJ77W1BP31Z6MX5	3270	WMMA1834	Bugni Lab UW-Madison		KY015188	Micromonosporaceae;Micromonospora;Verrucosispora sp.	Micromonosporaceae	Micromonospora	Verrucosispora sp.	1871626.0
0	3273	0.1782137417501688	01KABVG79A32Y6M4JVM4ZYZKAF.mzML	3273	01KAEM7KCYGPG4DZ96HXMED0V6	3274	WMMD882	Bugni Lab UW-Madison		GCA_027497255.1	Micromonosporaceae;Micromonospora;Micromonospora sp. WMMD882	Micromonosporaceae	Micromonospora	Micromonospora sp. WMMD882	3015151.0
0	3277	0.166022353120218	01KABVG79A32Y6M4JVM4ZYZKAF.mzML	3277	01KAEM7EJ8MCQC0WY7106YYBQN	3278	WMMA1923	Bugni Lab UW-Madison		KY015110	Micromonosporaceae;Micromonospora;Micromonospora sp.	Micromonosporaceae	Micromonospora	Micromonospora sp.	1876.0
0	3279	0.1835049857034473	01KABVG79A32Y6M4JVM4ZYZKAF.mzML	3279	01KAEM2ETT39MHHHCDFG4R8CV4	3280	WMMA1823	Bugni Lab UW-Madison		KY015181	Micromonosporaceae;Micromonospora;Verrucosispora sp.	Micromonosporaceae	Micromonospora	Verrucosispora sp.	1871626.0
0	3282	0.1868239712896051	01KABVG79A32Y6M4JVM4ZYZKAF.mzML	3282	01KAEM5T6BQE9HNWMP8SHK8KYM	3283	WMMA2010	Bugni Lab UW-Madison		KY015160	Micromonosporaceae;Micromonospora;Micromonospora sp.	Micromonosporaceae	Micromonospora	Micromonospora sp.	1876.0
0	3285	0.1750314227335171	01KABVG79A32Y6M4JVM4ZYZKAF.mzML	3285	01KAEM3P2DNFWBMCQCVR1ERR3R	3286	WMMA1896	Bugni Lab UW-Madison		KY015092	Micromonosporaceae;Micromonospora;Micromonospora sp.	Micromonosporaceae	Micromonospora	Micromonospora sp.	1876.0
0	3287	0.1825963334283118	01KABVG79A32Y6M4JVM4ZYZKAF.mzML	3287	01KAEM534PSTRZA2N2A3QBBXFG	3288	WMMA1970	Bugni Lab UW-Madison		KY015134	Micromonosporaceae;Micromonospora;Micromonospora sp.	Micromonosporaceae	Micromonospora	Micromonospora sp.	1876.0
0	3294	0.1483962471564941	01KABVG79A32Y6M4JVM4ZYZKAF.mzML	3294	01KAEM4C39Q7TJA83NNGAHPZC5	3295	WMMA1922	Bugni Lab UW-Madison		KY015109	Micromonosporaceae;Micromonospora;Micromonospora sp.	Micromonosporaceae	Micromonospora	Micromonospora sp.	1876.0
0	3296	0.1661784902393553	01KABVG79A32Y6M4JVM4ZYZKAF.mzML	3296	01KAEM2XARW6MNS4S2XV6V7K0B	3297	WMMA1848	Bugni Lab UW-Madison		KY015193	Micromonosporaceae;Micromonospora;Verrucosispora sp.	Micromonosporaceae	Micromonospora	Verrucosispora sp.	1871626.0
0	3297	0.1814809910843458	01KABVG79A32Y6M4JVM4ZYZKAF.mzML	3297	01KAEM3WD006ZECTX2XF08AQX4	3298	WMMA1901	Bugni Lab UW-Madison		KY015097	Micromonosporaceae;Micromonospora;Micromonospora sp.	Micromonosporaceae	Micromonospora	Micromonospora sp.	1876.0
0	3300	0.1057378305235807	01KABVG79A32Y6M4JVM4ZYZKAF.mzML	3300	01KAEM4G4PJG4A8B33NFAZYAXJ	3301	WMMA1946	Bugni Lab UW-Madison		KY015116	Micromonosporaceae;Micromonospora;Micromonospora sp.	Micromonosporaceae	Micromonospora	Micromonospora sp.	1876.0
0	3301	0.1228368907574329	01KABVG79A32Y6M4JVM4ZYZKAF.mzML	3301	01KAEM602WQS98CMQA0MFX7V2X	3302	WMMA2015	Bugni Lab UW-Madison		KY015165	Micromonosporaceae;Micromonospora;Micromonospora sp.	Micromonosporaceae	Micromonospora	Micromonospora sp.	1876.0
0	3302	0.1562489057651835	01KABVG79A32Y6M4JVM4ZYZKAF.mzML	3302	01KAEM333WGY4DANSKAQVPQ3BB	3303	WMMA1854	Bugni Lab UW-Madison		KY015197	Micromonosporaceae;Micromonospora;Verrucosispora sp.	Micromonosporaceae	Micromonospora	Verrucosispora sp.	1871626.0
0	3306	0.1781705861667454	01KABVG79A32Y6M4JVM4ZYZKAF.mzML	3306	01KAEM2E3B2C3M076VF33DVWZG	3307	WMMA1822	Bugni Lab UW-Madison		KY015180	Micromonosporaceae;Micromonospora;Verrucosispora sp.	Micromonosporaceae	Micromonospora	Verrucosispora sp.	1871626.0
0	3308	0.0989831950435353	01KABVG79A32Y6M4JVM4ZYZKAF.mzML	3308	01KAEM593HP01GV0WN7D01VJAA	3309	WMMA1975	Bugni Lab UW-Madison		KY015138	Micromonosporaceae;Micromonospora;Micromonospora sp.	Micromonosporaceae	Micromonospora	Micromonospora sp.	1876.0
0	3309	0.187503851196652	01KABVG79A32Y6M4JVM4ZYZKAF.mzML	3309	01KAEM3R6ZGJM6H9VFPE3NG99N	3310	WMMA1898	Bugni Lab UW-Madison		KY015094	Micromonosporaceae;Micromonospora;Micromonospora sp.	Micromonosporaceae	Micromonospora	Micromonospora sp.	1876.0
0	3314	0.1718028692477071	01KABVG79A32Y6M4JVM4ZYZKAF.mzML	3314	01KAEM6E7CEG461QBGHW370682	3315	WMMA2121	Bugni Lab UW-Madison		GCA_027460185.1	Micromonosporaceae;Micromonospora;Verrucosispora sp. WMMA2121	Micromonosporaceae	Micromonospora	Verrucosispora sp. WMMA2121	3015164.0
0	3318	0.1561095071687385	01KABVG79A32Y6M4JVM4ZYZKAF.mzML	3318	01KAEM39QKWHD3H9KAXQFQVNTE	3319	WMMA1860	Bugni Lab UW-Madison		KY015201	Micromonosporaceae;Micromonospora;Verrucosispora sp.	Micromonosporaceae	Micromonospora	Verrucosispora sp.	1871626.0
0	3321	0.178769493335936	01KABVG79A32Y6M4JVM4ZYZKAF.mzML	3321	01KAEM6WFSCH7MFKNK1V3QHDK1	3322	WMMD573	Bugni Lab UW-Madison		GCA_027497175.1	Micromonosporaceae;Micromonospora;Verrucosispora sp. WMMD573	Micromonosporaceae	Micromonospora	Verrucosispora sp. WMMD573	3015149.0
0	3323	0.13707114018895	01KABVG79A32Y6M4JVM4ZYZKAF.mzML	3323	01KAEM6NJ15M2AC7KMVWGDZ4RD	3324	WMMD1082	Bugni Lab UW-Madison		GCA_029626175.1	Micromonosporaceae;Micromonospora;Micromonospora sp. WMMD1082	Micromonosporaceae	Micromonospora	Micromonospora sp. WMMD1082	3016104.0
0	3325	0.1111812294185923	01KABVG79A32Y6M4JVM4ZYZKAF.mzML	3325	01KAEM5QH9B0D9FQRAT45HG21X	3326	WMMA2003	Bugni Lab UW-Madison		KY015153	Micromonosporaceae;Micromonospora;Micromonospora sp.	Micromonosporaceae	Micromonospora	Micromonospora sp.	1876.0
0	3326	0.1646209935145149	01KABVG79A32Y6M4JVM4ZYZKAF.mzML	3326	01KAEM4EH07MZM8TEJ5V1C4AJH	3327	WMMA1933	Bugni Lab UW-Madison		KY015114	Micromonosporaceae;Micromonospora;Micromonospora sp.	Micromonosporaceae	Micromonospora	Micromonospora sp.	1876.0
0	3330	0.0902667924278486	01KABVG79A32Y6M4JVM4ZYZKAF.mzML	3330	01KAEM7AXV70C2W19YKCPCVVBQ	3331	WMMD967	Bugni Lab UW-Madison		GCA_029626165.1	Micromonosporaceae;Micromonospora;Micromonospora sp. WMMD967	Micromonosporaceae	Micromonospora	Micromonospora sp. WMMD967	3016101.0
0	3331	0.180754395775239	01KABVG79A32Y6M4JVM4ZYZKAF.mzML	3331	01KAEM6C4VZ95DQF7VTW2N6DDG	3332	WMMA2054	Bugni Lab UW-Madison		KY015213	Micromonosporaceae;Micromonospora;Verrucosispora sp.	Micromonosporaceae	Micromonospora	Verrucosispora sp.	1871626.0
0	3333	0.1574816925196078	01KABVG79A32Y6M4JVM4ZYZKAF.mzML	3333	01KAEM2J4N14VY7VNFPJ93RXYR	3334	WMMA1828	Bugni Lab UW-Madison		KY015184	Micromonosporaceae;Micromonospora;Verrucosispora sp.	Micromonosporaceae	Micromonospora	Verrucosispora sp.	1871626.0
0	3335	0.1570732601875409	01KABVG79A32Y6M4JVM4ZYZKAF.mzML	3335	01KAEM463DN5ZYWERKSF04ZCCR	3336	WMMA1908	Bugni Lab UW-Madison		KY015102	Micromonosporaceae;Micromonospora;Micromonospora sp.	Micromonosporaceae	Micromonospora	Micromonospora sp.	1876.0
0	3341	0.1166983357287581	01KABVG79A32Y6M4JVM4ZYZKAF.mzML	3341	01KAEM48D8SS91MG0GHNF38BV8	3342	WMMA1913	Bugni Lab UW-Madison		KY015105	Micromonosporaceae;Micromonospora;Micromonospora sp.	Micromonosporaceae	Micromonospora	Micromonospora sp.	1876.0
0	3347	0.1722066501809703	01KABVG79A32Y6M4JVM4ZYZKAF.mzML	3347	01KAEM63PFC01ZNNWAYHBZ2TWM	3348	WMMA2044	Bugni Lab UW-Madison		GCA_027497155.1	Micromonosporaceae;Micromonospora;Verrucosispora sp. WMMA2044	Micromonosporaceae	Micromonospora	Verrucosispora sp. WMMA2044	3016419.0
0	3349	0.1808001149775574	01KABVG79A32Y6M4JVM4ZYZKAF.mzML	3349	01KAEM4K67NYXNFSDWPTTDK5JH	3350	WMMA1949	Bugni Lab UW-Madison		GCA_027460145.1	Micromonosporaceae;Micromonospora;Micromonospora sp. WMMA1949	Micromonosporaceae	Micromonospora	Micromonospora sp. WMMA1949	3015162.0
0	3350	0.1354439713974252	01KABVG79A32Y6M4JVM4ZYZKAF.mzML	3350	01KAEM67QMVDGEV5X50WSKPQT7	3351	WMMA2052	Bugni Lab UW-Madison		KY015211	Micromonosporaceae;Micromonospora;Verrucosispora sp.	Micromonosporaceae	Micromonospora	Verrucosispora sp.	1871626.0
0	3353	0.1479024890111547	01KABVG79A32Y6M4JVM4ZYZKAF.mzML	3353	01KAEM2KQFBTYMYG9JXTQTJCH1	3354	WMMA1829	Bugni Lab UW-Madison		KY015185	Micromonosporaceae;Micromonospora;Verrucosispora sp.	Micromonosporaceae	Micromonospora	Verrucosispora sp.	1871626.0
0	3355	0.1692565106849868	01KABVG79A32Y6M4JVM4ZYZKAF.mzML	3355	01KAEM7BE02VW9WFHDZ6PVYCAZ	3356	WMMD980	Bugni Lab UW-Madison		GCA_029626035.1	Micromonosporaceae;Micromonospora;Micromonospora sp. WMMD980	Micromonosporaceae	Micromonospora	Micromonospora sp. WMMD980	3016088.0
0	3364	0.1559021950519163	01KABVG79A32Y6M4JVM4ZYZKAF.mzML	3364	01KAEM494KD1PZ6DBHH3QVBZ7H	3365	WMMA1914	Bugni Lab UW-Madison		KY015106	Micromonosporaceae;Micromonospora;Micromonospora sp.	Micromonosporaceae	Micromonospora	Micromonospora sp.	1876.0
0	3367	0.1642463973293194	01KABVG79A32Y6M4JVM4ZYZKAF.mzML	3367	01KAEM74TARTBB8B6KQP3RS4JC	3368	WMMD812	Bugni Lab UW-Madison		GCA_027497215.1	Micromonosporaceae;Micromonospora;Micromonospora sp. WMMD812	Micromonosporaceae	Micromonospora	Micromonospora sp. WMMD812	3015152.0
0	3368	0.188768960800385	01KABVG79A32Y6M4JVM4ZYZKAF.mzML	3368	01KAEM3YN0X4TRWCETMSC3Y6NH	3369	WMMA1903	Bugni Lab UW-Madison		KY015099	Micromonosporaceae;Micromonospora;Micromonospora sp.	Micromonosporaceae	Micromonospora	Micromonospora sp.	1876.0
0	3372	0.1654382172096092	01KABVG79A32Y6M4JVM4ZYZKAF.mzML	3372	01KAEM5BD7XFT4R419PNECS3A4	3373	WMMA1978	Bugni Lab UW-Madison		KY015141	Micromonosporaceae;Micromonospora;Micromonospora sp.	Micromonosporaceae	Micromonospora	Micromonospora sp.	1876.0
0	3373	0.1499175477791413	01KABVG79A32Y6M4JVM4ZYZKAF.mzML	3373	01KAEM68FPPFN853KA86RC9WVZ	3374	WMMA2053	Bugni Lab UW-Madison		KY015212	Micromonosporaceae;Micromonospora;Verrucosispora sp.	Micromonosporaceae	Micromonospora	Verrucosispora sp.	1871626.0
0	3375	0.1853518446311629	01KABVG79A32Y6M4JVM4ZYZKAF.mzML	3375	01KAEM5N4P95CJEBQZSQQMJ3PS	3376	WMMA2000	Bugni Lab UW-Madison		KY015151	Micromonosporaceae;Micromonospora;Micromonospora sp.	Micromonosporaceae	Micromonospora	Micromonospora sp.	1876.0
0	3377	0.1654180624830841	01KABVG79A32Y6M4JVM4ZYZKAF.mzML	3377	01KAEM6XZMV61J15FAGBZM62DH	3378	WMMD710	Bugni Lab UW-Madison		GCA_029626045.1	Micromonosporaceae;Micromonospora;Micromonospora sp. WMMD710	Micromonosporaceae	Micromonospora	Micromonospora sp. WMMD710	3016085.0
0	3380	0.1806461964167781	01KABVG79A32Y6M4JVM4ZYZKAF.mzML	3380	01KAEM4JNM5NDJXN1M7CNDYZZW	3381	WMMA1948	Bugni Lab UW-Madison		KY015118	Micromonosporaceae;Micromonospora;Micromonospora sp.	Micromonosporaceae	Micromonospora	Micromonospora sp.	1876.0
0	3384	0.0883725572570672	01KABVG79A32Y6M4JVM4ZYZKAF.mzML	3384	01KAEM6V822MRQ2FRP5EGFRQT5	3385	WMMD1155	Bugni Lab UW-Madison		GCA_029581275.1	Micromonosporaceae;Micromonospora;Micromonospora sp. WMMD1155	Micromonosporaceae	Micromonospora	Micromonospora sp. WMMD1155	3016094.0
0	3385	0.162032102925149	01KABVG79A32Y6M4JVM4ZYZKAF.mzML	3385	01KAEM6FTZVGQW5CF8TD5P0BED	3386	WMMC241	Bugni Lab UW-Madison		GCA_027460165.1	Micromonosporaceae;Micromonospora;Micromonospora sp. WMMC241	Micromonosporaceae	Micromonospora	Micromonospora sp. WMMC241	3015159.0
0	3386	0.1697096742377504	01KABVG79A32Y6M4JVM4ZYZKAF.mzML	3386	01KAEM2GNK0AJZ4VMR77R57J8N	3387	WMMA1827	Bugni Lab UW-Madison		KY015183	Micromonosporaceae;Micromonospora;Verrucosispora sp.	Micromonosporaceae	Micromonospora	Verrucosispora sp.	1871626.0
0	3390	0.0903299304770084	01KABVG79A32Y6M4JVM4ZYZKAF.mzML	3390	01KAEM6QCNAXK1RSDKWTE571P9	3391	WMMD1120	Bugni Lab UW-Madison		GCA_029626235.1	Micromonosporaceae;Micromonospora;Micromonospora sp. WMMD1120	Micromonosporaceae	Micromonospora	Micromonospora sp. WMMD1120	3016106.0
0	3391	0.1378474487563061	01KABVG79A32Y6M4JVM4ZYZKAF.mzML	3391	01KAEM472SBYDQV56GT196J2V7	3392	WMMA1910	Bugni Lab UW-Madison		KY015103	Micromonosporaceae;Micromonospora;Micromonospora sp.	Micromonosporaceae	Micromonospora	Micromonospora sp.	1876.0
0	3392	0.186081165462026	01KABVG79A32Y6M4JVM4ZYZKAF.mzML	3392	01KAEM6MQW7TN5YMDYB7GDM5QB	3393	WMMD1047	Bugni Lab UW-Madison		GCA_029626155.1	Micromonosporaceae;Solwaraspora;Solwaraspora sp. WMMD1047	Micromonosporaceae	Solwaraspora	Solwaraspora sp. WMMD1047	3016102.0
0	3393	0.1840123522209268	01KABVG79A32Y6M4JVM4ZYZKAF.mzML	3393	01KAEM4TJRGRVG070WBFP4E5CW	3394	WMMA1958	Bugni Lab UW-Madison		KY015126	Micromonosporaceae;Micromonospora;Micromonospora sp.	Micromonosporaceae	Micromonospora	Micromonospora sp.	1876.0
0	3396	0.188985456458526	01KABVG79A32Y6M4JVM4ZYZKAF.mzML	3396	01KAEM3AGX5S0RNZW6YR3B9PDH	3397	WMMA1887	Bugni Lab UW-Madison		KY015083	Micromonosporaceae;Micromonospora;Micromonospora sp.	Micromonosporaceae	Micromonospora	Micromonospora sp.	1876.0
0	3398	0.1684308870860497	01KABVG79A32Y6M4JVM4ZYZKAF.mzML	3398	01KAEM2MXZQS0NZ3MKQK6ZZH25	3399	WMMA1830	Bugni Lab UW-Madison		KY015186	Micromonosporaceae;Micromonospora;Verrucosispora sp.	Micromonosporaceae	Micromonospora	Verrucosispora sp.	1871626.0
