query_index	database_index	distance	query_filename	row_count	database_id	database_scan	db_strain_name	db_culture_collection	db_sample_name	db_genbank_accession	db_taxonomy	db_family	db_genus	db_species	NCBI taxid
0	64	0.581282105320688	01KA9R502EM598QFY0NAMWQ4BH.mzML	64	01KA9R5135AXBXG68M163YJ1D9	65	129A-35	Murphy Lab UIC		MK168037	Micromonosporaceae;Micromonospora;Micromonospora sp.	Micromonosporaceae	Micromonospora	Micromonospora sp.	1876.0
0	73	0.6081796538671511	01KA9R502EM598QFY0NAMWQ4BH.mzML	73	01KA9R7X14AF8YZA67AFG150N1	74	K792	Murphy Lab UIC			Micromonospora sp. (User Submitted 16S)				
0	137	7.771561172376097e-16	01KA9R502EM598QFY0NAMWQ4BH.mzML	137	01KA9R502EM598QFY0NAMWQ4BH	138	129A-2	Murphy Lab UIC		MK168033	Micromonosporaceae;Micromonospora;Micromonospora sp.	Micromonosporaceae	Micromonospora	Micromonospora sp.	1876.0
0	151	0.5885277982685285	01KA9R502EM598QFY0NAMWQ4BH.mzML	151	01KA9R7W1N77QNBT9ACTE879WS	152	K787	Murphy Lab UIC			Micromonospora sp. (User Submitted 16S)				
0	187	0.6054618176164813	01KA9R502EM598QFY0NAMWQ4BH.mzML	187	01KA9R7XZV024CS7CNYVBDDZCV	188	K806	Murphy Lab UIC			Micromonospora sp. (User Submitted 16S)				
0	2705	0.673993568718783	01KA9R502EM598QFY0NAMWQ4BH.mzML	2705	01KABVD7EDZHRJHR0K1NTXK7ZH	2706	A040	Murphy Lab UIC			Micromonospora sp. (User Submitted 16S)				
0	2707	0.6187718160606892	01KA9R502EM598QFY0NAMWQ4BH.mzML	2707	01KABVEM6E13AXGMH5NS3GEVFW	2708	B013	Murphy Lab UIC			Micromonospora tulbaghiae (User Submitted 16S)				
0	2710	0.6118970678827542	01KA9R502EM598QFY0NAMWQ4BH.mzML	2710	01KABVJD25776HYCW46YPZ6JJZ	2711	D077	Murphy Lab UIC			Micromonospora humi (User Submitted 16S)				
0	2713	0.5636720480115565	01KA9R502EM598QFY0NAMWQ4BH.mzML	2713	01KABVFVY7F65NR3CH41M8RZCG	2714	B026	Murphy Lab UIC		KP009553	Micromonosporaceae;Micromonospora;Micromonospora sp. B026	Micromonosporaceae	Micromonospora	Micromonospora sp. B026	1611404.0
0	2718	0.5325352839231798	01KA9R502EM598QFY0NAMWQ4BH.mzML	2718	01KABVHQM4Z8DQH3VK01W7KJK4	2719	D053	Murphy Lab UIC			Micromonospora sp. (User Submitted 16S)				
0	2724	0.6607605293392218	01KA9R502EM598QFY0NAMWQ4BH.mzML	2724	01KABVESM7KWN3EQNV18Z6SQQS	2725	B016	Murphy Lab UIC			Micromonospora sp. (User Submitted 16S)				
0	2731	0.5902334882666684	01KA9R502EM598QFY0NAMWQ4BH.mzML	2731	01KABVHZ2N5BMEDR5SWJC9NPKY	2732	D054	Murphy Lab UIC			Micromonospora sp. (User Submitted 16S)				
0	2732	0.6057977453253982	01KA9R502EM598QFY0NAMWQ4BH.mzML	2732	01KABVDV9YX1DD0E5NB194KTP9	2733	B006	Murphy Lab UIC			Micromonospora sp. (User Submitted 16S)				
0	2741	0.6496754751273146	01KA9R502EM598QFY0NAMWQ4BH.mzML	2741	01KABVHK5KH3DG3M2BHGF8GKG9	2742	D052	Murphy Lab UIC			Micromonospora sp. (User Submitted 16S)				
0	2746	0.6731977595537633	01KA9R502EM598QFY0NAMWQ4BH.mzML	2746	01KABVF1BFERF34QT58K4HE90J	2747	B017	Murphy Lab UIC			Micromonospora aurantiaca (User Submitted 16S)				
0	3283	0.6740120231317088	01KA9R502EM598QFY0NAMWQ4BH.mzML	3283	01KAEM3FDP54J4SWP2ABA5W8T2	3284	WMMA1891	Bugni Lab UW-Madison		KY015087	Micromonosporaceae;Micromonospora;Micromonospora sp.	Micromonosporaceae	Micromonospora	Micromonospora sp.	1876.0
0	3285	0.6972259640392311	01KA9R502EM598QFY0NAMWQ4BH.mzML	3285	01KAEM3P2DNFWBMCQCVR1ERR3R	3286	WMMA1896	Bugni Lab UW-Madison		KY015092	Micromonosporaceae;Micromonospora;Micromonospora sp.	Micromonosporaceae	Micromonospora	Micromonospora sp.	1876.0
0	3286	0.6866762047798802	01KA9R502EM598QFY0NAMWQ4BH.mzML	3286	01KAEM4QBT90QGWRQW6NFRRB4P	3287	WMMA1953	Bugni Lab UW-Madison		KY015122	Micromonosporaceae;Micromonospora;Micromonospora sp.	Micromonosporaceae	Micromonospora	Micromonospora sp.	1876.0
0	3297	0.6751744497113352	01KA9R502EM598QFY0NAMWQ4BH.mzML	3297	01KAEM3WD006ZECTX2XF08AQX4	3298	WMMA1901	Bugni Lab UW-Madison		KY015097	Micromonosporaceae;Micromonospora;Micromonospora sp.	Micromonosporaceae	Micromonospora	Micromonospora sp.	1876.0
0	3320	0.678387899117052	01KA9R502EM598QFY0NAMWQ4BH.mzML	3320	01KAEM4Y4Y9D5TMCEYK5X2V9W5	3321	WMMA1962	Bugni Lab UW-Madison		KY015129	Micromonosporaceae;Micromonospora;Micromonospora sp.	Micromonosporaceae	Micromonospora	Micromonospora sp.	1876.0
0	3326	0.6975926316204971	01KA9R502EM598QFY0NAMWQ4BH.mzML	3326	01KAEM4EH07MZM8TEJ5V1C4AJH	3327	WMMA1933	Bugni Lab UW-Madison		KY015114	Micromonosporaceae;Micromonospora;Micromonospora sp.	Micromonosporaceae	Micromonospora	Micromonospora sp.	1876.0
0	3345	0.6819900141027782	01KA9R502EM598QFY0NAMWQ4BH.mzML	3345	01KAEM4DDCEZ14WXD51KEEPW53	3346	WMMA1925	Bugni Lab UW-Madison		KY015111	Micromonosporaceae;Micromonospora;Micromonospora sp.	Micromonosporaceae	Micromonospora	Micromonospora sp.	1876.0
0	3352	0.697005560666258	01KA9R502EM598QFY0NAMWQ4BH.mzML	3352	01KAEM5E4JEXW276KERE0VYFY9	3353	WMMA1990	Bugni Lab UW-Madison		KY015144	Micromonosporaceae;Micromonospora;Micromonospora sp.	Micromonosporaceae	Micromonospora	Micromonospora sp.	1876.0
0	3361	0.6638248988545747	01KA9R502EM598QFY0NAMWQ4BH.mzML	3361	01KAEM4MZ0STYBJZRVJCMRHRHM	3362	WMMA1950	Bugni Lab UW-Madison		KY015120	Micromonosporaceae;Micromonospora;Micromonospora sp.	Micromonosporaceae	Micromonospora	Micromonospora sp.	1876.0
0	3364	0.6641952705743419	01KA9R502EM598QFY0NAMWQ4BH.mzML	3364	01KAEM494KD1PZ6DBHH3QVBZ7H	3365	WMMA1914	Bugni Lab UW-Madison		KY015106	Micromonosporaceae;Micromonospora;Micromonospora sp.	Micromonosporaceae	Micromonospora	Micromonospora sp.	1876.0
0	3378	0.6939047600824568	01KA9R502EM598QFY0NAMWQ4BH.mzML	3378	01KAEM5HTGWKNPX6JFTCCHRT4J	3379	WMMA1994	Bugni Lab UW-Madison		KY015147	Micromonosporaceae;Micromonospora;Micromonospora sp.	Micromonosporaceae	Micromonospora	Micromonospora sp.	1876.0
0	3396	0.6476915951595645	01KA9R502EM598QFY0NAMWQ4BH.mzML	3396	01KAEM3AGX5S0RNZW6YR3B9PDH	3397	WMMA1887	Bugni Lab UW-Madison		KY015083	Micromonosporaceae;Micromonospora;Micromonospora sp.	Micromonosporaceae	Micromonospora	Micromonospora sp.	1876.0
0	70	0.6031838025140527	01KABVDN5VSH8NWZF4KK71B36P.mzML	70	01KA9R7TN3ZPW4SGN9DBW79RR5	71	K779	Murphy Lab UIC			Micromonospora sp. (User Submitted 16S)				
0	95	0.5890073528495549	01KABVDN5VSH8NWZF4KK71B36P.mzML	95	01KA9R7HAP8T2859SKA9XJF8XF	96	K699	Murphy Lab UIC			Micromonospora sp. (User Submitted 16S)				
0	1380	0.6669497523511354	01KABVDN5VSH8NWZF4KK71B36P.mzML	1380	01JVTRHFKTWPGR04GQT3ZN6Q0R	1381	BM2E001	Murphy Lab UIC			Micromonospora sp. (User Submitted 16S)				
0	1413	0.6508733740866232	01KABVDN5VSH8NWZF4KK71B36P.mzML	1413	01JVTRHW0H4W4HEQ6ZRFSSQ90C	1414	BM6G003A	Murphy Lab UIC		PQ001007	Micromonosporaceae;Micromonospora;Micromonospora sp.	Micromonosporaceae	Micromonospora	Micromonospora sp.	1876.0
0	2706	0.4836135372009333	01KABVDN5VSH8NWZF4KK71B36P.mzML	2706	01KABVEESWCMN2RCXM1EF85QXF	2707	B012	Murphy Lab UIC		KY858247	Micromonosporaceae;Micromonospora;Micromonospora chokoriensis	Micromonosporaceae	Micromonospora	Micromonospora chokoriensis	356851.0
0	2707	0.6940738129572657	01KABVDN5VSH8NWZF4KK71B36P.mzML	2707	01KABVEM6E13AXGMH5NS3GEVFW	2708	B013	Murphy Lab UIC			Micromonospora tulbaghiae (User Submitted 16S)				
0	2708	0.512735911381841	01KABVDN5VSH8NWZF4KK71B36P.mzML	2708	01KABVG4816P8MNPYHYEXFA5N3	2709	B031	Murphy Lab UIC			Micromonospora sp. (User Submitted 16S)				
0	2709	0.5958880704397563	01KABVDN5VSH8NWZF4KK71B36P.mzML	2709	01KABVDCX3YBV83W778NE5P4RC	2710	B001	Murphy Lab UIC		KY858238	Micromonosporaceae;Micromonospora;Micromonospora chokoriensis	Micromonosporaceae	Micromonospora	Micromonospora chokoriensis	356851.0
0	2713	0.6954643937338838	01KABVDN5VSH8NWZF4KK71B36P.mzML	2713	01KABVFVY7F65NR3CH41M8RZCG	2714	B026	Murphy Lab UIC		KP009553	Micromonosporaceae;Micromonospora;Micromonospora sp. B026	Micromonosporaceae	Micromonospora	Micromonospora sp. B026	1611404.0
0	2721	6.661338147750939e-16	01KABVDN5VSH8NWZF4KK71B36P.mzML	2721	01KABVDN5VSH8NWZF4KK71B36P	2722	B002	Murphy Lab UIC			Micromonospora chokoriensis (User Submitted 16S)				
0	2739	0.6376941779589188	01KABVDN5VSH8NWZF4KK71B36P.mzML	2739	01KABVG79A32Y6M4JVM4ZYZKAF	2740	B032	Murphy Lab UIC			Micromonospora sp. (User Submitted 16S)				
0	2742	0.5542220858791354	01KABVDN5VSH8NWZF4KK71B36P.mzML	2742	01KABVFFZ7EDYKQM4J5YDVYVC2	2743	B022	Murphy Lab UIC		KY858245	Micromonosporaceae;Micromonospora;Micromonospora chokoriensis	Micromonosporaceae	Micromonospora	Micromonospora chokoriensis	356851.0
0	3265	0.6435604113908377	01KABVDN5VSH8NWZF4KK71B36P.mzML	3265	01KAEM7A4C05CKZRRK7NAEEC6M	3266	WMMD964	Bugni Lab UW-Madison		GCA_029581455.1	Micromonosporaceae;Micromonospora;Micromonospora sp. WMMD964	Micromonosporaceae	Micromonospora	Micromonospora sp. WMMD964	3016091.0
0	3266	0.646446609406726	01KABVDN5VSH8NWZF4KK71B36P.mzML	3266	01KAEM6GQSSFDSSSWF8M1NBR4B	3267	WMMC250	Bugni Lab UW-Madison		GCA_027460215.1	Micromonosporaceae;Micromonospora;Micromonospora sp. WMMC250	Micromonosporaceae	Micromonospora	Micromonospora sp. WMMC250	3014781.0
0	3286	0.6767269494540604	01KABVDN5VSH8NWZF4KK71B36P.mzML	3286	01KAEM4QBT90QGWRQW6NFRRB4P	3287	WMMA1953	Bugni Lab UW-Madison		KY015122	Micromonosporaceae;Micromonospora;Micromonospora sp.	Micromonosporaceae	Micromonospora	Micromonospora sp.	1876.0
0	3299	0.6856224897626522	01KABVDN5VSH8NWZF4KK71B36P.mzML	3299	01KAEM7N3PW3MAKYKKP7AHV6FH	3300	WMMD975	Bugni Lab UW-Madison		GCA_029581215.1	Micromonosporaceae;Micromonospora;Micromonospora sp. WMMD975	Micromonosporaceae	Micromonospora	Micromonospora sp. WMMD975	3016087.0
0	3300	0.6720870821080235	01KABVDN5VSH8NWZF4KK71B36P.mzML	3300	01KAEM4G4PJG4A8B33NFAZYAXJ	3301	WMMA1946	Bugni Lab UW-Madison		KY015116	Micromonosporaceae;Micromonospora;Micromonospora sp.	Micromonosporaceae	Micromonospora	Micromonospora sp.	1876.0
0	3301	0.6390954408152535	01KABVDN5VSH8NWZF4KK71B36P.mzML	3301	01KAEM602WQS98CMQA0MFX7V2X	3302	WMMA2015	Bugni Lab UW-Madison		KY015165	Micromonosporaceae;Micromonospora;Micromonospora sp.	Micromonosporaceae	Micromonospora	Micromonospora sp.	1876.0
0	3308	0.6374164524259357	01KABVDN5VSH8NWZF4KK71B36P.mzML	3308	01KAEM593HP01GV0WN7D01VJAA	3309	WMMA1975	Bugni Lab UW-Madison		KY015138	Micromonosporaceae;Micromonospora;Micromonospora sp.	Micromonosporaceae	Micromonospora	Micromonospora sp.	1876.0
0	3325	0.6203156864241975	01KABVDN5VSH8NWZF4KK71B36P.mzML	3325	01KAEM5QH9B0D9FQRAT45HG21X	3326	WMMA2003	Bugni Lab UW-Madison		KY015153	Micromonosporaceae;Micromonospora;Micromonospora sp.	Micromonosporaceae	Micromonospora	Micromonospora sp.	1876.0
0	3326	0.6999903995391754	01KABVDN5VSH8NWZF4KK71B36P.mzML	3326	01KAEM4EH07MZM8TEJ5V1C4AJH	3327	WMMA1933	Bugni Lab UW-Madison		KY015114	Micromonosporaceae;Micromonospora;Micromonospora sp.	Micromonosporaceae	Micromonospora	Micromonospora sp.	1876.0
0	3330	0.6998178816359133	01KABVDN5VSH8NWZF4KK71B36P.mzML	3330	01KAEM7AXV70C2W19YKCPCVVBQ	3331	WMMD967	Bugni Lab UW-Madison		GCA_029626165.1	Micromonosporaceae;Micromonospora;Micromonospora sp. WMMD967	Micromonosporaceae	Micromonospora	Micromonospora sp. WMMD967	3016101.0
0	3346	0.6961901131058811	01KABVDN5VSH8NWZF4KK71B36P.mzML	3346	01KAEM3BS403H999QG5SZN44QM	3347	WMMA1888	Bugni Lab UW-Madison		KY015084	Micromonosporaceae;Micromonospora;Micromonospora sp.	Micromonosporaceae	Micromonospora	Micromonospora sp.	1876.0
0	3375	0.6893105267617063	01KABVDN5VSH8NWZF4KK71B36P.mzML	3375	01KAEM5N4P95CJEBQZSQQMJ3PS	3376	WMMA2000	Bugni Lab UW-Madison		KY015151	Micromonosporaceae;Micromonospora;Micromonospora sp.	Micromonosporaceae	Micromonospora	Micromonospora sp.	1876.0
0	3384	0.6472322263850999	01KABVDN5VSH8NWZF4KK71B36P.mzML	3384	01KAEM6V822MRQ2FRP5EGFRQT5	3385	WMMD1155	Bugni Lab UW-Madison		GCA_029581275.1	Micromonosporaceae;Micromonospora;Micromonospora sp. WMMD1155	Micromonosporaceae	Micromonospora	Micromonospora sp. WMMD1155	3016094.0
0	3391	0.6851663381972859	01KABVDN5VSH8NWZF4KK71B36P.mzML	3391	01KAEM472SBYDQV56GT196J2V7	3392	WMMA1910	Bugni Lab UW-Madison		KY015103	Micromonosporaceae;Micromonospora;Micromonospora sp.	Micromonosporaceae	Micromonospora	Micromonospora sp.	1876.0
0	3393	0.6212859685490038	01KABVDN5VSH8NWZF4KK71B36P.mzML	3393	01KAEM4TJRGRVG070WBFP4E5CW	3394	WMMA1958	Bugni Lab UW-Madison		KY015126	Micromonosporaceae;Micromonospora;Micromonospora sp.	Micromonosporaceae	Micromonospora	Micromonospora sp.	1876.0
0	771	0.6934982887991126	01JVTRPWACEHWY4SDV73RV4RZ3.mzML	771	01KGR37CZQATB6XK4RZGB9SJCW	772	Vibrio_None_None_05-08874_A171-1 | Vibrio_None_None_A171-1		LMTG89K16_0\0_K16\1 | V.cholerae_171_1\0_H18\1 | Vibrio cholerae\0_H6\1		Vibrionaceae;Vibrio;Vibrio cholerae	Vibrionaceae	Vibrio	Vibrio cholerae	666.0
0	996	0.6922395495757117	01JVTRPWACEHWY4SDV73RV4RZ3.mzML	996	01JV3FRNNY6PPBKS05QAKFQ0MF	997	B-1453	USDA-ARS NRRL		LM999765	Streptomycetaceae;Streptomyces;Streptomyces microflavus	Streptomycetaceae	Streptomyces	Streptomyces microflavus	1919.0
0	1199	0.6959703335332063	01JVTRPWACEHWY4SDV73RV4RZ3.mzML	1199	01JV3FNA7Q7NV8GRH5C3WDH1NP	1200	B-24580	USDA-ARS NRRL		DQ912930	Streptomycetaceae;Streptomyces;Streptomyces radiopugnans	Streptomycetaceae	Streptomyces	Streptomyces radiopugnans	403935.0
0	1431	9.992007221626409e-16	01JVTRPWACEHWY4SDV73RV4RZ3.mzML	1431	01JVTRPWACEHWY4SDV73RV4RZ3	1432	WIAH03	Murphy Lab UIC		PQ118633	Streptosporangiaceae;Streptosporangium;Streptosporangium sp.	Streptosporangiaceae	Streptosporangium	Streptosporangium sp.	47486.0
0	2657	0.6821463735694502	01JVTRPWACEHWY4SDV73RV4RZ3.mzML	2657	01K2J3E5S7PZE3KZMYG07G2DEC	2658	CNS801	Jensen Lab Scripps UCSD			Micromonosporaceae;Salinispora;Salinispora vitiensis	Micromonosporaceae	Salinispora	Salinispora vitiensis	1408350.0
0	2871	0.6932601312528188	01JVTRPWACEHWY4SDV73RV4RZ3.mzML	2871	01KGR3TG370KQWS4S5PPEXNQH6	2872	Vibrio_None_None_A222		A222_1\0_C5\1 | A222_4\0_E6\1 | A222_3\0_C6\1 | A222_2\0_E5\1		Vibrionaceae;Vibrio;Vibrio cholerae	Vibrionaceae	Vibrio	Vibrio cholerae	666.0
0	139	5.551115123125784e-16	01KA9R44B6KYRW1GX0VJHS8BCX.mzML	139	01KA9R44B6KYRW1GX0VJHS8BCX	140	115B-7	Murphy lab UIC		MK143177	Intrasporangiaceae;Knoellia;Knoellia sp.	Intrasporangiaceae	Knoellia	Knoellia sp.	1912358.0
0	1323	0.6978711062712731	01JVTRKK0RPP550CFE0B4RGN5T.mzML	1323	01K1XFC9402R136Q9VYTB2NZ2T	1324	GSL23_185	Winter Lab- U of U			Nocardiopsis sp. (User Submitted 16S)				
0	1406	0.6613078527494365	01JVTRKK0RPP550CFE0B4RGN5T.mzML	1406	01JVTRHYDEA3BVNQTQQ75Q5A5S	1407	BM6J002	Murphy Lab UIC			Paenibacillus sp. (User Submitted 16S)				
0	1412	8.881784197001252e-16	01JVTRKK0RPP550CFE0B4RGN5T.mzML	1412	01JVTRKK0RPP550CFE0B4RGN5T	1413	LYG002A	Murphy Lab UIC			Cryobacterium sp. (User Submitted 16S)				
0	137	0.6607605293392218	01KABVESM7KWN3EQNV18Z6SQQS.mzML	137	01KA9R502EM598QFY0NAMWQ4BH	138	129A-2	Murphy Lab UIC		MK168033	Micromonosporaceae;Micromonospora;Micromonospora sp.	Micromonosporaceae	Micromonospora	Micromonospora sp.	1876.0
0	151	0.6913832203247015	01KABVESM7KWN3EQNV18Z6SQQS.mzML	151	01KA9R7W1N77QNBT9ACTE879WS	152	K787	Murphy Lab UIC			Micromonospora sp. (User Submitted 16S)				
0	187	0.6293580562076144	01KABVESM7KWN3EQNV18Z6SQQS.mzML	187	01KA9R7XZV024CS7CNYVBDDZCV	188	K806	Murphy Lab UIC			Micromonospora sp. (User Submitted 16S)				
0	2705	0.6299346277443496	01KABVESM7KWN3EQNV18Z6SQQS.mzML	2705	01KABVD7EDZHRJHR0K1NTXK7ZH	2706	A040	Murphy Lab UIC			Micromonospora sp. (User Submitted 16S)				
0	2713	0.6021552936677181	01KABVESM7KWN3EQNV18Z6SQQS.mzML	2713	01KABVFVY7F65NR3CH41M8RZCG	2714	B026	Murphy Lab UIC		KP009553	Micromonosporaceae;Micromonospora;Micromonospora sp. B026	Micromonosporaceae	Micromonospora	Micromonospora sp. B026	1611404.0
0	2718	0.6226041874852246	01KABVESM7KWN3EQNV18Z6SQQS.mzML	2718	01KABVHQM4Z8DQH3VK01W7KJK4	2719	D053	Murphy Lab UIC			Micromonospora sp. (User Submitted 16S)				
0	2724	0.0	01KABVESM7KWN3EQNV18Z6SQQS.mzML	2724	01KABVESM7KWN3EQNV18Z6SQQS	2725	B016	Murphy Lab UIC			Micromonospora sp. (User Submitted 16S)				
0	2728	0.5042734632894658	01KABVESM7KWN3EQNV18Z6SQQS.mzML	2728	01KABVF7F49ZNFGTHS37N5M3HY	2729	B019	Murphy Lab UIC			Micromonospora tulbaghiae (User Submitted 16S)				
0	2731	0.5792716539963545	01KABVESM7KWN3EQNV18Z6SQQS.mzML	2731	01KABVHZ2N5BMEDR5SWJC9NPKY	2732	D054	Murphy Lab UIC			Micromonospora sp. (User Submitted 16S)				
0	2732	0.5200655475466622	01KABVESM7KWN3EQNV18Z6SQQS.mzML	2732	01KABVDV9YX1DD0E5NB194KTP9	2733	B006	Murphy Lab UIC			Micromonospora sp. (User Submitted 16S)				
0	2741	0.6201058035460716	01KABVESM7KWN3EQNV18Z6SQQS.mzML	2741	01KABVHK5KH3DG3M2BHGF8GKG9	2742	D052	Murphy Lab UIC			Micromonospora sp. (User Submitted 16S)				
0	3264	0.6506011685367877	01KABVESM7KWN3EQNV18Z6SQQS.mzML	3264	01KAEM3SQBAZ7X3W5WJJH4KSP6	3265	WMMA1899	Bugni Lab UW-Madison		KY015095	Micromonosporaceae;Micromonospora;Micromonospora sp.	Micromonosporaceae	Micromonospora	Micromonospora sp.	1876.0
0	3268	0.696507135185234	01KABVESM7KWN3EQNV18Z6SQQS.mzML	3268	01KAEM4RZWT59RYBJ73N3S4YC4	3269	WMMA1957	Bugni Lab UW-Madison		KY015125	Micromonosporaceae;Micromonospora;Micromonospora sp.	Micromonosporaceae	Micromonospora	Micromonospora sp.	1876.0
0	3282	0.6874941919944981	01KABVESM7KWN3EQNV18Z6SQQS.mzML	3282	01KAEM5T6BQE9HNWMP8SHK8KYM	3283	WMMA2010	Bugni Lab UW-Madison		KY015160	Micromonosporaceae;Micromonospora;Micromonospora sp.	Micromonosporaceae	Micromonospora	Micromonospora sp.	1876.0
0	3283	0.66664101478827	01KABVESM7KWN3EQNV18Z6SQQS.mzML	3283	01KAEM3FDP54J4SWP2ABA5W8T2	3284	WMMA1891	Bugni Lab UW-Madison		KY015087	Micromonosporaceae;Micromonospora;Micromonospora sp.	Micromonosporaceae	Micromonospora	Micromonospora sp.	1876.0
0	3285	0.6583501824238597	01KABVESM7KWN3EQNV18Z6SQQS.mzML	3285	01KAEM3P2DNFWBMCQCVR1ERR3R	3286	WMMA1896	Bugni Lab UW-Madison		KY015092	Micromonosporaceae;Micromonospora;Micromonospora sp.	Micromonosporaceae	Micromonospora	Micromonospora sp.	1876.0
0	3286	0.6434552585433151	01KABVESM7KWN3EQNV18Z6SQQS.mzML	3286	01KAEM4QBT90QGWRQW6NFRRB4P	3287	WMMA1953	Bugni Lab UW-Madison		KY015122	Micromonosporaceae;Micromonospora;Micromonospora sp.	Micromonosporaceae	Micromonospora	Micromonospora sp.	1876.0
0	3339	0.698570103151802	01KABVESM7KWN3EQNV18Z6SQQS.mzML	3339	01KAEM4X2N3RQREDD19HEP5E8V	3340	WMMA1961	Bugni Lab UW-Madison		KY015128	Micromonosporaceae;Micromonospora;Micromonospora sp.	Micromonosporaceae	Micromonospora	Micromonospora sp.	1876.0
0	3356	0.6563727700896611	01KABVESM7KWN3EQNV18Z6SQQS.mzML	3356	01KAEM408ZA2PQ0BK2539EZR6P	3357	WMMA1906	Bugni Lab UW-Madison		KY015100	Micromonosporaceae;Micromonospora;Micromonospora sp.	Micromonosporaceae	Micromonospora	Micromonospora sp.	1876.0
0	3358	0.6949031695681545	01KABVESM7KWN3EQNV18Z6SQQS.mzML	3358	01KAEM4H40HZXRMJF18AY3H26J	3359	WMMA1947	Bugni Lab UW-Madison		GCA_027497355.1	Micromonosporaceae;Micromonospora;Micromonospora sp. WMMA1947	Micromonosporaceae	Micromonospora	Micromonospora sp. WMMA1947	3015163.0
0	3368	0.6549543835715709	01KABVESM7KWN3EQNV18Z6SQQS.mzML	3368	01KAEM3YN0X4TRWCETMSC3Y6NH	3369	WMMA1903	Bugni Lab UW-Madison		KY015099	Micromonosporaceae;Micromonospora;Micromonospora sp.	Micromonosporaceae	Micromonospora	Micromonospora sp.	1876.0
0	3378	0.6818707608184884	01KABVESM7KWN3EQNV18Z6SQQS.mzML	3378	01KAEM5HTGWKNPX6JFTCCHRT4J	3379	WMMA1994	Bugni Lab UW-Madison		KY015147	Micromonosporaceae;Micromonospora;Micromonospora sp.	Micromonosporaceae	Micromonospora	Micromonospora sp.	1876.0
0	3387	0.6751611575394967	01KABVESM7KWN3EQNV18Z6SQQS.mzML	3387	01KAEM5YZMDJ3MRYGR1XAYSX97	3388	WMMA2014	Bugni Lab UW-Madison		KY015164	Micromonosporaceae;Micromonospora;Micromonospora sp.	Micromonosporaceae	Micromonospora	Micromonospora sp.	1876.0
0	80	0.6707236129509127	01KA9R5525JJNGDEQTMQRR56MH.mzML	80	01KA9R6XRND35SQSFW8RH9JKH4	81	K443	Murphy Lab UIC			Bacillus sp. (User Submitted 16S)				
0	122	0.6586317852164381	01KA9R5525JJNGDEQTMQRR56MH.mzML	122	01KA9R53XS1JWJ298ZNHVBN9XM	123	129A-49	Murphy lab UIC		MK143250	Paenibacillaceae;Paenibacillus;Paenibacillus sp.	Paenibacillaceae	Paenibacillus	Paenibacillus sp.	58172.0
0	141	0.6951996951995427	01KA9R5525JJNGDEQTMQRR56MH.mzML	141	01KA9R5VW4RTR0BWSQZ5CMQWBA	142	137D-3	Murphy lab UIC		MK163430	Nocardiaceae;Rhodococcus;Rhodococcus sp. (in: high G+C Gram-positive bacteria)	Nocardiaceae	Rhodococcus	Rhodococcus sp. (in: high G+C Gram-positive bacteria)	1831.0
0	143	6.661338147750939e-16	01KA9R5525JJNGDEQTMQRR56MH.mzML	143	01KA9R5525JJNGDEQTMQRR56MH	144	129A-55	Murphy lab UIC		MK163416	Mycobacteriaceae;Mycolicibacterium;Mycolicibacterium sp.	Mycobacteriaceae	Mycolicibacterium	Mycolicibacterium sp.	2320850.0
0	174	0.6983746983745475	01KA9R5525JJNGDEQTMQRR56MH.mzML	174	01KA9R59YCGN3XE6KE07CCQ0MJ	175	130A-5	Murphy lab UIC		MK143267	Paenibacillaceae;Paenibacillus;Paenibacillus sp.	Paenibacillaceae	Paenibacillus	Paenibacillus sp.	58172.0
0	953	0.6649379856198625	01KA9R5525JJNGDEQTMQRR56MH.mzML	953	01JV3F0VFZCMB5Q3A23A6170N3	954	B-2289	USDA-ARS NRRL		 AY999823	Streptomycetaceae;Streptomyces;Streptomyces anulatus	Streptomycetaceae	Streptomyces	Streptomyces anulatus	285559.0
0	1103	0.6994628464812358	01KA9R5525JJNGDEQTMQRR56MH.mzML	1103	01JV3FHZV6ZHNYV840S656GPTN	1104	B-2218	USDA-ARS NRRL		AY999886	Streptomycetaceae;Kitasatospora;Kitasatospora aburaviensis	Streptomycetaceae	Kitasatospora	Kitasatospora aburaviensis	67265.0
0	1207	0.6976792275374291	01KA9R5525JJNGDEQTMQRR56MH.mzML	1207	01JV3F7K8MXJKFZAYP953QYZRX	1208	B-1813	USDA-ARS NRRL		AB184433	Streptomycetaceae;Streptomyces;Streptomyces sp.	Streptomycetaceae	Streptomyces	Streptomyces sp.	1931.0
0	1209	0.6543494350898583	01KA9R5525JJNGDEQTMQRR56MH.mzML	1209	01JV3F6FQP0XRAF26ZDVSHK9QD	1210	B-12181	USDA-ARS NRRL		AB184314	Streptomycetaceae;Streptomyces;Streptomyces violaceorectus	Streptomycetaceae	Streptomyces	Streptomyces violaceorectus	67379.0
0	1322	0.6916553864924553	01KA9R5525JJNGDEQTMQRR56MH.mzML	1322	01K1XFC69V1X0NJX5R2N0H4K72	1323	GSL23_181	Winter Lab- U of U			Nocardiopsis sp. (User Submitted 16S)				
0	363	0.6730678014630282	01KABVFKHDBS3D7BATTGRP21QR.mzML	363	01K9QYSR0MQJ6A8T1W399CD7BC	364	PPS223	Marshall Space Flight Center			Bacillus toyonensis/thuringiensis (User Submitted 16S)				
0	411	0.6670129871064938	01KABVFKHDBS3D7BATTGRP21QR.mzML	411	01KGR3D5YVXG9EJ58J8X87HZMV	412	Bacillus_None_None_A31		A31_02\0_H13\1 | A31_04\0_H14\1 | A31_03\0_F14\1 | A31_01\0_F13\1		Bacillaceae;Bacillus;Bacillus cereus	Bacillaceae	Bacillus	Bacillus cereus	1396.0
0	415	0.6899415221018677	01KABVFKHDBS3D7BATTGRP21QR.mzML	415	01KGR38731N30T81GQ674TMN6K	416	Bacillus_None_None_ATCC_33019_(B244,_Beyer)		B244_01\0_F15\1 | B244_03\0_F16\1 | B244_04\0_H16\1 | B244_02\0_H15\1		Bacillaceae;Bacillus;Bacillus cereus	Bacillaceae	Bacillus	Bacillus cereus	1396.0
0	444	0.698059457561441	01KABVFKHDBS3D7BATTGRP21QR.mzML	444	01KGR38HQPB1WY3AP6TNSXH21W	445	Bacillus_None_None_A-175|2		A175-2_03_002\0_E11\1 | A175-2_03_004\0_E12\1 | A175-2_03_001\0_C11\1 | A175-2_03_003\0_C12\1		Bacillaceae;Bacillus;	Bacillaceae	Bacillus		86661.0
0	459	0.6767676767676767	01KABVFKHDBS3D7BATTGRP21QR.mzML	459	01KGR3J6XVHRWVCVCC4DSFT2KA	460	Bacillus_None_None_LMG_28875_(RKI)		LMG_28875_20181101_03\0_E16\1 | LMG_28875_20181101_02\0_G15\1 | LMG_28875_20181101_01\0_E15\1 | LMG_28875_20181101_04\0_G16\1		Bacillaceae;Bacillus;Bacillus albus	Bacillaceae	Bacillus	Bacillus albus	2026189.0
0	634	0.6530133073960769	01KABVFKHDBS3D7BATTGRP21QR.mzML	634	01KGR3ZZYXWRRFTH98YRBJSVDP	635	Bacillus_None_None_SN4-3		SN4-3_04\0_H12\1 | SN4-3_02\0_H11\1 | SN4-3_01\0_F11\1 | SN4-3_03\0_F12\1		Bacillaceae;Bacillus;Bacillus cereus	Bacillaceae	Bacillus	Bacillus cereus	1396.0
0	661	0.6080209355323676	01KABVFKHDBS3D7BATTGRP21QR.mzML	661	01KGR39HR9J3DD3KEBY8RPWK69	662	Bacillus_None_None_NCTC_9945_ATCC_10876a_(B264,_Beyer)		B264_04\0_K18\1 | B264_03\0_I18\1 | B264_01\0_I17\1 | B264_02\0_K17\1		Bacillaceae;Bacillus;Bacillus cereus	Bacillaceae	Bacillus	Bacillus cereus	1396.0
0	679	0.6652806593023983	01KABVFKHDBS3D7BATTGRP21QR.mzML	679	01KGR3HKYRHXYHANFF303X0FZB	680	Bacillus_None_None_LMG_28875_(RKI)		LMG_28875_20181115_01\0_B19\1 | LMG_28875_20181115_04\0_D20\1 | LMG_28875_20181115_02\0_D19\1 | LMG_28875_20181115_03\0_B20\1		Bacillaceae;Bacillus;Bacillus albus	Bacillaceae	Bacillus	Bacillus albus	2026189.0
0	748	0.6855666799507378	01KABVFKHDBS3D7BATTGRP21QR.mzML	748	01KGR3YNA0TJ1CWRNG4JPDATMT	749	Bacillus_None_None_environmental_(B278,_Beyer)		B278_02\0_N4\1 | B278_03\0_L5\1 | B278_01\0_L4\1 | B278_04\0_N5\1		Bacillaceae;Bacillus;Bacillus cereus	Bacillaceae	Bacillus	Bacillus cereus	1396.0
0	769	0.6746999756838221	01KABVFKHDBS3D7BATTGRP21QR.mzML	769	01KGR3CCGFF32A1QE1PAHTY789	770	Bacillus_None_None_DSM_ID_92-340_(B275,_Beyer)		B275_04\0_K19\1 | B275_03\0_I19\1 | B275_02\0_K18\1 | B275_01\0_I18\1		Bacillaceae;Bacillus;	Bacillaceae	Bacillus		86661.0
0	778	0.6949304564517136	01KABVFKHDBS3D7BATTGRP21QR.mzML	778	01KGR3SGQWAA1KMKZ4HYD66FFN	779	Bacillus_None_None_environmental_(B295,_Beyer)		B295_04\0_N16\1 | B295_01\0_L15\1 | B295_02\0_N15\1 | B295_03\0_L16\1		Bacillaceae;Bacillus;Bacillus cereus	Bacillaceae	Bacillus	Bacillus cereus	1396.0
0	795	0.6702228817757993	01KABVFKHDBS3D7BATTGRP21QR.mzML	795	01KGR38R4WXTME2TXJKP25MTW2	796	Bacillus_None_None_EZ05-05		M01_35.2\0_F11\1 | M01_35.1\0_H10\1 | M01_35.0\0_F10\1 | M01_35.3\0_H11\1		Bacillaceae;Bacillus;Bacillus thuringiensis	Bacillaceae	Bacillus	Bacillus thuringiensis	1428.0
0	829	0.6867355255038541	01KABVFKHDBS3D7BATTGRP21QR.mzML	829	01KGR3R4TZV7PTHA7RC607KSCQ	830	Bacillus_None_None_BW-B_(RKI)		LMTG62H04_0\0_H4\1 | LMTG62K06_0\0_K6\1 | LMTG62N19_0\0_N19\1		Bacillaceae;Bacillus;Bacillus anthracis	Bacillaceae	Bacillus	Bacillus anthracis	1392.0
0	1570	0.6899415221018677	01KABVFKHDBS3D7BATTGRP21QR.mzML	1570	01KGRMTQDHEHR85TJVHGKDWF01	1571	Bacillus_None_None_DSM_428_(B239,_Beyer)		B239_04\0_H8\1 | B239_03\0_F8\1 | B239_01\0_F7\1 | B239_02\0_H7\1		Bacillaceae;Bacillus;Bacillus cereus	Bacillaceae	Bacillus	Bacillus cereus	1396.0
0	1582	0.6888266479937757	01KABVFKHDBS3D7BATTGRP21QR.mzML	1582	01KGRMR93F5A2V0SV5M0BSCVG5	1583	Bacillus_None_None_GBSC29_(02)		M02_30-2.3\0_J8\1 | M02_30-2.2\0_L8\1 | M02_30-2.1\0_L7\1 | M02_30-2.0\0_J7\1		Bacillaceae;Bacillus;Bacillus thuringiensis	Bacillaceae	Bacillus	Bacillus thuringiensis	1428.0
0	1593	0.6927731656875313	01KABVFKHDBS3D7BATTGRP21QR.mzML	1593	01KGRMPZH735QE4CQ9AR54NC50	1594	Bacillus_None_None_VM11_(01)		M03_45-1.3\0_H8\1 | M03_45-1.2\0_F8\1 | M03_45-1.0\0_F7\1 | M03_45-1.1\0_H7\1		Bacillaceae;Bacillus;Bacillus tropicus	Bacillaceae	Bacillus	Bacillus tropicus	2026188.0
0	1651	0.6762380458809121	01KABVFKHDBS3D7BATTGRP21QR.mzML	1651	01KGRMVF95VMD36390ZD769Q33	1652	Bacillus_None_None_A8		A8_1.01\0_C7\1 | A8_1.02\0_E7\1 | A8_1.04\0_E8\1 | A8_1.03\0_C8\1		Bacillaceae;Bacillus;Bacillus cereus	Bacillaceae	Bacillus	Bacillus cereus	1396.0
0	1657	0.6673852131658755	01KABVFKHDBS3D7BATTGRP21QR.mzML	1657	01KGRMKMV900VSPCGHXNZ0KNTA	1658	Bacillus_None_None_GBAC46_(02)		M03_23-2.3\0_H10\1 | M03_23-2.0\0_F9\1 | M03_23-2.2\0_H9\1 | M03_23-2.1\0_F10\1		Bacillaceae;Bacillus;Bacillus thuringiensis	Bacillaceae	Bacillus	Bacillus thuringiensis	1428.0
0	1794	0.6649873949135958	01KABVFKHDBS3D7BATTGRP21QR.mzML	1794	01KGRMFRJ4C9J5EXRFSZFF8SNC	1795	Bacillus_None_None_A31		A31_1.04\0_H4\1 | A31_1.02\0_H3\1 | A31_1.01\0_F3\1 | A31_1.03\0_F4\1		Bacillaceae;Bacillus;Bacillus cereus	Bacillaceae	Bacillus	Bacillus cereus	1396.0
0	1799	0.6982112384903431	01KABVFKHDBS3D7BATTGRP21QR.mzML	1799	01KGRMZC0Q4ES62R1TF8GH5A1R	1800	Bacillus_None_None_unknown_origin_(B255,_Beyer)		B255_04\0_H20\1 | B255_01\0_F19\1 | B255_02\0_H19\1 | B255_03\0_F20\1		Bacillaceae;Bacillus;Bacillus cereus	Bacillaceae	Bacillus	Bacillus cereus	1396.0
0	1839	0.6700820573127146	01KABVFKHDBS3D7BATTGRP21QR.mzML	1839	01KGRMX8GN11XB27EAR4MT7K31	1840	Bacillus_None_None_A31		A31_2.01\0_C21\1 | A31_2.03\0_C22\1 | A31_2.02\0_E21\1 | A31_2.04\0_E22\1		Bacillaceae;Bacillus;Bacillus cereus	Bacillaceae	Bacillus	Bacillus cereus	1396.0
0	1925	0.6869507888620006	01KABVFKHDBS3D7BATTGRP21QR.mzML	1925	01KGRMWGYB71785KPHE1MTX3DT	1926	Bacillus_None_None_NMTD81		M03_28.0\0_F19\1 | M03_28.3\0_H20\1 | M03_28.1\0_F20\1 | M03_28.2\0_H19\1		Bacillaceae;Bacillus;Bacillus thuringiensis	Bacillaceae	Bacillus	Bacillus thuringiensis	1428.0
0	1984	0.6728977456915611	01KABVFKHDBS3D7BATTGRP21QR.mzML	1984	01KGRN1QFJYQMD6S27Q71P9G9C	1985	Bacillus_None_None_A-175|2		A175-2_01_001\0_L9\1 | A175-2_01_002\0_N9\1 | A175-2_01_003\0_L10\1 | A175-2_01_004\0_N10\1		Bacillaceae;Bacillus;	Bacillaceae	Bacillus		86661.0
0	2023	0.6792498504502078	01KABVFKHDBS3D7BATTGRP21QR.mzML	2023	01KGRMTGB1QRQWJ7DVBA15QYGN	2024	Bacillus_None_None_A24		A24_1.03\0_C18\1 | A24_1.02\0_E17\1 | A24_1.04\0_E18\1 | A24_1.01\0_C17\1		Bacillaceae;Bacillus;Bacillus cereus	Bacillaceae	Bacillus	Bacillus cereus	1396.0
0	2174	0.685029605825644	01KABVFKHDBS3D7BATTGRP21QR.mzML	2174	01KGRN854HYZ4MBHCGMK4W7ZKX	2175	Bacillus_None_None_unknown_origin_(B258,_Beyer)		B258_01\0_I7\1 | B258_04\0_K8\1 | B258_02\0_K7\1 | B258_03\0_I8\1		Bacillaceae;Bacillus;Bacillus cereus	Bacillaceae	Bacillus	Bacillus cereus	1396.0
0	2213	0.6992375367413493	01KABVFKHDBS3D7BATTGRP21QR.mzML	2213	01KGRN0R740ZQACPM9655ZAQGQ	2214	Bacillus_None_None_environmental_(B303,_Beyer)		B303_04\0_E20\1 | B303_01\0_C19\1 | B303_03\0_C20\1 | B303_02\0_E19\1		Bacillaceae;Bacillus;Bacillus cereus	Bacillaceae	Bacillus	Bacillus cereus	1396.0
0	2253	0.6632824851492629	01KABVFKHDBS3D7BATTGRP21QR.mzML	2253	01KGRMZ8E30DZXN0GSRAWDQC2J	2254	Bacillus_None_None_unknown_origin_(B257,_Beyer)		B257_02\0_K5\1 | B257_04\0_K6\1 | B257_01\0_I5\1 | B257_03\0_I6\1		Bacillaceae;Bacillus;Bacillus cereus	Bacillaceae	Bacillus	Bacillus cereus	1396.0
0	2325	0.6807016852857333	01KABVFKHDBS3D7BATTGRP21QR.mzML	2325	01KGRN31XF5V3RKYMBPXG7CX69	2326	Bacillus_None_None_A42		B_cereus_A42_03_004\0_E22\1 | B_cereus_A42_03_003\0_E21\1 | B_cereus_A42_03_002\0_C22\1 | B_cereus_A42_03_001\0_C21\1		Bacillaceae;Bacillus;Bacillus cereus	Bacillaceae	Bacillus	Bacillus cereus	1396.0
0	2354	0.6700820573127146	01KABVFKHDBS3D7BATTGRP21QR.mzML	2354	01KGRMVC9J8CY854HVJBWX6GZZ	2355	Bacillus_None_None_DSM_3101_(B237,_Beyer)		B237_02\0_E19\1 | B237_03\0_C20\1 | B237_01\0_C19\1 | B237_04\0_E20\1		Bacillaceae;Bacillus;Bacillus cereus	Bacillaceae	Bacillus	Bacillus cereus	1396.0
0	2373	0.6949304564517136	01KABVFKHDBS3D7BATTGRP21QR.mzML	2373	01KGRN2BH9SAXP68GQ7VTXNKTK	2374	Bacillus_None_None_A42		B_cereus_A42_01_001\0_L3\1 | B_cereus_A42_01_002\0_L4\1 | B_cereus_A42_01_004\0_N4\1 | B_cereus_A42_01_003\0_N3\1		Bacillaceae;Bacillus;Bacillus cereus	Bacillaceae	Bacillus	Bacillus cereus	1396.0
0	2442	0.6949304564517136	01KABVFKHDBS3D7BATTGRP21QR.mzML	2442	01KGRMV8CJ57A6PQSFFE8J9HY6	2443	Bacillus_None_None_environmental_(B309,_Beyer)		B309_02\0_H11\1 | B309_04\0_H12\1 | B309_03\0_F12\1 | B309_01\0_F11\1		Bacillaceae;Bacillus;Bacillus cereus	Bacillaceae	Bacillus	Bacillus cereus	1396.0
0	2537	0.6984886554222363	01KABVFKHDBS3D7BATTGRP21QR.mzML	2537	01KGRMWHHF5P429MQA65VHX7FC	2538	Bacillus_None_None_DSM_6127		B_cereus_DSM_6127_02_003\0_N7\1 | B_cereus_DSM_6127_02_002\0_L8\1 | B_cereus_DSM_6127_02_001\0_L7\1 | B_cereus_DSM_6127_02_004\0_N8\1		Bacillaceae;Bacillus;Bacillus cereus	Bacillaceae	Bacillus	Bacillus cereus	1396.0
0	2542	0.6594395430324795	01KABVFKHDBS3D7BATTGRP21QR.mzML	2542	01KGRN0G0BQ6C57DJ769MK0D52	2543	Bacillus_None_None_environmental_(B293,_Beyer)		B293_01\0_L11\1 | B293_04\0_N12\1 | B293_03\0_L12\1 | B293_02\0_N11\1		Bacillaceae;Bacillus;	Bacillaceae	Bacillus		86661.0
0	2555	0.6759739231123165	01KABVFKHDBS3D7BATTGRP21QR.mzML	2555	01KGRMSNM22WET2HZ0RGV4HA5N	2556	Bacillus_None_None_Konkukian_RKI		Bacillus_thuringiensis_konkukian_04\0_H4\1 | Bacillus_thuringiensis_konkukian_02\0_H3\1 | Bacillus_thuringiensis_konkukian_01\0_F3\1 | Bacillus_thuringiensis_konkukian_03\0_F4\1		Bacillaceae;Bacillus;Bacillus thuringiensis	Bacillaceae	Bacillus	Bacillus thuringiensis	1428.0
0	2558	0.6988125130286698	01KABVFKHDBS3D7BATTGRP21QR.mzML	2558	01KGRN03Y747GBNAVPSYVVAYQS	2559	Bacillus_None_None_DSM_6127_ATCC_13061_NCTC_9946_(B271,_Beyer)		B271_01\0_I10\1 | B271_02\0_K10\1 | B271_03\0_I11\1 | B271_04\0_K11\1		Bacillaceae;Bacillus;Bacillus cereus	Bacillaceae	Bacillus	Bacillus cereus	1396.0
0	2715	0.0	01KABVFKHDBS3D7BATTGRP21QR.mzML	2715	01KABVFKHDBS3D7BATTGRP21QR	2716	B023	Murphy Lab UIC			Micromonospora tulbaghiae (User Submitted 16S)				
0	2772	0.6971621582803347	01KABVFKHDBS3D7BATTGRP21QR.mzML	2772	01KGR3P11PFMQ3YY464C3J76MC	2773	Bacillus_None_None_environmental_(B304,_Beyer)		B304_03\0_C22\1 | B304_01\0_C21\1 | B304_04\0_E22\1 | B304_02\0_E21\1		Bacillaceae;Bacillus;Bacillus cereus	Bacillaceae	Bacillus	Bacillus cereus	1396.0
0	2787	0.6987076974740886	01KABVFKHDBS3D7BATTGRP21QR.mzML	2787	01KGR3PC3J9J2SZT2JHSQCPJ21	2788	Bacillus_None_None_HD1.4B		EB3_HD1.4B_25B_04\0_D4\1 | EB3_HD1.4B_25B_02\0_B4\1 | EB3_HD1.4B_25B_03\0_D2\1 | EB3_HD1.4B_25B_01\0_B2\1		Bacillaceae;Bacillus;Bacillus cereus	Bacillaceae	Bacillus	Bacillus cereus	1396.0
0	2827	0.6992375367413493	01KABVFKHDBS3D7BATTGRP21QR.mzML	2827	01KGR3581G2AE0B0K275BEWBJF	2828	Bacillus_None_None_A42		B_cereus_A42_02_001\0_C3\1 | B_cereus_A42_02_002\0_C4\1 | B_cereus_A42_02_004\0_E4\1 | B_cereus_A42_02_003\0_E3\1		Bacillaceae;Bacillus;Bacillus cereus	Bacillaceae	Bacillus	Bacillus cereus	1396.0
0	2859	0.6832482439535015	01KABVFKHDBS3D7BATTGRP21QR.mzML	2859	01KGR3GJHC26FPC0Y5EYWAR0SD	2860	Bacillus_None_None_A24		A24_2.03\0_I8\1 | A24_2.02\0_K7\1 | A24_2.04\0_K8\1 | A24_2.01\0_I7\1		Bacillaceae;Bacillus;Bacillus cereus	Bacillaceae	Bacillus	Bacillus cereus	1396.0
0	3087	0.6720600945010571	01KABVFKHDBS3D7BATTGRP21QR.mzML	3087	01KGR3T8H7PHH1G2PVSDV2PF44	3088	Bacillus_None_None_A8		A8_2.04\0_E10\1 | A8_2.01\0_C9\1 | A8_2.02\0_E9\1 | A8_2.03\0_C10\1		Bacillaceae;Bacillus;Bacillus cereus	Bacillaceae	Bacillus	Bacillus cereus	1396.0
0	154	0.0	01KA9R5NBBZ6XWSWBRZM7AEBBV.mzML	154	01KA9R5NBBZ6XWSWBRZM7AEBBV	155	135A-8	Murphy Lab UIC		MK143180	Pseudonocardiaceae;Saccharomonospora;Saccharomonospora sp.	Pseudonocardiaceae	Saccharomonospora	Saccharomonospora sp.	33913.0
0	2734	0.513487227432672	01KA9R5NBBZ6XWSWBRZM7AEBBV.mzML	2734	01KABVCR0ZA7R4B4MKVY1Q45YF	2735	A026	Murphy Lab UIC			Saccharomonospora azurea (User Submitted 16S)				
0	64	0.5245021648687873	01KA9R7W1N77QNBT9ACTE879WS.mzML	64	01KA9R5135AXBXG68M163YJ1D9	65	129A-35	Murphy Lab UIC		MK168037	Micromonosporaceae;Micromonospora;Micromonospora sp.	Micromonosporaceae	Micromonospora	Micromonospora sp.	1876.0
0	73	0.420026956887735	01KA9R7W1N77QNBT9ACTE879WS.mzML	73	01KA9R7X14AF8YZA67AFG150N1	74	K792	Murphy Lab UIC			Micromonospora sp. (User Submitted 16S)				
0	137	0.5885277982685285	01KA9R7W1N77QNBT9ACTE879WS.mzML	137	01KA9R502EM598QFY0NAMWQ4BH	138	129A-2	Murphy Lab UIC		MK168033	Micromonosporaceae;Micromonospora;Micromonospora sp.	Micromonosporaceae	Micromonospora	Micromonospora sp.	1876.0
0	151	0.0	01KA9R7W1N77QNBT9ACTE879WS.mzML	151	01KA9R7W1N77QNBT9ACTE879WS	152	K787	Murphy Lab UIC			Micromonospora sp. (User Submitted 16S)				
0	187	0.5496332731215096	01KA9R7W1N77QNBT9ACTE879WS.mzML	187	01KA9R7XZV024CS7CNYVBDDZCV	188	K806	Murphy Lab UIC			Micromonospora sp. (User Submitted 16S)				
0	1206	0.67191282254058	01KA9R7W1N77QNBT9ACTE879WS.mzML	1206	01JV3FDNR9GEHXEGEFVFE1E6CQ	1207	B-16369	USDA-ARS NRRL		AJ781333	Streptomycetaceae;Streptomyces;Streptomyces graminearus	Streptomycetaceae	Streptomyces	Streptomyces graminearus	284030.0
0	2705	0.6235353286116938	01KA9R7W1N77QNBT9ACTE879WS.mzML	2705	01KABVD7EDZHRJHR0K1NTXK7ZH	2706	A040	Murphy Lab UIC			Micromonospora sp. (User Submitted 16S)				
0	2707	0.505229304004707	01KA9R7W1N77QNBT9ACTE879WS.mzML	2707	01KABVEM6E13AXGMH5NS3GEVFW	2708	B013	Murphy Lab UIC			Micromonospora tulbaghiae (User Submitted 16S)				
0	2710	0.5946240197513956	01KA9R7W1N77QNBT9ACTE879WS.mzML	2710	01KABVJD25776HYCW46YPZ6JJZ	2711	D077	Murphy Lab UIC			Micromonospora humi (User Submitted 16S)				
0	2713	0.5165792183057158	01KA9R7W1N77QNBT9ACTE879WS.mzML	2713	01KABVFVY7F65NR3CH41M8RZCG	2714	B026	Murphy Lab UIC		KP009553	Micromonosporaceae;Micromonospora;Micromonospora sp. B026	Micromonosporaceae	Micromonospora	Micromonospora sp. B026	1611404.0
0	2718	0.4369145874839188	01KA9R7W1N77QNBT9ACTE879WS.mzML	2718	01KABVHQM4Z8DQH3VK01W7KJK4	2719	D053	Murphy Lab UIC			Micromonospora sp. (User Submitted 16S)				
0	2724	0.6913832203247015	01KA9R7W1N77QNBT9ACTE879WS.mzML	2724	01KABVESM7KWN3EQNV18Z6SQQS	2725	B016	Murphy Lab UIC			Micromonospora sp. (User Submitted 16S)				
0	2728	0.699566664949479	01KA9R7W1N77QNBT9ACTE879WS.mzML	2728	01KABVF7F49ZNFGTHS37N5M3HY	2729	B019	Murphy Lab UIC			Micromonospora tulbaghiae (User Submitted 16S)				
0	2731	0.5996094167710846	01KA9R7W1N77QNBT9ACTE879WS.mzML	2731	01KABVHZ2N5BMEDR5SWJC9NPKY	2732	D054	Murphy Lab UIC			Micromonospora sp. (User Submitted 16S)				
0	2732	0.5832151802991521	01KA9R7W1N77QNBT9ACTE879WS.mzML	2732	01KABVDV9YX1DD0E5NB194KTP9	2733	B006	Murphy Lab UIC			Micromonospora sp. (User Submitted 16S)				
0	2746	0.6295057033866391	01KA9R7W1N77QNBT9ACTE879WS.mzML	2746	01KABVF1BFERF34QT58K4HE90J	2747	B017	Murphy Lab UIC			Micromonospora aurantiaca (User Submitted 16S)				
0	3263	0.6832786847546908	01KA9R7W1N77QNBT9ACTE879WS.mzML	3263	01KAEM3HY3WCGA3TTFZ44KREBQ	3264	WMMA1893	Bugni Lab UW-Madison		KY015089	Micromonosporaceae;Micromonospora;Micromonospora sp.	Micromonosporaceae	Micromonospora	Micromonospora sp.	1876.0
0	3264	0.5773136936835608	01KA9R7W1N77QNBT9ACTE879WS.mzML	3264	01KAEM3SQBAZ7X3W5WJJH4KSP6	3265	WMMA1899	Bugni Lab UW-Madison		KY015095	Micromonosporaceae;Micromonospora;Micromonospora sp.	Micromonosporaceae	Micromonospora	Micromonospora sp.	1876.0
0	3267	0.673794534284279	01KA9R7W1N77QNBT9ACTE879WS.mzML	3267	01KAEM47QA3Y8X528R3ZP2FQ93	3268	WMMA1912	Bugni Lab UW-Madison		KY015104	Micromonosporaceae;Micromonospora;Micromonospora sp.	Micromonosporaceae	Micromonospora	Micromonospora sp.	1876.0
0	3268	0.599471175359655	01KA9R7W1N77QNBT9ACTE879WS.mzML	3268	01KAEM4RZWT59RYBJ73N3S4YC4	3269	WMMA1957	Bugni Lab UW-Madison		KY015125	Micromonosporaceae;Micromonospora;Micromonospora sp.	Micromonosporaceae	Micromonospora	Micromonospora sp.	1876.0
0	3271	0.6158572291510405	01KA9R7W1N77QNBT9ACTE879WS.mzML	3271	01KAEM70MTGV5C0JCVAAYWFWJ5	3272	WMMD718	Bugni Lab UW-Madison		GCA_029626075.1	Micromonosporaceae;Micromonospora;Micromonospora sp. WMMD718	Micromonosporaceae	Micromonospora	Micromonospora sp. WMMD718	3016098.0
0	3278	0.6535658629758305	01KA9R7W1N77QNBT9ACTE879WS.mzML	3278	01KAEM508G22MZD67XTZRBW5H9	3279	WMMA1967	Bugni Lab UW-Madison		KY015131	Micromonosporaceae;Micromonospora;Micromonospora sp.	Micromonosporaceae	Micromonospora	Micromonospora sp.	1876.0
0	3280	0.6245744721108608	01KA9R7W1N77QNBT9ACTE879WS.mzML	3280	01KAEM6KBK5Y14ZAKXC2DTAAFE	3281	WMMC273	Bugni Lab UW-Madison		GCA_027460285.1	Micromonosporaceae;Micromonospora;Micromonospora sp. WMMC273	Micromonosporaceae	Micromonospora	Micromonospora sp. WMMC273	3015157.0
0	3281	0.6011290289580951	01KA9R7W1N77QNBT9ACTE879WS.mzML	3281	01KAEM3GCHVFR3A64QED3YRD5V	3282	WMMA1892	Bugni Lab UW-Madison		KY015088	Micromonosporaceae;Micromonospora;Micromonospora sp.	Micromonosporaceae	Micromonospora	Micromonospora sp.	1876.0
0	3282	0.5979376474496204	01KA9R7W1N77QNBT9ACTE879WS.mzML	3282	01KAEM5T6BQE9HNWMP8SHK8KYM	3283	WMMA2010	Bugni Lab UW-Madison		KY015160	Micromonosporaceae;Micromonospora;Micromonospora sp.	Micromonosporaceae	Micromonospora	Micromonospora sp.	1876.0
0	3283	0.5805577209888005	01KA9R7W1N77QNBT9ACTE879WS.mzML	3283	01KAEM3FDP54J4SWP2ABA5W8T2	3284	WMMA1891	Bugni Lab UW-Madison		KY015087	Micromonosporaceae;Micromonospora;Micromonospora sp.	Micromonosporaceae	Micromonospora	Micromonospora sp.	1876.0
0	3284	0.678491737789076	01KA9R7W1N77QNBT9ACTE879WS.mzML	3284	01KAEM5ET506087KW4WS7FGCGY	3285	WMMA1991	Bugni Lab UW-Madison		KY015145	Micromonosporaceae;Micromonospora;Micromonospora sp.	Micromonosporaceae	Micromonospora	Micromonospora sp.	1876.0
0	3285	0.5884184598046862	01KA9R7W1N77QNBT9ACTE879WS.mzML	3285	01KAEM3P2DNFWBMCQCVR1ERR3R	3286	WMMA1896	Bugni Lab UW-Madison		KY015092	Micromonosporaceae;Micromonospora;Micromonospora sp.	Micromonosporaceae	Micromonospora	Micromonospora sp.	1876.0
0	3286	0.5294569896577235	01KA9R7W1N77QNBT9ACTE879WS.mzML	3286	01KAEM4QBT90QGWRQW6NFRRB4P	3287	WMMA1953	Bugni Lab UW-Madison		KY015122	Micromonosporaceae;Micromonospora;Micromonospora sp.	Micromonosporaceae	Micromonospora	Micromonospora sp.	1876.0
0	3287	0.5802030154982992	01KA9R7W1N77QNBT9ACTE879WS.mzML	3287	01KAEM534PSTRZA2N2A3QBBXFG	3288	WMMA1970	Bugni Lab UW-Madison		KY015134	Micromonosporaceae;Micromonospora;Micromonospora sp.	Micromonosporaceae	Micromonospora	Micromonospora sp.	1876.0
0	3288	0.6367536915711762	01KA9R7W1N77QNBT9ACTE879WS.mzML	3288	01KAEM59ZNGTA92TD0M6KT33VZ	3289	WMMA1976	Bugni Lab UW-Madison		GCA_027497335.1	Micromonosporaceae;Micromonospora;Micromonospora sp. WMMA1976	Micromonosporaceae	Micromonospora	Micromonospora sp. WMMA1976	3014995.0
0	3289	0.6961873187245669	01KA9R7W1N77QNBT9ACTE879WS.mzML	3289	01KAEM31TZKW3CQT23BA5JSYQ1	3290	WMMA1852	Bugni Lab UW-Madison		KY015196	Micromonosporaceae;Solwaraspora;Solwaraspora sp.	Micromonosporaceae	Solwaraspora	Solwaraspora sp.	1912063.0
0	3293	0.6854716986890028	01KA9R7W1N77QNBT9ACTE879WS.mzML	3293	01KAEM54RC9X0V603SHKQ78NMH	3294	WMMA1971	Bugni Lab UW-Madison		KY015135	Micromonosporaceae;Micromonospora;Micromonospora sp.	Micromonosporaceae	Micromonospora	Micromonospora sp.	1876.0
0	3294	0.5836022373088519	01KA9R7W1N77QNBT9ACTE879WS.mzML	3294	01KAEM4C39Q7TJA83NNGAHPZC5	3295	WMMA1922	Bugni Lab UW-Madison		KY015109	Micromonosporaceae;Micromonospora;Micromonospora sp.	Micromonosporaceae	Micromonospora	Micromonospora sp.	1876.0
0	3295	0.6368170702100698	01KA9R7W1N77QNBT9ACTE879WS.mzML	3295	01KAEM5BWQ2AJE02GTW8QEQRNN	3296	WMMA1979	Bugni Lab UW-Madison		KY015142	Micromonosporaceae;Micromonospora;Micromonospora sp.	Micromonosporaceae	Micromonospora	Micromonospora sp.	1876.0
0	3297	0.6236472550810592	01KA9R7W1N77QNBT9ACTE879WS.mzML	3297	01KAEM3WD006ZECTX2XF08AQX4	3298	WMMA1901	Bugni Lab UW-Madison		KY015097	Micromonosporaceae;Micromonospora;Micromonospora sp.	Micromonosporaceae	Micromonospora	Micromonospora sp.	1876.0
0	3308	0.6921389735870612	01KA9R7W1N77QNBT9ACTE879WS.mzML	3308	01KAEM593HP01GV0WN7D01VJAA	3309	WMMA1975	Bugni Lab UW-Madison		KY015138	Micromonosporaceae;Micromonospora;Micromonospora sp.	Micromonosporaceae	Micromonospora	Micromonospora sp.	1876.0
0	3309	0.6466398004546122	01KA9R7W1N77QNBT9ACTE879WS.mzML	3309	01KAEM3R6ZGJM6H9VFPE3NG99N	3310	WMMA1898	Bugni Lab UW-Madison		KY015094	Micromonosporaceae;Micromonospora;Micromonospora sp.	Micromonosporaceae	Micromonospora	Micromonospora sp.	1876.0
0	3312	0.5746571351631976	01KA9R7W1N77QNBT9ACTE879WS.mzML	3312	01KAEM5WFA9RC0C5P7RBFY1W65	3313	WMMA2012	Bugni Lab UW-Madison		KY015162	Micromonosporaceae;Micromonospora;Micromonospora sp.	Micromonosporaceae	Micromonospora	Micromonospora sp.	1876.0
0	3315	0.6768171347012892	01KA9R7W1N77QNBT9ACTE879WS.mzML	3315	01KAEM5KGN4MB93ZQRX9N6WNQ0	3316	WMMA1997	Bugni Lab UW-Madison		KY015149	Micromonosporaceae;Micromonospora;Micromonospora sp.	Micromonosporaceae	Micromonospora	Micromonospora sp.	1876.0
0	3317	0.6890940264167824	01KA9R7W1N77QNBT9ACTE879WS.mzML	3317	01KAEM3K0BBGPKMN4XBHG3S5QC	3318	WMMA1894	Bugni Lab UW-Madison		KY015090	Micromonosporaceae;Micromonospora;Micromonospora sp.	Micromonosporaceae	Micromonospora	Micromonospora sp.	1876.0
0	3320	0.5949925830902127	01KA9R7W1N77QNBT9ACTE879WS.mzML	3320	01KAEM4Y4Y9D5TMCEYK5X2V9W5	3321	WMMA1962	Bugni Lab UW-Madison		KY015129	Micromonosporaceae;Micromonospora;Micromonospora sp.	Micromonosporaceae	Micromonospora	Micromonospora sp.	1876.0
0	3322	0.6996393507012726	01KA9R7W1N77QNBT9ACTE879WS.mzML	3322	01KAEM49Q453FHQAVKFBP400QK	3323	WMMA1915	Bugni Lab UW-Madison		KY015107	Micromonosporaceae;Micromonospora;Micromonospora sp.	Micromonosporaceae	Micromonospora	Micromonospora sp.	1876.0
0	3325	0.6955291705822721	01KA9R7W1N77QNBT9ACTE879WS.mzML	3325	01KAEM5QH9B0D9FQRAT45HG21X	3326	WMMA2003	Bugni Lab UW-Madison		KY015153	Micromonosporaceae;Micromonospora;Micromonospora sp.	Micromonosporaceae	Micromonospora	Micromonospora sp.	1876.0
0	3326	0.63318738432735	01KA9R7W1N77QNBT9ACTE879WS.mzML	3326	01KAEM4EH07MZM8TEJ5V1C4AJH	3327	WMMA1933	Bugni Lab UW-Madison		KY015114	Micromonosporaceae;Micromonospora;Micromonospora sp.	Micromonosporaceae	Micromonospora	Micromonospora sp.	1876.0
0	3328	0.6913645938109363	01KA9R7W1N77QNBT9ACTE879WS.mzML	3328	01KAEM5M26TC6XKN2V0XVGZXDT	3329	WMMA1998	Bugni Lab UW-Madison		GCA_027497375.1	Micromonosporaceae;Micromonospora;Micromonospora sp. WMMA1998	Micromonosporaceae	Micromonospora	Micromonospora sp. WMMA1998	3015167.0
0	3335	0.6368325296205972	01KA9R7W1N77QNBT9ACTE879WS.mzML	3335	01KAEM463DN5ZYWERKSF04ZCCR	3336	WMMA1908	Bugni Lab UW-Madison		KY015102	Micromonosporaceae;Micromonospora;Micromonospora sp.	Micromonosporaceae	Micromonospora	Micromonospora sp.	1876.0
0	3336	0.6928642679141386	01KA9R7W1N77QNBT9ACTE879WS.mzML	3336	01KAEM4YRDVQRFW8A4DXKKD2V6	3337	WMMA1966	Bugni Lab UW-Madison		KY015130	Micromonosporaceae;Micromonospora;Micromonospora sp.	Micromonosporaceae	Micromonospora	Micromonospora sp.	1876.0
0	3338	0.5895071126250727	01KA9R7W1N77QNBT9ACTE879WS.mzML	3338	01KAEM4B1WGAQ49A7VXPPY79GA	3339	WMMA1921	Bugni Lab UW-Madison		KY015108	Micromonosporaceae;Micromonospora;Micromonospora sp.	Micromonosporaceae	Micromonospora	Micromonospora sp.	1876.0
0	3339	0.6510621790888038	01KA9R7W1N77QNBT9ACTE879WS.mzML	3339	01KAEM4X2N3RQREDD19HEP5E8V	3340	WMMA1961	Bugni Lab UW-Madison		KY015128	Micromonosporaceae;Micromonospora;Micromonospora sp.	Micromonosporaceae	Micromonospora	Micromonospora sp.	1876.0
0	3341	0.6996595776886887	01KA9R7W1N77QNBT9ACTE879WS.mzML	3341	01KAEM48D8SS91MG0GHNF38BV8	3342	WMMA1913	Bugni Lab UW-Madison		KY015105	Micromonosporaceae;Micromonospora;Micromonospora sp.	Micromonosporaceae	Micromonospora	Micromonospora sp.	1876.0
0	3344	0.6624884124385155	01KA9R7W1N77QNBT9ACTE879WS.mzML	3344	01KAEM4P38YMP6KNFDYQ3V7F8P	3345	WMMA1951	Bugni Lab UW-Madison		KY015121	Micromonosporaceae;Micromonospora;Micromonospora sp.	Micromonosporaceae	Micromonospora	Micromonospora sp.	1876.0
0	3345	0.5677071867218235	01KA9R7W1N77QNBT9ACTE879WS.mzML	3345	01KAEM4DDCEZ14WXD51KEEPW53	3346	WMMA1925	Bugni Lab UW-Madison		KY015111	Micromonosporaceae;Micromonospora;Micromonospora sp.	Micromonosporaceae	Micromonospora	Micromonospora sp.	1876.0
0	3346	0.566999548965796	01KA9R7W1N77QNBT9ACTE879WS.mzML	3346	01KAEM3BS403H999QG5SZN44QM	3347	WMMA1888	Bugni Lab UW-Madison		KY015084	Micromonosporaceae;Micromonospora;Micromonospora sp.	Micromonosporaceae	Micromonospora	Micromonospora sp.	1876.0
0	3348	0.6686640973983549	01KA9R7W1N77QNBT9ACTE879WS.mzML	3348	01KAEM3PX2HY9JKWDJ0JE0R0YJ	3349	WMMA1897	Bugni Lab UW-Madison		KY015093	Micromonosporaceae;Micromonospora;Micromonospora sp.	Micromonosporaceae	Micromonospora	Micromonospora sp.	1876.0
0	3349	0.6527313867025463	01KA9R7W1N77QNBT9ACTE879WS.mzML	3349	01KAEM4K67NYXNFSDWPTTDK5JH	3350	WMMA1949	Bugni Lab UW-Madison		GCA_027460145.1	Micromonosporaceae;Micromonospora;Micromonospora sp. WMMA1949	Micromonosporaceae	Micromonospora	Micromonospora sp. WMMA1949	3015162.0
0	3352	0.5188999349385057	01KA9R7W1N77QNBT9ACTE879WS.mzML	3352	01KAEM5E4JEXW276KERE0VYFY9	3353	WMMA1990	Bugni Lab UW-Madison		KY015144	Micromonosporaceae;Micromonospora;Micromonospora sp.	Micromonosporaceae	Micromonospora	Micromonospora sp.	1876.0
0	3354	0.6595278454641098	01KA9R7W1N77QNBT9ACTE879WS.mzML	3354	01KAEM5PNP17Q7E8JX165MHQQY	3355	WMMA2002	Bugni Lab UW-Madison		KY015152	Micromonosporaceae;Micromonospora;Micromonospora sp.	Micromonosporaceae	Micromonospora	Micromonospora sp.	1876.0
0	3356	0.5784604879092594	01KA9R7W1N77QNBT9ACTE879WS.mzML	3356	01KAEM408ZA2PQ0BK2539EZR6P	3357	WMMA1906	Bugni Lab UW-Madison		KY015100	Micromonosporaceae;Micromonospora;Micromonospora sp.	Micromonosporaceae	Micromonospora	Micromonospora sp.	1876.0
0	3357	0.6821594801247792	01KA9R7W1N77QNBT9ACTE879WS.mzML	3357	01KAEM4QX8P6CM7CR3ERAQCQYR	3358	WMMA1954	Bugni Lab UW-Madison		KY015123	Micromonosporaceae;Micromonospora;Micromonospora sp.	Micromonosporaceae	Micromonospora	Micromonospora sp.	1876.0
0	3358	0.6696032857714	01KA9R7W1N77QNBT9ACTE879WS.mzML	3358	01KAEM4H40HZXRMJF18AY3H26J	3359	WMMA1947	Bugni Lab UW-Madison		GCA_027497355.1	Micromonosporaceae;Micromonospora;Micromonospora sp. WMMA1947	Micromonosporaceae	Micromonospora	Micromonospora sp. WMMA1947	3015163.0
0	3359	0.68828080355591	01KA9R7W1N77QNBT9ACTE879WS.mzML	3359	01KAEM41JWBRC8JRJDJS3R8KTM	3360	WMMA1907	Bugni Lab UW-Madison		KY015101	Micromonosporaceae;Micromonospora;Micromonospora sp.	Micromonosporaceae	Micromonospora	Micromonospora sp.	1876.0
0	3360	0.6615885113949642	01KA9R7W1N77QNBT9ACTE879WS.mzML	3360	01KAEM3XJA57D9PNJXD4BX4JG8	3361	WMMA1902	Bugni Lab UW-Madison		KY015098	Micromonosporaceae;Micromonospora;Micromonospora sp.	Micromonosporaceae	Micromonospora	Micromonospora sp.	1876.0
0	3361	0.5894820247975494	01KA9R7W1N77QNBT9ACTE879WS.mzML	3361	01KAEM4MZ0STYBJZRVJCMRHRHM	3362	WMMA1950	Bugni Lab UW-Madison		KY015120	Micromonosporaceae;Micromonospora;Micromonospora sp.	Micromonosporaceae	Micromonospora	Micromonospora sp.	1876.0
0	3362	0.5931503031995803	01KA9R7W1N77QNBT9ACTE879WS.mzML	3362	01KAEM3D3SH04RPDFYPDC7XBV9	3363	WMMA1889	Bugni Lab UW-Madison		KY015085	Micromonosporaceae;Micromonospora;Micromonospora sp.	Micromonosporaceae	Micromonospora	Micromonospora sp.	1876.0
0	3364	0.63481405582666	01KA9R7W1N77QNBT9ACTE879WS.mzML	3364	01KAEM494KD1PZ6DBHH3QVBZ7H	3365	WMMA1914	Bugni Lab UW-Madison		KY015106	Micromonosporaceae;Micromonospora;Micromonospora sp.	Micromonosporaceae	Micromonospora	Micromonospora sp.	1876.0
0	3366	0.6724152238373826	01KA9R7W1N77QNBT9ACTE879WS.mzML	3366	01KAEM6J49DY9JAC8443R0WT0T	3367	WMMC264	Bugni Lab UW-Madison		GCA_027497275.1	Micromonosporaceae;Micromonospora;Micromonospora sp. WMMC264	Micromonosporaceae	Micromonospora	Micromonospora sp. WMMC264	3015158.0
0	3368	0.6226618148659417	01KA9R7W1N77QNBT9ACTE879WS.mzML	3368	01KAEM3YN0X4TRWCETMSC3Y6NH	3369	WMMA1903	Bugni Lab UW-Madison		KY015099	Micromonosporaceae;Micromonospora;Micromonospora sp.	Micromonosporaceae	Micromonospora	Micromonospora sp.	1876.0
0	3371	0.680116300203732	01KA9R7W1N77QNBT9ACTE879WS.mzML	3371	01KAEM6EV4W4G9YBP9M2ZZEDVY	3372	WMMB235	Bugni Lab UW-Madison		GCA_001855515.1	Micromonosporaceae;Micromonospora;Micromonospora sp. WMMB235	Micromonosporaceae	Micromonospora	Micromonospora sp. WMMB235	1172030.0
0	3372	0.5861880740269565	01KA9R7W1N77QNBT9ACTE879WS.mzML	3372	01KAEM5BD7XFT4R419PNECS3A4	3373	WMMA1978	Bugni Lab UW-Madison		KY015141	Micromonosporaceae;Micromonospora;Micromonospora sp.	Micromonosporaceae	Micromonospora	Micromonospora sp.	1876.0
0	3373	0.6985154195556678	01KA9R7W1N77QNBT9ACTE879WS.mzML	3373	01KAEM68FPPFN853KA86RC9WVZ	3374	WMMA2053	Bugni Lab UW-Madison		KY015212	Micromonosporaceae;Micromonospora;Verrucosispora sp.	Micromonosporaceae	Micromonospora	Verrucosispora sp.	1871626.0
0	3375	0.5760373087501576	01KA9R7W1N77QNBT9ACTE879WS.mzML	3375	01KAEM5N4P95CJEBQZSQQMJ3PS	3376	WMMA2000	Bugni Lab UW-Madison		KY015151	Micromonosporaceae;Micromonospora;Micromonospora sp.	Micromonosporaceae	Micromonospora	Micromonospora sp.	1876.0
0	3378	0.6023968872177716	01KA9R7W1N77QNBT9ACTE879WS.mzML	3378	01KAEM5HTGWKNPX6JFTCCHRT4J	3379	WMMA1994	Bugni Lab UW-Madison		KY015147	Micromonosporaceae;Micromonospora;Micromonospora sp.	Micromonosporaceae	Micromonospora	Micromonospora sp.	1876.0
0	3380	0.5714946911386993	01KA9R7W1N77QNBT9ACTE879WS.mzML	3380	01KAEM4JNM5NDJXN1M7CNDYZZW	3381	WMMA1948	Bugni Lab UW-Madison		KY015118	Micromonosporaceae;Micromonospora;Micromonospora sp.	Micromonosporaceae	Micromonospora	Micromonospora sp.	1876.0
0	3381	0.6961076391539464	01KA9R7W1N77QNBT9ACTE879WS.mzML	3381	01KAEM5AP3JE5EGDXG193QYSEN	3382	WMMA1977	Bugni Lab UW-Madison		KY015140	Micromonosporaceae;Micromonospora;Micromonospora sp.	Micromonosporaceae	Micromonospora	Micromonospora sp.	1876.0
0	3383	0.5518334340095472	01KA9R7W1N77QNBT9ACTE879WS.mzML	3383	01KAEM3TSH7CBH380QZRNC80F8	3384	WMMA1900	Bugni Lab UW-Madison		KY015096	Micromonosporaceae;Micromonospora;Micromonospora sp.	Micromonosporaceae	Micromonospora	Micromonospora sp.	1876.0
0	3385	0.6568957216254233	01KA9R7W1N77QNBT9ACTE879WS.mzML	3385	01KAEM6FTZVGQW5CF8TD5P0BED	3386	WMMC241	Bugni Lab UW-Madison		GCA_027460165.1	Micromonosporaceae;Micromonospora;Micromonospora sp. WMMC241	Micromonosporaceae	Micromonospora	Micromonospora sp. WMMC241	3015159.0
0	3387	0.5869299141133576	01KA9R7W1N77QNBT9ACTE879WS.mzML	3387	01KAEM5YZMDJ3MRYGR1XAYSX97	3388	WMMA2014	Bugni Lab UW-Madison		KY015164	Micromonosporaceae;Micromonospora;Micromonospora sp.	Micromonosporaceae	Micromonospora	Micromonospora sp.	1876.0
0	3391	0.6401491969957092	01KA9R7W1N77QNBT9ACTE879WS.mzML	3391	01KAEM472SBYDQV56GT196J2V7	3392	WMMA1910	Bugni Lab UW-Madison		KY015103	Micromonosporaceae;Micromonospora;Micromonospora sp.	Micromonosporaceae	Micromonospora	Micromonospora sp.	1876.0
0	3393	0.6973580848569864	01KA9R7W1N77QNBT9ACTE879WS.mzML	3393	01KAEM4TJRGRVG070WBFP4E5CW	3394	WMMA1958	Bugni Lab UW-Madison		KY015126	Micromonosporaceae;Micromonospora;Micromonospora sp.	Micromonosporaceae	Micromonospora	Micromonospora sp.	1876.0
0	3396	0.6238505987070787	01KA9R7W1N77QNBT9ACTE879WS.mzML	3396	01KAEM3AGX5S0RNZW6YR3B9PDH	3397	WMMA1887	Bugni Lab UW-Madison		KY015083	Micromonosporaceae;Micromonospora;Micromonospora sp.	Micromonosporaceae	Micromonospora	Micromonospora sp.	1876.0
0	3397	0.6438960764216586	01KA9R7W1N77QNBT9ACTE879WS.mzML	3397	01KAEM5V6X7W14VAE5H573C2Z2	3398	WMMA2011	Bugni Lab UW-Madison		KY015161	Micromonosporaceae;Micromonospora;Micromonospora sp.	Micromonosporaceae	Micromonospora	Micromonospora sp.	1876.0
0	64	0.5364866525165346	01KABVHQM4Z8DQH3VK01W7KJK4.mzML	64	01KA9R5135AXBXG68M163YJ1D9	65	129A-35	Murphy Lab UIC		MK168037	Micromonosporaceae;Micromonospora;Micromonospora sp.	Micromonosporaceae	Micromonospora	Micromonospora sp.	1876.0
0	73	0.518015021220352	01KABVHQM4Z8DQH3VK01W7KJK4.mzML	73	01KA9R7X14AF8YZA67AFG150N1	74	K792	Murphy Lab UIC			Micromonospora sp. (User Submitted 16S)				
0	137	0.5325352839231798	01KABVHQM4Z8DQH3VK01W7KJK4.mzML	137	01KA9R502EM598QFY0NAMWQ4BH	138	129A-2	Murphy Lab UIC		MK168033	Micromonosporaceae;Micromonospora;Micromonospora sp.	Micromonosporaceae	Micromonospora	Micromonospora sp.	1876.0
0	151	0.4369145874839188	01KABVHQM4Z8DQH3VK01W7KJK4.mzML	151	01KA9R7W1N77QNBT9ACTE879WS	152	K787	Murphy Lab UIC			Micromonospora sp. (User Submitted 16S)				
0	187	0.573499428865818	01KABVHQM4Z8DQH3VK01W7KJK4.mzML	187	01KA9R7XZV024CS7CNYVBDDZCV	188	K806	Murphy Lab UIC			Micromonospora sp. (User Submitted 16S)				
0	2653	0.6795689522876597	01KABVHQM4Z8DQH3VK01W7KJK4.mzML	2653	01K2J3DTYZWSEXF3Y8B0H7AE7Z	2654	CNS_237	Jensen Lab Scripps UCSD		DQ318246	Micromonosporaceae;Salinispora;Salinispora mooreana	Micromonosporaceae	Salinispora	Salinispora mooreana	999545.0
0	2704	0.688933459631158	01KABVHQM4Z8DQH3VK01W7KJK4.mzML	2704	01KABVJR659AEXDY4MCCN7PW67	2705	D081	Murphy Lab UIC			Micromonospora tulbaghiae (User Submitted 16S)				
0	2705	0.59995917742501	01KABVHQM4Z8DQH3VK01W7KJK4.mzML	2705	01KABVD7EDZHRJHR0K1NTXK7ZH	2706	A040	Murphy Lab UIC			Micromonospora sp. (User Submitted 16S)				
0	2707	0.4554672298826699	01KABVHQM4Z8DQH3VK01W7KJK4.mzML	2707	01KABVEM6E13AXGMH5NS3GEVFW	2708	B013	Murphy Lab UIC			Micromonospora tulbaghiae (User Submitted 16S)				
0	2710	0.6258121193727874	01KABVHQM4Z8DQH3VK01W7KJK4.mzML	2710	01KABVJD25776HYCW46YPZ6JJZ	2711	D077	Murphy Lab UIC			Micromonospora humi (User Submitted 16S)				
0	2713	0.4555856194416553	01KABVHQM4Z8DQH3VK01W7KJK4.mzML	2713	01KABVFVY7F65NR3CH41M8RZCG	2714	B026	Murphy Lab UIC		KP009553	Micromonosporaceae;Micromonospora;Micromonospora sp. B026	Micromonosporaceae	Micromonospora	Micromonospora sp. B026	1611404.0
0	2718	8.881784197001252e-16	01KABVHQM4Z8DQH3VK01W7KJK4.mzML	2718	01KABVHQM4Z8DQH3VK01W7KJK4	2719	D053	Murphy Lab UIC			Micromonospora sp. (User Submitted 16S)				
0	2719	0.6967113540171266	01KABVHQM4Z8DQH3VK01W7KJK4.mzML	2719	01KABVCZE33AHJJWTSS5QD65NE	2720	A039	Murphy Lab UIC			Verrucosispora sp. (User Submitted 16S)				
0	2724	0.6226041874852246	01KABVHQM4Z8DQH3VK01W7KJK4.mzML	2724	01KABVESM7KWN3EQNV18Z6SQQS	2725	B016	Murphy Lab UIC			Micromonospora sp. (User Submitted 16S)				
0	2731	0.4985589917667925	01KABVHQM4Z8DQH3VK01W7KJK4.mzML	2731	01KABVHZ2N5BMEDR5SWJC9NPKY	2732	D054	Murphy Lab UIC			Micromonospora sp. (User Submitted 16S)				
0	2732	0.5412966162880557	01KABVHQM4Z8DQH3VK01W7KJK4.mzML	2732	01KABVDV9YX1DD0E5NB194KTP9	2733	B006	Murphy Lab UIC			Micromonospora sp. (User Submitted 16S)				
0	2741	0.6497262416476262	01KABVHQM4Z8DQH3VK01W7KJK4.mzML	2741	01KABVHK5KH3DG3M2BHGF8GKG9	2742	D052	Murphy Lab UIC			Micromonospora sp. (User Submitted 16S)				
0	2746	0.5737084409687765	01KABVHQM4Z8DQH3VK01W7KJK4.mzML	2746	01KABVF1BFERF34QT58K4HE90J	2747	B017	Murphy Lab UIC			Micromonospora aurantiaca (User Submitted 16S)				
0	3264	0.5453742728848552	01KABVHQM4Z8DQH3VK01W7KJK4.mzML	3264	01KAEM3SQBAZ7X3W5WJJH4KSP6	3265	WMMA1899	Bugni Lab UW-Madison		KY015095	Micromonosporaceae;Micromonospora;Micromonospora sp.	Micromonosporaceae	Micromonospora	Micromonospora sp.	1876.0
0	3267	0.6627445016662443	01KABVHQM4Z8DQH3VK01W7KJK4.mzML	3267	01KAEM47QA3Y8X528R3ZP2FQ93	3268	WMMA1912	Bugni Lab UW-Madison		KY015104	Micromonosporaceae;Micromonospora;Micromonospora sp.	Micromonosporaceae	Micromonospora	Micromonospora sp.	1876.0
0	3268	0.6602070889493576	01KABVHQM4Z8DQH3VK01W7KJK4.mzML	3268	01KAEM4RZWT59RYBJ73N3S4YC4	3269	WMMA1957	Bugni Lab UW-Madison		KY015125	Micromonosporaceae;Micromonospora;Micromonospora sp.	Micromonosporaceae	Micromonospora	Micromonospora sp.	1876.0
0	3271	0.6577508780947298	01KABVHQM4Z8DQH3VK01W7KJK4.mzML	3271	01KAEM70MTGV5C0JCVAAYWFWJ5	3272	WMMD718	Bugni Lab UW-Madison		GCA_029626075.1	Micromonosporaceae;Micromonospora;Micromonospora sp. WMMD718	Micromonosporaceae	Micromonospora	Micromonospora sp. WMMD718	3016098.0
0	3274	0.6776583698721701	01KABVHQM4Z8DQH3VK01W7KJK4.mzML	3274	01KAEM5S1ADMAES326ZH34TQF2	3275	WMMA2009	Bugni Lab UW-Madison		KY015159	Micromonosporaceae;Micromonospora;Micromonospora sp.	Micromonosporaceae	Micromonospora	Micromonospora sp.	1876.0
0	3278	0.6635790219878076	01KABVHQM4Z8DQH3VK01W7KJK4.mzML	3278	01KAEM508G22MZD67XTZRBW5H9	3279	WMMA1967	Bugni Lab UW-Madison		KY015131	Micromonosporaceae;Micromonospora;Micromonospora sp.	Micromonosporaceae	Micromonospora	Micromonospora sp.	1876.0
0	3281	0.570767453928787	01KABVHQM4Z8DQH3VK01W7KJK4.mzML	3281	01KAEM3GCHVFR3A64QED3YRD5V	3282	WMMA1892	Bugni Lab UW-Madison		KY015088	Micromonosporaceae;Micromonospora;Micromonospora sp.	Micromonosporaceae	Micromonospora	Micromonospora sp.	1876.0
0	3282	0.5677905128633318	01KABVHQM4Z8DQH3VK01W7KJK4.mzML	3282	01KAEM5T6BQE9HNWMP8SHK8KYM	3283	WMMA2010	Bugni Lab UW-Madison		KY015160	Micromonosporaceae;Micromonospora;Micromonospora sp.	Micromonosporaceae	Micromonospora	Micromonospora sp.	1876.0
0	3283	0.5481937551490033	01KABVHQM4Z8DQH3VK01W7KJK4.mzML	3283	01KAEM3FDP54J4SWP2ABA5W8T2	3284	WMMA1891	Bugni Lab UW-Madison		KY015087	Micromonosporaceae;Micromonospora;Micromonospora sp.	Micromonosporaceae	Micromonospora	Micromonospora sp.	1876.0
0	3284	0.6557190711555787	01KABVHQM4Z8DQH3VK01W7KJK4.mzML	3284	01KAEM5ET506087KW4WS7FGCGY	3285	WMMA1991	Bugni Lab UW-Madison		KY015145	Micromonosporaceae;Micromonospora;Micromonospora sp.	Micromonosporaceae	Micromonospora	Micromonospora sp.	1876.0
0	3285	0.5772216729405488	01KABVHQM4Z8DQH3VK01W7KJK4.mzML	3285	01KAEM3P2DNFWBMCQCVR1ERR3R	3286	WMMA1896	Bugni Lab UW-Madison		KY015092	Micromonosporaceae;Micromonospora;Micromonospora sp.	Micromonosporaceae	Micromonospora	Micromonospora sp.	1876.0
0	3286	0.5468651850532558	01KABVHQM4Z8DQH3VK01W7KJK4.mzML	3286	01KAEM4QBT90QGWRQW6NFRRB4P	3287	WMMA1953	Bugni Lab UW-Madison		KY015122	Micromonosporaceae;Micromonospora;Micromonospora sp.	Micromonosporaceae	Micromonospora	Micromonospora sp.	1876.0
0	3287	0.6131938138690323	01KABVHQM4Z8DQH3VK01W7KJK4.mzML	3287	01KAEM534PSTRZA2N2A3QBBXFG	3288	WMMA1970	Bugni Lab UW-Madison		KY015134	Micromonosporaceae;Micromonospora;Micromonospora sp.	Micromonosporaceae	Micromonospora	Micromonospora sp.	1876.0
0	3289	0.6656310442984305	01KABVHQM4Z8DQH3VK01W7KJK4.mzML	3289	01KAEM31TZKW3CQT23BA5JSYQ1	3290	WMMA1852	Bugni Lab UW-Madison		KY015196	Micromonosporaceae;Solwaraspora;Solwaraspora sp.	Micromonosporaceae	Solwaraspora	Solwaraspora sp.	1912063.0
0	3291	0.6947029371200104	01KABVHQM4Z8DQH3VK01W7KJK4.mzML	3291	01KAEM55CGM34NAP9Z3BTE1PX5	3292	WMMA1973	Bugni Lab UW-Madison		KY015136	Micromonosporaceae;Micromonospora;Micromonospora sp.	Micromonosporaceae	Micromonospora	Micromonospora sp.	1876.0
0	3294	0.6589563549444097	01KABVHQM4Z8DQH3VK01W7KJK4.mzML	3294	01KAEM4C39Q7TJA83NNGAHPZC5	3295	WMMA1922	Bugni Lab UW-Madison		KY015109	Micromonosporaceae;Micromonospora;Micromonospora sp.	Micromonosporaceae	Micromonospora	Micromonospora sp.	1876.0
0	3295	0.628176345746251	01KABVHQM4Z8DQH3VK01W7KJK4.mzML	3295	01KAEM5BWQ2AJE02GTW8QEQRNN	3296	WMMA1979	Bugni Lab UW-Madison		KY015142	Micromonosporaceae;Micromonospora;Micromonospora sp.	Micromonosporaceae	Micromonospora	Micromonospora sp.	1876.0
0	3297	0.6161028578935583	01KABVHQM4Z8DQH3VK01W7KJK4.mzML	3297	01KAEM3WD006ZECTX2XF08AQX4	3298	WMMA1901	Bugni Lab UW-Madison		KY015097	Micromonosporaceae;Micromonospora;Micromonospora sp.	Micromonosporaceae	Micromonospora	Micromonospora sp.	1876.0
0	3298	0.6998888271223652	01KABVHQM4Z8DQH3VK01W7KJK4.mzML	3298	01KAEM3EEN63NJAYA68GJG5X8N	3299	WMMA1890	Bugni Lab UW-Madison		KY015086	Micromonosporaceae;Micromonospora;Micromonospora sp.	Micromonosporaceae	Micromonospora	Micromonospora sp.	1876.0
0	3308	0.6705873234238547	01KABVHQM4Z8DQH3VK01W7KJK4.mzML	3308	01KAEM593HP01GV0WN7D01VJAA	3309	WMMA1975	Bugni Lab UW-Madison		KY015138	Micromonosporaceae;Micromonospora;Micromonospora sp.	Micromonosporaceae	Micromonospora	Micromonospora sp.	1876.0
0	3309	0.6791576923639557	01KABVHQM4Z8DQH3VK01W7KJK4.mzML	3309	01KAEM3R6ZGJM6H9VFPE3NG99N	3310	WMMA1898	Bugni Lab UW-Madison		KY015094	Micromonosporaceae;Micromonospora;Micromonospora sp.	Micromonosporaceae	Micromonospora	Micromonospora sp.	1876.0
0	3312	0.6438200933066789	01KABVHQM4Z8DQH3VK01W7KJK4.mzML	3312	01KAEM5WFA9RC0C5P7RBFY1W65	3313	WMMA2012	Bugni Lab UW-Madison		KY015162	Micromonosporaceae;Micromonospora;Micromonospora sp.	Micromonosporaceae	Micromonospora	Micromonospora sp.	1876.0
0	3315	0.6665431412470726	01KABVHQM4Z8DQH3VK01W7KJK4.mzML	3315	01KAEM5KGN4MB93ZQRX9N6WNQ0	3316	WMMA1997	Bugni Lab UW-Madison		KY015149	Micromonosporaceae;Micromonospora;Micromonospora sp.	Micromonosporaceae	Micromonospora	Micromonospora sp.	1876.0
0	3317	0.688931215259535	01KABVHQM4Z8DQH3VK01W7KJK4.mzML	3317	01KAEM3K0BBGPKMN4XBHG3S5QC	3318	WMMA1894	Bugni Lab UW-Madison		KY015090	Micromonosporaceae;Micromonospora;Micromonospora sp.	Micromonosporaceae	Micromonospora	Micromonospora sp.	1876.0
0	3320	0.6123987335107925	01KABVHQM4Z8DQH3VK01W7KJK4.mzML	3320	01KAEM4Y4Y9D5TMCEYK5X2V9W5	3321	WMMA1962	Bugni Lab UW-Madison		KY015129	Micromonosporaceae;Micromonospora;Micromonospora sp.	Micromonosporaceae	Micromonospora	Micromonospora sp.	1876.0
0	3322	0.6584112768910235	01KABVHQM4Z8DQH3VK01W7KJK4.mzML	3322	01KAEM49Q453FHQAVKFBP400QK	3323	WMMA1915	Bugni Lab UW-Madison		KY015107	Micromonosporaceae;Micromonospora;Micromonospora sp.	Micromonosporaceae	Micromonospora	Micromonospora sp.	1876.0
0	3326	0.6299369241865883	01KABVHQM4Z8DQH3VK01W7KJK4.mzML	3326	01KAEM4EH07MZM8TEJ5V1C4AJH	3327	WMMA1933	Bugni Lab UW-Madison		KY015114	Micromonosporaceae;Micromonospora;Micromonospora sp.	Micromonosporaceae	Micromonospora	Micromonospora sp.	1876.0
0	3335	0.6688254569166929	01KABVHQM4Z8DQH3VK01W7KJK4.mzML	3335	01KAEM463DN5ZYWERKSF04ZCCR	3336	WMMA1908	Bugni Lab UW-Madison		KY015102	Micromonosporaceae;Micromonospora;Micromonospora sp.	Micromonosporaceae	Micromonospora	Micromonospora sp.	1876.0
0	3338	0.6694302679590549	01KABVHQM4Z8DQH3VK01W7KJK4.mzML	3338	01KAEM4B1WGAQ49A7VXPPY79GA	3339	WMMA1921	Bugni Lab UW-Madison		KY015108	Micromonosporaceae;Micromonospora;Micromonospora sp.	Micromonosporaceae	Micromonospora	Micromonospora sp.	1876.0
0	3339	0.697428858324777	01KABVHQM4Z8DQH3VK01W7KJK4.mzML	3339	01KAEM4X2N3RQREDD19HEP5E8V	3340	WMMA1961	Bugni Lab UW-Madison		KY015128	Micromonosporaceae;Micromonospora;Micromonospora sp.	Micromonosporaceae	Micromonospora	Micromonospora sp.	1876.0
0	3342	0.6873995238182028	01KABVHQM4Z8DQH3VK01W7KJK4.mzML	3342	01KAEM5205V182ZMYH4GWWT75N	3343	WMMA1968	Bugni Lab UW-Madison		KY015132	Micromonosporaceae;Micromonospora;Micromonospora sp.	Micromonosporaceae	Micromonospora	Micromonospora sp.	1876.0
0	3344	0.6503932571134255	01KABVHQM4Z8DQH3VK01W7KJK4.mzML	3344	01KAEM4P38YMP6KNFDYQ3V7F8P	3345	WMMA1951	Bugni Lab UW-Madison		KY015121	Micromonosporaceae;Micromonospora;Micromonospora sp.	Micromonosporaceae	Micromonospora	Micromonospora sp.	1876.0
0	3345	0.5665196555413736	01KABVHQM4Z8DQH3VK01W7KJK4.mzML	3345	01KAEM4DDCEZ14WXD51KEEPW53	3346	WMMA1925	Bugni Lab UW-Madison		KY015111	Micromonosporaceae;Micromonospora;Micromonospora sp.	Micromonosporaceae	Micromonospora	Micromonospora sp.	1876.0
0	3346	0.6045649608908713	01KABVHQM4Z8DQH3VK01W7KJK4.mzML	3346	01KAEM3BS403H999QG5SZN44QM	3347	WMMA1888	Bugni Lab UW-Madison		KY015084	Micromonosporaceae;Micromonospora;Micromonospora sp.	Micromonosporaceae	Micromonospora	Micromonospora sp.	1876.0
0	3348	0.674762387455125	01KABVHQM4Z8DQH3VK01W7KJK4.mzML	3348	01KAEM3PX2HY9JKWDJ0JE0R0YJ	3349	WMMA1897	Bugni Lab UW-Madison		KY015093	Micromonosporaceae;Micromonospora;Micromonospora sp.	Micromonosporaceae	Micromonospora	Micromonospora sp.	1876.0
0	3349	0.6797821377561166	01KABVHQM4Z8DQH3VK01W7KJK4.mzML	3349	01KAEM4K67NYXNFSDWPTTDK5JH	3350	WMMA1949	Bugni Lab UW-Madison		GCA_027460145.1	Micromonosporaceae;Micromonospora;Micromonospora sp. WMMA1949	Micromonosporaceae	Micromonospora	Micromonospora sp. WMMA1949	3015162.0
0	3352	0.5344164264008732	01KABVHQM4Z8DQH3VK01W7KJK4.mzML	3352	01KAEM5E4JEXW276KERE0VYFY9	3353	WMMA1990	Bugni Lab UW-Madison		KY015144	Micromonosporaceae;Micromonospora;Micromonospora sp.	Micromonosporaceae	Micromonospora	Micromonospora sp.	1876.0
0	3354	0.583649451805835	01KABVHQM4Z8DQH3VK01W7KJK4.mzML	3354	01KAEM5PNP17Q7E8JX165MHQQY	3355	WMMA2002	Bugni Lab UW-Madison		KY015152	Micromonosporaceae;Micromonospora;Micromonospora sp.	Micromonosporaceae	Micromonospora	Micromonospora sp.	1876.0
0	3356	0.5813257923044453	01KABVHQM4Z8DQH3VK01W7KJK4.mzML	3356	01KAEM408ZA2PQ0BK2539EZR6P	3357	WMMA1906	Bugni Lab UW-Madison		KY015100	Micromonosporaceae;Micromonospora;Micromonospora sp.	Micromonosporaceae	Micromonospora	Micromonospora sp.	1876.0
0	3358	0.6694302679590549	01KABVHQM4Z8DQH3VK01W7KJK4.mzML	3358	01KAEM4H40HZXRMJF18AY3H26J	3359	WMMA1947	Bugni Lab UW-Madison		GCA_027497355.1	Micromonosporaceae;Micromonospora;Micromonospora sp. WMMA1947	Micromonosporaceae	Micromonospora	Micromonospora sp. WMMA1947	3015163.0
0	3361	0.5874812547012638	01KABVHQM4Z8DQH3VK01W7KJK4.mzML	3361	01KAEM4MZ0STYBJZRVJCMRHRHM	3362	WMMA1950	Bugni Lab UW-Madison		KY015120	Micromonosporaceae;Micromonospora;Micromonospora sp.	Micromonosporaceae	Micromonospora	Micromonospora sp.	1876.0
0	3362	0.582760680730681	01KABVHQM4Z8DQH3VK01W7KJK4.mzML	3362	01KAEM3D3SH04RPDFYPDC7XBV9	3363	WMMA1889	Bugni Lab UW-Madison		KY015085	Micromonosporaceae;Micromonospora;Micromonospora sp.	Micromonosporaceae	Micromonospora	Micromonospora sp.	1876.0
0	3364	0.6539066156558674	01KABVHQM4Z8DQH3VK01W7KJK4.mzML	3364	01KAEM494KD1PZ6DBHH3QVBZ7H	3365	WMMA1914	Bugni Lab UW-Madison		KY015106	Micromonosporaceae;Micromonospora;Micromonospora sp.	Micromonosporaceae	Micromonospora	Micromonospora sp.	1876.0
0	3366	0.683168889259042	01KABVHQM4Z8DQH3VK01W7KJK4.mzML	3366	01KAEM6J49DY9JAC8443R0WT0T	3367	WMMC264	Bugni Lab UW-Madison		GCA_027497275.1	Micromonosporaceae;Micromonospora;Micromonospora sp. WMMC264	Micromonosporaceae	Micromonospora	Micromonospora sp. WMMC264	3015158.0
0	3368	0.613684313392217	01KABVHQM4Z8DQH3VK01W7KJK4.mzML	3368	01KAEM3YN0X4TRWCETMSC3Y6NH	3369	WMMA1903	Bugni Lab UW-Madison		KY015099	Micromonosporaceae;Micromonospora;Micromonospora sp.	Micromonosporaceae	Micromonospora	Micromonospora sp.	1876.0
0	3371	0.6799487877087221	01KABVHQM4Z8DQH3VK01W7KJK4.mzML	3371	01KAEM6EV4W4G9YBP9M2ZZEDVY	3372	WMMB235	Bugni Lab UW-Madison		GCA_001855515.1	Micromonosporaceae;Micromonospora;Micromonospora sp. WMMB235	Micromonosporaceae	Micromonospora	Micromonospora sp. WMMB235	1172030.0
0	3372	0.6123987335107925	01KABVHQM4Z8DQH3VK01W7KJK4.mzML	3372	01KAEM5BD7XFT4R419PNECS3A4	3373	WMMA1978	Bugni Lab UW-Madison		KY015141	Micromonosporaceae;Micromonospora;Micromonospora sp.	Micromonosporaceae	Micromonospora	Micromonospora sp.	1876.0
0	3373	0.6993001747508839	01KABVHQM4Z8DQH3VK01W7KJK4.mzML	3373	01KAEM68FPPFN853KA86RC9WVZ	3374	WMMA2053	Bugni Lab UW-Madison		KY015212	Micromonosporaceae;Micromonospora;Verrucosispora sp.	Micromonosporaceae	Micromonospora	Verrucosispora sp.	1871626.0
0	3375	0.6370864178027911	01KABVHQM4Z8DQH3VK01W7KJK4.mzML	3375	01KAEM5N4P95CJEBQZSQQMJ3PS	3376	WMMA2000	Bugni Lab UW-Madison		KY015151	Micromonosporaceae;Micromonospora;Micromonospora sp.	Micromonosporaceae	Micromonospora	Micromonospora sp.	1876.0
0	3378	0.5929372494933474	01KABVHQM4Z8DQH3VK01W7KJK4.mzML	3378	01KAEM5HTGWKNPX6JFTCCHRT4J	3379	WMMA1994	Bugni Lab UW-Madison		KY015147	Micromonosporaceae;Micromonospora;Micromonospora sp.	Micromonosporaceae	Micromonospora	Micromonospora sp.	1876.0
0	3380	0.6104151830223512	01KABVHQM4Z8DQH3VK01W7KJK4.mzML	3380	01KAEM4JNM5NDJXN1M7CNDYZZW	3381	WMMA1948	Bugni Lab UW-Madison		KY015118	Micromonosporaceae;Micromonospora;Micromonospora sp.	Micromonosporaceae	Micromonospora	Micromonospora sp.	1876.0
0	3383	0.5872878235848213	01KABVHQM4Z8DQH3VK01W7KJK4.mzML	3383	01KAEM3TSH7CBH380QZRNC80F8	3384	WMMA1900	Bugni Lab UW-Madison		KY015096	Micromonosporaceae;Micromonospora;Micromonospora sp.	Micromonosporaceae	Micromonospora	Micromonospora sp.	1876.0
0	3385	0.6763322750380398	01KABVHQM4Z8DQH3VK01W7KJK4.mzML	3385	01KAEM6FTZVGQW5CF8TD5P0BED	3386	WMMC241	Bugni Lab UW-Madison		GCA_027460165.1	Micromonosporaceae;Micromonospora;Micromonospora sp. WMMC241	Micromonosporaceae	Micromonospora	Micromonospora sp. WMMC241	3015159.0
0	3387	0.6363079706360026	01KABVHQM4Z8DQH3VK01W7KJK4.mzML	3387	01KAEM5YZMDJ3MRYGR1XAYSX97	3388	WMMA2014	Bugni Lab UW-Madison		KY015164	Micromonosporaceae;Micromonospora;Micromonospora sp.	Micromonosporaceae	Micromonospora	Micromonospora sp.	1876.0
0	3391	0.6605344261927933	01KABVHQM4Z8DQH3VK01W7KJK4.mzML	3391	01KAEM472SBYDQV56GT196J2V7	3392	WMMA1910	Bugni Lab UW-Madison		KY015103	Micromonosporaceae;Micromonospora;Micromonospora sp.	Micromonosporaceae	Micromonospora	Micromonospora sp.	1876.0
0	3396	0.6709381666907495	01KABVHQM4Z8DQH3VK01W7KJK4.mzML	3396	01KAEM3AGX5S0RNZW6YR3B9PDH	3397	WMMA1887	Bugni Lab UW-Madison		KY015083	Micromonosporaceae;Micromonospora;Micromonospora sp.	Micromonosporaceae	Micromonospora	Micromonospora sp.	1876.0
0	3397	0.665715768570506	01KABVHQM4Z8DQH3VK01W7KJK4.mzML	3397	01KAEM5V6X7W14VAE5H573C2Z2	3398	WMMA2011	Bugni Lab UW-Madison		KY015161	Micromonosporaceae;Micromonospora;Micromonospora sp.	Micromonosporaceae	Micromonospora	Micromonospora sp.	1876.0
0	63	0.3585730194101816	01KA9R7JH7PQ4NDNT10K8ME8Y8.mzML	63	01KA9R7BH55VJ5EFY407W36QQ6	64	K633	Murphy Lab UIC			Micromonospora sp. (User Submitted 16S)				
0	70	0.6699108638982539	01KA9R7JH7PQ4NDNT10K8ME8Y8.mzML	70	01KA9R7TN3ZPW4SGN9DBW79RR5	71	K779	Murphy Lab UIC			Micromonospora sp. (User Submitted 16S)				
0	113	0.5617916271075032	01KA9R7JH7PQ4NDNT10K8ME8Y8.mzML	113	01KA9R7ABQNYC3ZX35DV6H299V	114	K622	Murphy Lab UIC			Micromonospora sp. (User Submitted 16S)				
0	159	0.0	01KA9R7JH7PQ4NDNT10K8ME8Y8.mzML	159	01KA9R7JH7PQ4NDNT10K8ME8Y8	160	K701	Murphy Lab UIC			Micromonospora sp. (User Submitted 16S)				
0	2705	0.6947661521663201	01KA9R7JH7PQ4NDNT10K8ME8Y8.mzML	2705	01KABVD7EDZHRJHR0K1NTXK7ZH	2706	A040	Murphy Lab UIC			Micromonospora sp. (User Submitted 16S)				
0	2739	0.6855145489834245	01KA9R7JH7PQ4NDNT10K8ME8Y8.mzML	2739	01KABVG79A32Y6M4JVM4ZYZKAF	2740	B032	Murphy Lab UIC			Micromonospora sp. (User Submitted 16S)				
0	2746	0.6568236097235045	01KA9R7JH7PQ4NDNT10K8ME8Y8.mzML	2746	01KABVF1BFERF34QT58K4HE90J	2747	B017	Murphy Lab UIC			Micromonospora aurantiaca (User Submitted 16S)				
0	3273	0.69368126268351	01KA9R7JH7PQ4NDNT10K8ME8Y8.mzML	3273	01KAEM7KCYGPG4DZ96HXMED0V6	3274	WMMD882	Bugni Lab UW-Madison		GCA_027497255.1	Micromonosporaceae;Micromonospora;Micromonospora sp. WMMD882	Micromonosporaceae	Micromonospora	Micromonospora sp. WMMD882	3015151.0
0	3291	0.6811259303911534	01KA9R7JH7PQ4NDNT10K8ME8Y8.mzML	3291	01KAEM55CGM34NAP9Z3BTE1PX5	3292	WMMA1973	Bugni Lab UW-Madison		KY015136	Micromonosporaceae;Micromonospora;Micromonospora sp.	Micromonosporaceae	Micromonospora	Micromonospora sp.	1876.0
0	3304	0.6994628464812358	01KA9R7JH7PQ4NDNT10K8ME8Y8.mzML	3304	01KAEM7FMNGEEHXDGA03HNR1KX	3305	WMMC415	Bugni Lab UW-Madison		GCA_009707425.1	Micromonosporaceae;Micromonospora;Micromonospora sp. WMMC415	Micromonosporaceae	Micromonospora	Micromonospora sp. WMMC415	2675222.0
0	3381	0.6926711800987213	01KA9R7JH7PQ4NDNT10K8ME8Y8.mzML	3381	01KAEM5AP3JE5EGDXG193QYSEN	3382	WMMA1977	Bugni Lab UW-Madison		KY015140	Micromonosporaceae;Micromonospora;Micromonospora sp.	Micromonosporaceae	Micromonospora	Micromonospora sp.	1876.0
0	3393	0.6886752870023375	01KA9R7JH7PQ4NDNT10K8ME8Y8.mzML	3393	01KAEM4TJRGRVG070WBFP4E5CW	3394	WMMA1958	Bugni Lab UW-Madison		KY015126	Micromonosporaceae;Micromonospora;Micromonospora sp.	Micromonosporaceae	Micromonospora	Micromonospora sp.	1876.0
0	158	0.0	01KA9R4CJ05D7GNAEM0AJ68V0M.mzML	158	01KA9R4CJ05D7GNAEM0AJ68V0M	159	117F-1	Murphy lab UIC		MK143124	Micrococcaceae;Kocuria;Kocuria sp.	Micrococcaceae	Kocuria	Kocuria sp.	1871328.0
0	1468	1.2212453270876722e-15	01JVTRHJ8EME3YWMDSH83XVR3D.mzML	1468	01JVTRHJ8EME3YWMDSH83XVR3D	1469	BM2Q003	Murphy Lab UIC		PP998012.1	Micromonosporaceae;Micromonospora;Micromonospora sp.	Micromonosporaceae	Micromonospora	Micromonospora sp.	1876.0
0	3364	0.692601872723823	01JVTRHJ8EME3YWMDSH83XVR3D.mzML	3364	01KAEM494KD1PZ6DBHH3QVBZ7H	3365	WMMA1914	Bugni Lab UW-Madison		KY015106	Micromonosporaceae;Micromonospora;Micromonospora sp.	Micromonosporaceae	Micromonospora	Micromonospora sp.	1876.0
0	168	8.881784197001252e-16	01KA9R5KF1QKAGN54SDPMNK7SC.mzML	168	01KA9R5KF1QKAGN54SDPMNK7SC	169	135A-23	Murphy lab UIC		MK143160	Cellulomonadaceae;Oerskovia;Oerskovia sp.	Cellulomonadaceae	Oerskovia	Oerskovia sp.	1915060.0
0	186	0.5857534893325335	01KA9R5KF1QKAGN54SDPMNK7SC.mzML	186	01KA9R47SFFX9SBAXB91ZPMR0K	187	116H-18	Murphy lab UIC		MK163385	Cellulomonadaceae;Oerskovia;Oerskovia sp.	Cellulomonadaceae	Oerskovia	Oerskovia sp.	1915060.0
0	391	0.6807361408416137	01JVTRHV4XK709RB213EACRM8J.mzML	391	01KGR3VXQ58XS6FQKKGM7D1RQ4	392	Bacillus_None_None_CCM_864_(B72,_Beyer)		B72\0_L6\1 | B72\0_L5\1 | B72\0_N6\1 | B72\0_N5\1		Bacillaceae;Bacillus;Bacillus licheniformis	Bacillaceae	Bacillus	Bacillus licheniformis	1402.0
0	1440	0.0	01JVTRHV4XK709RB213EACRM8J.mzML	1440	01JVTRHV4XK709RB213EACRM8J	1441	BM5L003A	Murphy Lab UIC		PQ000242	Microbacteriaceae;Microbacterium;Microbacterium sp.	Microbacteriaceae	Microbacterium	Microbacterium sp.	51671.0
0	1467	0.6987025691381159	01JVTRHV4XK709RB213EACRM8J.mzML	1467	01JVTRNV8056W4015NFWKF9X7F	1468	OS2AA05	Murphy Lab UIC			Lysinbacillus sp. (User Submitted 16S)				
0	1948	0.6957444682977341	01JVTRHV4XK709RB213EACRM8J.mzML	1948	01KGRMTXSCPFMHYB92GKAF01PP	1949	Acinetobacter_None_None_DSM_30007;_ATCC_19606		30007_02\0_E7\1 | 30007_01\0_C7\1 | 30007_03\0_C8\1 | 30007_04\0_E8\1		Moraxellaceae;Acinetobacter;Acinetobacter baumannii	Moraxellaceae	Acinetobacter	Acinetobacter baumannii	470.0
0	3094	0.6787193766532862	01JVTRHV4XK709RB213EACRM8J.mzML	3094	01KGR3H1WGXP3S1T72Y19C3KA1	3095	Bacillus_None_None_DSM_23117_(FZB42)		Bacillus_amyloliquefaciens_subsp_ptantarum_DSM23177_04\0_E4\1 | Bacillus_amyloliquefaciens_subsp_ptantarum_DSM23177_02\0_E3\1 | Bacillus_amyloliquefaciens_subsp_ptantarum_DSM23177_01\0_C3\1 | Bacillus_amyloliquefaciens_subsp_ptantarum_DSM23177_03\0_C4\1		Bacillaceae;Bacillus;Bacillus velezensis	Bacillaceae	Bacillus	Bacillus velezensis	492670.0
0	70	0.5950011643699784	01KABVG4816P8MNPYHYEXFA5N3.mzML	70	01KA9R7TN3ZPW4SGN9DBW79RR5	71	K779	Murphy Lab UIC			Micromonospora sp. (User Submitted 16S)				
0	95	0.5665501322196673	01KABVG4816P8MNPYHYEXFA5N3.mzML	95	01KA9R7HAP8T2859SKA9XJF8XF	96	K699	Murphy Lab UIC			Micromonospora sp. (User Submitted 16S)				
0	113	0.6995460631943134	01KABVG4816P8MNPYHYEXFA5N3.mzML	113	01KA9R7ABQNYC3ZX35DV6H299V	114	K622	Murphy Lab UIC			Micromonospora sp. (User Submitted 16S)				
0	169	0.6703657426278684	01KABVG4816P8MNPYHYEXFA5N3.mzML	169	01KA9R61DZ14QDHWGF5AYV69CT	170	138D-1	Murphy Lab UIC		MK143204	Micromonosporaceae;Micromonospora;Micromonospora sp.	Micromonosporaceae	Micromonospora	Micromonospora sp.	1876.0
0	1380	0.6018103597221554	01KABVG4816P8MNPYHYEXFA5N3.mzML	1380	01JVTRHFKTWPGR04GQT3ZN6Q0R	1381	BM2E001	Murphy Lab UIC			Micromonospora sp. (User Submitted 16S)				
0	1413	0.640575643708519	01KABVG4816P8MNPYHYEXFA5N3.mzML	1413	01JVTRHW0H4W4HEQ6ZRFSSQ90C	1414	BM6G003A	Murphy Lab UIC		PQ001007	Micromonosporaceae;Micromonospora;Micromonospora sp.	Micromonosporaceae	Micromonospora	Micromonospora sp.	1876.0
0	2706	0.535128343680759	01KABVG4816P8MNPYHYEXFA5N3.mzML	2706	01KABVEESWCMN2RCXM1EF85QXF	2707	B012	Murphy Lab UIC		KY858247	Micromonosporaceae;Micromonospora;Micromonospora chokoriensis	Micromonosporaceae	Micromonospora	Micromonospora chokoriensis	356851.0
0	2708	6.661338147750939e-16	01KABVG4816P8MNPYHYEXFA5N3.mzML	2708	01KABVG4816P8MNPYHYEXFA5N3	2709	B031	Murphy Lab UIC			Micromonospora sp. (User Submitted 16S)				
0	2709	0.6089410266097244	01KABVG4816P8MNPYHYEXFA5N3.mzML	2709	01KABVDCX3YBV83W778NE5P4RC	2710	B001	Murphy Lab UIC		KY858238	Micromonosporaceae;Micromonospora;Micromonospora chokoriensis	Micromonosporaceae	Micromonospora	Micromonospora chokoriensis	356851.0
0	2721	0.512735911381841	01KABVG4816P8MNPYHYEXFA5N3.mzML	2721	01KABVDN5VSH8NWZF4KK71B36P	2722	B002	Murphy Lab UIC			Micromonospora chokoriensis (User Submitted 16S)				
0	2739	0.5498369011679863	01KABVG4816P8MNPYHYEXFA5N3.mzML	2739	01KABVG79A32Y6M4JVM4ZYZKAF	2740	B032	Murphy Lab UIC			Micromonospora sp. (User Submitted 16S)				
0	2742	0.5186121983211631	01KABVG4816P8MNPYHYEXFA5N3.mzML	2742	01KABVFFZ7EDYKQM4J5YDVYVC2	2743	B022	Murphy Lab UIC		KY858245	Micromonosporaceae;Micromonospora;Micromonospora chokoriensis	Micromonosporaceae	Micromonospora	Micromonospora chokoriensis	356851.0
0	3264	0.6951493024894687	01KABVG4816P8MNPYHYEXFA5N3.mzML	3264	01KAEM3SQBAZ7X3W5WJJH4KSP6	3265	WMMA1899	Bugni Lab UW-Madison		KY015095	Micromonosporaceae;Micromonospora;Micromonospora sp.	Micromonosporaceae	Micromonospora	Micromonospora sp.	1876.0
0	3266	0.6833885620573021	01KABVG4816P8MNPYHYEXFA5N3.mzML	3266	01KAEM6GQSSFDSSSWF8M1NBR4B	3267	WMMC250	Bugni Lab UW-Madison		GCA_027460215.1	Micromonosporaceae;Micromonospora;Micromonospora sp. WMMC250	Micromonosporaceae	Micromonospora	Micromonospora sp. WMMC250	3014781.0
0	3268	0.6710089019167997	01KABVG4816P8MNPYHYEXFA5N3.mzML	3268	01KAEM4RZWT59RYBJ73N3S4YC4	3269	WMMA1957	Bugni Lab UW-Madison		KY015125	Micromonosporaceae;Micromonospora;Micromonospora sp.	Micromonosporaceae	Micromonospora	Micromonospora sp.	1876.0
0	3274	0.6892178417343652	01KABVG4816P8MNPYHYEXFA5N3.mzML	3274	01KAEM5S1ADMAES326ZH34TQF2	3275	WMMA2009	Bugni Lab UW-Madison		KY015159	Micromonosporaceae;Micromonospora;Micromonospora sp.	Micromonosporaceae	Micromonospora	Micromonospora sp.	1876.0
0	3283	0.691052561648162	01KABVG4816P8MNPYHYEXFA5N3.mzML	3283	01KAEM3FDP54J4SWP2ABA5W8T2	3284	WMMA1891	Bugni Lab UW-Madison		KY015087	Micromonosporaceae;Micromonospora;Micromonospora sp.	Micromonosporaceae	Micromonospora	Micromonospora sp.	1876.0
0	3286	0.6700608244039554	01KABVG4816P8MNPYHYEXFA5N3.mzML	3286	01KAEM4QBT90QGWRQW6NFRRB4P	3287	WMMA1953	Bugni Lab UW-Madison		KY015122	Micromonosporaceae;Micromonospora;Micromonospora sp.	Micromonosporaceae	Micromonospora	Micromonospora sp.	1876.0
0	3295	0.6913627646084753	01KABVG4816P8MNPYHYEXFA5N3.mzML	3295	01KAEM5BWQ2AJE02GTW8QEQRNN	3296	WMMA1979	Bugni Lab UW-Madison		KY015142	Micromonosporaceae;Micromonospora;Micromonospora sp.	Micromonosporaceae	Micromonospora	Micromonospora sp.	1876.0
0	3297	0.6910508342227806	01KABVG4816P8MNPYHYEXFA5N3.mzML	3297	01KAEM3WD006ZECTX2XF08AQX4	3298	WMMA1901	Bugni Lab UW-Madison		KY015097	Micromonosporaceae;Micromonospora;Micromonospora sp.	Micromonosporaceae	Micromonospora	Micromonospora sp.	1876.0
0	3300	0.5983903355487503	01KABVG4816P8MNPYHYEXFA5N3.mzML	3300	01KAEM4G4PJG4A8B33NFAZYAXJ	3301	WMMA1946	Bugni Lab UW-Madison		KY015116	Micromonosporaceae;Micromonospora;Micromonospora sp.	Micromonosporaceae	Micromonospora	Micromonospora sp.	1876.0
0	3301	0.6863112201834218	01KABVG4816P8MNPYHYEXFA5N3.mzML	3301	01KAEM602WQS98CMQA0MFX7V2X	3302	WMMA2015	Bugni Lab UW-Madison		KY015165	Micromonosporaceae;Micromonospora;Micromonospora sp.	Micromonosporaceae	Micromonospora	Micromonospora sp.	1876.0
0	3308	0.6381632782396045	01KABVG4816P8MNPYHYEXFA5N3.mzML	3308	01KAEM593HP01GV0WN7D01VJAA	3309	WMMA1975	Bugni Lab UW-Madison		KY015138	Micromonosporaceae;Micromonospora;Micromonospora sp.	Micromonosporaceae	Micromonospora	Micromonospora sp.	1876.0
0	3315	0.6892178417343653	01KABVG4816P8MNPYHYEXFA5N3.mzML	3315	01KAEM5KGN4MB93ZQRX9N6WNQ0	3316	WMMA1997	Bugni Lab UW-Madison		KY015149	Micromonosporaceae;Micromonospora;Micromonospora sp.	Micromonosporaceae	Micromonospora	Micromonospora sp.	1876.0
0	3320	0.6951996951995427	01KABVG4816P8MNPYHYEXFA5N3.mzML	3320	01KAEM4Y4Y9D5TMCEYK5X2V9W5	3321	WMMA1962	Bugni Lab UW-Madison		KY015129	Micromonosporaceae;Micromonospora;Micromonospora sp.	Micromonosporaceae	Micromonospora	Micromonospora sp.	1876.0
0	3322	0.6822807922167149	01KABVG4816P8MNPYHYEXFA5N3.mzML	3322	01KAEM49Q453FHQAVKFBP400QK	3323	WMMA1915	Bugni Lab UW-Madison		KY015107	Micromonosporaceae;Micromonospora;Micromonospora sp.	Micromonosporaceae	Micromonospora	Micromonospora sp.	1876.0
0	3325	0.6727662259186591	01KABVG4816P8MNPYHYEXFA5N3.mzML	3325	01KAEM5QH9B0D9FQRAT45HG21X	3326	WMMA2003	Bugni Lab UW-Madison		KY015153	Micromonosporaceae;Micromonospora;Micromonospora sp.	Micromonosporaceae	Micromonospora	Micromonospora sp.	1876.0
0	3336	0.6793334578395702	01KABVG4816P8MNPYHYEXFA5N3.mzML	3336	01KAEM4YRDVQRFW8A4DXKKD2V6	3337	WMMA1966	Bugni Lab UW-Madison		KY015130	Micromonosporaceae;Micromonospora;Micromonospora sp.	Micromonosporaceae	Micromonospora	Micromonospora sp.	1876.0
0	3338	0.6919086469980265	01KABVG4816P8MNPYHYEXFA5N3.mzML	3338	01KAEM4B1WGAQ49A7VXPPY79GA	3339	WMMA1921	Bugni Lab UW-Madison		KY015108	Micromonosporaceae;Micromonospora;Micromonospora sp.	Micromonosporaceae	Micromonospora	Micromonospora sp.	1876.0
0	3342	0.6878457284036325	01KABVG4816P8MNPYHYEXFA5N3.mzML	3342	01KAEM5205V182ZMYH4GWWT75N	3343	WMMA1968	Bugni Lab UW-Madison		KY015132	Micromonosporaceae;Micromonospora;Micromonospora sp.	Micromonosporaceae	Micromonospora	Micromonospora sp.	1876.0
0	3346	0.6810660564128879	01KABVG4816P8MNPYHYEXFA5N3.mzML	3346	01KAEM3BS403H999QG5SZN44QM	3347	WMMA1888	Bugni Lab UW-Madison		KY015084	Micromonosporaceae;Micromonospora;Micromonospora sp.	Micromonosporaceae	Micromonospora	Micromonospora sp.	1876.0
0	3360	0.6833688586900368	01KABVG4816P8MNPYHYEXFA5N3.mzML	3360	01KAEM3XJA57D9PNJXD4BX4JG8	3361	WMMA1902	Bugni Lab UW-Madison		KY015098	Micromonosporaceae;Micromonospora;Micromonospora sp.	Micromonosporaceae	Micromonospora	Micromonospora sp.	1876.0
0	3362	0.6798956526866897	01KABVG4816P8MNPYHYEXFA5N3.mzML	3362	01KAEM3D3SH04RPDFYPDC7XBV9	3363	WMMA1889	Bugni Lab UW-Madison		KY015085	Micromonosporaceae;Micromonospora;Micromonospora sp.	Micromonosporaceae	Micromonospora	Micromonospora sp.	1876.0
0	3368	0.6962106442690665	01KABVG4816P8MNPYHYEXFA5N3.mzML	3368	01KAEM3YN0X4TRWCETMSC3Y6NH	3369	WMMA1903	Bugni Lab UW-Madison		KY015099	Micromonosporaceae;Micromonospora;Micromonospora sp.	Micromonosporaceae	Micromonospora	Micromonospora sp.	1876.0
0	3372	0.6697996697995047	01KABVG4816P8MNPYHYEXFA5N3.mzML	3372	01KAEM5BD7XFT4R419PNECS3A4	3373	WMMA1978	Bugni Lab UW-Madison		KY015141	Micromonosporaceae;Micromonospora;Micromonospora sp.	Micromonosporaceae	Micromonospora	Micromonospora sp.	1876.0
0	3375	0.6557242171459456	01KABVG4816P8MNPYHYEXFA5N3.mzML	3375	01KAEM5N4P95CJEBQZSQQMJ3PS	3376	WMMA2000	Bugni Lab UW-Madison		KY015151	Micromonosporaceae;Micromonospora;Micromonospora sp.	Micromonosporaceae	Micromonospora	Micromonospora sp.	1876.0
0	3377	0.6905720188002995	01KABVG4816P8MNPYHYEXFA5N3.mzML	3377	01KAEM6XZMV61J15FAGBZM62DH	3378	WMMD710	Bugni Lab UW-Madison		GCA_029626045.1	Micromonosporaceae;Micromonospora;Micromonospora sp. WMMD710	Micromonosporaceae	Micromonospora	Micromonospora sp. WMMD710	3016085.0
0	3380	0.659599865386336	01KABVG4816P8MNPYHYEXFA5N3.mzML	3380	01KAEM4JNM5NDJXN1M7CNDYZZW	3381	WMMA1948	Bugni Lab UW-Madison		KY015118	Micromonosporaceae;Micromonospora;Micromonospora sp.	Micromonosporaceae	Micromonospora	Micromonospora sp.	1876.0
0	3383	0.692164168170869	01KABVG4816P8MNPYHYEXFA5N3.mzML	3383	01KAEM3TSH7CBH380QZRNC80F8	3384	WMMA1900	Bugni Lab UW-Madison		KY015096	Micromonosporaceae;Micromonospora;Micromonospora sp.	Micromonosporaceae	Micromonospora	Micromonospora sp.	1876.0
0	3384	0.6722375353932513	01KABVG4816P8MNPYHYEXFA5N3.mzML	3384	01KAEM6V822MRQ2FRP5EGFRQT5	3385	WMMD1155	Bugni Lab UW-Madison		GCA_029581275.1	Micromonosporaceae;Micromonospora;Micromonospora sp. WMMD1155	Micromonosporaceae	Micromonospora	Micromonospora sp. WMMD1155	3016094.0
0	3391	0.6737307662325089	01KABVG4816P8MNPYHYEXFA5N3.mzML	3391	01KAEM472SBYDQV56GT196J2V7	3392	WMMA1910	Bugni Lab UW-Madison		KY015103	Micromonosporaceae;Micromonospora;Micromonospora sp.	Micromonosporaceae	Micromonospora	Micromonospora sp.	1876.0
0	3393	0.6634972841859867	01KABVG4816P8MNPYHYEXFA5N3.mzML	3393	01KAEM4TJRGRVG070WBFP4E5CW	3394	WMMA1958	Bugni Lab UW-Madison		KY015126	Micromonosporaceae;Micromonospora;Micromonospora sp.	Micromonosporaceae	Micromonospora	Micromonospora sp.	1876.0
0	64	0.5375413495871357	01KABVEM6E13AXGMH5NS3GEVFW.mzML	64	01KA9R5135AXBXG68M163YJ1D9	65	129A-35	Murphy Lab UIC		MK168037	Micromonosporaceae;Micromonospora;Micromonospora sp.	Micromonosporaceae	Micromonospora	Micromonospora sp.	1876.0
0	73	0.534139507221562	01KABVEM6E13AXGMH5NS3GEVFW.mzML	73	01KA9R7X14AF8YZA67AFG150N1	74	K792	Murphy Lab UIC			Micromonospora sp. (User Submitted 16S)				
0	137	0.6187718160606892	01KABVEM6E13AXGMH5NS3GEVFW.mzML	137	01KA9R502EM598QFY0NAMWQ4BH	138	129A-2	Murphy Lab UIC		MK168033	Micromonosporaceae;Micromonospora;Micromonospora sp.	Micromonosporaceae	Micromonospora	Micromonospora sp.	1876.0
0	151	0.505229304004707	01KABVEM6E13AXGMH5NS3GEVFW.mzML	151	01KA9R7W1N77QNBT9ACTE879WS	152	K787	Murphy Lab UIC			Micromonospora sp. (User Submitted 16S)				
0	187	0.5989091339605721	01KABVEM6E13AXGMH5NS3GEVFW.mzML	187	01KA9R7XZV024CS7CNYVBDDZCV	188	K806	Murphy Lab UIC			Micromonospora sp. (User Submitted 16S)				
0	2705	0.4752502321671982	01KABVEM6E13AXGMH5NS3GEVFW.mzML	2705	01KABVD7EDZHRJHR0K1NTXK7ZH	2706	A040	Murphy Lab UIC			Micromonospora sp. (User Submitted 16S)				
0	2707	0.0	01KABVEM6E13AXGMH5NS3GEVFW.mzML	2707	01KABVEM6E13AXGMH5NS3GEVFW	2708	B013	Murphy Lab UIC			Micromonospora tulbaghiae (User Submitted 16S)				
0	2710	0.5548680927402745	01KABVEM6E13AXGMH5NS3GEVFW.mzML	2710	01KABVJD25776HYCW46YPZ6JJZ	2711	D077	Murphy Lab UIC			Micromonospora humi (User Submitted 16S)				
0	2713	0.5216351267650601	01KABVEM6E13AXGMH5NS3GEVFW.mzML	2713	01KABVFVY7F65NR3CH41M8RZCG	2714	B026	Murphy Lab UIC		KP009553	Micromonosporaceae;Micromonospora;Micromonospora sp. B026	Micromonosporaceae	Micromonospora	Micromonospora sp. B026	1611404.0
0	2718	0.4554672298826699	01KABVEM6E13AXGMH5NS3GEVFW.mzML	2718	01KABVHQM4Z8DQH3VK01W7KJK4	2719	D053	Murphy Lab UIC			Micromonospora sp. (User Submitted 16S)				
0	2721	0.6940738129572657	01KABVEM6E13AXGMH5NS3GEVFW.mzML	2721	01KABVDN5VSH8NWZF4KK71B36P	2722	B002	Murphy Lab UIC			Micromonospora chokoriensis (User Submitted 16S)				
0	2731	0.5887685531877672	01KABVEM6E13AXGMH5NS3GEVFW.mzML	2731	01KABVHZ2N5BMEDR5SWJC9NPKY	2732	D054	Murphy Lab UIC			Micromonospora sp. (User Submitted 16S)				
0	2732	0.5819769616510349	01KABVEM6E13AXGMH5NS3GEVFW.mzML	2732	01KABVDV9YX1DD0E5NB194KTP9	2733	B006	Murphy Lab UIC			Micromonospora sp. (User Submitted 16S)				
0	2746	0.6775415362449917	01KABVEM6E13AXGMH5NS3GEVFW.mzML	2746	01KABVF1BFERF34QT58K4HE90J	2747	B017	Murphy Lab UIC			Micromonospora aurantiaca (User Submitted 16S)				
0	3264	0.5605834733691077	01KABVEM6E13AXGMH5NS3GEVFW.mzML	3264	01KAEM3SQBAZ7X3W5WJJH4KSP6	3265	WMMA1899	Bugni Lab UW-Madison		KY015095	Micromonosporaceae;Micromonospora;Micromonospora sp.	Micromonosporaceae	Micromonospora	Micromonospora sp.	1876.0
0	3267	0.6424814006625942	01KABVEM6E13AXGMH5NS3GEVFW.mzML	3267	01KAEM47QA3Y8X528R3ZP2FQ93	3268	WMMA1912	Bugni Lab UW-Madison		KY015104	Micromonosporaceae;Micromonospora;Micromonospora sp.	Micromonosporaceae	Micromonospora	Micromonospora sp.	1876.0
0	3268	0.520676493099645	01KABVEM6E13AXGMH5NS3GEVFW.mzML	3268	01KAEM4RZWT59RYBJ73N3S4YC4	3269	WMMA1957	Bugni Lab UW-Madison		KY015125	Micromonosporaceae;Micromonospora;Micromonospora sp.	Micromonosporaceae	Micromonospora	Micromonospora sp.	1876.0
0	3271	0.6497418056258498	01KABVEM6E13AXGMH5NS3GEVFW.mzML	3271	01KAEM70MTGV5C0JCVAAYWFWJ5	3272	WMMD718	Bugni Lab UW-Madison		GCA_029626075.1	Micromonosporaceae;Micromonospora;Micromonospora sp. WMMD718	Micromonosporaceae	Micromonospora	Micromonospora sp. WMMD718	3016098.0
0	3274	0.6991854701845222	01KABVEM6E13AXGMH5NS3GEVFW.mzML	3274	01KAEM5S1ADMAES326ZH34TQF2	3275	WMMA2009	Bugni Lab UW-Madison		KY015159	Micromonosporaceae;Micromonospora;Micromonospora sp.	Micromonosporaceae	Micromonospora	Micromonospora sp.	1876.0
0	3278	0.5881227644760434	01KABVEM6E13AXGMH5NS3GEVFW.mzML	3278	01KAEM508G22MZD67XTZRBW5H9	3279	WMMA1967	Bugni Lab UW-Madison		KY015131	Micromonosporaceae;Micromonospora;Micromonospora sp.	Micromonosporaceae	Micromonospora	Micromonospora sp.	1876.0
0	3280	0.6405746212761074	01KABVEM6E13AXGMH5NS3GEVFW.mzML	3280	01KAEM6KBK5Y14ZAKXC2DTAAFE	3281	WMMC273	Bugni Lab UW-Madison		GCA_027460285.1	Micromonosporaceae;Micromonospora;Micromonospora sp. WMMC273	Micromonosporaceae	Micromonospora	Micromonospora sp. WMMC273	3015157.0
0	3281	0.5851271424774069	01KABVEM6E13AXGMH5NS3GEVFW.mzML	3281	01KAEM3GCHVFR3A64QED3YRD5V	3282	WMMA1892	Bugni Lab UW-Madison		KY015088	Micromonosporaceae;Micromonospora;Micromonospora sp.	Micromonosporaceae	Micromonospora	Micromonospora sp.	1876.0
0	3282	0.5623569259893157	01KABVEM6E13AXGMH5NS3GEVFW.mzML	3282	01KAEM5T6BQE9HNWMP8SHK8KYM	3283	WMMA2010	Bugni Lab UW-Madison		KY015160	Micromonosporaceae;Micromonospora;Micromonospora sp.	Micromonosporaceae	Micromonospora	Micromonospora sp.	1876.0
0	3283	0.5822952129635168	01KABVEM6E13AXGMH5NS3GEVFW.mzML	3283	01KAEM3FDP54J4SWP2ABA5W8T2	3284	WMMA1891	Bugni Lab UW-Madison		KY015087	Micromonosporaceae;Micromonospora;Micromonospora sp.	Micromonosporaceae	Micromonospora	Micromonospora sp.	1876.0
0	3284	0.694967030008304	01KABVEM6E13AXGMH5NS3GEVFW.mzML	3284	01KAEM5ET506087KW4WS7FGCGY	3285	WMMA1991	Bugni Lab UW-Madison		KY015145	Micromonosporaceae;Micromonospora;Micromonospora sp.	Micromonosporaceae	Micromonospora	Micromonospora sp.	1876.0
0	3285	0.581636045608654	01KABVEM6E13AXGMH5NS3GEVFW.mzML	3285	01KAEM3P2DNFWBMCQCVR1ERR3R	3286	WMMA1896	Bugni Lab UW-Madison		KY015092	Micromonosporaceae;Micromonospora;Micromonospora sp.	Micromonosporaceae	Micromonospora	Micromonospora sp.	1876.0
0	3286	0.5307405443556689	01KABVEM6E13AXGMH5NS3GEVFW.mzML	3286	01KAEM4QBT90QGWRQW6NFRRB4P	3287	WMMA1953	Bugni Lab UW-Madison		KY015122	Micromonosporaceae;Micromonospora;Micromonospora sp.	Micromonosporaceae	Micromonospora	Micromonospora sp.	1876.0
0	3287	0.5326676960530785	01KABVEM6E13AXGMH5NS3GEVFW.mzML	3287	01KAEM534PSTRZA2N2A3QBBXFG	3288	WMMA1970	Bugni Lab UW-Madison		KY015134	Micromonosporaceae;Micromonospora;Micromonospora sp.	Micromonosporaceae	Micromonospora	Micromonospora sp.	1876.0
0	3288	0.6329144880962403	01KABVEM6E13AXGMH5NS3GEVFW.mzML	3288	01KAEM59ZNGTA92TD0M6KT33VZ	3289	WMMA1976	Bugni Lab UW-Madison		GCA_027497335.1	Micromonosporaceae;Micromonospora;Micromonospora sp. WMMA1976	Micromonosporaceae	Micromonospora	Micromonospora sp. WMMA1976	3014995.0
0	3291	0.655735854527973	01KABVEM6E13AXGMH5NS3GEVFW.mzML	3291	01KAEM55CGM34NAP9Z3BTE1PX5	3292	WMMA1973	Bugni Lab UW-Madison		KY015136	Micromonosporaceae;Micromonospora;Micromonospora sp.	Micromonosporaceae	Micromonospora	Micromonospora sp.	1876.0
0	3293	0.6654183189178022	01KABVEM6E13AXGMH5NS3GEVFW.mzML	3293	01KAEM54RC9X0V603SHKQ78NMH	3294	WMMA1971	Bugni Lab UW-Madison		KY015135	Micromonosporaceae;Micromonospora;Micromonospora sp.	Micromonosporaceae	Micromonospora	Micromonospora sp.	1876.0
0	3294	0.6085593193705936	01KABVEM6E13AXGMH5NS3GEVFW.mzML	3294	01KAEM4C39Q7TJA83NNGAHPZC5	3295	WMMA1922	Bugni Lab UW-Madison		KY015109	Micromonosporaceae;Micromonospora;Micromonospora sp.	Micromonosporaceae	Micromonospora	Micromonospora sp.	1876.0
0	3295	0.5507693226355657	01KABVEM6E13AXGMH5NS3GEVFW.mzML	3295	01KAEM5BWQ2AJE02GTW8QEQRNN	3296	WMMA1979	Bugni Lab UW-Madison		KY015142	Micromonosporaceae;Micromonospora;Micromonospora sp.	Micromonosporaceae	Micromonospora	Micromonospora sp.	1876.0
0	3297	0.5996521344819403	01KABVEM6E13AXGMH5NS3GEVFW.mzML	3297	01KAEM3WD006ZECTX2XF08AQX4	3298	WMMA1901	Bugni Lab UW-Madison		KY015097	Micromonosporaceae;Micromonospora;Micromonospora sp.	Micromonosporaceae	Micromonospora	Micromonospora sp.	1876.0
0	3298	0.6669553419900066	01KABVEM6E13AXGMH5NS3GEVFW.mzML	3298	01KAEM3EEN63NJAYA68GJG5X8N	3299	WMMA1890	Bugni Lab UW-Madison		KY015086	Micromonosporaceae;Micromonospora;Micromonospora sp.	Micromonosporaceae	Micromonospora	Micromonospora sp.	1876.0
0	3308	0.6816076048142039	01KABVEM6E13AXGMH5NS3GEVFW.mzML	3308	01KAEM593HP01GV0WN7D01VJAA	3309	WMMA1975	Bugni Lab UW-Madison		KY015138	Micromonosporaceae;Micromonospora;Micromonospora sp.	Micromonosporaceae	Micromonospora	Micromonospora sp.	1876.0
0	3309	0.6241106154878688	01KABVEM6E13AXGMH5NS3GEVFW.mzML	3309	01KAEM3R6ZGJM6H9VFPE3NG99N	3310	WMMA1898	Bugni Lab UW-Madison		KY015094	Micromonosporaceae;Micromonospora;Micromonospora sp.	Micromonosporaceae	Micromonospora	Micromonospora sp.	1876.0
0	3312	0.5475385516653362	01KABVEM6E13AXGMH5NS3GEVFW.mzML	3312	01KAEM5WFA9RC0C5P7RBFY1W65	3313	WMMA2012	Bugni Lab UW-Madison		KY015162	Micromonosporaceae;Micromonospora;Micromonospora sp.	Micromonosporaceae	Micromonospora	Micromonospora sp.	1876.0
0	3315	0.677698718054845	01KABVEM6E13AXGMH5NS3GEVFW.mzML	3315	01KAEM5KGN4MB93ZQRX9N6WNQ0	3316	WMMA1997	Bugni Lab UW-Madison		KY015149	Micromonosporaceae;Micromonospora;Micromonospora sp.	Micromonosporaceae	Micromonospora	Micromonospora sp.	1876.0
0	3317	0.6492274496469869	01KABVEM6E13AXGMH5NS3GEVFW.mzML	3317	01KAEM3K0BBGPKMN4XBHG3S5QC	3318	WMMA1894	Bugni Lab UW-Madison		KY015090	Micromonosporaceae;Micromonospora;Micromonospora sp.	Micromonosporaceae	Micromonospora	Micromonospora sp.	1876.0
0	3320	0.5410729523249704	01KABVEM6E13AXGMH5NS3GEVFW.mzML	3320	01KAEM4Y4Y9D5TMCEYK5X2V9W5	3321	WMMA1962	Bugni Lab UW-Madison		KY015129	Micromonosporaceae;Micromonospora;Micromonospora sp.	Micromonosporaceae	Micromonospora	Micromonospora sp.	1876.0
0	3322	0.59528639329981	01KABVEM6E13AXGMH5NS3GEVFW.mzML	3322	01KAEM49Q453FHQAVKFBP400QK	3323	WMMA1915	Bugni Lab UW-Madison		KY015107	Micromonosporaceae;Micromonospora;Micromonospora sp.	Micromonosporaceae	Micromonospora	Micromonospora sp.	1876.0
0	3326	0.6423171375713007	01KABVEM6E13AXGMH5NS3GEVFW.mzML	3326	01KAEM4EH07MZM8TEJ5V1C4AJH	3327	WMMA1933	Bugni Lab UW-Madison		KY015114	Micromonosporaceae;Micromonospora;Micromonospora sp.	Micromonosporaceae	Micromonospora	Micromonospora sp.	1876.0
0	3328	0.6922064943744537	01KABVEM6E13AXGMH5NS3GEVFW.mzML	3328	01KAEM5M26TC6XKN2V0XVGZXDT	3329	WMMA1998	Bugni Lab UW-Madison		GCA_027497375.1	Micromonosporaceae;Micromonospora;Micromonospora sp. WMMA1998	Micromonosporaceae	Micromonospora	Micromonospora sp. WMMA1998	3015167.0
0	3332	0.6753640944412571	01KABVEM6E13AXGMH5NS3GEVFW.mzML	3332	01KAEM5Y1S280FYGV2FBFT7RKH	3333	WMMA2013	Bugni Lab UW-Madison		KY015163	Micromonosporaceae;Micromonospora;Micromonospora sp.	Micromonosporaceae	Micromonospora	Micromonospora sp.	1876.0
0	3333	0.6991854701845222	01KABVEM6E13AXGMH5NS3GEVFW.mzML	3333	01KAEM2J4N14VY7VNFPJ93RXYR	3334	WMMA1828	Bugni Lab UW-Madison		KY015184	Micromonosporaceae;Micromonospora;Verrucosispora sp.	Micromonosporaceae	Micromonospora	Verrucosispora sp.	1871626.0
0	3335	0.6247158321649042	01KABVEM6E13AXGMH5NS3GEVFW.mzML	3335	01KAEM463DN5ZYWERKSF04ZCCR	3336	WMMA1908	Bugni Lab UW-Madison		KY015102	Micromonosporaceae;Micromonospora;Micromonospora sp.	Micromonosporaceae	Micromonospora	Micromonospora sp.	1876.0
0	3336	0.6732822161523371	01KABVEM6E13AXGMH5NS3GEVFW.mzML	3336	01KAEM4YRDVQRFW8A4DXKKD2V6	3337	WMMA1966	Bugni Lab UW-Madison		KY015130	Micromonosporaceae;Micromonospora;Micromonospora sp.	Micromonosporaceae	Micromonospora	Micromonospora sp.	1876.0
0	3338	0.6378878255840406	01KABVEM6E13AXGMH5NS3GEVFW.mzML	3338	01KAEM4B1WGAQ49A7VXPPY79GA	3339	WMMA1921	Bugni Lab UW-Madison		KY015108	Micromonosporaceae;Micromonospora;Micromonospora sp.	Micromonosporaceae	Micromonospora	Micromonospora sp.	1876.0
0	3339	0.6063188881673836	01KABVEM6E13AXGMH5NS3GEVFW.mzML	3339	01KAEM4X2N3RQREDD19HEP5E8V	3340	WMMA1961	Bugni Lab UW-Madison		KY015128	Micromonosporaceae;Micromonospora;Micromonospora sp.	Micromonosporaceae	Micromonospora	Micromonospora sp.	1876.0
0	3340	0.6684065238735672	01KABVEM6E13AXGMH5NS3GEVFW.mzML	3340	01KAEM6FA28CMM1HHVK3QWWPM2	3341	WMMB482	Bugni Lab UW-Madison		GCA_019038635.1	Micromonosporaceae;Micromonospora;Micromonospora sp. WMMB482	Micromonosporaceae	Micromonospora	Micromonospora sp. WMMB482	2849653.0
0	3342	0.6762757474186374	01KABVEM6E13AXGMH5NS3GEVFW.mzML	3342	01KAEM5205V182ZMYH4GWWT75N	3343	WMMA1968	Bugni Lab UW-Madison		KY015132	Micromonosporaceae;Micromonospora;Micromonospora sp.	Micromonosporaceae	Micromonospora	Micromonospora sp.	1876.0
0	3344	0.5881711119818762	01KABVEM6E13AXGMH5NS3GEVFW.mzML	3344	01KAEM4P38YMP6KNFDYQ3V7F8P	3345	WMMA1951	Bugni Lab UW-Madison		KY015121	Micromonosporaceae;Micromonospora;Micromonospora sp.	Micromonosporaceae	Micromonospora	Micromonospora sp.	1876.0
0	3345	0.5708024623605239	01KABVEM6E13AXGMH5NS3GEVFW.mzML	3345	01KAEM4DDCEZ14WXD51KEEPW53	3346	WMMA1925	Bugni Lab UW-Madison		KY015111	Micromonosporaceae;Micromonospora;Micromonospora sp.	Micromonosporaceae	Micromonospora	Micromonospora sp.	1876.0
0	3346	0.5197924318690894	01KABVEM6E13AXGMH5NS3GEVFW.mzML	3346	01KAEM3BS403H999QG5SZN44QM	3347	WMMA1888	Bugni Lab UW-Madison		KY015084	Micromonosporaceae;Micromonospora;Micromonospora sp.	Micromonosporaceae	Micromonospora	Micromonospora sp.	1876.0
0	3348	0.5808573264838683	01KABVEM6E13AXGMH5NS3GEVFW.mzML	3348	01KAEM3PX2HY9JKWDJ0JE0R0YJ	3349	WMMA1897	Bugni Lab UW-Madison		KY015093	Micromonosporaceae;Micromonospora;Micromonospora sp.	Micromonosporaceae	Micromonospora	Micromonospora sp.	1876.0
0	3349	0.6505586595739934	01KABVEM6E13AXGMH5NS3GEVFW.mzML	3349	01KAEM4K67NYXNFSDWPTTDK5JH	3350	WMMA1949	Bugni Lab UW-Madison		GCA_027460145.1	Micromonosporaceae;Micromonospora;Micromonospora sp. WMMA1949	Micromonosporaceae	Micromonospora	Micromonospora sp. WMMA1949	3015162.0
0	3352	0.5499922143308216	01KABVEM6E13AXGMH5NS3GEVFW.mzML	3352	01KAEM5E4JEXW276KERE0VYFY9	3353	WMMA1990	Bugni Lab UW-Madison		KY015144	Micromonosporaceae;Micromonospora;Micromonospora sp.	Micromonosporaceae	Micromonospora	Micromonospora sp.	1876.0
0	3354	0.6378203635365101	01KABVEM6E13AXGMH5NS3GEVFW.mzML	3354	01KAEM5PNP17Q7E8JX165MHQQY	3355	WMMA2002	Bugni Lab UW-Madison		KY015152	Micromonosporaceae;Micromonospora;Micromonospora sp.	Micromonosporaceae	Micromonospora	Micromonospora sp.	1876.0
0	3356	0.584395292703183	01KABVEM6E13AXGMH5NS3GEVFW.mzML	3356	01KAEM408ZA2PQ0BK2539EZR6P	3357	WMMA1906	Bugni Lab UW-Madison		KY015100	Micromonosporaceae;Micromonospora;Micromonospora sp.	Micromonosporaceae	Micromonospora	Micromonospora sp.	1876.0
0	3357	0.6812152133467351	01KABVEM6E13AXGMH5NS3GEVFW.mzML	3357	01KAEM4QX8P6CM7CR3ERAQCQYR	3358	WMMA1954	Bugni Lab UW-Madison		KY015123	Micromonosporaceae;Micromonospora;Micromonospora sp.	Micromonosporaceae	Micromonospora	Micromonospora sp.	1876.0
0	3358	0.6485381836550983	01KABVEM6E13AXGMH5NS3GEVFW.mzML	3358	01KAEM4H40HZXRMJF18AY3H26J	3359	WMMA1947	Bugni Lab UW-Madison		GCA_027497355.1	Micromonosporaceae;Micromonospora;Micromonospora sp. WMMA1947	Micromonosporaceae	Micromonospora	Micromonospora sp. WMMA1947	3015163.0
0	3359	0.6577099601275533	01KABVEM6E13AXGMH5NS3GEVFW.mzML	3359	01KAEM41JWBRC8JRJDJS3R8KTM	3360	WMMA1907	Bugni Lab UW-Madison		KY015101	Micromonosporaceae;Micromonospora;Micromonospora sp.	Micromonosporaceae	Micromonospora	Micromonospora sp.	1876.0
0	3360	0.6789299884903623	01KABVEM6E13AXGMH5NS3GEVFW.mzML	3360	01KAEM3XJA57D9PNJXD4BX4JG8	3361	WMMA1902	Bugni Lab UW-Madison		KY015098	Micromonosporaceae;Micromonospora;Micromonospora sp.	Micromonosporaceae	Micromonospora	Micromonospora sp.	1876.0
0	3361	0.5822952129635168	01KABVEM6E13AXGMH5NS3GEVFW.mzML	3361	01KAEM4MZ0STYBJZRVJCMRHRHM	3362	WMMA1950	Bugni Lab UW-Madison		KY015120	Micromonosporaceae;Micromonospora;Micromonospora sp.	Micromonosporaceae	Micromonospora	Micromonospora sp.	1876.0
0	3362	0.5180301963391625	01KABVEM6E13AXGMH5NS3GEVFW.mzML	3362	01KAEM3D3SH04RPDFYPDC7XBV9	3363	WMMA1889	Bugni Lab UW-Madison		KY015085	Micromonosporaceae;Micromonospora;Micromonospora sp.	Micromonosporaceae	Micromonospora	Micromonospora sp.	1876.0
0	3364	0.6115308969023647	01KABVEM6E13AXGMH5NS3GEVFW.mzML	3364	01KAEM494KD1PZ6DBHH3QVBZ7H	3365	WMMA1914	Bugni Lab UW-Madison		KY015106	Micromonosporaceae;Micromonospora;Micromonospora sp.	Micromonosporaceae	Micromonospora	Micromonospora sp.	1876.0
0	3366	0.6726488326009785	01KABVEM6E13AXGMH5NS3GEVFW.mzML	3366	01KAEM6J49DY9JAC8443R0WT0T	3367	WMMC264	Bugni Lab UW-Madison		GCA_027497275.1	Micromonosporaceae;Micromonospora;Micromonospora sp. WMMC264	Micromonosporaceae	Micromonospora	Micromonospora sp. WMMC264	3015158.0
0	3368	0.5892690717343667	01KABVEM6E13AXGMH5NS3GEVFW.mzML	3368	01KAEM3YN0X4TRWCETMSC3Y6NH	3369	WMMA1903	Bugni Lab UW-Madison		KY015099	Micromonosporaceae;Micromonospora;Micromonospora sp.	Micromonosporaceae	Micromonospora	Micromonospora sp.	1876.0
0	3371	0.6442542706883961	01KABVEM6E13AXGMH5NS3GEVFW.mzML	3371	01KAEM6EV4W4G9YBP9M2ZZEDVY	3372	WMMB235	Bugni Lab UW-Madison		GCA_001855515.1	Micromonosporaceae;Micromonospora;Micromonospora sp. WMMB235	Micromonosporaceae	Micromonospora	Micromonospora sp. WMMB235	1172030.0
0	3372	0.5410729523249704	01KABVEM6E13AXGMH5NS3GEVFW.mzML	3372	01KAEM5BD7XFT4R419PNECS3A4	3373	WMMA1978	Bugni Lab UW-Madison		KY015141	Micromonosporaceae;Micromonospora;Micromonospora sp.	Micromonosporaceae	Micromonospora	Micromonospora sp.	1876.0
0	3375	0.5389846481074685	01KABVEM6E13AXGMH5NS3GEVFW.mzML	3375	01KAEM5N4P95CJEBQZSQQMJ3PS	3376	WMMA2000	Bugni Lab UW-Madison		KY015151	Micromonosporaceae;Micromonospora;Micromonospora sp.	Micromonosporaceae	Micromonospora	Micromonospora sp.	1876.0
0	3377	0.6791030876195812	01KABVEM6E13AXGMH5NS3GEVFW.mzML	3377	01KAEM6XZMV61J15FAGBZM62DH	3378	WMMD710	Bugni Lab UW-Madison		GCA_029626045.1	Micromonosporaceae;Micromonospora;Micromonospora sp. WMMD710	Micromonosporaceae	Micromonospora	Micromonospora sp. WMMD710	3016085.0
0	3378	0.5770469069915098	01KABVEM6E13AXGMH5NS3GEVFW.mzML	3378	01KAEM5HTGWKNPX6JFTCCHRT4J	3379	WMMA1994	Bugni Lab UW-Madison		KY015147	Micromonosporaceae;Micromonospora;Micromonospora sp.	Micromonosporaceae	Micromonospora	Micromonospora sp.	1876.0
0	3380	0.5342652292674667	01KABVEM6E13AXGMH5NS3GEVFW.mzML	3380	01KAEM4JNM5NDJXN1M7CNDYZZW	3381	WMMA1948	Bugni Lab UW-Madison		KY015118	Micromonosporaceae;Micromonospora;Micromonospora sp.	Micromonosporaceae	Micromonospora	Micromonospora sp.	1876.0
0	3381	0.6558763991941574	01KABVEM6E13AXGMH5NS3GEVFW.mzML	3381	01KAEM5AP3JE5EGDXG193QYSEN	3382	WMMA1977	Bugni Lab UW-Madison		KY015140	Micromonosporaceae;Micromonospora;Micromonospora sp.	Micromonosporaceae	Micromonospora	Micromonospora sp.	1876.0
0	3383	0.5135302855914583	01KABVEM6E13AXGMH5NS3GEVFW.mzML	3383	01KAEM3TSH7CBH380QZRNC80F8	3384	WMMA1900	Bugni Lab UW-Madison		KY015096	Micromonosporaceae;Micromonospora;Micromonospora sp.	Micromonosporaceae	Micromonospora	Micromonospora sp.	1876.0
0	3385	0.64544841129095	01KABVEM6E13AXGMH5NS3GEVFW.mzML	3385	01KAEM6FTZVGQW5CF8TD5P0BED	3386	WMMC241	Bugni Lab UW-Madison		GCA_027460165.1	Micromonosporaceae;Micromonospora;Micromonospora sp. WMMC241	Micromonosporaceae	Micromonospora	Micromonospora sp. WMMC241	3015159.0
0	3387	0.531300059881296	01KABVEM6E13AXGMH5NS3GEVFW.mzML	3387	01KAEM5YZMDJ3MRYGR1XAYSX97	3388	WMMA2014	Bugni Lab UW-Madison		KY015164	Micromonosporaceae;Micromonospora;Micromonospora sp.	Micromonosporaceae	Micromonospora	Micromonospora sp.	1876.0
0	3388	0.6705267361697651	01KABVEM6E13AXGMH5NS3GEVFW.mzML	3388	01KAEM56WE97RAE73ZSFTS62BK	3389	WMMA1974	Bugni Lab UW-Madison		KY015137	Micromonosporaceae;Micromonospora;Micromonospora sp.	Micromonosporaceae	Micromonospora	Micromonospora sp.	1876.0
0	3391	0.639080122610659	01KABVEM6E13AXGMH5NS3GEVFW.mzML	3391	01KAEM472SBYDQV56GT196J2V7	3392	WMMA1910	Bugni Lab UW-Madison		KY015103	Micromonosporaceae;Micromonospora;Micromonospora sp.	Micromonosporaceae	Micromonospora	Micromonospora sp.	1876.0
0	3397	0.6434747857427308	01KABVEM6E13AXGMH5NS3GEVFW.mzML	3397	01KAEM5V6X7W14VAE5H573C2Z2	3398	WMMA2011	Bugni Lab UW-Madison		KY015161	Micromonosporaceae;Micromonospora;Micromonospora sp.	Micromonosporaceae	Micromonospora	Micromonospora sp.	1876.0
0	64	0.5449842448067101	01KABVD7EDZHRJHR0K1NTXK7ZH.mzML	64	01KA9R5135AXBXG68M163YJ1D9	65	129A-35	Murphy Lab UIC		MK168037	Micromonosporaceae;Micromonospora;Micromonospora sp.	Micromonosporaceae	Micromonospora	Micromonospora sp.	1876.0
0	73	0.6696483980703241	01KABVD7EDZHRJHR0K1NTXK7ZH.mzML	73	01KA9R7X14AF8YZA67AFG150N1	74	K792	Murphy Lab UIC			Micromonospora sp. (User Submitted 16S)				
0	137	0.673993568718783	01KABVD7EDZHRJHR0K1NTXK7ZH.mzML	137	01KA9R502EM598QFY0NAMWQ4BH	138	129A-2	Murphy Lab UIC		MK168033	Micromonosporaceae;Micromonospora;Micromonospora sp.	Micromonosporaceae	Micromonospora	Micromonospora sp.	1876.0
0	151	0.6235353286116938	01KABVD7EDZHRJHR0K1NTXK7ZH.mzML	151	01KA9R7W1N77QNBT9ACTE879WS	152	K787	Murphy Lab UIC			Micromonospora sp. (User Submitted 16S)				
0	159	0.6947661521663201	01KABVD7EDZHRJHR0K1NTXK7ZH.mzML	159	01KA9R7JH7PQ4NDNT10K8ME8Y8	160	K701	Murphy Lab UIC			Micromonospora sp. (User Submitted 16S)				
0	187	0.590748230044908	01KABVD7EDZHRJHR0K1NTXK7ZH.mzML	187	01KA9R7XZV024CS7CNYVBDDZCV	188	K806	Murphy Lab UIC			Micromonospora sp. (User Submitted 16S)				
0	2705	1.1102230246251563e-15	01KABVD7EDZHRJHR0K1NTXK7ZH.mzML	2705	01KABVD7EDZHRJHR0K1NTXK7ZH	2706	A040	Murphy Lab UIC			Micromonospora sp. (User Submitted 16S)				
0	2707	0.4752502321671982	01KABVD7EDZHRJHR0K1NTXK7ZH.mzML	2707	01KABVEM6E13AXGMH5NS3GEVFW	2708	B013	Murphy Lab UIC			Micromonospora tulbaghiae (User Submitted 16S)				
0	2710	0.6496257025157299	01KABVD7EDZHRJHR0K1NTXK7ZH.mzML	2710	01KABVJD25776HYCW46YPZ6JJZ	2711	D077	Murphy Lab UIC			Micromonospora humi (User Submitted 16S)				
0	2713	0.5607117517035457	01KABVD7EDZHRJHR0K1NTXK7ZH.mzML	2713	01KABVFVY7F65NR3CH41M8RZCG	2714	B026	Murphy Lab UIC		KP009553	Micromonosporaceae;Micromonospora;Micromonospora sp. B026	Micromonosporaceae	Micromonospora	Micromonospora sp. B026	1611404.0
0	2718	0.59995917742501	01KABVD7EDZHRJHR0K1NTXK7ZH.mzML	2718	01KABVHQM4Z8DQH3VK01W7KJK4	2719	D053	Murphy Lab UIC			Micromonospora sp. (User Submitted 16S)				
0	2719	0.6923472643363675	01KABVD7EDZHRJHR0K1NTXK7ZH.mzML	2719	01KABVCZE33AHJJWTSS5QD65NE	2720	A039	Murphy Lab UIC			Verrucosispora sp. (User Submitted 16S)				
0	2724	0.6299346277443496	01KABVD7EDZHRJHR0K1NTXK7ZH.mzML	2724	01KABVESM7KWN3EQNV18Z6SQQS	2725	B016	Murphy Lab UIC			Micromonospora sp. (User Submitted 16S)				
0	2731	0.5529989585023056	01KABVD7EDZHRJHR0K1NTXK7ZH.mzML	2731	01KABVHZ2N5BMEDR5SWJC9NPKY	2732	D054	Murphy Lab UIC			Micromonospora sp. (User Submitted 16S)				
0	2732	0.6144625892515707	01KABVD7EDZHRJHR0K1NTXK7ZH.mzML	2732	01KABVDV9YX1DD0E5NB194KTP9	2733	B006	Murphy Lab UIC			Micromonospora sp. (User Submitted 16S)				
0	3264	0.6353559771502544	01KABVD7EDZHRJHR0K1NTXK7ZH.mzML	3264	01KAEM3SQBAZ7X3W5WJJH4KSP6	3265	WMMA1899	Bugni Lab UW-Madison		KY015095	Micromonosporaceae;Micromonospora;Micromonospora sp.	Micromonosporaceae	Micromonospora	Micromonospora sp.	1876.0
0	3267	0.6689274082384491	01KABVD7EDZHRJHR0K1NTXK7ZH.mzML	3267	01KAEM47QA3Y8X528R3ZP2FQ93	3268	WMMA1912	Bugni Lab UW-Madison		KY015104	Micromonosporaceae;Micromonospora;Micromonospora sp.	Micromonosporaceae	Micromonospora	Micromonospora sp.	1876.0
0	3268	0.6366862570537823	01KABVD7EDZHRJHR0K1NTXK7ZH.mzML	3268	01KAEM4RZWT59RYBJ73N3S4YC4	3269	WMMA1957	Bugni Lab UW-Madison		KY015125	Micromonosporaceae;Micromonospora;Micromonospora sp.	Micromonosporaceae	Micromonospora	Micromonospora sp.	1876.0
0	3274	0.6842952906371889	01KABVD7EDZHRJHR0K1NTXK7ZH.mzML	3274	01KAEM5S1ADMAES326ZH34TQF2	3275	WMMA2009	Bugni Lab UW-Madison		KY015159	Micromonosporaceae;Micromonospora;Micromonospora sp.	Micromonosporaceae	Micromonospora	Micromonospora sp.	1876.0
0	3278	0.6359873958453678	01KABVD7EDZHRJHR0K1NTXK7ZH.mzML	3278	01KAEM508G22MZD67XTZRBW5H9	3279	WMMA1967	Bugni Lab UW-Madison		KY015131	Micromonosporaceae;Micromonospora;Micromonospora sp.	Micromonosporaceae	Micromonospora	Micromonospora sp.	1876.0
0	3281	0.6932346588355243	01KABVD7EDZHRJHR0K1NTXK7ZH.mzML	3281	01KAEM3GCHVFR3A64QED3YRD5V	3282	WMMA1892	Bugni Lab UW-Madison		KY015088	Micromonosporaceae;Micromonospora;Micromonospora sp.	Micromonosporaceae	Micromonospora	Micromonospora sp.	1876.0
0	3282	0.676397902458957	01KABVD7EDZHRJHR0K1NTXK7ZH.mzML	3282	01KAEM5T6BQE9HNWMP8SHK8KYM	3283	WMMA2010	Bugni Lab UW-Madison		KY015160	Micromonosporaceae;Micromonospora;Micromonospora sp.	Micromonosporaceae	Micromonospora	Micromonospora sp.	1876.0
0	3283	0.6712142649699328	01KABVD7EDZHRJHR0K1NTXK7ZH.mzML	3283	01KAEM3FDP54J4SWP2ABA5W8T2	3284	WMMA1891	Bugni Lab UW-Madison		KY015087	Micromonosporaceae;Micromonospora;Micromonospora sp.	Micromonosporaceae	Micromonospora	Micromonospora sp.	1876.0
0	3285	0.6834591615799707	01KABVD7EDZHRJHR0K1NTXK7ZH.mzML	3285	01KAEM3P2DNFWBMCQCVR1ERR3R	3286	WMMA1896	Bugni Lab UW-Madison		KY015092	Micromonosporaceae;Micromonospora;Micromonospora sp.	Micromonosporaceae	Micromonospora	Micromonospora sp.	1876.0
0	3286	0.6388424407426927	01KABVD7EDZHRJHR0K1NTXK7ZH.mzML	3286	01KAEM4QBT90QGWRQW6NFRRB4P	3287	WMMA1953	Bugni Lab UW-Madison		KY015122	Micromonosporaceae;Micromonospora;Micromonospora sp.	Micromonosporaceae	Micromonospora	Micromonospora sp.	1876.0
0	3287	0.6403256402711903	01KABVD7EDZHRJHR0K1NTXK7ZH.mzML	3287	01KAEM534PSTRZA2N2A3QBBXFG	3288	WMMA1970	Bugni Lab UW-Madison		KY015134	Micromonosporaceae;Micromonospora;Micromonospora sp.	Micromonosporaceae	Micromonospora	Micromonospora sp.	1876.0
0	3291	0.6696639443938663	01KABVD7EDZHRJHR0K1NTXK7ZH.mzML	3291	01KAEM55CGM34NAP9Z3BTE1PX5	3292	WMMA1973	Bugni Lab UW-Madison		KY015136	Micromonosporaceae;Micromonospora;Micromonospora sp.	Micromonosporaceae	Micromonospora	Micromonospora sp.	1876.0
0	3293	0.6701380943309849	01KABVD7EDZHRJHR0K1NTXK7ZH.mzML	3293	01KAEM54RC9X0V603SHKQ78NMH	3294	WMMA1971	Bugni Lab UW-Madison		KY015135	Micromonosporaceae;Micromonospora;Micromonospora sp.	Micromonosporaceae	Micromonospora	Micromonospora sp.	1876.0
0	3294	0.6972928749549128	01KABVD7EDZHRJHR0K1NTXK7ZH.mzML	3294	01KAEM4C39Q7TJA83NNGAHPZC5	3295	WMMA1922	Bugni Lab UW-Madison		KY015109	Micromonosporaceae;Micromonospora;Micromonospora sp.	Micromonosporaceae	Micromonospora	Micromonospora sp.	1876.0
0	3295	0.6416847856514537	01KABVD7EDZHRJHR0K1NTXK7ZH.mzML	3295	01KAEM5BWQ2AJE02GTW8QEQRNN	3296	WMMA1979	Bugni Lab UW-Madison		KY015142	Micromonosporaceae;Micromonospora;Micromonospora sp.	Micromonosporaceae	Micromonospora	Micromonospora sp.	1876.0
0	3297	0.6208267984941704	01KABVD7EDZHRJHR0K1NTXK7ZH.mzML	3297	01KAEM3WD006ZECTX2XF08AQX4	3298	WMMA1901	Bugni Lab UW-Madison		KY015097	Micromonosporaceae;Micromonospora;Micromonospora sp.	Micromonosporaceae	Micromonospora	Micromonospora sp.	1876.0
0	3298	0.67302012244566	01KABVD7EDZHRJHR0K1NTXK7ZH.mzML	3298	01KAEM3EEN63NJAYA68GJG5X8N	3299	WMMA1890	Bugni Lab UW-Madison		KY015086	Micromonosporaceae;Micromonospora;Micromonospora sp.	Micromonosporaceae	Micromonospora	Micromonospora sp.	1876.0
0	3307	0.6755738321746809	01KABVD7EDZHRJHR0K1NTXK7ZH.mzML	3307	01KAEM76RD1J3CQ3NMD1PREQ2M	3308	WMMD956	Bugni Lab UW-Madison		GCA_029626125.1	Micromonosporaceae;Micromonospora;Micromonospora sp. WMMD956	Micromonosporaceae	Micromonospora	Micromonospora sp. WMMD956	3016108.0
0	3312	0.6386949391807912	01KABVD7EDZHRJHR0K1NTXK7ZH.mzML	3312	01KAEM5WFA9RC0C5P7RBFY1W65	3313	WMMA2012	Bugni Lab UW-Madison		KY015162	Micromonosporaceae;Micromonospora;Micromonospora sp.	Micromonosporaceae	Micromonospora	Micromonospora sp.	1876.0
0	3315	0.6955704588287179	01KABVD7EDZHRJHR0K1NTXK7ZH.mzML	3315	01KAEM5KGN4MB93ZQRX9N6WNQ0	3316	WMMA1997	Bugni Lab UW-Madison		KY015149	Micromonosporaceae;Micromonospora;Micromonospora sp.	Micromonosporaceae	Micromonospora	Micromonospora sp.	1876.0
0	3317	0.6739370145625277	01KABVD7EDZHRJHR0K1NTXK7ZH.mzML	3317	01KAEM3K0BBGPKMN4XBHG3S5QC	3318	WMMA1894	Bugni Lab UW-Madison		KY015090	Micromonosporaceae;Micromonospora;Micromonospora sp.	Micromonosporaceae	Micromonospora	Micromonospora sp.	1876.0
0	3320	0.6363098414845874	01KABVD7EDZHRJHR0K1NTXK7ZH.mzML	3320	01KAEM4Y4Y9D5TMCEYK5X2V9W5	3321	WMMA1962	Bugni Lab UW-Madison		KY015129	Micromonosporaceae;Micromonospora;Micromonospora sp.	Micromonosporaceae	Micromonospora	Micromonospora sp.	1876.0
0	3322	0.6311409869418362	01KABVD7EDZHRJHR0K1NTXK7ZH.mzML	3322	01KAEM49Q453FHQAVKFBP400QK	3323	WMMA1915	Bugni Lab UW-Madison		KY015107	Micromonosporaceae;Micromonospora;Micromonospora sp.	Micromonosporaceae	Micromonospora	Micromonospora sp.	1876.0
0	3326	0.6701135774848646	01KABVD7EDZHRJHR0K1NTXK7ZH.mzML	3326	01KAEM4EH07MZM8TEJ5V1C4AJH	3327	WMMA1933	Bugni Lab UW-Madison		KY015114	Micromonosporaceae;Micromonospora;Micromonospora sp.	Micromonosporaceae	Micromonospora	Micromonospora sp.	1876.0
0	3332	0.6827916804173911	01KABVD7EDZHRJHR0K1NTXK7ZH.mzML	3332	01KAEM5Y1S280FYGV2FBFT7RKH	3333	WMMA2013	Bugni Lab UW-Madison		KY015163	Micromonosporaceae;Micromonospora;Micromonospora sp.	Micromonosporaceae	Micromonospora	Micromonospora sp.	1876.0
0	3335	0.629307708342978	01KABVD7EDZHRJHR0K1NTXK7ZH.mzML	3335	01KAEM463DN5ZYWERKSF04ZCCR	3336	WMMA1908	Bugni Lab UW-Madison		KY015102	Micromonosporaceae;Micromonospora;Micromonospora sp.	Micromonosporaceae	Micromonospora	Micromonospora sp.	1876.0
0	3336	0.6962972846943902	01KABVD7EDZHRJHR0K1NTXK7ZH.mzML	3336	01KAEM4YRDVQRFW8A4DXKKD2V6	3337	WMMA1966	Bugni Lab UW-Madison		KY015130	Micromonosporaceae;Micromonospora;Micromonospora sp.	Micromonosporaceae	Micromonospora	Micromonospora sp.	1876.0
0	3338	0.687028716193073	01KABVD7EDZHRJHR0K1NTXK7ZH.mzML	3338	01KAEM4B1WGAQ49A7VXPPY79GA	3339	WMMA1921	Bugni Lab UW-Madison		KY015108	Micromonosporaceae;Micromonospora;Micromonospora sp.	Micromonosporaceae	Micromonospora	Micromonospora sp.	1876.0
0	3339	0.657660680628833	01KABVD7EDZHRJHR0K1NTXK7ZH.mzML	3339	01KAEM4X2N3RQREDD19HEP5E8V	3340	WMMA1961	Bugni Lab UW-Madison		KY015128	Micromonosporaceae;Micromonospora;Micromonospora sp.	Micromonosporaceae	Micromonospora	Micromonospora sp.	1876.0
0	3342	0.6942263925089485	01KABVD7EDZHRJHR0K1NTXK7ZH.mzML	3342	01KAEM5205V182ZMYH4GWWT75N	3343	WMMA1968	Bugni Lab UW-Madison		KY015132	Micromonosporaceae;Micromonospora;Micromonospora sp.	Micromonosporaceae	Micromonospora	Micromonospora sp.	1876.0
0	3344	0.667527517885613	01KABVD7EDZHRJHR0K1NTXK7ZH.mzML	3344	01KAEM4P38YMP6KNFDYQ3V7F8P	3345	WMMA1951	Bugni Lab UW-Madison		KY015121	Micromonosporaceae;Micromonospora;Micromonospora sp.	Micromonosporaceae	Micromonospora	Micromonospora sp.	1876.0
0	3345	0.6568056255531804	01KABVD7EDZHRJHR0K1NTXK7ZH.mzML	3345	01KAEM4DDCEZ14WXD51KEEPW53	3346	WMMA1925	Bugni Lab UW-Madison		KY015111	Micromonosporaceae;Micromonospora;Micromonospora sp.	Micromonosporaceae	Micromonospora	Micromonospora sp.	1876.0
0	3346	0.5783044405951732	01KABVD7EDZHRJHR0K1NTXK7ZH.mzML	3346	01KAEM3BS403H999QG5SZN44QM	3347	WMMA1888	Bugni Lab UW-Madison		KY015084	Micromonosporaceae;Micromonospora;Micromonospora sp.	Micromonosporaceae	Micromonospora	Micromonospora sp.	1876.0
0	3348	0.6400899662640562	01KABVD7EDZHRJHR0K1NTXK7ZH.mzML	3348	01KAEM3PX2HY9JKWDJ0JE0R0YJ	3349	WMMA1897	Bugni Lab UW-Madison		KY015093	Micromonosporaceae;Micromonospora;Micromonospora sp.	Micromonosporaceae	Micromonospora	Micromonospora sp.	1876.0
0	3352	0.6110610900305916	01KABVD7EDZHRJHR0K1NTXK7ZH.mzML	3352	01KAEM5E4JEXW276KERE0VYFY9	3353	WMMA1990	Bugni Lab UW-Madison		KY015144	Micromonosporaceae;Micromonospora;Micromonospora sp.	Micromonosporaceae	Micromonospora	Micromonospora sp.	1876.0
0	3354	0.6621267908480262	01KABVD7EDZHRJHR0K1NTXK7ZH.mzML	3354	01KAEM5PNP17Q7E8JX165MHQQY	3355	WMMA2002	Bugni Lab UW-Madison		KY015152	Micromonosporaceae;Micromonospora;Micromonospora sp.	Micromonosporaceae	Micromonospora	Micromonospora sp.	1876.0
0	3356	0.6671281191440788	01KABVD7EDZHRJHR0K1NTXK7ZH.mzML	3356	01KAEM408ZA2PQ0BK2539EZR6P	3357	WMMA1906	Bugni Lab UW-Madison		KY015100	Micromonosporaceae;Micromonospora;Micromonospora sp.	Micromonosporaceae	Micromonospora	Micromonospora sp.	1876.0
0	3359	0.6744448781448839	01KABVD7EDZHRJHR0K1NTXK7ZH.mzML	3359	01KAEM41JWBRC8JRJDJS3R8KTM	3360	WMMA1907	Bugni Lab UW-Madison		KY015101	Micromonosporaceae;Micromonospora;Micromonospora sp.	Micromonosporaceae	Micromonospora	Micromonospora sp.	1876.0
0	3361	0.6313614486026519	01KABVD7EDZHRJHR0K1NTXK7ZH.mzML	3361	01KAEM4MZ0STYBJZRVJCMRHRHM	3362	WMMA1950	Bugni Lab UW-Madison		KY015120	Micromonosporaceae;Micromonospora;Micromonospora sp.	Micromonosporaceae	Micromonospora	Micromonospora sp.	1876.0
0	3362	0.6077259339677161	01KABVD7EDZHRJHR0K1NTXK7ZH.mzML	3362	01KAEM3D3SH04RPDFYPDC7XBV9	3363	WMMA1889	Bugni Lab UW-Madison		KY015085	Micromonosporaceae;Micromonospora;Micromonospora sp.	Micromonosporaceae	Micromonospora	Micromonospora sp.	1876.0
0	3364	0.6942263925089485	01KABVD7EDZHRJHR0K1NTXK7ZH.mzML	3364	01KAEM494KD1PZ6DBHH3QVBZ7H	3365	WMMA1914	Bugni Lab UW-Madison		KY015106	Micromonosporaceae;Micromonospora;Micromonospora sp.	Micromonosporaceae	Micromonospora	Micromonospora sp.	1876.0
0	3368	0.6865004229103382	01KABVD7EDZHRJHR0K1NTXK7ZH.mzML	3368	01KAEM3YN0X4TRWCETMSC3Y6NH	3369	WMMA1903	Bugni Lab UW-Madison		KY015099	Micromonosporaceae;Micromonospora;Micromonospora sp.	Micromonosporaceae	Micromonospora	Micromonospora sp.	1876.0
0	3372	0.6461393052282471	01KABVD7EDZHRJHR0K1NTXK7ZH.mzML	3372	01KAEM5BD7XFT4R419PNECS3A4	3373	WMMA1978	Bugni Lab UW-Madison		KY015141	Micromonosporaceae;Micromonospora;Micromonospora sp.	Micromonosporaceae	Micromonospora	Micromonospora sp.	1876.0
0	3375	0.6003098888185825	01KABVD7EDZHRJHR0K1NTXK7ZH.mzML	3375	01KAEM5N4P95CJEBQZSQQMJ3PS	3376	WMMA2000	Bugni Lab UW-Madison		KY015151	Micromonosporaceae;Micromonospora;Micromonospora sp.	Micromonosporaceae	Micromonospora	Micromonospora sp.	1876.0
0	3378	0.6593409426561746	01KABVD7EDZHRJHR0K1NTXK7ZH.mzML	3378	01KAEM5HTGWKNPX6JFTCCHRT4J	3379	WMMA1994	Bugni Lab UW-Madison		KY015147	Micromonosporaceae;Micromonospora;Micromonospora sp.	Micromonosporaceae	Micromonospora	Micromonospora sp.	1876.0
0	3380	0.6464083729505941	01KABVD7EDZHRJHR0K1NTXK7ZH.mzML	3380	01KAEM4JNM5NDJXN1M7CNDYZZW	3381	WMMA1948	Bugni Lab UW-Madison		KY015118	Micromonosporaceae;Micromonospora;Micromonospora sp.	Micromonosporaceae	Micromonospora	Micromonospora sp.	1876.0
0	3383	0.5915602084902847	01KABVD7EDZHRJHR0K1NTXK7ZH.mzML	3383	01KAEM3TSH7CBH380QZRNC80F8	3384	WMMA1900	Bugni Lab UW-Madison		KY015096	Micromonosporaceae;Micromonospora;Micromonospora sp.	Micromonosporaceae	Micromonospora	Micromonospora sp.	1876.0
0	3385	0.6935632830544058	01KABVD7EDZHRJHR0K1NTXK7ZH.mzML	3385	01KAEM6FTZVGQW5CF8TD5P0BED	3386	WMMC241	Bugni Lab UW-Madison		GCA_027460165.1	Micromonosporaceae;Micromonospora;Micromonospora sp. WMMC241	Micromonosporaceae	Micromonospora	Micromonospora sp. WMMC241	3015159.0
0	3387	0.610578874129148	01KABVD7EDZHRJHR0K1NTXK7ZH.mzML	3387	01KAEM5YZMDJ3MRYGR1XAYSX97	3388	WMMA2014	Bugni Lab UW-Madison		KY015164	Micromonosporaceae;Micromonospora;Micromonospora sp.	Micromonosporaceae	Micromonospora	Micromonospora sp.	1876.0
0	3388	0.6856526932690341	01KABVD7EDZHRJHR0K1NTXK7ZH.mzML	3388	01KAEM56WE97RAE73ZSFTS62BK	3389	WMMA1974	Bugni Lab UW-Madison		KY015137	Micromonosporaceae;Micromonospora;Micromonospora sp.	Micromonosporaceae	Micromonospora	Micromonospora sp.	1876.0
0	3391	0.6671281191440788	01KABVD7EDZHRJHR0K1NTXK7ZH.mzML	3391	01KAEM472SBYDQV56GT196J2V7	3392	WMMA1910	Bugni Lab UW-Madison		KY015103	Micromonosporaceae;Micromonospora;Micromonospora sp.	Micromonosporaceae	Micromonospora	Micromonospora sp.	1876.0
0	3397	0.6959843994619317	01KABVD7EDZHRJHR0K1NTXK7ZH.mzML	3397	01KAEM5V6X7W14VAE5H573C2Z2	3398	WMMA2011	Bugni Lab UW-Madison		KY015161	Micromonosporaceae;Micromonospora;Micromonospora sp.	Micromonosporaceae	Micromonospora	Micromonospora sp.	1876.0
0	84	0.6214833506948872	01KA9R4FDKM384VPE4YWWKDG53.mzML	84	01KA9R6VSWVKJDVZEWX329GRD4	85	K412	Murphy lab UIC			Rhodococcus sp. (User Submitted 16S)				
0	149	0.5299678388044715	01KA9R4FDKM384VPE4YWWKDG53.mzML	149	01KA9R4VTB73J4425TB4C04TJB	150	128A-1	Murphy Lab UIC		MK143312	Sphingosinicellaceae;Sandaracinobacter;Sandaracinobacter sp.	Sphingosinicellaceae	Sandaracinobacter	Sandaracinobacter sp.	2487581.0
0	177	0.6556567224397027	01KA9R4FDKM384VPE4YWWKDG53.mzML	177	01KA9R6YFKJZVYPTD3ZFBF215E	178	K450	Murphy Lab UIC			Paenibacillus sp. (User Submitted 16S)				
0	180	0.0	01KA9R4FDKM384VPE4YWWKDG53.mzML	180	01KA9R4FDKM384VPE4YWWKDG53	181	117H-59	Murphy lab UIC		MK168023	Microbacteriaceae;Microbacterium;Microbacterium sp.	Microbacteriaceae	Microbacterium	Microbacterium sp.	51671.0
0	348	0.6392604473170889	01KA9R4FDKM384VPE4YWWKDG53.mzML	348	01K9QYTKNV6154RN8P0NT4Q9HH	349	PPS72	Marshall Space Flight Center			Paenarthrobacter nitroguajacolicus (User Submitted 16S)				
0	350	0.6855358794308335	01KA9R4FDKM384VPE4YWWKDG53.mzML	350	01K9QYSKG82XYQ8VXEKXX663XN	351	PPS119	Marshall Space Flight Center			Arthrobacter ginsengisoli/Pseudoarthrobacter psychrotolerans (User Submitted 16S)				
0	373	0.6842599216757268	01KA9R4FDKM384VPE4YWWKDG53.mzML	373	01K9QYS069GX0G1K6RP84AX0S4	374	PPS100	Marshall Space Flight Center			Bacillus sp. (User Submitted 16S)				
0	379	0.6902887592747418	01KA9R4FDKM384VPE4YWWKDG53.mzML	379	01K9QYSV7ZP7ZKM511AE3NJ9N6	380	PPS229	Marshall Space Flight Center			Bacillus acidiceler (User Submitted 16S)				
0	419	0.6895016144685944	01KA9R4FDKM384VPE4YWWKDG53.mzML	419	01KGR40AKY9RAXMPGN6BBCJ1T1	420	Paracoccus_None_None_RRLuftkeim05_01		Paracoccus yeei RRLK05_01_Mess03_03\0_C20\1 | Paracoccus yeei RRLK05_01_Mess03_01\0_E19\1 | Paracoccus yeei RRLK05_01_Mess03_04\0_E20\1 | Paracoccus yeei RRLK05_01_Mess03_01\0_C19\1		Paracoccaceae;Paracoccus;Paracoccus yeei	Paracoccaceae	Paracoccus	Paracoccus yeei	147645.0
0	1107	0.6922064943744537	01KA9R4FDKM384VPE4YWWKDG53.mzML	1107	01JV3FRDQ429Z07MCK4ZWT8QT7	1108	B-11312	USDA-ARS NRRL		LC055414	Streptomycetaceae;Streptomyces;Streptomyces ahygroscopicus	Streptomycetaceae	Streptomyces	Streptomyces ahygroscopicus	387846.0
0	1321	0.6911711274819363	01KA9R4FDKM384VPE4YWWKDG53.mzML	1321	01K2JJ8CJ7SQW6FN00K0NQ2QH1	1322	Vibrio coralliilyticus Cn52-H1 	Valerie Paul		GCA_013266605.1	Vibrionaceae;Vibrio;Vibrio coralliilyticus	Vibrionaceae	Vibrio	Vibrio coralliilyticus	190893.0
0	1423	0.6988302930119838	01KA9R4FDKM384VPE4YWWKDG53.mzML	1423	01JVTRHJZQACS4GNSAM9F8H4YX	1424	BM5A005	Murphy Lab UIC			Nocardioides sp. (User Submitted 16S)				
0	1530	0.5481740042200762	01KA9R4FDKM384VPE4YWWKDG53.mzML	1530	01J33D3HMSAXMMMXZVGZZH6588	1531	H2005			MN588253	Mycobacteriaceae;Mycolicibacterium;Mycolicibacterium sp.	Mycobacteriaceae	Mycolicibacterium	Mycolicibacterium sp.	2320850.0
0	70	0.5792329004066248	01KABVEESWCMN2RCXM1EF85QXF.mzML	70	01KA9R7TN3ZPW4SGN9DBW79RR5	71	K779	Murphy Lab UIC			Micromonospora sp. (User Submitted 16S)				
0	95	0.6204329489470151	01KABVEESWCMN2RCXM1EF85QXF.mzML	95	01KA9R7HAP8T2859SKA9XJF8XF	96	K699	Murphy Lab UIC			Micromonospora sp. (User Submitted 16S)				
0	1380	0.5410646419671024	01KABVEESWCMN2RCXM1EF85QXF.mzML	1380	01JVTRHFKTWPGR04GQT3ZN6Q0R	1381	BM2E001	Murphy Lab UIC			Micromonospora sp. (User Submitted 16S)				
0	1413	0.588783051319638	01KABVEESWCMN2RCXM1EF85QXF.mzML	1413	01JVTRHW0H4W4HEQ6ZRFSSQ90C	1414	BM6G003A	Murphy Lab UIC		PQ001007	Micromonosporaceae;Micromonospora;Micromonospora sp.	Micromonosporaceae	Micromonospora	Micromonospora sp.	1876.0
0	2706	0.0	01KABVEESWCMN2RCXM1EF85QXF.mzML	2706	01KABVEESWCMN2RCXM1EF85QXF	2707	B012	Murphy Lab UIC		KY858247	Micromonosporaceae;Micromonospora;Micromonospora chokoriensis	Micromonosporaceae	Micromonospora	Micromonospora chokoriensis	356851.0
0	2708	0.535128343680759	01KABVEESWCMN2RCXM1EF85QXF.mzML	2708	01KABVG4816P8MNPYHYEXFA5N3	2709	B031	Murphy Lab UIC			Micromonospora sp. (User Submitted 16S)				
0	2709	0.5945346205740327	01KABVEESWCMN2RCXM1EF85QXF.mzML	2709	01KABVDCX3YBV83W778NE5P4RC	2710	B001	Murphy Lab UIC		KY858238	Micromonosporaceae;Micromonospora;Micromonospora chokoriensis	Micromonosporaceae	Micromonospora	Micromonospora chokoriensis	356851.0
0	2721	0.4836135372009333	01KABVEESWCMN2RCXM1EF85QXF.mzML	2721	01KABVDN5VSH8NWZF4KK71B36P	2722	B002	Murphy Lab UIC			Micromonospora chokoriensis (User Submitted 16S)				
0	2739	0.6249860649188932	01KABVEESWCMN2RCXM1EF85QXF.mzML	2739	01KABVG79A32Y6M4JVM4ZYZKAF	2740	B032	Murphy Lab UIC			Micromonospora sp. (User Submitted 16S)				
0	2742	0.4687838147688787	01KABVEESWCMN2RCXM1EF85QXF.mzML	2742	01KABVFFZ7EDYKQM4J5YDVYVC2	2743	B022	Murphy Lab UIC		KY858245	Micromonosporaceae;Micromonospora;Micromonospora chokoriensis	Micromonosporaceae	Micromonospora	Micromonospora chokoriensis	356851.0
0	3265	0.6601958553290339	01KABVEESWCMN2RCXM1EF85QXF.mzML	3265	01KAEM7A4C05CKZRRK7NAEEC6M	3266	WMMD964	Bugni Lab UW-Madison		GCA_029581455.1	Micromonosporaceae;Micromonospora;Micromonospora sp. WMMD964	Micromonosporaceae	Micromonospora	Micromonospora sp. WMMD964	3016091.0
0	3266	0.6535847775986734	01KABVEESWCMN2RCXM1EF85QXF.mzML	3266	01KAEM6GQSSFDSSSWF8M1NBR4B	3267	WMMC250	Bugni Lab UW-Madison		GCA_027460215.1	Micromonosporaceae;Micromonospora;Micromonospora sp. WMMC250	Micromonosporaceae	Micromonospora	Micromonospora sp. WMMC250	3014781.0
0	3268	0.6772934041687859	01KABVEESWCMN2RCXM1EF85QXF.mzML	3268	01KAEM4RZWT59RYBJ73N3S4YC4	3269	WMMA1957	Bugni Lab UW-Madison		KY015125	Micromonosporaceae;Micromonospora;Micromonospora sp.	Micromonosporaceae	Micromonospora	Micromonospora sp.	1876.0
0	3300	0.5603214466524985	01KABVEESWCMN2RCXM1EF85QXF.mzML	3300	01KAEM4G4PJG4A8B33NFAZYAXJ	3301	WMMA1946	Bugni Lab UW-Madison		KY015116	Micromonosporaceae;Micromonospora;Micromonospora sp.	Micromonosporaceae	Micromonospora	Micromonospora sp.	1876.0
0	3301	0.5985958150528394	01KABVEESWCMN2RCXM1EF85QXF.mzML	3301	01KAEM602WQS98CMQA0MFX7V2X	3302	WMMA2015	Bugni Lab UW-Madison		KY015165	Micromonosporaceae;Micromonospora;Micromonospora sp.	Micromonosporaceae	Micromonospora	Micromonospora sp.	1876.0
0	3308	0.6196658205599781	01KABVEESWCMN2RCXM1EF85QXF.mzML	3308	01KAEM593HP01GV0WN7D01VJAA	3309	WMMA1975	Bugni Lab UW-Madison		KY015138	Micromonosporaceae;Micromonospora;Micromonospora sp.	Micromonosporaceae	Micromonospora	Micromonospora sp.	1876.0
0	3325	0.5757536004911153	01KABVEESWCMN2RCXM1EF85QXF.mzML	3325	01KAEM5QH9B0D9FQRAT45HG21X	3326	WMMA2003	Bugni Lab UW-Madison		KY015153	Micromonosporaceae;Micromonospora;Micromonospora sp.	Micromonosporaceae	Micromonospora	Micromonospora sp.	1876.0
0	3326	0.6749044574263712	01KABVEESWCMN2RCXM1EF85QXF.mzML	3326	01KAEM4EH07MZM8TEJ5V1C4AJH	3327	WMMA1933	Bugni Lab UW-Madison		KY015114	Micromonosporaceae;Micromonospora;Micromonospora sp.	Micromonosporaceae	Micromonospora	Micromonospora sp.	1876.0
0	3330	0.6777504510027025	01KABVEESWCMN2RCXM1EF85QXF.mzML	3330	01KAEM7AXV70C2W19YKCPCVVBQ	3331	WMMD967	Bugni Lab UW-Madison		GCA_029626165.1	Micromonosporaceae;Micromonospora;Micromonospora sp. WMMD967	Micromonosporaceae	Micromonospora	Micromonospora sp. WMMD967	3016101.0
0	3341	0.6914695463277333	01KABVEESWCMN2RCXM1EF85QXF.mzML	3341	01KAEM48D8SS91MG0GHNF38BV8	3342	WMMA1913	Bugni Lab UW-Madison		KY015105	Micromonosporaceae;Micromonospora;Micromonospora sp.	Micromonosporaceae	Micromonospora	Micromonospora sp.	1876.0
0	3346	0.6793374044908262	01KABVEESWCMN2RCXM1EF85QXF.mzML	3346	01KAEM3BS403H999QG5SZN44QM	3347	WMMA1888	Bugni Lab UW-Madison		KY015084	Micromonosporaceae;Micromonospora;Micromonospora sp.	Micromonosporaceae	Micromonospora	Micromonospora sp.	1876.0
0	3348	0.6969668574936538	01KABVEESWCMN2RCXM1EF85QXF.mzML	3348	01KAEM3PX2HY9JKWDJ0JE0R0YJ	3349	WMMA1897	Bugni Lab UW-Madison		KY015093	Micromonosporaceae;Micromonospora;Micromonospora sp.	Micromonosporaceae	Micromonospora	Micromonospora sp.	1876.0
0	3377	0.6500067513478587	01KABVEESWCMN2RCXM1EF85QXF.mzML	3377	01KAEM6XZMV61J15FAGBZM62DH	3378	WMMD710	Bugni Lab UW-Madison		GCA_029626045.1	Micromonosporaceae;Micromonospora;Micromonospora sp. WMMD710	Micromonosporaceae	Micromonospora	Micromonospora sp. WMMD710	3016085.0
0	3380	0.6847742174806161	01KABVEESWCMN2RCXM1EF85QXF.mzML	3380	01KAEM4JNM5NDJXN1M7CNDYZZW	3381	WMMA1948	Bugni Lab UW-Madison		KY015118	Micromonosporaceae;Micromonospora;Micromonospora sp.	Micromonosporaceae	Micromonospora	Micromonospora sp.	1876.0
0	3383	0.6993386499407418	01KABVEESWCMN2RCXM1EF85QXF.mzML	3383	01KAEM3TSH7CBH380QZRNC80F8	3384	WMMA1900	Bugni Lab UW-Madison		KY015096	Micromonosporaceae;Micromonospora;Micromonospora sp.	Micromonosporaceae	Micromonospora	Micromonospora sp.	1876.0
0	3384	0.6804470613898352	01KABVEESWCMN2RCXM1EF85QXF.mzML	3384	01KAEM6V822MRQ2FRP5EGFRQT5	3385	WMMD1155	Bugni Lab UW-Madison		GCA_029581275.1	Micromonosporaceae;Micromonospora;Micromonospora sp. WMMD1155	Micromonosporaceae	Micromonospora	Micromonospora sp. WMMD1155	3016094.0
0	3390	0.6577548646932403	01KABVEESWCMN2RCXM1EF85QXF.mzML	3390	01KAEM6QCNAXK1RSDKWTE571P9	3391	WMMD1120	Bugni Lab UW-Madison		GCA_029626235.1	Micromonosporaceae;Micromonospora;Micromonospora sp. WMMD1120	Micromonosporaceae	Micromonospora	Micromonospora sp. WMMD1120	3016106.0
0	3393	0.6616734078687521	01KABVEESWCMN2RCXM1EF85QXF.mzML	3393	01KAEM4TJRGRVG070WBFP4E5CW	3394	WMMA1958	Bugni Lab UW-Madison		KY015126	Micromonosporaceae;Micromonospora;Micromonospora sp.	Micromonosporaceae	Micromonospora	Micromonospora sp.	1876.0
0	168	0.5857534893325335	01KA9R47SFFX9SBAXB91ZPMR0K.mzML	168	01KA9R5KF1QKAGN54SDPMNK7SC	169	135A-23	Murphy lab UIC		MK143160	Cellulomonadaceae;Oerskovia;Oerskovia sp.	Cellulomonadaceae	Oerskovia	Oerskovia sp.	1915060.0
0	186	1.7763568394002505e-15	01KA9R47SFFX9SBAXB91ZPMR0K.mzML	186	01KA9R47SFFX9SBAXB91ZPMR0K	187	116H-18	Murphy lab UIC		MK163385	Cellulomonadaceae;Oerskovia;Oerskovia sp.	Cellulomonadaceae	Oerskovia	Oerskovia sp.	1915060.0
0	70	0.60108433224406	01KABVDCX3YBV83W778NE5P4RC.mzML	70	01KA9R7TN3ZPW4SGN9DBW79RR5	71	K779	Murphy Lab UIC			Micromonospora sp. (User Submitted 16S)				
0	95	0.5709418348394831	01KABVDCX3YBV83W778NE5P4RC.mzML	95	01KA9R7HAP8T2859SKA9XJF8XF	96	K699	Murphy Lab UIC			Micromonospora sp. (User Submitted 16S)				
0	113	0.658529551522445	01KABVDCX3YBV83W778NE5P4RC.mzML	113	01KA9R7ABQNYC3ZX35DV6H299V	114	K622	Murphy Lab UIC			Micromonospora sp. (User Submitted 16S)				
0	1010	0.683772233983162	01KABVDCX3YBV83W778NE5P4RC.mzML	1010	01JV3FCYSY81G7NBD750HB99MB	1011	B-3898	USDA-ARS NRRL		AJ399463	Streptomycetaceae;Streptomyces;Streptomyces fumanus	Streptomycetaceae	Streptomyces	Streptomyces fumanus	67302.0
0	1380	0.6578291410915302	01KABVDCX3YBV83W778NE5P4RC.mzML	1380	01JVTRHFKTWPGR04GQT3ZN6Q0R	1381	BM2E001	Murphy Lab UIC			Micromonospora sp. (User Submitted 16S)				
0	2706	0.5945346205740327	01KABVDCX3YBV83W778NE5P4RC.mzML	2706	01KABVEESWCMN2RCXM1EF85QXF	2707	B012	Murphy Lab UIC		KY858247	Micromonosporaceae;Micromonospora;Micromonospora chokoriensis	Micromonosporaceae	Micromonospora	Micromonospora chokoriensis	356851.0
0	2708	0.6089410266097244	01KABVDCX3YBV83W778NE5P4RC.mzML	2708	01KABVG4816P8MNPYHYEXFA5N3	2709	B031	Murphy Lab UIC			Micromonospora sp. (User Submitted 16S)				
0	2709	1.3322676295501878e-15	01KABVDCX3YBV83W778NE5P4RC.mzML	2709	01KABVDCX3YBV83W778NE5P4RC	2710	B001	Murphy Lab UIC		KY858238	Micromonosporaceae;Micromonospora;Micromonospora chokoriensis	Micromonosporaceae	Micromonospora	Micromonospora chokoriensis	356851.0
0	2713	0.6559687689719065	01KABVDCX3YBV83W778NE5P4RC.mzML	2713	01KABVFVY7F65NR3CH41M8RZCG	2714	B026	Murphy Lab UIC		KP009553	Micromonosporaceae;Micromonospora;Micromonospora sp. B026	Micromonosporaceae	Micromonospora	Micromonospora sp. B026	1611404.0
0	2721	0.5958880704397563	01KABVDCX3YBV83W778NE5P4RC.mzML	2721	01KABVDN5VSH8NWZF4KK71B36P	2722	B002	Murphy Lab UIC			Micromonospora chokoriensis (User Submitted 16S)				
0	2739	0.4883828220708998	01KABVDCX3YBV83W778NE5P4RC.mzML	2739	01KABVG79A32Y6M4JVM4ZYZKAF	2740	B032	Murphy Lab UIC			Micromonospora sp. (User Submitted 16S)				
0	2742	0.6263676411214634	01KABVDCX3YBV83W778NE5P4RC.mzML	2742	01KABVFFZ7EDYKQM4J5YDVYVC2	2743	B022	Murphy Lab UIC		KY858245	Micromonosporaceae;Micromonospora;Micromonospora chokoriensis	Micromonosporaceae	Micromonospora	Micromonospora chokoriensis	356851.0
0	3267	0.6867015336164539	01KABVDCX3YBV83W778NE5P4RC.mzML	3267	01KAEM47QA3Y8X528R3ZP2FQ93	3268	WMMA1912	Bugni Lab UW-Madison		KY015104	Micromonosporaceae;Micromonospora;Micromonospora sp.	Micromonosporaceae	Micromonospora	Micromonospora sp.	1876.0
0	3268	0.6990533896594793	01KABVDCX3YBV83W778NE5P4RC.mzML	3268	01KAEM4RZWT59RYBJ73N3S4YC4	3269	WMMA1957	Bugni Lab UW-Madison		KY015125	Micromonosporaceae;Micromonospora;Micromonospora sp.	Micromonosporaceae	Micromonospora	Micromonospora sp.	1876.0
0	3281	0.6706316902258451	01KABVDCX3YBV83W778NE5P4RC.mzML	3281	01KAEM3GCHVFR3A64QED3YRD5V	3282	WMMA1892	Bugni Lab UW-Madison		KY015088	Micromonosporaceae;Micromonospora;Micromonospora sp.	Micromonosporaceae	Micromonospora	Micromonospora sp.	1876.0
0	3283	0.6878902741436518	01KABVDCX3YBV83W778NE5P4RC.mzML	3283	01KAEM3FDP54J4SWP2ABA5W8T2	3284	WMMA1891	Bugni Lab UW-Madison		KY015087	Micromonosporaceae;Micromonospora;Micromonospora sp.	Micromonosporaceae	Micromonospora	Micromonospora sp.	1876.0
0	3285	0.6801279232511643	01KABVDCX3YBV83W778NE5P4RC.mzML	3285	01KAEM3P2DNFWBMCQCVR1ERR3R	3286	WMMA1896	Bugni Lab UW-Madison		KY015092	Micromonosporaceae;Micromonospora;Micromonospora sp.	Micromonosporaceae	Micromonospora	Micromonospora sp.	1876.0
0	3286	0.6893015658422745	01KABVDCX3YBV83W778NE5P4RC.mzML	3286	01KAEM4QBT90QGWRQW6NFRRB4P	3287	WMMA1953	Bugni Lab UW-Madison		KY015122	Micromonosporaceae;Micromonospora;Micromonospora sp.	Micromonosporaceae	Micromonospora	Micromonospora sp.	1876.0
0	3291	0.6867248176614031	01KABVDCX3YBV83W778NE5P4RC.mzML	3291	01KAEM55CGM34NAP9Z3BTE1PX5	3292	WMMA1973	Bugni Lab UW-Madison		KY015136	Micromonosporaceae;Micromonospora;Micromonospora sp.	Micromonosporaceae	Micromonospora	Micromonospora sp.	1876.0
0	3293	0.6875	01KABVDCX3YBV83W778NE5P4RC.mzML	3293	01KAEM54RC9X0V603SHKQ78NMH	3294	WMMA1971	Bugni Lab UW-Madison		KY015135	Micromonosporaceae;Micromonospora;Micromonospora sp.	Micromonosporaceae	Micromonospora	Micromonospora sp.	1876.0
0	3295	0.6953831734080587	01KABVDCX3YBV83W778NE5P4RC.mzML	3295	01KAEM5BWQ2AJE02GTW8QEQRNN	3296	WMMA1979	Bugni Lab UW-Madison		KY015142	Micromonosporaceae;Micromonospora;Micromonospora sp.	Micromonosporaceae	Micromonospora	Micromonospora sp.	1876.0
0	3297	0.6789710584379487	01KABVDCX3YBV83W778NE5P4RC.mzML	3297	01KAEM3WD006ZECTX2XF08AQX4	3298	WMMA1901	Bugni Lab UW-Madison		KY015097	Micromonosporaceae;Micromonospora;Micromonospora sp.	Micromonosporaceae	Micromonospora	Micromonospora sp.	1876.0
0	3298	0.6799046803759476	01KABVDCX3YBV83W778NE5P4RC.mzML	3298	01KAEM3EEN63NJAYA68GJG5X8N	3299	WMMA1890	Bugni Lab UW-Madison		KY015086	Micromonosporaceae;Micromonospora;Micromonospora sp.	Micromonosporaceae	Micromonospora	Micromonospora sp.	1876.0
0	3300	0.6247086180057193	01KABVDCX3YBV83W778NE5P4RC.mzML	3300	01KAEM4G4PJG4A8B33NFAZYAXJ	3301	WMMA1946	Bugni Lab UW-Madison		KY015116	Micromonosporaceae;Micromonospora;Micromonospora sp.	Micromonosporaceae	Micromonospora	Micromonospora sp.	1876.0
0	3301	0.6650947428313818	01KABVDCX3YBV83W778NE5P4RC.mzML	3301	01KAEM602WQS98CMQA0MFX7V2X	3302	WMMA2015	Bugni Lab UW-Madison		KY015165	Micromonosporaceae;Micromonospora;Micromonospora sp.	Micromonosporaceae	Micromonospora	Micromonospora sp.	1876.0
0	3308	0.6354980998401714	01KABVDCX3YBV83W778NE5P4RC.mzML	3308	01KAEM593HP01GV0WN7D01VJAA	3309	WMMA1975	Bugni Lab UW-Madison		KY015138	Micromonosporaceae;Micromonospora;Micromonospora sp.	Micromonosporaceae	Micromonospora	Micromonospora sp.	1876.0
0	3312	0.6968304687045836	01KABVDCX3YBV83W778NE5P4RC.mzML	3312	01KAEM5WFA9RC0C5P7RBFY1W65	3313	WMMA2012	Bugni Lab UW-Madison		KY015162	Micromonosporaceae;Micromonospora;Micromonospora sp.	Micromonosporaceae	Micromonospora	Micromonospora sp.	1876.0
0	3320	0.6632123429727182	01KABVDCX3YBV83W778NE5P4RC.mzML	3320	01KAEM4Y4Y9D5TMCEYK5X2V9W5	3321	WMMA1962	Bugni Lab UW-Madison		KY015129	Micromonosporaceae;Micromonospora;Micromonospora sp.	Micromonosporaceae	Micromonospora	Micromonospora sp.	1876.0
0	3325	0.6868158829254913	01KABVDCX3YBV83W778NE5P4RC.mzML	3325	01KAEM5QH9B0D9FQRAT45HG21X	3326	WMMA2003	Bugni Lab UW-Madison		KY015153	Micromonosporaceae;Micromonospora;Micromonospora sp.	Micromonosporaceae	Micromonospora	Micromonospora sp.	1876.0
0	3326	0.6770593326891539	01KABVDCX3YBV83W778NE5P4RC.mzML	3326	01KAEM4EH07MZM8TEJ5V1C4AJH	3327	WMMA1933	Bugni Lab UW-Madison		KY015114	Micromonosporaceae;Micromonospora;Micromonospora sp.	Micromonosporaceae	Micromonospora	Micromonospora sp.	1876.0
0	3328	0.6732313084492676	01KABVDCX3YBV83W778NE5P4RC.mzML	3328	01KAEM5M26TC6XKN2V0XVGZXDT	3329	WMMA1998	Bugni Lab UW-Madison		GCA_027497375.1	Micromonosporaceae;Micromonospora;Micromonospora sp. WMMA1998	Micromonosporaceae	Micromonospora	Micromonospora sp. WMMA1998	3015167.0
0	3336	0.645148208450131	01KABVDCX3YBV83W778NE5P4RC.mzML	3336	01KAEM4YRDVQRFW8A4DXKKD2V6	3337	WMMA1966	Bugni Lab UW-Madison		KY015130	Micromonosporaceae;Micromonospora;Micromonospora sp.	Micromonosporaceae	Micromonospora	Micromonospora sp.	1876.0
0	3339	0.6301998691831804	01KABVDCX3YBV83W778NE5P4RC.mzML	3339	01KAEM4X2N3RQREDD19HEP5E8V	3340	WMMA1961	Bugni Lab UW-Madison		KY015128	Micromonosporaceae;Micromonospora;Micromonospora sp.	Micromonosporaceae	Micromonospora	Micromonospora sp.	1876.0
0	3341	0.6102102785654461	01KABVDCX3YBV83W778NE5P4RC.mzML	3341	01KAEM48D8SS91MG0GHNF38BV8	3342	WMMA1913	Bugni Lab UW-Madison		KY015105	Micromonosporaceae;Micromonospora;Micromonospora sp.	Micromonosporaceae	Micromonospora	Micromonospora sp.	1876.0
0	3342	0.6895779508890549	01KABVDCX3YBV83W778NE5P4RC.mzML	3342	01KAEM5205V182ZMYH4GWWT75N	3343	WMMA1968	Bugni Lab UW-Madison		KY015132	Micromonosporaceae;Micromonospora;Micromonospora sp.	Micromonosporaceae	Micromonospora	Micromonospora sp.	1876.0
0	3345	0.6955286189647892	01KABVDCX3YBV83W778NE5P4RC.mzML	3345	01KAEM4DDCEZ14WXD51KEEPW53	3346	WMMA1925	Bugni Lab UW-Madison		KY015111	Micromonosporaceae;Micromonospora;Micromonospora sp.	Micromonosporaceae	Micromonospora	Micromonospora sp.	1876.0
0	3346	0.6979389533349114	01KABVDCX3YBV83W778NE5P4RC.mzML	3346	01KAEM3BS403H999QG5SZN44QM	3347	WMMA1888	Bugni Lab UW-Madison		KY015084	Micromonosporaceae;Micromonospora;Micromonospora sp.	Micromonosporaceae	Micromonospora	Micromonospora sp.	1876.0
0	3354	0.6692407077621105	01KABVDCX3YBV83W778NE5P4RC.mzML	3354	01KAEM5PNP17Q7E8JX165MHQQY	3355	WMMA2002	Bugni Lab UW-Madison		KY015152	Micromonosporaceae;Micromonospora;Micromonospora sp.	Micromonosporaceae	Micromonospora	Micromonospora sp.	1876.0
0	3357	0.6923294773427031	01KABVDCX3YBV83W778NE5P4RC.mzML	3357	01KAEM4QX8P6CM7CR3ERAQCQYR	3358	WMMA1954	Bugni Lab UW-Madison		KY015123	Micromonosporaceae;Micromonospora;Micromonospora sp.	Micromonosporaceae	Micromonospora	Micromonospora sp.	1876.0
0	3361	0.6391231294785974	01KABVDCX3YBV83W778NE5P4RC.mzML	3361	01KAEM4MZ0STYBJZRVJCMRHRHM	3362	WMMA1950	Bugni Lab UW-Madison		KY015120	Micromonosporaceae;Micromonospora;Micromonospora sp.	Micromonosporaceae	Micromonospora	Micromonospora sp.	1876.0
0	3368	0.68351056429336	01KABVDCX3YBV83W778NE5P4RC.mzML	3368	01KAEM3YN0X4TRWCETMSC3Y6NH	3369	WMMA1903	Bugni Lab UW-Madison		KY015099	Micromonosporaceae;Micromonospora;Micromonospora sp.	Micromonosporaceae	Micromonospora	Micromonospora sp.	1876.0
0	3372	0.6824573519457058	01KABVDCX3YBV83W778NE5P4RC.mzML	3372	01KAEM5BD7XFT4R419PNECS3A4	3373	WMMA1978	Bugni Lab UW-Madison		KY015141	Micromonosporaceae;Micromonospora;Micromonospora sp.	Micromonosporaceae	Micromonospora	Micromonospora sp.	1876.0
0	3378	0.6867248176614031	01KABVDCX3YBV83W778NE5P4RC.mzML	3378	01KAEM5HTGWKNPX6JFTCCHRT4J	3379	WMMA1994	Bugni Lab UW-Madison		KY015147	Micromonosporaceae;Micromonospora;Micromonospora sp.	Micromonosporaceae	Micromonospora	Micromonospora sp.	1876.0
0	3391	0.662900068768379	01KABVDCX3YBV83W778NE5P4RC.mzML	3391	01KAEM472SBYDQV56GT196J2V7	3392	WMMA1910	Bugni Lab UW-Madison		KY015103	Micromonosporaceae;Micromonospora;Micromonospora sp.	Micromonosporaceae	Micromonospora	Micromonospora sp.	1876.0
0	3393	0.6899131635269786	01KABVDCX3YBV83W778NE5P4RC.mzML	3393	01KAEM4TJRGRVG070WBFP4E5CW	3394	WMMA1958	Bugni Lab UW-Madison		KY015126	Micromonosporaceae;Micromonospora;Micromonospora sp.	Micromonosporaceae	Micromonospora	Micromonospora sp.	1876.0
0	64	0.5874856763373051	01KABVJD25776HYCW46YPZ6JJZ.mzML	64	01KA9R5135AXBXG68M163YJ1D9	65	129A-35	Murphy Lab UIC		MK168037	Micromonosporaceae;Micromonospora;Micromonospora sp.	Micromonosporaceae	Micromonospora	Micromonospora sp.	1876.0
0	73	0.6406064640561238	01KABVJD25776HYCW46YPZ6JJZ.mzML	73	01KA9R7X14AF8YZA67AFG150N1	74	K792	Murphy Lab UIC			Micromonospora sp. (User Submitted 16S)				
0	137	0.6118970678827542	01KABVJD25776HYCW46YPZ6JJZ.mzML	137	01KA9R502EM598QFY0NAMWQ4BH	138	129A-2	Murphy Lab UIC		MK168033	Micromonosporaceae;Micromonospora;Micromonospora sp.	Micromonosporaceae	Micromonospora	Micromonospora sp.	1876.0
0	151	0.5946240197513956	01KABVJD25776HYCW46YPZ6JJZ.mzML	151	01KA9R7W1N77QNBT9ACTE879WS	152	K787	Murphy Lab UIC			Micromonospora sp. (User Submitted 16S)				
0	187	0.6466428644263411	01KABVJD25776HYCW46YPZ6JJZ.mzML	187	01KA9R7XZV024CS7CNYVBDDZCV	188	K806	Murphy Lab UIC			Micromonospora sp. (User Submitted 16S)				
0	2705	0.6496257025157299	01KABVJD25776HYCW46YPZ6JJZ.mzML	2705	01KABVD7EDZHRJHR0K1NTXK7ZH	2706	A040	Murphy Lab UIC			Micromonospora sp. (User Submitted 16S)				
0	2707	0.5548680927402745	01KABVJD25776HYCW46YPZ6JJZ.mzML	2707	01KABVEM6E13AXGMH5NS3GEVFW	2708	B013	Murphy Lab UIC			Micromonospora tulbaghiae (User Submitted 16S)				
0	2710	1.4432899320127037e-15	01KABVJD25776HYCW46YPZ6JJZ.mzML	2710	01KABVJD25776HYCW46YPZ6JJZ	2711	D077	Murphy Lab UIC			Micromonospora humi (User Submitted 16S)				
0	2713	0.5954226100606609	01KABVJD25776HYCW46YPZ6JJZ.mzML	2713	01KABVFVY7F65NR3CH41M8RZCG	2714	B026	Murphy Lab UIC		KP009553	Micromonosporaceae;Micromonospora;Micromonospora sp. B026	Micromonosporaceae	Micromonospora	Micromonospora sp. B026	1611404.0
0	2718	0.6258121193727874	01KABVJD25776HYCW46YPZ6JJZ.mzML	2718	01KABVHQM4Z8DQH3VK01W7KJK4	2719	D053	Murphy Lab UIC			Micromonospora sp. (User Submitted 16S)				
0	2731	0.6118311912221642	01KABVJD25776HYCW46YPZ6JJZ.mzML	2731	01KABVHZ2N5BMEDR5SWJC9NPKY	2732	D054	Murphy Lab UIC			Micromonospora sp. (User Submitted 16S)				
0	2732	0.6116381015959546	01KABVJD25776HYCW46YPZ6JJZ.mzML	2732	01KABVDV9YX1DD0E5NB194KTP9	2733	B006	Murphy Lab UIC			Micromonospora sp. (User Submitted 16S)				
0	3264	0.6975049290089899	01KABVJD25776HYCW46YPZ6JJZ.mzML	3264	01KAEM3SQBAZ7X3W5WJJH4KSP6	3265	WMMA1899	Bugni Lab UW-Madison		KY015095	Micromonosporaceae;Micromonospora;Micromonospora sp.	Micromonosporaceae	Micromonospora	Micromonospora sp.	1876.0
0	3267	0.5998023226961122	01KABVJD25776HYCW46YPZ6JJZ.mzML	3267	01KAEM47QA3Y8X528R3ZP2FQ93	3268	WMMA1912	Bugni Lab UW-Madison		KY015104	Micromonosporaceae;Micromonospora;Micromonospora sp.	Micromonosporaceae	Micromonospora	Micromonospora sp.	1876.0
0	3268	0.6527925524649405	01KABVJD25776HYCW46YPZ6JJZ.mzML	3268	01KAEM4RZWT59RYBJ73N3S4YC4	3269	WMMA1957	Bugni Lab UW-Madison		KY015125	Micromonosporaceae;Micromonospora;Micromonospora sp.	Micromonosporaceae	Micromonospora	Micromonospora sp.	1876.0
0	3274	0.6251935483999898	01KABVJD25776HYCW46YPZ6JJZ.mzML	3274	01KAEM5S1ADMAES326ZH34TQF2	3275	WMMA2009	Bugni Lab UW-Madison		KY015159	Micromonosporaceae;Micromonospora;Micromonospora sp.	Micromonosporaceae	Micromonospora	Micromonospora sp.	1876.0
0	3278	0.6791555260401261	01KABVJD25776HYCW46YPZ6JJZ.mzML	3278	01KAEM508G22MZD67XTZRBW5H9	3279	WMMA1967	Bugni Lab UW-Madison		KY015131	Micromonosporaceae;Micromonospora;Micromonospora sp.	Micromonosporaceae	Micromonospora	Micromonospora sp.	1876.0
0	3282	0.663511906505971	01KABVJD25776HYCW46YPZ6JJZ.mzML	3282	01KAEM5T6BQE9HNWMP8SHK8KYM	3283	WMMA2010	Bugni Lab UW-Madison		KY015160	Micromonosporaceae;Micromonospora;Micromonospora sp.	Micromonosporaceae	Micromonospora	Micromonospora sp.	1876.0
0	3283	0.688877937212316	01KABVJD25776HYCW46YPZ6JJZ.mzML	3283	01KAEM3FDP54J4SWP2ABA5W8T2	3284	WMMA1891	Bugni Lab UW-Madison		KY015087	Micromonosporaceae;Micromonospora;Micromonospora sp.	Micromonosporaceae	Micromonospora	Micromonospora sp.	1876.0
0	3284	0.6091184475029481	01KABVJD25776HYCW46YPZ6JJZ.mzML	3284	01KAEM5ET506087KW4WS7FGCGY	3285	WMMA1991	Bugni Lab UW-Madison		KY015145	Micromonosporaceae;Micromonospora;Micromonospora sp.	Micromonosporaceae	Micromonospora	Micromonospora sp.	1876.0
0	3285	0.6811401500763132	01KABVJD25776HYCW46YPZ6JJZ.mzML	3285	01KAEM3P2DNFWBMCQCVR1ERR3R	3286	WMMA1896	Bugni Lab UW-Madison		KY015092	Micromonosporaceae;Micromonospora;Micromonospora sp.	Micromonosporaceae	Micromonospora	Micromonospora sp.	1876.0
0	3286	0.6582452556306218	01KABVJD25776HYCW46YPZ6JJZ.mzML	3286	01KAEM4QBT90QGWRQW6NFRRB4P	3287	WMMA1953	Bugni Lab UW-Madison		KY015122	Micromonosporaceae;Micromonospora;Micromonospora sp.	Micromonosporaceae	Micromonospora	Micromonospora sp.	1876.0
0	3287	0.6706278436817057	01KABVJD25776HYCW46YPZ6JJZ.mzML	3287	01KAEM534PSTRZA2N2A3QBBXFG	3288	WMMA1970	Bugni Lab UW-Madison		KY015134	Micromonosporaceae;Micromonospora;Micromonospora sp.	Micromonosporaceae	Micromonospora	Micromonospora sp.	1876.0
0	3291	0.6776424968120153	01KABVJD25776HYCW46YPZ6JJZ.mzML	3291	01KAEM55CGM34NAP9Z3BTE1PX5	3292	WMMA1973	Bugni Lab UW-Madison		KY015136	Micromonosporaceae;Micromonospora;Micromonospora sp.	Micromonosporaceae	Micromonospora	Micromonospora sp.	1876.0
0	3293	0.6677214912863894	01KABVJD25776HYCW46YPZ6JJZ.mzML	3293	01KAEM54RC9X0V603SHKQ78NMH	3294	WMMA1971	Bugni Lab UW-Madison		KY015135	Micromonosporaceae;Micromonospora;Micromonospora sp.	Micromonosporaceae	Micromonospora	Micromonospora sp.	1876.0
0	3294	0.5752833291776939	01KABVJD25776HYCW46YPZ6JJZ.mzML	3294	01KAEM4C39Q7TJA83NNGAHPZC5	3295	WMMA1922	Bugni Lab UW-Madison		KY015109	Micromonosporaceae;Micromonospora;Micromonospora sp.	Micromonosporaceae	Micromonospora	Micromonospora sp.	1876.0
0	3295	0.6865518713732868	01KABVJD25776HYCW46YPZ6JJZ.mzML	3295	01KAEM5BWQ2AJE02GTW8QEQRNN	3296	WMMA1979	Bugni Lab UW-Madison		KY015142	Micromonosporaceae;Micromonospora;Micromonospora sp.	Micromonosporaceae	Micromonospora	Micromonospora sp.	1876.0
0	3297	0.6696639443938663	01KABVJD25776HYCW46YPZ6JJZ.mzML	3297	01KAEM3WD006ZECTX2XF08AQX4	3298	WMMA1901	Bugni Lab UW-Madison		KY015097	Micromonosporaceae;Micromonospora;Micromonospora sp.	Micromonosporaceae	Micromonospora	Micromonospora sp.	1876.0
0	3298	0.6819824047030217	01KABVJD25776HYCW46YPZ6JJZ.mzML	3298	01KAEM3EEN63NJAYA68GJG5X8N	3299	WMMA1890	Bugni Lab UW-Madison		KY015086	Micromonosporaceae;Micromonospora;Micromonospora sp.	Micromonosporaceae	Micromonospora	Micromonospora sp.	1876.0
0	3309	0.6820913185715185	01KABVJD25776HYCW46YPZ6JJZ.mzML	3309	01KAEM3R6ZGJM6H9VFPE3NG99N	3310	WMMA1898	Bugni Lab UW-Madison		KY015094	Micromonosporaceae;Micromonospora;Micromonospora sp.	Micromonosporaceae	Micromonospora	Micromonospora sp.	1876.0
0	3312	0.6776424968120152	01KABVJD25776HYCW46YPZ6JJZ.mzML	3312	01KAEM5WFA9RC0C5P7RBFY1W65	3313	WMMA2012	Bugni Lab UW-Madison		KY015162	Micromonosporaceae;Micromonospora;Micromonospora sp.	Micromonosporaceae	Micromonospora	Micromonospora sp.	1876.0
0	3320	0.6633498353879308	01KABVJD25776HYCW46YPZ6JJZ.mzML	3320	01KAEM4Y4Y9D5TMCEYK5X2V9W5	3321	WMMA1962	Bugni Lab UW-Madison		KY015129	Micromonosporaceae;Micromonospora;Micromonospora sp.	Micromonosporaceae	Micromonospora	Micromonospora sp.	1876.0
0	3322	0.628438686983388	01KABVJD25776HYCW46YPZ6JJZ.mzML	3322	01KAEM49Q453FHQAVKFBP400QK	3323	WMMA1915	Bugni Lab UW-Madison		KY015107	Micromonosporaceae;Micromonospora;Micromonospora sp.	Micromonosporaceae	Micromonospora	Micromonospora sp.	1876.0
0	3326	0.5874856763373051	01KABVJD25776HYCW46YPZ6JJZ.mzML	3326	01KAEM4EH07MZM8TEJ5V1C4AJH	3327	WMMA1933	Bugni Lab UW-Madison		KY015114	Micromonosporaceae;Micromonospora;Micromonospora sp.	Micromonosporaceae	Micromonospora	Micromonospora sp.	1876.0
0	3332	0.5976260919185215	01KABVJD25776HYCW46YPZ6JJZ.mzML	3332	01KAEM5Y1S280FYGV2FBFT7RKH	3333	WMMA2013	Bugni Lab UW-Madison		KY015163	Micromonosporaceae;Micromonospora;Micromonospora sp.	Micromonosporaceae	Micromonospora	Micromonospora sp.	1876.0
0	3335	0.5915849754918305	01KABVJD25776HYCW46YPZ6JJZ.mzML	3335	01KAEM463DN5ZYWERKSF04ZCCR	3336	WMMA1908	Bugni Lab UW-Madison		KY015102	Micromonosporaceae;Micromonospora;Micromonospora sp.	Micromonosporaceae	Micromonospora	Micromonospora sp.	1876.0
0	3336	0.6644664227577909	01KABVJD25776HYCW46YPZ6JJZ.mzML	3336	01KAEM4YRDVQRFW8A4DXKKD2V6	3337	WMMA1966	Bugni Lab UW-Madison		KY015130	Micromonosporaceae;Micromonospora;Micromonospora sp.	Micromonosporaceae	Micromonospora	Micromonospora sp.	1876.0
0	3338	0.5721415183445075	01KABVJD25776HYCW46YPZ6JJZ.mzML	3338	01KAEM4B1WGAQ49A7VXPPY79GA	3339	WMMA1921	Bugni Lab UW-Madison		KY015108	Micromonosporaceae;Micromonospora;Micromonospora sp.	Micromonosporaceae	Micromonospora	Micromonospora sp.	1876.0
0	3339	0.6432613793841293	01KABVJD25776HYCW46YPZ6JJZ.mzML	3339	01KAEM4X2N3RQREDD19HEP5E8V	3340	WMMA1961	Bugni Lab UW-Madison		KY015128	Micromonosporaceae;Micromonospora;Micromonospora sp.	Micromonosporaceae	Micromonospora	Micromonospora sp.	1876.0
0	3342	0.6919862628725142	01KABVJD25776HYCW46YPZ6JJZ.mzML	3342	01KAEM5205V182ZMYH4GWWT75N	3343	WMMA1968	Bugni Lab UW-Madison		KY015132	Micromonosporaceae;Micromonospora;Micromonospora sp.	Micromonosporaceae	Micromonospora	Micromonospora sp.	1876.0
0	3344	0.698582610534853	01KABVJD25776HYCW46YPZ6JJZ.mzML	3344	01KAEM4P38YMP6KNFDYQ3V7F8P	3345	WMMA1951	Bugni Lab UW-Madison		KY015121	Micromonosporaceae;Micromonospora;Micromonospora sp.	Micromonosporaceae	Micromonospora	Micromonospora sp.	1876.0
0	3345	0.6975049290089899	01KABVJD25776HYCW46YPZ6JJZ.mzML	3345	01KAEM4DDCEZ14WXD51KEEPW53	3346	WMMA1925	Bugni Lab UW-Madison		KY015111	Micromonosporaceae;Micromonospora;Micromonospora sp.	Micromonosporaceae	Micromonospora	Micromonospora sp.	1876.0
0	3352	0.6641814422573851	01KABVJD25776HYCW46YPZ6JJZ.mzML	3352	01KAEM5E4JEXW276KERE0VYFY9	3353	WMMA1990	Bugni Lab UW-Madison		KY015144	Micromonosporaceae;Micromonospora;Micromonospora sp.	Micromonosporaceae	Micromonospora	Micromonospora sp.	1876.0
0	3356	0.6878143292075559	01KABVJD25776HYCW46YPZ6JJZ.mzML	3356	01KAEM408ZA2PQ0BK2539EZR6P	3357	WMMA1906	Bugni Lab UW-Madison		KY015100	Micromonosporaceae;Micromonospora;Micromonospora sp.	Micromonosporaceae	Micromonospora	Micromonospora sp.	1876.0
0	3357	0.6629844597901622	01KABVJD25776HYCW46YPZ6JJZ.mzML	3357	01KAEM4QX8P6CM7CR3ERAQCQYR	3358	WMMA1954	Bugni Lab UW-Madison		KY015123	Micromonosporaceae;Micromonospora;Micromonospora sp.	Micromonosporaceae	Micromonospora	Micromonospora sp.	1876.0
0	3359	0.6833681088776695	01KABVJD25776HYCW46YPZ6JJZ.mzML	3359	01KAEM41JWBRC8JRJDJS3R8KTM	3360	WMMA1907	Bugni Lab UW-Madison		KY015101	Micromonosporaceae;Micromonospora;Micromonospora sp.	Micromonosporaceae	Micromonospora	Micromonospora sp.	1876.0
0	3360	0.6914259516867547	01KABVJD25776HYCW46YPZ6JJZ.mzML	3360	01KAEM3XJA57D9PNJXD4BX4JG8	3361	WMMA1902	Bugni Lab UW-Madison		KY015098	Micromonosporaceae;Micromonospora;Micromonospora sp.	Micromonosporaceae	Micromonospora	Micromonospora sp.	1876.0
0	3361	0.688877937212316	01KABVJD25776HYCW46YPZ6JJZ.mzML	3361	01KAEM4MZ0STYBJZRVJCMRHRHM	3362	WMMA1950	Bugni Lab UW-Madison		KY015120	Micromonosporaceae;Micromonospora;Micromonospora sp.	Micromonosporaceae	Micromonospora	Micromonospora sp.	1876.0
0	3362	0.6568452385418228	01KABVJD25776HYCW46YPZ6JJZ.mzML	3362	01KAEM3D3SH04RPDFYPDC7XBV9	3363	WMMA1889	Bugni Lab UW-Madison		KY015085	Micromonosporaceae;Micromonospora;Micromonospora sp.	Micromonosporaceae	Micromonospora	Micromonospora sp.	1876.0
0	3364	0.5779071009734453	01KABVJD25776HYCW46YPZ6JJZ.mzML	3364	01KAEM494KD1PZ6DBHH3QVBZ7H	3365	WMMA1914	Bugni Lab UW-Madison		KY015106	Micromonosporaceae;Micromonospora;Micromonospora sp.	Micromonosporaceae	Micromonospora	Micromonospora sp.	1876.0
0	3368	0.6644664227577908	01KABVJD25776HYCW46YPZ6JJZ.mzML	3368	01KAEM3YN0X4TRWCETMSC3Y6NH	3369	WMMA1903	Bugni Lab UW-Madison		KY015099	Micromonosporaceae;Micromonospora;Micromonospora sp.	Micromonosporaceae	Micromonospora	Micromonospora sp.	1876.0
0	3372	0.6435468845283974	01KABVJD25776HYCW46YPZ6JJZ.mzML	3372	01KAEM5BD7XFT4R419PNECS3A4	3373	WMMA1978	Bugni Lab UW-Madison		KY015141	Micromonosporaceae;Micromonospora;Micromonospora sp.	Micromonosporaceae	Micromonospora	Micromonospora sp.	1876.0
0	3375	0.6715482428074501	01KABVJD25776HYCW46YPZ6JJZ.mzML	3375	01KAEM5N4P95CJEBQZSQQMJ3PS	3376	WMMA2000	Bugni Lab UW-Madison		KY015151	Micromonosporaceae;Micromonospora;Micromonospora sp.	Micromonosporaceae	Micromonospora	Micromonospora sp.	1876.0
0	3378	0.667243867676919	01KABVJD25776HYCW46YPZ6JJZ.mzML	3378	01KAEM5HTGWKNPX6JFTCCHRT4J	3379	WMMA1994	Bugni Lab UW-Madison		KY015147	Micromonosporaceae;Micromonospora;Micromonospora sp.	Micromonosporaceae	Micromonospora	Micromonospora sp.	1876.0
0	3380	0.6752457537513316	01KABVJD25776HYCW46YPZ6JJZ.mzML	3380	01KAEM4JNM5NDJXN1M7CNDYZZW	3381	WMMA1948	Bugni Lab UW-Madison		KY015118	Micromonosporaceae;Micromonospora;Micromonospora sp.	Micromonosporaceae	Micromonospora	Micromonospora sp.	1876.0
0	3385	0.6582452556306218	01KABVJD25776HYCW46YPZ6JJZ.mzML	3385	01KAEM6FTZVGQW5CF8TD5P0BED	3386	WMMC241	Bugni Lab UW-Madison		GCA_027460165.1	Micromonosporaceae;Micromonospora;Micromonospora sp. WMMC241	Micromonosporaceae	Micromonospora	Micromonospora sp. WMMC241	3015159.0
0	3387	0.6593409426561746	01KABVJD25776HYCW46YPZ6JJZ.mzML	3387	01KAEM5YZMDJ3MRYGR1XAYSX97	3388	WMMA2014	Bugni Lab UW-Madison		KY015164	Micromonosporaceae;Micromonospora;Micromonospora sp.	Micromonosporaceae	Micromonospora	Micromonospora sp.	1876.0
0	3388	0.6833497518094381	01KABVJD25776HYCW46YPZ6JJZ.mzML	3388	01KAEM56WE97RAE73ZSFTS62BK	3389	WMMA1974	Bugni Lab UW-Madison		KY015137	Micromonosporaceae;Micromonospora;Micromonospora sp.	Micromonosporaceae	Micromonospora	Micromonospora sp.	1876.0
0	3391	0.560627574440264	01KABVJD25776HYCW46YPZ6JJZ.mzML	3391	01KAEM472SBYDQV56GT196J2V7	3392	WMMA1910	Bugni Lab UW-Madison		KY015103	Micromonosporaceae;Micromonospora;Micromonospora sp.	Micromonosporaceae	Micromonospora	Micromonospora sp.	1876.0
0	3396	0.6746043132720159	01KABVJD25776HYCW46YPZ6JJZ.mzML	3396	01KAEM3AGX5S0RNZW6YR3B9PDH	3397	WMMA1887	Bugni Lab UW-Madison		KY015083	Micromonosporaceae;Micromonospora;Micromonospora sp.	Micromonosporaceae	Micromonospora	Micromonospora sp.	1876.0
0	3397	0.5995285796831866	01KABVJD25776HYCW46YPZ6JJZ.mzML	3397	01KAEM5V6X7W14VAE5H573C2Z2	3398	WMMA2011	Bugni Lab UW-Madison		KY015161	Micromonosporaceae;Micromonospora;Micromonospora sp.	Micromonosporaceae	Micromonospora	Micromonospora sp.	1876.0
0	64	0.6084143476190123	01KA9R7XZV024CS7CNYVBDDZCV.mzML	64	01KA9R5135AXBXG68M163YJ1D9	65	129A-35	Murphy Lab UIC		MK168037	Micromonosporaceae;Micromonospora;Micromonospora sp.	Micromonosporaceae	Micromonospora	Micromonospora sp.	1876.0
0	73	0.5628888569276171	01KA9R7XZV024CS7CNYVBDDZCV.mzML	73	01KA9R7X14AF8YZA67AFG150N1	74	K792	Murphy Lab UIC			Micromonospora sp. (User Submitted 16S)				
0	137	0.6054618176164813	01KA9R7XZV024CS7CNYVBDDZCV.mzML	137	01KA9R502EM598QFY0NAMWQ4BH	138	129A-2	Murphy Lab UIC		MK168033	Micromonosporaceae;Micromonospora;Micromonospora sp.	Micromonosporaceae	Micromonospora	Micromonospora sp.	1876.0
0	151	0.5496332731215094	01KA9R7XZV024CS7CNYVBDDZCV.mzML	151	01KA9R7W1N77QNBT9ACTE879WS	152	K787	Murphy Lab UIC			Micromonospora sp. (User Submitted 16S)				
0	187	1.1102230246251563e-16	01KA9R7XZV024CS7CNYVBDDZCV.mzML	187	01KA9R7XZV024CS7CNYVBDDZCV	188	K806	Murphy Lab UIC			Micromonospora sp. (User Submitted 16S)				
0	2705	0.590748230044908	01KA9R7XZV024CS7CNYVBDDZCV.mzML	2705	01KABVD7EDZHRJHR0K1NTXK7ZH	2706	A040	Murphy Lab UIC			Micromonospora sp. (User Submitted 16S)				
0	2707	0.5989091339605721	01KA9R7XZV024CS7CNYVBDDZCV.mzML	2707	01KABVEM6E13AXGMH5NS3GEVFW	2708	B013	Murphy Lab UIC			Micromonospora tulbaghiae (User Submitted 16S)				
0	2710	0.6466428644263411	01KA9R7XZV024CS7CNYVBDDZCV.mzML	2710	01KABVJD25776HYCW46YPZ6JJZ	2711	D077	Murphy Lab UIC			Micromonospora humi (User Submitted 16S)				
0	2713	0.4633031784509339	01KA9R7XZV024CS7CNYVBDDZCV.mzML	2713	01KABVFVY7F65NR3CH41M8RZCG	2714	B026	Murphy Lab UIC		KP009553	Micromonosporaceae;Micromonospora;Micromonospora sp. B026	Micromonosporaceae	Micromonospora	Micromonospora sp. B026	1611404.0
0	2718	0.573499428865818	01KA9R7XZV024CS7CNYVBDDZCV.mzML	2718	01KABVHQM4Z8DQH3VK01W7KJK4	2719	D053	Murphy Lab UIC			Micromonospora sp. (User Submitted 16S)				
0	2724	0.6293580562076144	01KA9R7XZV024CS7CNYVBDDZCV.mzML	2724	01KABVESM7KWN3EQNV18Z6SQQS	2725	B016	Murphy Lab UIC			Micromonospora sp. (User Submitted 16S)				
0	2728	0.6230784334054431	01KA9R7XZV024CS7CNYVBDDZCV.mzML	2728	01KABVF7F49ZNFGTHS37N5M3HY	2729	B019	Murphy Lab UIC			Micromonospora tulbaghiae (User Submitted 16S)				
0	2731	0.5647385603129531	01KA9R7XZV024CS7CNYVBDDZCV.mzML	2731	01KABVHZ2N5BMEDR5SWJC9NPKY	2732	D054	Murphy Lab UIC			Micromonospora sp. (User Submitted 16S)				
0	2732	0.5709576798598557	01KA9R7XZV024CS7CNYVBDDZCV.mzML	2732	01KABVDV9YX1DD0E5NB194KTP9	2733	B006	Murphy Lab UIC			Micromonospora sp. (User Submitted 16S)				
0	2741	0.5597551662690021	01KA9R7XZV024CS7CNYVBDDZCV.mzML	2741	01KABVHK5KH3DG3M2BHGF8GKG9	2742	D052	Murphy Lab UIC			Micromonospora sp. (User Submitted 16S)				
0	3264	0.5327432815139518	01KA9R7XZV024CS7CNYVBDDZCV.mzML	3264	01KAEM3SQBAZ7X3W5WJJH4KSP6	3265	WMMA1899	Bugni Lab UW-Madison		KY015095	Micromonosporaceae;Micromonospora;Micromonospora sp.	Micromonosporaceae	Micromonospora	Micromonospora sp.	1876.0
0	3268	0.6166821814807573	01KA9R7XZV024CS7CNYVBDDZCV.mzML	3268	01KAEM4RZWT59RYBJ73N3S4YC4	3269	WMMA1957	Bugni Lab UW-Madison		KY015125	Micromonosporaceae;Micromonospora;Micromonospora sp.	Micromonosporaceae	Micromonospora	Micromonospora sp.	1876.0
0	3274	0.6725106792374669	01KA9R7XZV024CS7CNYVBDDZCV.mzML	3274	01KAEM5S1ADMAES326ZH34TQF2	3275	WMMA2009	Bugni Lab UW-Madison		KY015159	Micromonosporaceae;Micromonospora;Micromonospora sp.	Micromonosporaceae	Micromonospora	Micromonospora sp.	1876.0
0	3281	0.6247557314344693	01KA9R7XZV024CS7CNYVBDDZCV.mzML	3281	01KAEM3GCHVFR3A64QED3YRD5V	3282	WMMA1892	Bugni Lab UW-Madison		KY015088	Micromonosporaceae;Micromonospora;Micromonospora sp.	Micromonosporaceae	Micromonospora	Micromonospora sp.	1876.0
0	3282	0.5620499396559353	01KA9R7XZV024CS7CNYVBDDZCV.mzML	3282	01KAEM5T6BQE9HNWMP8SHK8KYM	3283	WMMA2010	Bugni Lab UW-Madison		KY015160	Micromonosporaceae;Micromonospora;Micromonospora sp.	Micromonosporaceae	Micromonospora	Micromonospora sp.	1876.0
0	3283	0.5659253744303256	01KA9R7XZV024CS7CNYVBDDZCV.mzML	3283	01KAEM3FDP54J4SWP2ABA5W8T2	3284	WMMA1891	Bugni Lab UW-Madison		KY015087	Micromonosporaceae;Micromonospora;Micromonospora sp.	Micromonosporaceae	Micromonospora	Micromonospora sp.	1876.0
0	3285	0.5633680245167697	01KA9R7XZV024CS7CNYVBDDZCV.mzML	3285	01KAEM3P2DNFWBMCQCVR1ERR3R	3286	WMMA1896	Bugni Lab UW-Madison		KY015092	Micromonosporaceae;Micromonospora;Micromonospora sp.	Micromonosporaceae	Micromonospora	Micromonospora sp.	1876.0
0	3286	0.4878674543934422	01KA9R7XZV024CS7CNYVBDDZCV.mzML	3286	01KAEM4QBT90QGWRQW6NFRRB4P	3287	WMMA1953	Bugni Lab UW-Madison		KY015122	Micromonosporaceae;Micromonospora;Micromonospora sp.	Micromonosporaceae	Micromonospora	Micromonospora sp.	1876.0
0	3287	0.6922236844082694	01KA9R7XZV024CS7CNYVBDDZCV.mzML	3287	01KAEM534PSTRZA2N2A3QBBXFG	3288	WMMA1970	Bugni Lab UW-Madison		KY015134	Micromonosporaceae;Micromonospora;Micromonospora sp.	Micromonosporaceae	Micromonospora	Micromonospora sp.	1876.0
0	3294	0.6772710322734259	01KA9R7XZV024CS7CNYVBDDZCV.mzML	3294	01KAEM4C39Q7TJA83NNGAHPZC5	3295	WMMA1922	Bugni Lab UW-Madison		KY015109	Micromonosporaceae;Micromonospora;Micromonospora sp.	Micromonosporaceae	Micromonospora	Micromonospora sp.	1876.0
0	3295	0.6120074011753854	01KA9R7XZV024CS7CNYVBDDZCV.mzML	3295	01KAEM5BWQ2AJE02GTW8QEQRNN	3296	WMMA1979	Bugni Lab UW-Madison		KY015142	Micromonosporaceae;Micromonospora;Micromonospora sp.	Micromonosporaceae	Micromonospora	Micromonospora sp.	1876.0
0	3297	0.6113976862243256	01KA9R7XZV024CS7CNYVBDDZCV.mzML	3297	01KAEM3WD006ZECTX2XF08AQX4	3298	WMMA1901	Bugni Lab UW-Madison		KY015097	Micromonosporaceae;Micromonospora;Micromonospora sp.	Micromonosporaceae	Micromonospora	Micromonospora sp.	1876.0
0	3298	0.6907045303909409	01KA9R7XZV024CS7CNYVBDDZCV.mzML	3298	01KAEM3EEN63NJAYA68GJG5X8N	3299	WMMA1890	Bugni Lab UW-Madison		KY015086	Micromonosporaceae;Micromonospora;Micromonospora sp.	Micromonosporaceae	Micromonospora	Micromonospora sp.	1876.0
0	3309	0.6896737308671455	01KA9R7XZV024CS7CNYVBDDZCV.mzML	3309	01KAEM3R6ZGJM6H9VFPE3NG99N	3310	WMMA1898	Bugni Lab UW-Madison		KY015094	Micromonosporaceae;Micromonospora;Micromonospora sp.	Micromonosporaceae	Micromonospora	Micromonospora sp.	1876.0
0	3312	0.6418655749991364	01KA9R7XZV024CS7CNYVBDDZCV.mzML	3312	01KAEM5WFA9RC0C5P7RBFY1W65	3313	WMMA2012	Bugni Lab UW-Madison		KY015162	Micromonosporaceae;Micromonospora;Micromonospora sp.	Micromonosporaceae	Micromonospora	Micromonospora sp.	1876.0
0	3317	0.6944980966771397	01KA9R7XZV024CS7CNYVBDDZCV.mzML	3317	01KAEM3K0BBGPKMN4XBHG3S5QC	3318	WMMA1894	Bugni Lab UW-Madison		KY015090	Micromonosporaceae;Micromonospora;Micromonospora sp.	Micromonosporaceae	Micromonospora	Micromonospora sp.	1876.0
0	3320	0.5955436912837462	01KA9R7XZV024CS7CNYVBDDZCV.mzML	3320	01KAEM4Y4Y9D5TMCEYK5X2V9W5	3321	WMMA1962	Bugni Lab UW-Madison		KY015129	Micromonosporaceae;Micromonospora;Micromonospora sp.	Micromonosporaceae	Micromonospora	Micromonospora sp.	1876.0
0	3335	0.6915753152493758	01KA9R7XZV024CS7CNYVBDDZCV.mzML	3335	01KAEM463DN5ZYWERKSF04ZCCR	3336	WMMA1908	Bugni Lab UW-Madison		KY015102	Micromonosporaceae;Micromonospora;Micromonospora sp.	Micromonosporaceae	Micromonospora	Micromonospora sp.	1876.0
0	3338	0.6753461379813612	01KA9R7XZV024CS7CNYVBDDZCV.mzML	3338	01KAEM4B1WGAQ49A7VXPPY79GA	3339	WMMA1921	Bugni Lab UW-Madison		KY015108	Micromonosporaceae;Micromonospora;Micromonospora sp.	Micromonosporaceae	Micromonospora	Micromonospora sp.	1876.0
0	3339	0.6476030655362499	01KA9R7XZV024CS7CNYVBDDZCV.mzML	3339	01KAEM4X2N3RQREDD19HEP5E8V	3340	WMMA1961	Bugni Lab UW-Madison		KY015128	Micromonosporaceae;Micromonospora;Micromonospora sp.	Micromonosporaceae	Micromonospora	Micromonospora sp.	1876.0
0	3344	0.6512849664722633	01KA9R7XZV024CS7CNYVBDDZCV.mzML	3344	01KAEM4P38YMP6KNFDYQ3V7F8P	3345	WMMA1951	Bugni Lab UW-Madison		KY015121	Micromonosporaceae;Micromonospora;Micromonospora sp.	Micromonosporaceae	Micromonospora	Micromonospora sp.	1876.0
0	3345	0.5933135968732544	01KA9R7XZV024CS7CNYVBDDZCV.mzML	3345	01KAEM4DDCEZ14WXD51KEEPW53	3346	WMMA1925	Bugni Lab UW-Madison		KY015111	Micromonosporaceae;Micromonospora;Micromonospora sp.	Micromonosporaceae	Micromonospora	Micromonospora sp.	1876.0
0	3346	0.6016837531182606	01KA9R7XZV024CS7CNYVBDDZCV.mzML	3346	01KAEM3BS403H999QG5SZN44QM	3347	WMMA1888	Bugni Lab UW-Madison		KY015084	Micromonosporaceae;Micromonospora;Micromonospora sp.	Micromonosporaceae	Micromonospora	Micromonospora sp.	1876.0
0	3348	0.6934885780444723	01KA9R7XZV024CS7CNYVBDDZCV.mzML	3348	01KAEM3PX2HY9JKWDJ0JE0R0YJ	3349	WMMA1897	Bugni Lab UW-Madison		KY015093	Micromonosporaceae;Micromonospora;Micromonospora sp.	Micromonosporaceae	Micromonospora	Micromonospora sp.	1876.0
0	3352	0.6189570847675346	01KA9R7XZV024CS7CNYVBDDZCV.mzML	3352	01KAEM5E4JEXW276KERE0VYFY9	3353	WMMA1990	Bugni Lab UW-Madison		KY015144	Micromonosporaceae;Micromonospora;Micromonospora sp.	Micromonosporaceae	Micromonospora	Micromonospora sp.	1876.0
0	3356	0.5647401753862265	01KA9R7XZV024CS7CNYVBDDZCV.mzML	3356	01KAEM408ZA2PQ0BK2539EZR6P	3357	WMMA1906	Bugni Lab UW-Madison		KY015100	Micromonosporaceae;Micromonospora;Micromonospora sp.	Micromonosporaceae	Micromonospora	Micromonospora sp.	1876.0
0	3358	0.6302553238121058	01KA9R7XZV024CS7CNYVBDDZCV.mzML	3358	01KAEM4H40HZXRMJF18AY3H26J	3359	WMMA1947	Bugni Lab UW-Madison		GCA_027497355.1	Micromonosporaceae;Micromonospora;Micromonospora sp. WMMA1947	Micromonosporaceae	Micromonospora	Micromonospora sp. WMMA1947	3015163.0
0	3360	0.6951814510777448	01KA9R7XZV024CS7CNYVBDDZCV.mzML	3360	01KAEM3XJA57D9PNJXD4BX4JG8	3361	WMMA1902	Bugni Lab UW-Madison		KY015098	Micromonosporaceae;Micromonospora;Micromonospora sp.	Micromonosporaceae	Micromonospora	Micromonospora sp.	1876.0
0	3361	0.5980790503984497	01KA9R7XZV024CS7CNYVBDDZCV.mzML	3361	01KAEM4MZ0STYBJZRVJCMRHRHM	3362	WMMA1950	Bugni Lab UW-Madison		KY015120	Micromonosporaceae;Micromonospora;Micromonospora sp.	Micromonosporaceae	Micromonospora	Micromonospora sp.	1876.0
0	3362	0.6168794523246575	01KA9R7XZV024CS7CNYVBDDZCV.mzML	3362	01KAEM3D3SH04RPDFYPDC7XBV9	3363	WMMA1889	Bugni Lab UW-Madison		KY015085	Micromonosporaceae;Micromonospora;Micromonospora sp.	Micromonosporaceae	Micromonospora	Micromonospora sp.	1876.0
0	3366	0.6423435553561674	01KA9R7XZV024CS7CNYVBDDZCV.mzML	3366	01KAEM6J49DY9JAC8443R0WT0T	3367	WMMC264	Bugni Lab UW-Madison		GCA_027497275.1	Micromonosporaceae;Micromonospora;Micromonospora sp. WMMC264	Micromonosporaceae	Micromonospora	Micromonospora sp. WMMC264	3015158.0
0	3368	0.5810767507744143	01KA9R7XZV024CS7CNYVBDDZCV.mzML	3368	01KAEM3YN0X4TRWCETMSC3Y6NH	3369	WMMA1903	Bugni Lab UW-Madison		KY015099	Micromonosporaceae;Micromonospora;Micromonospora sp.	Micromonosporaceae	Micromonospora	Micromonospora sp.	1876.0
0	3372	0.627265754712472	01KA9R7XZV024CS7CNYVBDDZCV.mzML	3372	01KAEM5BD7XFT4R419PNECS3A4	3373	WMMA1978	Bugni Lab UW-Madison		KY015141	Micromonosporaceae;Micromonospora;Micromonospora sp.	Micromonosporaceae	Micromonospora	Micromonospora sp.	1876.0
0	3375	0.6435811127899964	01KA9R7XZV024CS7CNYVBDDZCV.mzML	3375	01KAEM5N4P95CJEBQZSQQMJ3PS	3376	WMMA2000	Bugni Lab UW-Madison		KY015151	Micromonosporaceae;Micromonospora;Micromonospora sp.	Micromonosporaceae	Micromonospora	Micromonospora sp.	1876.0
0	3378	0.5585784994175402	01KA9R7XZV024CS7CNYVBDDZCV.mzML	3378	01KAEM5HTGWKNPX6JFTCCHRT4J	3379	WMMA1994	Bugni Lab UW-Madison		KY015147	Micromonosporaceae;Micromonospora;Micromonospora sp.	Micromonosporaceae	Micromonospora	Micromonospora sp.	1876.0
0	3380	0.6392028288572785	01KA9R7XZV024CS7CNYVBDDZCV.mzML	3380	01KAEM4JNM5NDJXN1M7CNDYZZW	3381	WMMA1948	Bugni Lab UW-Madison		KY015118	Micromonosporaceae;Micromonospora;Micromonospora sp.	Micromonosporaceae	Micromonospora	Micromonospora sp.	1876.0
0	3383	0.6375130769573183	01KA9R7XZV024CS7CNYVBDDZCV.mzML	3383	01KAEM3TSH7CBH380QZRNC80F8	3384	WMMA1900	Bugni Lab UW-Madison		KY015096	Micromonosporaceae;Micromonospora;Micromonospora sp.	Micromonosporaceae	Micromonospora	Micromonospora sp.	1876.0
0	3387	0.6196658205599782	01KA9R7XZV024CS7CNYVBDDZCV.mzML	3387	01KAEM5YZMDJ3MRYGR1XAYSX97	3388	WMMA2014	Bugni Lab UW-Madison		KY015164	Micromonosporaceae;Micromonospora;Micromonospora sp.	Micromonosporaceae	Micromonospora	Micromonospora sp.	1876.0
0	3391	0.6943920380371378	01KA9R7XZV024CS7CNYVBDDZCV.mzML	3391	01KAEM472SBYDQV56GT196J2V7	3392	WMMA1910	Bugni Lab UW-Madison		KY015103	Micromonosporaceae;Micromonospora;Micromonospora sp.	Micromonosporaceae	Micromonospora	Micromonospora sp.	1876.0
0	63	0.0	01KA9R7BH55VJ5EFY407W36QQ6.mzML	63	01KA9R7BH55VJ5EFY407W36QQ6	64	K633	Murphy Lab UIC			Micromonospora sp. (User Submitted 16S)				
0	70	0.6912298864027681	01KA9R7BH55VJ5EFY407W36QQ6.mzML	70	01KA9R7TN3ZPW4SGN9DBW79RR5	71	K779	Murphy Lab UIC			Micromonospora sp. (User Submitted 16S)				
0	113	0.6142057422636702	01KA9R7BH55VJ5EFY407W36QQ6.mzML	113	01KA9R7ABQNYC3ZX35DV6H299V	114	K622	Murphy Lab UIC			Micromonospora sp. (User Submitted 16S)				
0	159	0.3585730194101816	01KA9R7BH55VJ5EFY407W36QQ6.mzML	159	01KA9R7JH7PQ4NDNT10K8ME8Y8	160	K701	Murphy Lab UIC			Micromonospora sp. (User Submitted 16S)				
0	2739	0.6666025702650871	01KA9R7BH55VJ5EFY407W36QQ6.mzML	2739	01KABVG79A32Y6M4JVM4ZYZKAF	2740	B032	Murphy Lab UIC			Micromonospora sp. (User Submitted 16S)				
0	3330	0.6981462233475637	01KA9R7BH55VJ5EFY407W36QQ6.mzML	3330	01KAEM7AXV70C2W19YKCPCVVBQ	3331	WMMD967	Bugni Lab UW-Madison		GCA_029626165.1	Micromonosporaceae;Micromonospora;Micromonospora sp. WMMD967	Micromonosporaceae	Micromonospora	Micromonospora sp. WMMD967	3016101.0
0	63	0.6666025702650871	01KABVG79A32Y6M4JVM4ZYZKAF.mzML	63	01KA9R7BH55VJ5EFY407W36QQ6	64	K633	Murphy Lab UIC			Micromonospora sp. (User Submitted 16S)				
0	70	0.4994136423810981	01KABVG79A32Y6M4JVM4ZYZKAF.mzML	70	01KA9R7TN3ZPW4SGN9DBW79RR5	71	K779	Murphy Lab UIC			Micromonospora sp. (User Submitted 16S)				
0	95	0.44808027339532	01KABVG79A32Y6M4JVM4ZYZKAF.mzML	95	01KA9R7HAP8T2859SKA9XJF8XF	96	K699	Murphy Lab UIC			Micromonospora sp. (User Submitted 16S)				
0	113	0.5460371272854796	01KABVG79A32Y6M4JVM4ZYZKAF.mzML	113	01KA9R7ABQNYC3ZX35DV6H299V	114	K622	Murphy Lab UIC			Micromonospora sp. (User Submitted 16S)				
0	159	0.6855145489834245	01KABVG79A32Y6M4JVM4ZYZKAF.mzML	159	01KA9R7JH7PQ4NDNT10K8ME8Y8	160	K701	Murphy Lab UIC			Micromonospora sp. (User Submitted 16S)				
0	169	0.6057087535278844	01KABVG79A32Y6M4JVM4ZYZKAF.mzML	169	01KA9R61DZ14QDHWGF5AYV69CT	170	138D-1	Murphy Lab UIC		MK143204	Micromonosporaceae;Micromonospora;Micromonospora sp.	Micromonosporaceae	Micromonospora	Micromonospora sp.	1876.0
0	928	0.6549951593368989	01KABVG79A32Y6M4JVM4ZYZKAF.mzML	928	01JV3F1QY06HDF55Y7QRHQD4CJ	929	B-11050	USDA-ARS NRRL		 X92622	Micromonosporaceae;Micromonospora;Micromonospora lacustris	Micromonosporaceae	Micromonospora	Micromonospora lacustris	47867.0
0	1380	0.6514924823213386	01KABVG79A32Y6M4JVM4ZYZKAF.mzML	1380	01JVTRHFKTWPGR04GQT3ZN6Q0R	1381	BM2E001	Murphy Lab UIC			Micromonospora sp. (User Submitted 16S)				
0	1413	0.6442003280026714	01KABVG79A32Y6M4JVM4ZYZKAF.mzML	1413	01JVTRHW0H4W4HEQ6ZRFSSQ90C	1414	BM6G003A	Murphy Lab UIC		PQ001007	Micromonosporaceae;Micromonospora;Micromonospora sp.	Micromonosporaceae	Micromonospora	Micromonospora sp.	1876.0
0	2706	0.6249860649188932	01KABVG79A32Y6M4JVM4ZYZKAF.mzML	2706	01KABVEESWCMN2RCXM1EF85QXF	2707	B012	Murphy Lab UIC		KY858247	Micromonosporaceae;Micromonospora;Micromonospora chokoriensis	Micromonosporaceae	Micromonospora	Micromonospora chokoriensis	356851.0
0	2708	0.5498369011679864	01KABVG79A32Y6M4JVM4ZYZKAF.mzML	2708	01KABVG4816P8MNPYHYEXFA5N3	2709	B031	Murphy Lab UIC			Micromonospora sp. (User Submitted 16S)				
0	2709	0.4883828220708998	01KABVG79A32Y6M4JVM4ZYZKAF.mzML	2709	01KABVDCX3YBV83W778NE5P4RC	2710	B001	Murphy Lab UIC		KY858238	Micromonosporaceae;Micromonospora;Micromonospora chokoriensis	Micromonosporaceae	Micromonospora	Micromonospora chokoriensis	356851.0
0	2713	0.6767121249300803	01KABVG79A32Y6M4JVM4ZYZKAF.mzML	2713	01KABVFVY7F65NR3CH41M8RZCG	2714	B026	Murphy Lab UIC		KP009553	Micromonosporaceae;Micromonospora;Micromonospora sp. B026	Micromonosporaceae	Micromonospora	Micromonospora sp. B026	1611404.0
0	2719	0.5865508847026386	01KABVG79A32Y6M4JVM4ZYZKAF.mzML	2719	01KABVCZE33AHJJWTSS5QD65NE	2720	A039	Murphy Lab UIC			Verrucosispora sp. (User Submitted 16S)				
0	2721	0.6376941779589188	01KABVG79A32Y6M4JVM4ZYZKAF.mzML	2721	01KABVDN5VSH8NWZF4KK71B36P	2722	B002	Murphy Lab UIC			Micromonospora chokoriensis (User Submitted 16S)				
0	2732	0.657566374325629	01KABVG79A32Y6M4JVM4ZYZKAF.mzML	2732	01KABVDV9YX1DD0E5NB194KTP9	2733	B006	Murphy Lab UIC			Micromonospora sp. (User Submitted 16S)				
0	2739	0.0	01KABVG79A32Y6M4JVM4ZYZKAF.mzML	2739	01KABVG79A32Y6M4JVM4ZYZKAF	2740	B032	Murphy Lab UIC			Micromonospora sp. (User Submitted 16S)				
0	2742	0.6208074601887311	01KABVG79A32Y6M4JVM4ZYZKAF.mzML	2742	01KABVFFZ7EDYKQM4J5YDVYVC2	2743	B022	Murphy Lab UIC		KY858245	Micromonosporaceae;Micromonospora;Micromonospora chokoriensis	Micromonosporaceae	Micromonospora	Micromonospora chokoriensis	356851.0
0	3263	0.6892658964277539	01KABVG79A32Y6M4JVM4ZYZKAF.mzML	3263	01KAEM3HY3WCGA3TTFZ44KREBQ	3264	WMMA1893	Bugni Lab UW-Madison		KY015089	Micromonosporaceae;Micromonospora;Micromonospora sp.	Micromonosporaceae	Micromonospora	Micromonospora sp.	1876.0
0	3264	0.6795531203362987	01KABVG79A32Y6M4JVM4ZYZKAF.mzML	3264	01KAEM3SQBAZ7X3W5WJJH4KSP6	3265	WMMA1899	Bugni Lab UW-Madison		KY015095	Micromonosporaceae;Micromonospora;Micromonospora sp.	Micromonosporaceae	Micromonospora	Micromonospora sp.	1876.0
0	3266	0.676979208468268	01KABVG79A32Y6M4JVM4ZYZKAF.mzML	3266	01KAEM6GQSSFDSSSWF8M1NBR4B	3267	WMMC250	Bugni Lab UW-Madison		GCA_027460215.1	Micromonosporaceae;Micromonospora;Micromonospora sp. WMMC250	Micromonosporaceae	Micromonospora	Micromonospora sp. WMMC250	3014781.0
0	3267	0.6930033721015046	01KABVG79A32Y6M4JVM4ZYZKAF.mzML	3267	01KAEM47QA3Y8X528R3ZP2FQ93	3268	WMMA1912	Bugni Lab UW-Madison		KY015104	Micromonosporaceae;Micromonospora;Micromonospora sp.	Micromonosporaceae	Micromonospora	Micromonospora sp.	1876.0
0	3268	0.692860930347728	01KABVG79A32Y6M4JVM4ZYZKAF.mzML	3268	01KAEM4RZWT59RYBJ73N3S4YC4	3269	WMMA1957	Bugni Lab UW-Madison		KY015125	Micromonosporaceae;Micromonospora;Micromonospora sp.	Micromonosporaceae	Micromonospora	Micromonospora sp.	1876.0
0	3281	0.6635454515069485	01KABVG79A32Y6M4JVM4ZYZKAF.mzML	3281	01KAEM3GCHVFR3A64QED3YRD5V	3282	WMMA1892	Bugni Lab UW-Madison		KY015088	Micromonosporaceae;Micromonospora;Micromonospora sp.	Micromonosporaceae	Micromonospora	Micromonospora sp.	1876.0
0	3282	0.6880999107042155	01KABVG79A32Y6M4JVM4ZYZKAF.mzML	3282	01KAEM5T6BQE9HNWMP8SHK8KYM	3283	WMMA2010	Bugni Lab UW-Madison		KY015160	Micromonosporaceae;Micromonospora;Micromonospora sp.	Micromonosporaceae	Micromonospora	Micromonospora sp.	1876.0
0	3283	0.6817791821144916	01KABVG79A32Y6M4JVM4ZYZKAF.mzML	3283	01KAEM3FDP54J4SWP2ABA5W8T2	3284	WMMA1891	Bugni Lab UW-Madison		KY015087	Micromonosporaceae;Micromonospora;Micromonospora sp.	Micromonosporaceae	Micromonospora	Micromonospora sp.	1876.0
0	3285	0.6633443559220478	01KABVG79A32Y6M4JVM4ZYZKAF.mzML	3285	01KAEM3P2DNFWBMCQCVR1ERR3R	3286	WMMA1896	Bugni Lab UW-Madison		KY015092	Micromonosporaceae;Micromonospora;Micromonospora sp.	Micromonosporaceae	Micromonospora	Micromonospora sp.	1876.0
0	3286	0.6955511060083066	01KABVG79A32Y6M4JVM4ZYZKAF.mzML	3286	01KAEM4QBT90QGWRQW6NFRRB4P	3287	WMMA1953	Bugni Lab UW-Madison		KY015122	Micromonosporaceae;Micromonospora;Micromonospora sp.	Micromonosporaceae	Micromonospora	Micromonospora sp.	1876.0
0	3291	0.6596514961507864	01KABVG79A32Y6M4JVM4ZYZKAF.mzML	3291	01KAEM55CGM34NAP9Z3BTE1PX5	3292	WMMA1973	Bugni Lab UW-Madison		KY015136	Micromonosporaceae;Micromonospora;Micromonospora sp.	Micromonosporaceae	Micromonospora	Micromonospora sp.	1876.0
0	3293	0.6711032427598642	01KABVG79A32Y6M4JVM4ZYZKAF.mzML	3293	01KAEM54RC9X0V603SHKQ78NMH	3294	WMMA1971	Bugni Lab UW-Madison		KY015135	Micromonosporaceae;Micromonospora;Micromonospora sp.	Micromonosporaceae	Micromonospora	Micromonospora sp.	1876.0
0	3297	0.6938024042060237	01KABVG79A32Y6M4JVM4ZYZKAF.mzML	3297	01KAEM3WD006ZECTX2XF08AQX4	3298	WMMA1901	Bugni Lab UW-Madison		KY015097	Micromonosporaceae;Micromonospora;Micromonospora sp.	Micromonosporaceae	Micromonospora	Micromonospora sp.	1876.0
0	3298	0.6747263168332494	01KABVG79A32Y6M4JVM4ZYZKAF.mzML	3298	01KAEM3EEN63NJAYA68GJG5X8N	3299	WMMA1890	Bugni Lab UW-Madison		KY015086	Micromonosporaceae;Micromonospora;Micromonospora sp.	Micromonosporaceae	Micromonospora	Micromonospora sp.	1876.0
0	3300	0.6263676411214636	01KABVG79A32Y6M4JVM4ZYZKAF.mzML	3300	01KAEM4G4PJG4A8B33NFAZYAXJ	3301	WMMA1946	Bugni Lab UW-Madison		KY015116	Micromonosporaceae;Micromonospora;Micromonospora sp.	Micromonosporaceae	Micromonospora	Micromonospora sp.	1876.0
0	3301	0.6134116537574504	01KABVG79A32Y6M4JVM4ZYZKAF.mzML	3301	01KAEM602WQS98CMQA0MFX7V2X	3302	WMMA2015	Bugni Lab UW-Madison		KY015165	Micromonosporaceae;Micromonospora;Micromonospora sp.	Micromonosporaceae	Micromonospora	Micromonospora sp.	1876.0
0	3304	0.6219417509136544	01KABVG79A32Y6M4JVM4ZYZKAF.mzML	3304	01KAEM7FMNGEEHXDGA03HNR1KX	3305	WMMC415	Bugni Lab UW-Madison		GCA_009707425.1	Micromonosporaceae;Micromonospora;Micromonospora sp. WMMC415	Micromonosporaceae	Micromonospora	Micromonospora sp. WMMC415	2675222.0
0	3308	0.6065362281995961	01KABVG79A32Y6M4JVM4ZYZKAF.mzML	3308	01KAEM593HP01GV0WN7D01VJAA	3309	WMMA1975	Bugni Lab UW-Madison		KY015138	Micromonosporaceae;Micromonospora;Micromonospora sp.	Micromonosporaceae	Micromonospora	Micromonospora sp.	1876.0
0	3311	0.699276235377555	01KABVG79A32Y6M4JVM4ZYZKAF.mzML	3311	01KAEM62KKJWN9SK3PKEEQZ9T1	3312	WMMA2043	Bugni Lab UW-Madison		KY015204	Micromonosporaceae;Micromonospora;Verrucosispora sp.	Micromonosporaceae	Micromonospora	Verrucosispora sp.	1871626.0
0	3315	0.6514924823213386	01KABVG79A32Y6M4JVM4ZYZKAF.mzML	3315	01KAEM5KGN4MB93ZQRX9N6WNQ0	3316	WMMA1997	Bugni Lab UW-Madison		KY015149	Micromonosporaceae;Micromonospora;Micromonospora sp.	Micromonosporaceae	Micromonospora	Micromonospora sp.	1876.0
0	3317	0.6532171175121066	01KABVG79A32Y6M4JVM4ZYZKAF.mzML	3317	01KAEM3K0BBGPKMN4XBHG3S5QC	3318	WMMA1894	Bugni Lab UW-Madison		KY015090	Micromonosporaceae;Micromonospora;Micromonospora sp.	Micromonosporaceae	Micromonospora	Micromonospora sp.	1876.0
0	3320	0.6556686151915534	01KABVG79A32Y6M4JVM4ZYZKAF.mzML	3320	01KAEM4Y4Y9D5TMCEYK5X2V9W5	3321	WMMA1962	Bugni Lab UW-Madison		KY015129	Micromonosporaceae;Micromonospora;Micromonospora sp.	Micromonosporaceae	Micromonospora	Micromonospora sp.	1876.0
0	3325	0.6291811341102844	01KABVG79A32Y6M4JVM4ZYZKAF.mzML	3325	01KAEM5QH9B0D9FQRAT45HG21X	3326	WMMA2003	Bugni Lab UW-Madison		KY015153	Micromonosporaceae;Micromonospora;Micromonospora sp.	Micromonosporaceae	Micromonospora	Micromonospora sp.	1876.0
0	3328	0.678273886189367	01KABVG79A32Y6M4JVM4ZYZKAF.mzML	3328	01KAEM5M26TC6XKN2V0XVGZXDT	3329	WMMA1998	Bugni Lab UW-Madison		GCA_027497375.1	Micromonosporaceae;Micromonospora;Micromonospora sp. WMMA1998	Micromonosporaceae	Micromonospora	Micromonospora sp. WMMA1998	3015167.0
0	3330	0.6278957962323748	01KABVG79A32Y6M4JVM4ZYZKAF.mzML	3330	01KAEM7AXV70C2W19YKCPCVVBQ	3331	WMMD967	Bugni Lab UW-Madison		GCA_029626165.1	Micromonosporaceae;Micromonospora;Micromonospora sp. WMMD967	Micromonosporaceae	Micromonospora	Micromonospora sp. WMMD967	3016101.0
0	3333	0.6631093995772941	01KABVG79A32Y6M4JVM4ZYZKAF.mzML	3333	01KAEM2J4N14VY7VNFPJ93RXYR	3334	WMMA1828	Bugni Lab UW-Madison		KY015184	Micromonosporaceae;Micromonospora;Verrucosispora sp.	Micromonosporaceae	Micromonospora	Verrucosispora sp.	1871626.0
0	3335	0.6896835545829124	01KABVG79A32Y6M4JVM4ZYZKAF.mzML	3335	01KAEM463DN5ZYWERKSF04ZCCR	3336	WMMA1908	Bugni Lab UW-Madison		KY015102	Micromonosporaceae;Micromonospora;Micromonospora sp.	Micromonosporaceae	Micromonospora	Micromonospora sp.	1876.0
0	3339	0.6716096275978989	01KABVG79A32Y6M4JVM4ZYZKAF.mzML	3339	01KAEM4X2N3RQREDD19HEP5E8V	3340	WMMA1961	Bugni Lab UW-Madison		KY015128	Micromonosporaceae;Micromonospora;Micromonospora sp.	Micromonosporaceae	Micromonospora	Micromonospora sp.	1876.0
0	3341	0.6437373484027874	01KABVG79A32Y6M4JVM4ZYZKAF.mzML	3341	01KAEM48D8SS91MG0GHNF38BV8	3342	WMMA1913	Bugni Lab UW-Madison		KY015105	Micromonosporaceae;Micromonospora;Micromonospora sp.	Micromonosporaceae	Micromonospora	Micromonospora sp.	1876.0
0	3342	0.6499538103025323	01KABVG79A32Y6M4JVM4ZYZKAF.mzML	3342	01KAEM5205V182ZMYH4GWWT75N	3343	WMMA1968	Bugni Lab UW-Madison		KY015132	Micromonosporaceae;Micromonospora;Micromonospora sp.	Micromonosporaceae	Micromonospora	Micromonospora sp.	1876.0
0	3346	0.6926869265744469	01KABVG79A32Y6M4JVM4ZYZKAF.mzML	3346	01KAEM3BS403H999QG5SZN44QM	3347	WMMA1888	Bugni Lab UW-Madison		KY015084	Micromonosporaceae;Micromonospora;Micromonospora sp.	Micromonosporaceae	Micromonospora	Micromonospora sp.	1876.0
0	3353	0.6973862336655987	01KABVG79A32Y6M4JVM4ZYZKAF.mzML	3353	01KAEM2KQFBTYMYG9JXTQTJCH1	3354	WMMA1829	Bugni Lab UW-Madison		KY015185	Micromonosporaceae;Micromonospora;Verrucosispora sp.	Micromonosporaceae	Micromonospora	Verrucosispora sp.	1871626.0
0	3354	0.6954001557965641	01KABVG79A32Y6M4JVM4ZYZKAF.mzML	3354	01KAEM5PNP17Q7E8JX165MHQQY	3355	WMMA2002	Bugni Lab UW-Madison		KY015152	Micromonosporaceae;Micromonospora;Micromonospora sp.	Micromonosporaceae	Micromonospora	Micromonospora sp.	1876.0
0	3357	0.6552949029561834	01KABVG79A32Y6M4JVM4ZYZKAF.mzML	3357	01KAEM4QX8P6CM7CR3ERAQCQYR	3358	WMMA1954	Bugni Lab UW-Madison		KY015123	Micromonosporaceae;Micromonospora;Micromonospora sp.	Micromonosporaceae	Micromonospora	Micromonospora sp.	1876.0
0	3360	0.6843853336769199	01KABVG79A32Y6M4JVM4ZYZKAF.mzML	3360	01KAEM3XJA57D9PNJXD4BX4JG8	3361	WMMA1902	Bugni Lab UW-Madison		KY015098	Micromonosporaceae;Micromonospora;Micromonospora sp.	Micromonosporaceae	Micromonospora	Micromonospora sp.	1876.0
0	3361	0.6920443697882177	01KABVG79A32Y6M4JVM4ZYZKAF.mzML	3361	01KAEM4MZ0STYBJZRVJCMRHRHM	3362	WMMA1950	Bugni Lab UW-Madison		KY015120	Micromonosporaceae;Micromonospora;Micromonospora sp.	Micromonosporaceae	Micromonospora	Micromonospora sp.	1876.0
0	3368	0.6870920899641304	01KABVG79A32Y6M4JVM4ZYZKAF.mzML	3368	01KAEM3YN0X4TRWCETMSC3Y6NH	3369	WMMA1903	Bugni Lab UW-Madison		KY015099	Micromonosporaceae;Micromonospora;Micromonospora sp.	Micromonosporaceae	Micromonospora	Micromonospora sp.	1876.0
0	3372	0.6759234025332267	01KABVG79A32Y6M4JVM4ZYZKAF.mzML	3372	01KAEM5BD7XFT4R419PNECS3A4	3373	WMMA1978	Bugni Lab UW-Madison		KY015141	Micromonosporaceae;Micromonospora;Micromonospora sp.	Micromonosporaceae	Micromonospora	Micromonospora sp.	1876.0
0	3375	0.6532171175121066	01KABVG79A32Y6M4JVM4ZYZKAF.mzML	3375	01KAEM5N4P95CJEBQZSQQMJ3PS	3376	WMMA2000	Bugni Lab UW-Madison		KY015151	Micromonosporaceae;Micromonospora;Micromonospora sp.	Micromonosporaceae	Micromonospora	Micromonospora sp.	1876.0
0	3377	0.6761436380989054	01KABVG79A32Y6M4JVM4ZYZKAF.mzML	3377	01KAEM6XZMV61J15FAGBZM62DH	3378	WMMD710	Bugni Lab UW-Madison		GCA_029626045.1	Micromonosporaceae;Micromonospora;Micromonospora sp. WMMD710	Micromonosporaceae	Micromonospora	Micromonospora sp. WMMD710	3016085.0
0	3378	0.6915591683866502	01KABVG79A32Y6M4JVM4ZYZKAF.mzML	3378	01KAEM5HTGWKNPX6JFTCCHRT4J	3379	WMMA1994	Bugni Lab UW-Madison		KY015147	Micromonosporaceae;Micromonospora;Micromonospora sp.	Micromonosporaceae	Micromonospora	Micromonospora sp.	1876.0
0	3380	0.6678359582503577	01KABVG79A32Y6M4JVM4ZYZKAF.mzML	3380	01KAEM4JNM5NDJXN1M7CNDYZZW	3381	WMMA1948	Bugni Lab UW-Madison		KY015118	Micromonosporaceae;Micromonospora;Micromonospora sp.	Micromonosporaceae	Micromonospora	Micromonospora sp.	1876.0
0	3383	0.6738648447994838	01KABVG79A32Y6M4JVM4ZYZKAF.mzML	3383	01KAEM3TSH7CBH380QZRNC80F8	3384	WMMA1900	Bugni Lab UW-Madison		KY015096	Micromonosporaceae;Micromonospora;Micromonospora sp.	Micromonosporaceae	Micromonospora	Micromonospora sp.	1876.0
0	3384	0.6673495586040756	01KABVG79A32Y6M4JVM4ZYZKAF.mzML	3384	01KAEM6V822MRQ2FRP5EGFRQT5	3385	WMMD1155	Bugni Lab UW-Madison		GCA_029581275.1	Micromonosporaceae;Micromonospora;Micromonospora sp. WMMD1155	Micromonosporaceae	Micromonospora	Micromonospora sp. WMMD1155	3016094.0
0	3387	0.6621267908480262	01KABVG79A32Y6M4JVM4ZYZKAF.mzML	3387	01KAEM5YZMDJ3MRYGR1XAYSX97	3388	WMMA2014	Bugni Lab UW-Madison		KY015164	Micromonosporaceae;Micromonospora;Micromonospora sp.	Micromonosporaceae	Micromonospora	Micromonospora sp.	1876.0
0	3390	0.6785509273390558	01KABVG79A32Y6M4JVM4ZYZKAF.mzML	3390	01KAEM6QCNAXK1RSDKWTE571P9	3391	WMMD1120	Bugni Lab UW-Madison		GCA_029626235.1	Micromonosporaceae;Micromonospora;Micromonospora sp. WMMD1120	Micromonosporaceae	Micromonospora	Micromonospora sp. WMMD1120	3016106.0
0	3391	0.6806913061658953	01KABVG79A32Y6M4JVM4ZYZKAF.mzML	3391	01KAEM472SBYDQV56GT196J2V7	3392	WMMA1910	Bugni Lab UW-Madison		KY015103	Micromonosporaceae;Micromonospora;Micromonospora sp.	Micromonosporaceae	Micromonospora	Micromonospora sp.	1876.0
0	3393	0.5974930630168882	01KABVG79A32Y6M4JVM4ZYZKAF.mzML	3393	01KAEM4TJRGRVG070WBFP4E5CW	3394	WMMA1958	Bugni Lab UW-Madison		KY015126	Micromonosporaceae;Micromonospora;Micromonospora sp.	Micromonosporaceae	Micromonospora	Micromonospora sp.	1876.0
0	3398	0.6954001557965641	01KABVG79A32Y6M4JVM4ZYZKAF.mzML	3398	01KAEM2MXZQS0NZ3MKQK6ZZH25	3399	WMMA1830	Bugni Lab UW-Madison		KY015186	Micromonosporaceae;Micromonospora;Verrucosispora sp.	Micromonosporaceae	Micromonospora	Verrucosispora sp.	1871626.0
0	64	0.6655072428761254	01KABVF1BFERF34QT58K4HE90J.mzML	64	01KA9R5135AXBXG68M163YJ1D9	65	129A-35	Murphy Lab UIC		MK168037	Micromonosporaceae;Micromonospora;Micromonospora sp.	Micromonosporaceae	Micromonospora	Micromonospora sp.	1876.0
0	73	0.6400117545263121	01KABVF1BFERF34QT58K4HE90J.mzML	73	01KA9R7X14AF8YZA67AFG150N1	74	K792	Murphy Lab UIC			Micromonospora sp. (User Submitted 16S)				
0	137	0.6731977595537633	01KABVF1BFERF34QT58K4HE90J.mzML	137	01KA9R502EM598QFY0NAMWQ4BH	138	129A-2	Murphy Lab UIC		MK168033	Micromonosporaceae;Micromonospora;Micromonospora sp.	Micromonosporaceae	Micromonospora	Micromonospora sp.	1876.0
0	151	0.6295057033866391	01KABVF1BFERF34QT58K4HE90J.mzML	151	01KA9R7W1N77QNBT9ACTE879WS	152	K787	Murphy Lab UIC			Micromonospora sp. (User Submitted 16S)				
0	159	0.6568236097235045	01KABVF1BFERF34QT58K4HE90J.mzML	159	01KA9R7JH7PQ4NDNT10K8ME8Y8	160	K701	Murphy Lab UIC			Micromonospora sp. (User Submitted 16S)				
0	2707	0.6775415362449917	01KABVF1BFERF34QT58K4HE90J.mzML	2707	01KABVEM6E13AXGMH5NS3GEVFW	2708	B013	Murphy Lab UIC			Micromonospora tulbaghiae (User Submitted 16S)				
0	2718	0.5737084409687765	01KABVF1BFERF34QT58K4HE90J.mzML	2718	01KABVHQM4Z8DQH3VK01W7KJK4	2719	D053	Murphy Lab UIC			Micromonospora sp. (User Submitted 16S)				
0	2746	0.0	01KABVF1BFERF34QT58K4HE90J.mzML	2746	01KABVF1BFERF34QT58K4HE90J	2747	B017	Murphy Lab UIC			Micromonospora aurantiaca (User Submitted 16S)				
0	3264	0.6104341934728152	01KABVF1BFERF34QT58K4HE90J.mzML	3264	01KAEM3SQBAZ7X3W5WJJH4KSP6	3265	WMMA1899	Bugni Lab UW-Madison		KY015095	Micromonosporaceae;Micromonospora;Micromonospora sp.	Micromonosporaceae	Micromonospora	Micromonospora sp.	1876.0
0	3267	0.6277729427238299	01KABVF1BFERF34QT58K4HE90J.mzML	3267	01KAEM47QA3Y8X528R3ZP2FQ93	3268	WMMA1912	Bugni Lab UW-Madison		KY015104	Micromonosporaceae;Micromonospora;Micromonospora sp.	Micromonosporaceae	Micromonospora	Micromonospora sp.	1876.0
0	3271	0.6555913745549823	01KABVF1BFERF34QT58K4HE90J.mzML	3271	01KAEM70MTGV5C0JCVAAYWFWJ5	3272	WMMD718	Bugni Lab UW-Madison		GCA_029626075.1	Micromonosporaceae;Micromonospora;Micromonospora sp. WMMD718	Micromonosporaceae	Micromonospora	Micromonospora sp. WMMD718	3016098.0
0	3272	0.6785970495966519	01KABVF1BFERF34QT58K4HE90J.mzML	3272	01KAEM7DACZ1W1DK65CWYDM3JJ	3273	WMMD998	Bugni Lab UW-Madison		GCA_029581235.1	Micromonosporaceae;Micromonospora;Micromonospora sp. WMMD998	Micromonosporaceae	Micromonospora	Micromonospora sp. WMMD998	3016092.0
0	3278	0.6901022985469984	01KABVF1BFERF34QT58K4HE90J.mzML	3278	01KAEM508G22MZD67XTZRBW5H9	3279	WMMA1967	Bugni Lab UW-Madison		KY015131	Micromonosporaceae;Micromonospora;Micromonospora sp.	Micromonosporaceae	Micromonospora	Micromonospora sp.	1876.0
0	3281	0.6919023004221421	01KABVF1BFERF34QT58K4HE90J.mzML	3281	01KAEM3GCHVFR3A64QED3YRD5V	3282	WMMA1892	Bugni Lab UW-Madison		KY015088	Micromonosporaceae;Micromonospora;Micromonospora sp.	Micromonosporaceae	Micromonospora	Micromonospora sp.	1876.0
0	3282	0.6479084526295895	01KABVF1BFERF34QT58K4HE90J.mzML	3282	01KAEM5T6BQE9HNWMP8SHK8KYM	3283	WMMA2010	Bugni Lab UW-Madison		KY015160	Micromonosporaceae;Micromonospora;Micromonospora sp.	Micromonosporaceae	Micromonospora	Micromonospora sp.	1876.0
0	3283	0.6380990900442557	01KABVF1BFERF34QT58K4HE90J.mzML	3283	01KAEM3FDP54J4SWP2ABA5W8T2	3284	WMMA1891	Bugni Lab UW-Madison		KY015087	Micromonosporaceae;Micromonospora;Micromonospora sp.	Micromonosporaceae	Micromonospora	Micromonospora sp.	1876.0
0	3285	0.629098403366904	01KABVF1BFERF34QT58K4HE90J.mzML	3285	01KAEM3P2DNFWBMCQCVR1ERR3R	3286	WMMA1896	Bugni Lab UW-Madison		KY015092	Micromonosporaceae;Micromonospora;Micromonospora sp.	Micromonosporaceae	Micromonospora	Micromonospora sp.	1876.0
0	3286	0.616664402637058	01KABVF1BFERF34QT58K4HE90J.mzML	3286	01KAEM4QBT90QGWRQW6NFRRB4P	3287	WMMA1953	Bugni Lab UW-Madison		KY015122	Micromonosporaceae;Micromonospora;Micromonospora sp.	Micromonosporaceae	Micromonospora	Micromonospora sp.	1876.0
0	3287	0.6465172988787102	01KABVF1BFERF34QT58K4HE90J.mzML	3287	01KAEM534PSTRZA2N2A3QBBXFG	3288	WMMA1970	Bugni Lab UW-Madison		KY015134	Micromonosporaceae;Micromonospora;Micromonospora sp.	Micromonosporaceae	Micromonospora	Micromonospora sp.	1876.0
0	3294	0.6774291897644017	01KABVF1BFERF34QT58K4HE90J.mzML	3294	01KAEM4C39Q7TJA83NNGAHPZC5	3295	WMMA1922	Bugni Lab UW-Madison		KY015109	Micromonosporaceae;Micromonospora;Micromonospora sp.	Micromonosporaceae	Micromonospora	Micromonospora sp.	1876.0
0	3302	0.6818718893062595	01KABVF1BFERF34QT58K4HE90J.mzML	3302	01KAEM333WGY4DANSKAQVPQ3BB	3303	WMMA1854	Bugni Lab UW-Madison		KY015197	Micromonosporaceae;Micromonospora;Verrucosispora sp.	Micromonosporaceae	Micromonospora	Verrucosispora sp.	1871626.0
0	3305	0.6836845998492872	01KABVF1BFERF34QT58K4HE90J.mzML	3305	01KAEM5GK810JE1F8D2MZ771HN	3306	WMMA1993	Bugni Lab UW-Madison		KY015146	Micromonosporaceae;Micromonospora;Micromonospora sp.	Micromonosporaceae	Micromonospora	Micromonospora sp.	1876.0
0	3309	0.6801436727832848	01KABVF1BFERF34QT58K4HE90J.mzML	3309	01KAEM3R6ZGJM6H9VFPE3NG99N	3310	WMMA1898	Bugni Lab UW-Madison		KY015094	Micromonosporaceae;Micromonospora;Micromonospora sp.	Micromonosporaceae	Micromonospora	Micromonospora sp.	1876.0
0	3312	0.6919888391967914	01KABVF1BFERF34QT58K4HE90J.mzML	3312	01KAEM5WFA9RC0C5P7RBFY1W65	3313	WMMA2012	Bugni Lab UW-Madison		KY015162	Micromonosporaceae;Micromonospora;Micromonospora sp.	Micromonosporaceae	Micromonospora	Micromonospora sp.	1876.0
0	3315	0.6928327279949666	01KABVF1BFERF34QT58K4HE90J.mzML	3315	01KAEM5KGN4MB93ZQRX9N6WNQ0	3316	WMMA1997	Bugni Lab UW-Madison		KY015149	Micromonosporaceae;Micromonospora;Micromonospora sp.	Micromonosporaceae	Micromonospora	Micromonospora sp.	1876.0
0	3320	0.6812116434683309	01KABVF1BFERF34QT58K4HE90J.mzML	3320	01KAEM4Y4Y9D5TMCEYK5X2V9W5	3321	WMMA1962	Bugni Lab UW-Madison		KY015129	Micromonosporaceae;Micromonospora;Micromonospora sp.	Micromonosporaceae	Micromonospora	Micromonospora sp.	1876.0
0	3322	0.6809918651888421	01KABVF1BFERF34QT58K4HE90J.mzML	3322	01KAEM49Q453FHQAVKFBP400QK	3323	WMMA1915	Bugni Lab UW-Madison		KY015107	Micromonosporaceae;Micromonospora;Micromonospora sp.	Micromonosporaceae	Micromonospora	Micromonospora sp.	1876.0
0	3326	0.6310741649369029	01KABVF1BFERF34QT58K4HE90J.mzML	3326	01KAEM4EH07MZM8TEJ5V1C4AJH	3327	WMMA1933	Bugni Lab UW-Madison		KY015114	Micromonosporaceae;Micromonospora;Micromonospora sp.	Micromonosporaceae	Micromonospora	Micromonospora sp.	1876.0
0	3335	0.6543599733774841	01KABVF1BFERF34QT58K4HE90J.mzML	3335	01KAEM463DN5ZYWERKSF04ZCCR	3336	WMMA1908	Bugni Lab UW-Madison		KY015102	Micromonosporaceae;Micromonospora;Micromonospora sp.	Micromonosporaceae	Micromonospora	Micromonospora sp.	1876.0
0	3338	0.6664914954246985	01KABVF1BFERF34QT58K4HE90J.mzML	3338	01KAEM4B1WGAQ49A7VXPPY79GA	3339	WMMA1921	Bugni Lab UW-Madison		KY015108	Micromonosporaceae;Micromonospora;Micromonospora sp.	Micromonosporaceae	Micromonospora	Micromonospora sp.	1876.0
0	3344	0.6693299172944013	01KABVF1BFERF34QT58K4HE90J.mzML	3344	01KAEM4P38YMP6KNFDYQ3V7F8P	3345	WMMA1951	Bugni Lab UW-Madison		KY015121	Micromonosporaceae;Micromonospora;Micromonospora sp.	Micromonosporaceae	Micromonospora	Micromonospora sp.	1876.0
0	3345	0.6799995160669552	01KABVF1BFERF34QT58K4HE90J.mzML	3345	01KAEM4DDCEZ14WXD51KEEPW53	3346	WMMA1925	Bugni Lab UW-Madison		KY015111	Micromonosporaceae;Micromonospora;Micromonospora sp.	Micromonosporaceae	Micromonospora	Micromonospora sp.	1876.0
0	3346	0.6664293764900885	01KABVF1BFERF34QT58K4HE90J.mzML	3346	01KAEM3BS403H999QG5SZN44QM	3347	WMMA1888	Bugni Lab UW-Madison		KY015084	Micromonosporaceae;Micromonospora;Micromonospora sp.	Micromonosporaceae	Micromonospora	Micromonospora sp.	1876.0
0	3352	0.6155722784280466	01KABVF1BFERF34QT58K4HE90J.mzML	3352	01KAEM5E4JEXW276KERE0VYFY9	3353	WMMA1990	Bugni Lab UW-Madison		KY015144	Micromonosporaceae;Micromonospora;Micromonospora sp.	Micromonosporaceae	Micromonospora	Micromonospora sp.	1876.0
0	3354	0.6712637193526039	01KABVF1BFERF34QT58K4HE90J.mzML	3354	01KAEM5PNP17Q7E8JX165MHQQY	3355	WMMA2002	Bugni Lab UW-Madison		KY015152	Micromonosporaceae;Micromonospora;Micromonospora sp.	Micromonosporaceae	Micromonospora	Micromonospora sp.	1876.0
0	3356	0.6128448176054092	01KABVF1BFERF34QT58K4HE90J.mzML	3356	01KAEM408ZA2PQ0BK2539EZR6P	3357	WMMA1906	Bugni Lab UW-Madison		KY015100	Micromonosporaceae;Micromonospora;Micromonospora sp.	Micromonosporaceae	Micromonospora	Micromonospora sp.	1876.0
0	3361	0.6897992200379334	01KABVF1BFERF34QT58K4HE90J.mzML	3361	01KAEM4MZ0STYBJZRVJCMRHRHM	3362	WMMA1950	Bugni Lab UW-Madison		KY015120	Micromonosporaceae;Micromonospora;Micromonospora sp.	Micromonosporaceae	Micromonospora	Micromonospora sp.	1876.0
0	3362	0.6785970495966519	01KABVF1BFERF34QT58K4HE90J.mzML	3362	01KAEM3D3SH04RPDFYPDC7XBV9	3363	WMMA1889	Bugni Lab UW-Madison		KY015085	Micromonosporaceae;Micromonospora;Micromonospora sp.	Micromonosporaceae	Micromonospora	Micromonospora sp.	1876.0
0	3364	0.6620933911240598	01KABVF1BFERF34QT58K4HE90J.mzML	3364	01KAEM494KD1PZ6DBHH3QVBZ7H	3365	WMMA1914	Bugni Lab UW-Madison		KY015106	Micromonosporaceae;Micromonospora;Micromonospora sp.	Micromonosporaceae	Micromonospora	Micromonospora sp.	1876.0
0	3366	0.6837068774120361	01KABVF1BFERF34QT58K4HE90J.mzML	3366	01KAEM6J49DY9JAC8443R0WT0T	3367	WMMC264	Bugni Lab UW-Madison		GCA_027497275.1	Micromonosporaceae;Micromonospora;Micromonospora sp. WMMC264	Micromonosporaceae	Micromonospora	Micromonospora sp. WMMC264	3015158.0
0	3368	0.6568505065328785	01KABVF1BFERF34QT58K4HE90J.mzML	3368	01KAEM3YN0X4TRWCETMSC3Y6NH	3369	WMMA1903	Bugni Lab UW-Madison		KY015099	Micromonosporaceae;Micromonospora;Micromonospora sp.	Micromonosporaceae	Micromonospora	Micromonospora sp.	1876.0
0	3369	0.6837068774120361	01KABVF1BFERF34QT58K4HE90J.mzML	3369	01KAEM6SY9J2Q0D9JDD0NGM97Z	3370	WMMD1128	Bugni Lab UW-Madison		GCA_027497235.1	Micromonosporaceae;Micromonospora;Micromonospora sp. WMMD1128	Micromonosporaceae	Micromonospora	Micromonospora sp. WMMD1128	3015150.0
0	3372	0.6557085749457974	01KABVF1BFERF34QT58K4HE90J.mzML	3372	01KAEM5BD7XFT4R419PNECS3A4	3373	WMMA1978	Bugni Lab UW-Madison		KY015141	Micromonosporaceae;Micromonospora;Micromonospora sp.	Micromonosporaceae	Micromonospora	Micromonospora sp.	1876.0
0	3375	0.6725208416653836	01KABVF1BFERF34QT58K4HE90J.mzML	3375	01KAEM5N4P95CJEBQZSQQMJ3PS	3376	WMMA2000	Bugni Lab UW-Madison		KY015151	Micromonosporaceae;Micromonospora;Micromonospora sp.	Micromonosporaceae	Micromonospora	Micromonospora sp.	1876.0
0	3378	0.6384216807962335	01KABVF1BFERF34QT58K4HE90J.mzML	3378	01KAEM5HTGWKNPX6JFTCCHRT4J	3379	WMMA1994	Bugni Lab UW-Madison		KY015147	Micromonosporaceae;Micromonospora;Micromonospora sp.	Micromonosporaceae	Micromonospora	Micromonospora sp.	1876.0
0	3380	0.6627160455004291	01KABVF1BFERF34QT58K4HE90J.mzML	3380	01KAEM4JNM5NDJXN1M7CNDYZZW	3381	WMMA1948	Bugni Lab UW-Madison		KY015118	Micromonosporaceae;Micromonospora;Micromonospora sp.	Micromonosporaceae	Micromonospora	Micromonospora sp.	1876.0
0	3383	0.6688378601490215	01KABVF1BFERF34QT58K4HE90J.mzML	3383	01KAEM3TSH7CBH380QZRNC80F8	3384	WMMA1900	Bugni Lab UW-Madison		KY015096	Micromonosporaceae;Micromonospora;Micromonospora sp.	Micromonosporaceae	Micromonospora	Micromonospora sp.	1876.0
0	3385	0.630862017354204	01KABVF1BFERF34QT58K4HE90J.mzML	3385	01KAEM6FTZVGQW5CF8TD5P0BED	3386	WMMC241	Bugni Lab UW-Madison		GCA_027460165.1	Micromonosporaceae;Micromonospora;Micromonospora sp. WMMC241	Micromonosporaceae	Micromonospora	Micromonospora sp. WMMC241	3015159.0
0	3387	0.6676401631479059	01KABVF1BFERF34QT58K4HE90J.mzML	3387	01KAEM5YZMDJ3MRYGR1XAYSX97	3388	WMMA2014	Bugni Lab UW-Madison		KY015164	Micromonosporaceae;Micromonospora;Micromonospora sp.	Micromonosporaceae	Micromonospora	Micromonospora sp.	1876.0
0	3391	0.6426259854819162	01KABVF1BFERF34QT58K4HE90J.mzML	3391	01KAEM472SBYDQV56GT196J2V7	3392	WMMA1910	Bugni Lab UW-Madison		KY015103	Micromonosporaceae;Micromonospora;Micromonospora sp.	Micromonosporaceae	Micromonospora	Micromonospora sp.	1876.0
0	3396	0.6368162461998192	01KABVF1BFERF34QT58K4HE90J.mzML	3396	01KAEM3AGX5S0RNZW6YR3B9PDH	3397	WMMA1887	Bugni Lab UW-Madison		KY015083	Micromonosporaceae;Micromonospora;Micromonospora sp.	Micromonosporaceae	Micromonospora	Micromonospora sp.	1876.0
0	3397	0.6511144559148286	01KABVF1BFERF34QT58K4HE90J.mzML	3397	01KAEM5V6X7W14VAE5H573C2Z2	3398	WMMA2011	Bugni Lab UW-Madison		KY015161	Micromonosporaceae;Micromonospora;Micromonospora sp.	Micromonosporaceae	Micromonospora	Micromonospora sp.	1876.0
0	64	0.5713010962834055	01KA9R7X14AF8YZA67AFG150N1.mzML	64	01KA9R5135AXBXG68M163YJ1D9	65	129A-35	Murphy Lab UIC		MK168037	Micromonosporaceae;Micromonospora;Micromonospora sp.	Micromonosporaceae	Micromonospora	Micromonospora sp.	1876.0
0	73	0.0	01KA9R7X14AF8YZA67AFG150N1.mzML	73	01KA9R7X14AF8YZA67AFG150N1	74	K792	Murphy Lab UIC			Micromonospora sp. (User Submitted 16S)				
0	137	0.6081796538671511	01KA9R7X14AF8YZA67AFG150N1.mzML	137	01KA9R502EM598QFY0NAMWQ4BH	138	129A-2	Murphy Lab UIC		MK168033	Micromonosporaceae;Micromonospora;Micromonospora sp.	Micromonosporaceae	Micromonospora	Micromonospora sp.	1876.0
0	151	0.420026956887735	01KA9R7X14AF8YZA67AFG150N1.mzML	151	01KA9R7W1N77QNBT9ACTE879WS	152	K787	Murphy Lab UIC			Micromonospora sp. (User Submitted 16S)				
0	187	0.5628888569276171	01KA9R7X14AF8YZA67AFG150N1.mzML	187	01KA9R7XZV024CS7CNYVBDDZCV	188	K806	Murphy Lab UIC			Micromonospora sp. (User Submitted 16S)				
0	2705	0.6696483980703241	01KA9R7X14AF8YZA67AFG150N1.mzML	2705	01KABVD7EDZHRJHR0K1NTXK7ZH	2706	A040	Murphy Lab UIC			Micromonospora sp. (User Submitted 16S)				
0	2707	0.534139507221562	01KA9R7X14AF8YZA67AFG150N1.mzML	2707	01KABVEM6E13AXGMH5NS3GEVFW	2708	B013	Murphy Lab UIC			Micromonospora tulbaghiae (User Submitted 16S)				
0	2710	0.6406064640561238	01KA9R7X14AF8YZA67AFG150N1.mzML	2710	01KABVJD25776HYCW46YPZ6JJZ	2711	D077	Murphy Lab UIC			Micromonospora humi (User Submitted 16S)				
0	2713	0.5651388232329847	01KA9R7X14AF8YZA67AFG150N1.mzML	2713	01KABVFVY7F65NR3CH41M8RZCG	2714	B026	Murphy Lab UIC		KP009553	Micromonosporaceae;Micromonospora;Micromonospora sp. B026	Micromonosporaceae	Micromonospora	Micromonospora sp. B026	1611404.0
0	2718	0.518015021220352	01KA9R7X14AF8YZA67AFG150N1.mzML	2718	01KABVHQM4Z8DQH3VK01W7KJK4	2719	D053	Murphy Lab UIC			Micromonospora sp. (User Submitted 16S)				
0	2731	0.6627070389466443	01KA9R7X14AF8YZA67AFG150N1.mzML	2731	01KABVHZ2N5BMEDR5SWJC9NPKY	2732	D054	Murphy Lab UIC			Micromonospora sp. (User Submitted 16S)				
0	2732	0.6121140883475926	01KA9R7X14AF8YZA67AFG150N1.mzML	2732	01KABVDV9YX1DD0E5NB194KTP9	2733	B006	Murphy Lab UIC			Micromonospora sp. (User Submitted 16S)				
0	2746	0.6400117545263121	01KA9R7X14AF8YZA67AFG150N1.mzML	2746	01KABVF1BFERF34QT58K4HE90J	2747	B017	Murphy Lab UIC			Micromonospora aurantiaca (User Submitted 16S)				
0	3264	0.6186354782482427	01KA9R7X14AF8YZA67AFG150N1.mzML	3264	01KAEM3SQBAZ7X3W5WJJH4KSP6	3265	WMMA1899	Bugni Lab UW-Madison		KY015095	Micromonosporaceae;Micromonospora;Micromonospora sp.	Micromonosporaceae	Micromonospora	Micromonospora sp.	1876.0
0	3268	0.6092845813830778	01KA9R7X14AF8YZA67AFG150N1.mzML	3268	01KAEM4RZWT59RYBJ73N3S4YC4	3269	WMMA1957	Bugni Lab UW-Madison		KY015125	Micromonosporaceae;Micromonospora;Micromonospora sp.	Micromonosporaceae	Micromonospora	Micromonospora sp.	1876.0
0	3271	0.627596679208922	01KA9R7X14AF8YZA67AFG150N1.mzML	3271	01KAEM70MTGV5C0JCVAAYWFWJ5	3272	WMMD718	Bugni Lab UW-Madison		GCA_029626075.1	Micromonosporaceae;Micromonospora;Micromonospora sp. WMMD718	Micromonosporaceae	Micromonospora	Micromonospora sp. WMMD718	3016098.0
0	3274	0.6813086895721645	01KA9R7X14AF8YZA67AFG150N1.mzML	3274	01KAEM5S1ADMAES326ZH34TQF2	3275	WMMA2009	Bugni Lab UW-Madison		KY015159	Micromonosporaceae;Micromonospora;Micromonospora sp.	Micromonosporaceae	Micromonospora	Micromonospora sp.	1876.0
0	3280	0.6942799186125264	01KA9R7X14AF8YZA67AFG150N1.mzML	3280	01KAEM6KBK5Y14ZAKXC2DTAAFE	3281	WMMC273	Bugni Lab UW-Madison		GCA_027460285.1	Micromonosporaceae;Micromonospora;Micromonospora sp. WMMC273	Micromonosporaceae	Micromonospora	Micromonospora sp. WMMC273	3015157.0
0	3281	0.5759393701612643	01KA9R7X14AF8YZA67AFG150N1.mzML	3281	01KAEM3GCHVFR3A64QED3YRD5V	3282	WMMA1892	Bugni Lab UW-Madison		KY015088	Micromonosporaceae;Micromonospora;Micromonospora sp.	Micromonosporaceae	Micromonospora	Micromonospora sp.	1876.0
0	3282	0.609771495048558	01KA9R7X14AF8YZA67AFG150N1.mzML	3282	01KAEM5T6BQE9HNWMP8SHK8KYM	3283	WMMA2010	Bugni Lab UW-Madison		KY015160	Micromonosporaceae;Micromonospora;Micromonospora sp.	Micromonosporaceae	Micromonospora	Micromonospora sp.	1876.0
0	3283	0.6184654987126941	01KA9R7X14AF8YZA67AFG150N1.mzML	3283	01KAEM3FDP54J4SWP2ABA5W8T2	3284	WMMA1891	Bugni Lab UW-Madison		KY015087	Micromonosporaceae;Micromonospora;Micromonospora sp.	Micromonosporaceae	Micromonospora	Micromonospora sp.	1876.0
0	3284	0.6904230353486934	01KA9R7X14AF8YZA67AFG150N1.mzML	3284	01KAEM5ET506087KW4WS7FGCGY	3285	WMMA1991	Bugni Lab UW-Madison		KY015145	Micromonosporaceae;Micromonospora;Micromonospora sp.	Micromonosporaceae	Micromonospora	Micromonospora sp.	1876.0
0	3285	0.5996664301495913	01KA9R7X14AF8YZA67AFG150N1.mzML	3285	01KAEM3P2DNFWBMCQCVR1ERR3R	3286	WMMA1896	Bugni Lab UW-Madison		KY015092	Micromonosporaceae;Micromonospora;Micromonospora sp.	Micromonosporaceae	Micromonospora	Micromonospora sp.	1876.0
0	3286	0.5709215291312102	01KA9R7X14AF8YZA67AFG150N1.mzML	3286	01KAEM4QBT90QGWRQW6NFRRB4P	3287	WMMA1953	Bugni Lab UW-Madison		KY015122	Micromonosporaceae;Micromonospora;Micromonospora sp.	Micromonosporaceae	Micromonospora	Micromonospora sp.	1876.0
0	3287	0.6521843791559948	01KA9R7X14AF8YZA67AFG150N1.mzML	3287	01KAEM534PSTRZA2N2A3QBBXFG	3288	WMMA1970	Bugni Lab UW-Madison		KY015134	Micromonosporaceae;Micromonospora;Micromonospora sp.	Micromonosporaceae	Micromonospora	Micromonospora sp.	1876.0
0	3288	0.6579787250653784	01KA9R7X14AF8YZA67AFG150N1.mzML	3288	01KAEM59ZNGTA92TD0M6KT33VZ	3289	WMMA1976	Bugni Lab UW-Madison		GCA_027497335.1	Micromonosporaceae;Micromonospora;Micromonospora sp. WMMA1976	Micromonosporaceae	Micromonospora	Micromonospora sp. WMMA1976	3014995.0
0	3291	0.6705727324696883	01KA9R7X14AF8YZA67AFG150N1.mzML	3291	01KAEM55CGM34NAP9Z3BTE1PX5	3292	WMMA1973	Bugni Lab UW-Madison		KY015136	Micromonosporaceae;Micromonospora;Micromonospora sp.	Micromonosporaceae	Micromonospora	Micromonospora sp.	1876.0
0	3293	0.6992416712887959	01KA9R7X14AF8YZA67AFG150N1.mzML	3293	01KAEM54RC9X0V603SHKQ78NMH	3294	WMMA1971	Bugni Lab UW-Madison		KY015135	Micromonosporaceae;Micromonospora;Micromonospora sp.	Micromonosporaceae	Micromonospora	Micromonospora sp.	1876.0
0	3294	0.6648578678577057	01KA9R7X14AF8YZA67AFG150N1.mzML	3294	01KAEM4C39Q7TJA83NNGAHPZC5	3295	WMMA1922	Bugni Lab UW-Madison		KY015109	Micromonosporaceae;Micromonospora;Micromonospora sp.	Micromonosporaceae	Micromonospora	Micromonospora sp.	1876.0
0	3295	0.621714383842672	01KA9R7X14AF8YZA67AFG150N1.mzML	3295	01KAEM5BWQ2AJE02GTW8QEQRNN	3296	WMMA1979	Bugni Lab UW-Madison		KY015142	Micromonosporaceae;Micromonospora;Micromonospora sp.	Micromonosporaceae	Micromonospora	Micromonospora sp.	1876.0
0	3297	0.6355935816755119	01KA9R7X14AF8YZA67AFG150N1.mzML	3297	01KAEM3WD006ZECTX2XF08AQX4	3298	WMMA1901	Bugni Lab UW-Madison		KY015097	Micromonosporaceae;Micromonospora;Micromonospora sp.	Micromonosporaceae	Micromonospora	Micromonospora sp.	1876.0
0	3309	0.694263889246602	01KA9R7X14AF8YZA67AFG150N1.mzML	3309	01KAEM3R6ZGJM6H9VFPE3NG99N	3310	WMMA1898	Bugni Lab UW-Madison		KY015094	Micromonosporaceae;Micromonospora;Micromonospora sp.	Micromonosporaceae	Micromonospora	Micromonospora sp.	1876.0
0	3312	0.6423361095385187	01KA9R7X14AF8YZA67AFG150N1.mzML	3312	01KAEM5WFA9RC0C5P7RBFY1W65	3313	WMMA2012	Bugni Lab UW-Madison		KY015162	Micromonosporaceae;Micromonospora;Micromonospora sp.	Micromonosporaceae	Micromonospora	Micromonospora sp.	1876.0
0	3317	0.6739349706200761	01KA9R7X14AF8YZA67AFG150N1.mzML	3317	01KAEM3K0BBGPKMN4XBHG3S5QC	3318	WMMA1894	Bugni Lab UW-Madison		KY015090	Micromonosporaceae;Micromonospora;Micromonospora sp.	Micromonosporaceae	Micromonospora	Micromonospora sp.	1876.0
0	3320	0.6056625708455656	01KA9R7X14AF8YZA67AFG150N1.mzML	3320	01KAEM4Y4Y9D5TMCEYK5X2V9W5	3321	WMMA1962	Bugni Lab UW-Madison		KY015129	Micromonosporaceae;Micromonospora;Micromonospora sp.	Micromonosporaceae	Micromonospora	Micromonospora sp.	1876.0
0	3326	0.6992193175536794	01KA9R7X14AF8YZA67AFG150N1.mzML	3326	01KAEM4EH07MZM8TEJ5V1C4AJH	3327	WMMA1933	Bugni Lab UW-Madison		KY015114	Micromonosporaceae;Micromonospora;Micromonospora sp.	Micromonosporaceae	Micromonospora	Micromonospora sp.	1876.0
0	3328	0.6760187421752816	01KA9R7X14AF8YZA67AFG150N1.mzML	3328	01KAEM5M26TC6XKN2V0XVGZXDT	3329	WMMA1998	Bugni Lab UW-Madison		GCA_027497375.1	Micromonosporaceae;Micromonospora;Micromonospora sp. WMMA1998	Micromonosporaceae	Micromonospora	Micromonospora sp. WMMA1998	3015167.0
0	3338	0.6738766179433695	01KA9R7X14AF8YZA67AFG150N1.mzML	3338	01KAEM4B1WGAQ49A7VXPPY79GA	3339	WMMA1921	Bugni Lab UW-Madison		KY015108	Micromonosporaceae;Micromonospora;Micromonospora sp.	Micromonosporaceae	Micromonospora	Micromonospora sp.	1876.0
0	3339	0.6663385920950464	01KA9R7X14AF8YZA67AFG150N1.mzML	3339	01KAEM4X2N3RQREDD19HEP5E8V	3340	WMMA1961	Bugni Lab UW-Madison		KY015128	Micromonosporaceae;Micromonospora;Micromonospora sp.	Micromonosporaceae	Micromonospora	Micromonospora sp.	1876.0
0	3345	0.5892997458057998	01KA9R7X14AF8YZA67AFG150N1.mzML	3345	01KAEM4DDCEZ14WXD51KEEPW53	3346	WMMA1925	Bugni Lab UW-Madison		KY015111	Micromonosporaceae;Micromonospora;Micromonospora sp.	Micromonosporaceae	Micromonospora	Micromonospora sp.	1876.0
0	3346	0.5873770813104564	01KA9R7X14AF8YZA67AFG150N1.mzML	3346	01KAEM3BS403H999QG5SZN44QM	3347	WMMA1888	Bugni Lab UW-Madison		KY015084	Micromonosporaceae;Micromonospora;Micromonospora sp.	Micromonosporaceae	Micromonospora	Micromonospora sp.	1876.0
0	3348	0.6627292512595234	01KA9R7X14AF8YZA67AFG150N1.mzML	3348	01KAEM3PX2HY9JKWDJ0JE0R0YJ	3349	WMMA1897	Bugni Lab UW-Madison		KY015093	Micromonosporaceae;Micromonospora;Micromonospora sp.	Micromonosporaceae	Micromonospora	Micromonospora sp.	1876.0
0	3349	0.6465111558957337	01KA9R7X14AF8YZA67AFG150N1.mzML	3349	01KAEM4K67NYXNFSDWPTTDK5JH	3350	WMMA1949	Bugni Lab UW-Madison		GCA_027460145.1	Micromonosporaceae;Micromonospora;Micromonospora sp. WMMA1949	Micromonosporaceae	Micromonospora	Micromonospora sp. WMMA1949	3015162.0
0	3352	0.5609429600412383	01KA9R7X14AF8YZA67AFG150N1.mzML	3352	01KAEM5E4JEXW276KERE0VYFY9	3353	WMMA1990	Bugni Lab UW-Madison		KY015144	Micromonosporaceae;Micromonospora;Micromonospora sp.	Micromonosporaceae	Micromonospora	Micromonospora sp.	1876.0
0	3354	0.6534293519538652	01KA9R7X14AF8YZA67AFG150N1.mzML	3354	01KAEM5PNP17Q7E8JX165MHQQY	3355	WMMA2002	Bugni Lab UW-Madison		KY015152	Micromonosporaceae;Micromonospora;Micromonospora sp.	Micromonosporaceae	Micromonospora	Micromonospora sp.	1876.0
0	3356	0.6232379840689724	01KA9R7X14AF8YZA67AFG150N1.mzML	3356	01KAEM408ZA2PQ0BK2539EZR6P	3357	WMMA1906	Bugni Lab UW-Madison		KY015100	Micromonosporaceae;Micromonospora;Micromonospora sp.	Micromonosporaceae	Micromonospora	Micromonospora sp.	1876.0
0	3357	0.6949539980312833	01KA9R7X14AF8YZA67AFG150N1.mzML	3357	01KAEM4QX8P6CM7CR3ERAQCQYR	3358	WMMA1954	Bugni Lab UW-Madison		KY015123	Micromonosporaceae;Micromonospora;Micromonospora sp.	Micromonosporaceae	Micromonospora	Micromonospora sp.	1876.0
0	3358	0.6534939065648301	01KA9R7X14AF8YZA67AFG150N1.mzML	3358	01KAEM4H40HZXRMJF18AY3H26J	3359	WMMA1947	Bugni Lab UW-Madison		GCA_027497355.1	Micromonosporaceae;Micromonospora;Micromonospora sp. WMMA1947	Micromonosporaceae	Micromonospora	Micromonospora sp. WMMA1947	3015163.0
0	3359	0.6724617593173564	01KA9R7X14AF8YZA67AFG150N1.mzML	3359	01KAEM41JWBRC8JRJDJS3R8KTM	3360	WMMA1907	Bugni Lab UW-Madison		KY015101	Micromonosporaceae;Micromonospora;Micromonospora sp.	Micromonosporaceae	Micromonospora	Micromonospora sp.	1876.0
0	3361	0.6002971891275841	01KA9R7X14AF8YZA67AFG150N1.mzML	3361	01KAEM4MZ0STYBJZRVJCMRHRHM	3362	WMMA1950	Bugni Lab UW-Madison		KY015120	Micromonosporaceae;Micromonospora;Micromonospora sp.	Micromonosporaceae	Micromonospora	Micromonospora sp.	1876.0
0	3362	0.6235116942510723	01KA9R7X14AF8YZA67AFG150N1.mzML	3362	01KAEM3D3SH04RPDFYPDC7XBV9	3363	WMMA1889	Bugni Lab UW-Madison		KY015085	Micromonosporaceae;Micromonospora;Micromonospora sp.	Micromonosporaceae	Micromonospora	Micromonospora sp.	1876.0
0	3364	0.6799016570775483	01KA9R7X14AF8YZA67AFG150N1.mzML	3364	01KAEM494KD1PZ6DBHH3QVBZ7H	3365	WMMA1914	Bugni Lab UW-Madison		KY015106	Micromonosporaceae;Micromonospora;Micromonospora sp.	Micromonosporaceae	Micromonospora	Micromonospora sp.	1876.0
0	3366	0.6766521865635156	01KA9R7X14AF8YZA67AFG150N1.mzML	3366	01KAEM6J49DY9JAC8443R0WT0T	3367	WMMC264	Bugni Lab UW-Madison		GCA_027497275.1	Micromonosporaceae;Micromonospora;Micromonospora sp. WMMC264	Micromonosporaceae	Micromonospora	Micromonospora sp. WMMC264	3015158.0
0	3368	0.6248354705462986	01KA9R7X14AF8YZA67AFG150N1.mzML	3368	01KAEM3YN0X4TRWCETMSC3Y6NH	3369	WMMA1903	Bugni Lab UW-Madison		KY015099	Micromonosporaceae;Micromonospora;Micromonospora sp.	Micromonosporaceae	Micromonospora	Micromonospora sp.	1876.0
0	3372	0.632549213742459	01KA9R7X14AF8YZA67AFG150N1.mzML	3372	01KAEM5BD7XFT4R419PNECS3A4	3373	WMMA1978	Bugni Lab UW-Madison		KY015141	Micromonosporaceae;Micromonospora;Micromonospora sp.	Micromonosporaceae	Micromonospora	Micromonospora sp.	1876.0
0	3375	0.6163940830824426	01KA9R7X14AF8YZA67AFG150N1.mzML	3375	01KAEM5N4P95CJEBQZSQQMJ3PS	3376	WMMA2000	Bugni Lab UW-Madison		KY015151	Micromonosporaceae;Micromonospora;Micromonospora sp.	Micromonosporaceae	Micromonospora	Micromonospora sp.	1876.0
0	3378	0.6235116942510723	01KA9R7X14AF8YZA67AFG150N1.mzML	3378	01KAEM5HTGWKNPX6JFTCCHRT4J	3379	WMMA1994	Bugni Lab UW-Madison		KY015147	Micromonosporaceae;Micromonospora;Micromonospora sp.	Micromonosporaceae	Micromonospora	Micromonospora sp.	1876.0
0	3380	0.6301946739966522	01KA9R7X14AF8YZA67AFG150N1.mzML	3380	01KAEM4JNM5NDJXN1M7CNDYZZW	3381	WMMA1948	Bugni Lab UW-Madison		KY015118	Micromonosporaceae;Micromonospora;Micromonospora sp.	Micromonosporaceae	Micromonospora	Micromonospora sp.	1876.0
0	3381	0.6906643582108725	01KA9R7X14AF8YZA67AFG150N1.mzML	3381	01KAEM5AP3JE5EGDXG193QYSEN	3382	WMMA1977	Bugni Lab UW-Madison		KY015140	Micromonosporaceae;Micromonospora;Micromonospora sp.	Micromonosporaceae	Micromonospora	Micromonospora sp.	1876.0
0	3383	0.5810462641100375	01KA9R7X14AF8YZA67AFG150N1.mzML	3383	01KAEM3TSH7CBH380QZRNC80F8	3384	WMMA1900	Bugni Lab UW-Madison		KY015096	Micromonosporaceae;Micromonospora;Micromonospora sp.	Micromonosporaceae	Micromonospora	Micromonospora sp.	1876.0
0	3387	0.6075623187274743	01KA9R7X14AF8YZA67AFG150N1.mzML	3387	01KAEM5YZMDJ3MRYGR1XAYSX97	3388	WMMA2014	Bugni Lab UW-Madison		KY015164	Micromonosporaceae;Micromonospora;Micromonospora sp.	Micromonosporaceae	Micromonospora	Micromonospora sp.	1876.0
0	3391	0.6964972649444501	01KA9R7X14AF8YZA67AFG150N1.mzML	3391	01KAEM472SBYDQV56GT196J2V7	3392	WMMA1910	Bugni Lab UW-Madison		KY015103	Micromonosporaceae;Micromonospora;Micromonospora sp.	Micromonosporaceae	Micromonospora	Micromonospora sp.	1876.0
0	3396	0.6760187421752815	01KA9R7X14AF8YZA67AFG150N1.mzML	3396	01KAEM3AGX5S0RNZW6YR3B9PDH	3397	WMMA1887	Bugni Lab UW-Madison		KY015083	Micromonosporaceae;Micromonospora;Micromonospora sp.	Micromonosporaceae	Micromonospora	Micromonospora sp.	1876.0
0	33	0.6916666666666665	01KABVHK5KH3DG3M2BHGF8GKG9.mzML	33	01K2DAXEXTK16CZG5V551RSPS6	34	BA_PB5266	Adaikpoh Lab UIC		CP172329					3345339.0
0	137	0.6496754751273146	01KABVHK5KH3DG3M2BHGF8GKG9.mzML	137	01KA9R502EM598QFY0NAMWQ4BH	138	129A-2	Murphy Lab UIC		MK168033	Micromonosporaceae;Micromonospora;Micromonospora sp.	Micromonosporaceae	Micromonospora	Micromonospora sp.	1876.0
0	187	0.5597551662690022	01KABVHK5KH3DG3M2BHGF8GKG9.mzML	187	01KA9R7XZV024CS7CNYVBDDZCV	188	K806	Murphy Lab UIC			Micromonospora sp. (User Submitted 16S)				
0	392	0.69335489355943	01KABVHK5KH3DG3M2BHGF8GKG9.mzML	392	01KGR40K81W6NSY3CTYMNYCASR	393	Bacillus_None_None_GBAC46_(01)		M03_23-1.2\0_H7\1 | M03_23-1.0\0_F7\1 | M03_23-1.1\0_F8\1 | M03_23-1.3\0_H8\1		Bacillaceae;Bacillus;Bacillus pumilus	Bacillaceae	Bacillus	Bacillus pumilus	1408.0
0	755	0.6957919420157603	01KABVHK5KH3DG3M2BHGF8GKG9.mzML	755	01KGR3RZ54FR9HEXDRKZFAGAVJ	756	Bacillus_None_None_LNXM65		15_01\0_I15\1 | 15_04\0_K16\1 | 15_03\0_I16\1 | 15_02\0_K15\1		Bacillaceae;Bacillus;Bacillus pumilus	Bacillaceae	Bacillus	Bacillus pumilus	1408.0
0	816	0.6892351849726539	01KABVHK5KH3DG3M2BHGF8GKG9.mzML	816	01KGR3FRT8ZPEK347F8GHRZ7TG	817	Bacillus_None_None_LNXM65		M03_15.1\0_C12\1 | M03_15.0\0_C11\1 | M03_15.3\0_E12\1 | M03_15.2\0_E11\1		Bacillaceae;Bacillus;Bacillus pumilus	Bacillaceae	Bacillus	Bacillus pumilus	1408.0
0	1131	0.6901101065995439	01KABVHK5KH3DG3M2BHGF8GKG9.mzML	1131	01JV3F4Q70NFM580B4SBAJF2QK	1132	ISP-5047	USDA-ARS NRRL		AB184205	Streptomycetaceae;Streptomyces;Streptomyces griseinus	Streptomycetaceae	Streptomyces	Streptomyces griseinus	66893.0
0	1307	0.6807195037692273	01KABVHK5KH3DG3M2BHGF8GKG9.mzML	1307	01K2JJ976R8FXK1TNJ5Y7EMS31	1308	Pseudoalteromonas sp. DL2H-2.2	Valerie Paul		OL549303	Pseudoalteromonadaceae;Pseudoalteromonas;Pseudoalteromonas sp.	Pseudoalteromonadaceae	Pseudoalteromonas	Pseudoalteromonas sp.	53249.0
0	1326	0.6916666666666665	01KABVHK5KH3DG3M2BHGF8GKG9.mzML	1326	01K1XFC3WBH4HNSNWRV418BX9T	1327	GSL21_156	Winter Lab- U of U			Nocardiopsis sp. (User Submitted 16S)				
0	1358	0.6942116851374247	01KABVHK5KH3DG3M2BHGF8GKG9.mzML	1358	01JVTRKMG81RC2AH8GP154YWBQ	1359	LYG003A	Murphy Lab UIC		PP719678.1	Comamonadaceae;Variovorax;Variovorax paradoxus	Comamonadaceae	Variovorax	Variovorax paradoxus	34073.0
0	1388	0.6932140044610517	01KABVHK5KH3DG3M2BHGF8GKG9.mzML	1388	01JVTRKTM7QRNKXDWSFT3ADH9F	1389	LYG008	Murphy Lab UIC		PQ106869.1	Propionibacteriaceae;Microlunatus;Microlunatus sp.	Propionibacteriaceae	Microlunatus	Microlunatus sp.	39595.0
0	1406	0.6991756083830631	01KABVHK5KH3DG3M2BHGF8GKG9.mzML	1406	01JVTRHYDEA3BVNQTQQ75Q5A5S	1407	BM6J002	Murphy Lab UIC			Paenibacillus sp. (User Submitted 16S)				
0	1948	0.6879125297849082	01KABVHK5KH3DG3M2BHGF8GKG9.mzML	1948	01KGRMTXSCPFMHYB92GKAF01PP	1949	Acinetobacter_None_None_DSM_30007;_ATCC_19606		30007_02\0_E7\1 | 30007_01\0_C7\1 | 30007_03\0_C8\1 | 30007_04\0_E8\1		Moraxellaceae;Acinetobacter;Acinetobacter baumannii	Moraxellaceae	Acinetobacter	Acinetobacter baumannii	470.0
0	2069	0.6652806593023983	01KABVHK5KH3DG3M2BHGF8GKG9.mzML	2069	01HHAG86RB3TAK55CP6D4BE2JY	2070	MER 169	NASA Jet Propulsion Laboratory 		JAMAVQ000000000	Bacillaceae;Bacillus;Bacillus velezensis	Bacillaceae	Bacillus	Bacillus velezensis	492670.0
0	2090	0.6788855685048114	01KABVHK5KH3DG3M2BHGF8GKG9.mzML	2090	01HHAG86243H3G2K1PHAQ10FNC	2091	MER 166	NASA Jet Propulsion Laboratory 		JAMAVP000000000	Bacillaceae;Bacillus;Bacillus velezensis	Bacillaceae	Bacillus	Bacillus velezensis	492670.0
0	2574	0.6957096902749076	01KABVHK5KH3DG3M2BHGF8GKG9.mzML	2574	01KGRMYJ3NS2VSTVKT4PD4ECCE	2575	Staphylococcus_None_None_DSM_20231,_ATCC_12600,_CCM_885,_NCTC_8532		LMTG70H08_0\0_H8\1 | LMTG72N06_0\0_N6\1 | LMTG73H03_0\0_H3\1 | LMTG69N12_0\0_N12\1 | LMTG70K22_0\0_K22\1 | LMTG70H21_0\0_H21\1		Staphylococcaceae;Staphylococcus;Staphylococcus aureus	Staphylococcaceae	Staphylococcus	Staphylococcus aureus	1280.0
0	2655	0.6708597056978085	01KABVHK5KH3DG3M2BHGF8GKG9.mzML	2655	01K2J3DRXMEF732RJ1N1SMFN3F	2656	CNY_678	Jensen Lab Scripps UCSD		 KJ746657	Micromonosporaceae;Salinispora;Salinispora tropica	Micromonosporaceae	Salinispora	Salinispora tropica	168695.0
0	2713	0.6043717159625279	01KABVHK5KH3DG3M2BHGF8GKG9.mzML	2713	01KABVFVY7F65NR3CH41M8RZCG	2714	B026	Murphy Lab UIC		KP009553	Micromonosporaceae;Micromonospora;Micromonospora sp. B026	Micromonosporaceae	Micromonospora	Micromonospora sp. B026	1611404.0
0	2718	0.6497262416476262	01KABVHK5KH3DG3M2BHGF8GKG9.mzML	2718	01KABVHQM4Z8DQH3VK01W7KJK4	2719	D053	Murphy Lab UIC			Micromonospora sp. (User Submitted 16S)				
0	2724	0.6201058035460716	01KABVHK5KH3DG3M2BHGF8GKG9.mzML	2724	01KABVESM7KWN3EQNV18Z6SQQS	2725	B016	Murphy Lab UIC			Micromonospora sp. (User Submitted 16S)				
0	2728	0.5699668700561722	01KABVHK5KH3DG3M2BHGF8GKG9.mzML	2728	01KABVF7F49ZNFGTHS37N5M3HY	2729	B019	Murphy Lab UIC			Micromonospora tulbaghiae (User Submitted 16S)				
0	2731	0.6356006514194877	01KABVHK5KH3DG3M2BHGF8GKG9.mzML	2731	01KABVHZ2N5BMEDR5SWJC9NPKY	2732	D054	Murphy Lab UIC			Micromonospora sp. (User Submitted 16S)				
0	2732	0.6973468718331828	01KABVHK5KH3DG3M2BHGF8GKG9.mzML	2732	01KABVDV9YX1DD0E5NB194KTP9	2733	B006	Murphy Lab UIC			Micromonospora sp. (User Submitted 16S)				
0	2741	1.2212453270876722e-15	01KABVHK5KH3DG3M2BHGF8GKG9.mzML	2741	01KABVHK5KH3DG3M2BHGF8GKG9	2742	D052	Murphy Lab UIC			Micromonospora sp. (User Submitted 16S)				
0	2743	0.6916538376485781	01KABVHK5KH3DG3M2BHGF8GKG9.mzML	2743	01KABVHH0NYNM8DPW8VD08T14P	2744	D042	Murphy Lab UIC			Streptomyces drozdowiczii (User Submitted 16S)				
0	3264	0.6619382981085935	01KABVHK5KH3DG3M2BHGF8GKG9.mzML	3264	01KAEM3SQBAZ7X3W5WJJH4KSP6	3265	WMMA1899	Bugni Lab UW-Madison		KY015095	Micromonosporaceae;Micromonospora;Micromonospora sp.	Micromonosporaceae	Micromonospora	Micromonospora sp.	1876.0
0	3282	0.6892351849726539	01KABVHK5KH3DG3M2BHGF8GKG9.mzML	3282	01KAEM5T6BQE9HNWMP8SHK8KYM	3283	WMMA2010	Bugni Lab UW-Madison		KY015160	Micromonosporaceae;Micromonospora;Micromonospora sp.	Micromonosporaceae	Micromonospora	Micromonospora sp.	1876.0
0	3285	0.6691942351820774	01KABVHK5KH3DG3M2BHGF8GKG9.mzML	3285	01KAEM3P2DNFWBMCQCVR1ERR3R	3286	WMMA1896	Bugni Lab UW-Madison		KY015092	Micromonosporaceae;Micromonospora;Micromonospora sp.	Micromonosporaceae	Micromonospora	Micromonospora sp.	1876.0
0	3286	0.6646069148306266	01KABVHK5KH3DG3M2BHGF8GKG9.mzML	3286	01KAEM4QBT90QGWRQW6NFRRB4P	3287	WMMA1953	Bugni Lab UW-Madison		KY015122	Micromonosporaceae;Micromonospora;Micromonospora sp.	Micromonosporaceae	Micromonospora	Micromonospora sp.	1876.0
0	3334	0.6995007094298609	01KABVHK5KH3DG3M2BHGF8GKG9.mzML	3334	01KAEM5D8BNG9Y7KF6TWE103NN	3335	WMMA1983	Bugni Lab UW-Madison		KY015143	Micromonosporaceae;Micromonospora;Micromonospora sp.	Micromonosporaceae	Micromonospora	Micromonospora sp.	1876.0
0	3366	0.6797776196432297	01KABVHK5KH3DG3M2BHGF8GKG9.mzML	3366	01KAEM6J49DY9JAC8443R0WT0T	3367	WMMC264	Bugni Lab UW-Madison		GCA_027497275.1	Micromonosporaceae;Micromonospora;Micromonospora sp. WMMC264	Micromonosporaceae	Micromonospora	Micromonospora sp. WMMC264	3015158.0
0	3368	0.6654547417742636	01KABVHK5KH3DG3M2BHGF8GKG9.mzML	3368	01KAEM3YN0X4TRWCETMSC3Y6NH	3369	WMMA1903	Bugni Lab UW-Madison		KY015099	Micromonosporaceae;Micromonospora;Micromonospora sp.	Micromonosporaceae	Micromonospora	Micromonospora sp.	1876.0
0	3378	0.6926818514235706	01KABVHK5KH3DG3M2BHGF8GKG9.mzML	3378	01KAEM5HTGWKNPX6JFTCCHRT4J	3379	WMMA1994	Bugni Lab UW-Madison		KY015147	Micromonosporaceae;Micromonospora;Micromonospora sp.	Micromonosporaceae	Micromonospora	Micromonospora sp.	1876.0
0	70	0.5430292665879657	01KABVFFZ7EDYKQM4J5YDVYVC2.mzML	70	01KA9R7TN3ZPW4SGN9DBW79RR5	71	K779	Murphy Lab UIC			Micromonospora sp. (User Submitted 16S)				
0	95	0.5877742488270903	01KABVFFZ7EDYKQM4J5YDVYVC2.mzML	95	01KA9R7HAP8T2859SKA9XJF8XF	96	K699	Murphy Lab UIC			Micromonospora sp. (User Submitted 16S)				
0	113	0.671925805037764	01KABVFFZ7EDYKQM4J5YDVYVC2.mzML	113	01KA9R7ABQNYC3ZX35DV6H299V	114	K622	Murphy Lab UIC			Micromonospora sp. (User Submitted 16S)				
0	1380	0.6076243961649375	01KABVFFZ7EDYKQM4J5YDVYVC2.mzML	1380	01JVTRHFKTWPGR04GQT3ZN6Q0R	1381	BM2E001	Murphy Lab UIC			Micromonospora sp. (User Submitted 16S)				
0	1413	0.6346009256764824	01KABVFFZ7EDYKQM4J5YDVYVC2.mzML	1413	01JVTRHW0H4W4HEQ6ZRFSSQ90C	1414	BM6G003A	Murphy Lab UIC		PQ001007	Micromonosporaceae;Micromonospora;Micromonospora sp.	Micromonosporaceae	Micromonospora	Micromonospora sp.	1876.0
0	2706	0.4687838147688787	01KABVFFZ7EDYKQM4J5YDVYVC2.mzML	2706	01KABVEESWCMN2RCXM1EF85QXF	2707	B012	Murphy Lab UIC		KY858247	Micromonosporaceae;Micromonospora;Micromonospora chokoriensis	Micromonosporaceae	Micromonospora	Micromonospora chokoriensis	356851.0
0	2708	0.5186121983211631	01KABVFFZ7EDYKQM4J5YDVYVC2.mzML	2708	01KABVG4816P8MNPYHYEXFA5N3	2709	B031	Murphy Lab UIC			Micromonospora sp. (User Submitted 16S)				
0	2709	0.6263676411214634	01KABVFFZ7EDYKQM4J5YDVYVC2.mzML	2709	01KABVDCX3YBV83W778NE5P4RC	2710	B001	Murphy Lab UIC		KY858238	Micromonosporaceae;Micromonospora;Micromonospora chokoriensis	Micromonosporaceae	Micromonospora	Micromonospora chokoriensis	356851.0
0	2713	0.6930750929775743	01KABVFFZ7EDYKQM4J5YDVYVC2.mzML	2713	01KABVFVY7F65NR3CH41M8RZCG	2714	B026	Murphy Lab UIC		KP009553	Micromonosporaceae;Micromonospora;Micromonospora sp. B026	Micromonosporaceae	Micromonospora	Micromonospora sp. B026	1611404.0
0	2721	0.5542220858791354	01KABVFFZ7EDYKQM4J5YDVYVC2.mzML	2721	01KABVDN5VSH8NWZF4KK71B36P	2722	B002	Murphy Lab UIC			Micromonospora chokoriensis (User Submitted 16S)				
0	2739	0.6208074601887311	01KABVFFZ7EDYKQM4J5YDVYVC2.mzML	2739	01KABVG79A32Y6M4JVM4ZYZKAF	2740	B032	Murphy Lab UIC			Micromonospora sp. (User Submitted 16S)				
0	2742	1.3322676295501878e-15	01KABVFFZ7EDYKQM4J5YDVYVC2.mzML	2742	01KABVFFZ7EDYKQM4J5YDVYVC2	2743	B022	Murphy Lab UIC		KY858245	Micromonosporaceae;Micromonospora;Micromonospora chokoriensis	Micromonosporaceae	Micromonospora	Micromonospora chokoriensis	356851.0
0	3265	0.6719630527581082	01KABVFFZ7EDYKQM4J5YDVYVC2.mzML	3265	01KAEM7A4C05CKZRRK7NAEEC6M	3266	WMMD964	Bugni Lab UW-Madison		GCA_029581455.1	Micromonosporaceae;Micromonospora;Micromonospora sp. WMMD964	Micromonosporaceae	Micromonospora	Micromonospora sp. WMMD964	3016091.0
0	3266	0.593274082608958	01KABVFFZ7EDYKQM4J5YDVYVC2.mzML	3266	01KAEM6GQSSFDSSSWF8M1NBR4B	3267	WMMC250	Bugni Lab UW-Madison		GCA_027460215.1	Micromonosporaceae;Micromonospora;Micromonospora sp. WMMC250	Micromonosporaceae	Micromonospora	Micromonospora sp. WMMC250	3014781.0
0	3268	0.6845743811130629	01KABVFFZ7EDYKQM4J5YDVYVC2.mzML	3268	01KAEM4RZWT59RYBJ73N3S4YC4	3269	WMMA1957	Bugni Lab UW-Madison		KY015125	Micromonosporaceae;Micromonospora;Micromonospora sp.	Micromonosporaceae	Micromonospora	Micromonospora sp.	1876.0
0	3286	0.6706103173397542	01KABVFFZ7EDYKQM4J5YDVYVC2.mzML	3286	01KAEM4QBT90QGWRQW6NFRRB4P	3287	WMMA1953	Bugni Lab UW-Madison		KY015122	Micromonosporaceae;Micromonospora;Micromonospora sp.	Micromonosporaceae	Micromonospora	Micromonospora sp.	1876.0
0	3300	0.6199415249669542	01KABVFFZ7EDYKQM4J5YDVYVC2.mzML	3300	01KAEM4G4PJG4A8B33NFAZYAXJ	3301	WMMA1946	Bugni Lab UW-Madison		KY015116	Micromonosporaceae;Micromonospora;Micromonospora sp.	Micromonosporaceae	Micromonospora	Micromonospora sp.	1876.0
0	3301	0.5848173378320352	01KABVFFZ7EDYKQM4J5YDVYVC2.mzML	3301	01KAEM602WQS98CMQA0MFX7V2X	3302	WMMA2015	Bugni Lab UW-Madison		KY015165	Micromonosporaceae;Micromonospora;Micromonospora sp.	Micromonosporaceae	Micromonospora	Micromonospora sp.	1876.0
0	3308	0.5869411151957198	01KABVFFZ7EDYKQM4J5YDVYVC2.mzML	3308	01KAEM593HP01GV0WN7D01VJAA	3309	WMMA1975	Bugni Lab UW-Madison		KY015138	Micromonosporaceae;Micromonospora;Micromonospora sp.	Micromonosporaceae	Micromonospora	Micromonospora sp.	1876.0
0	3325	0.5862658456372067	01KABVFFZ7EDYKQM4J5YDVYVC2.mzML	3325	01KAEM5QH9B0D9FQRAT45HG21X	3326	WMMA2003	Bugni Lab UW-Madison		KY015153	Micromonosporaceae;Micromonospora;Micromonospora sp.	Micromonosporaceae	Micromonospora	Micromonospora sp.	1876.0
0	3330	0.6603168897566216	01KABVFFZ7EDYKQM4J5YDVYVC2.mzML	3330	01KAEM7AXV70C2W19YKCPCVVBQ	3331	WMMD967	Bugni Lab UW-Madison		GCA_029626165.1	Micromonosporaceae;Micromonospora;Micromonospora sp. WMMD967	Micromonosporaceae	Micromonospora	Micromonospora sp. WMMD967	3016101.0
0	3341	0.6452125624065506	01KABVFFZ7EDYKQM4J5YDVYVC2.mzML	3341	01KAEM48D8SS91MG0GHNF38BV8	3342	WMMA1913	Bugni Lab UW-Madison		KY015105	Micromonosporaceae;Micromonospora;Micromonospora sp.	Micromonosporaceae	Micromonospora	Micromonospora sp.	1876.0
0	3346	0.6807680469231749	01KABVFFZ7EDYKQM4J5YDVYVC2.mzML	3346	01KAEM3BS403H999QG5SZN44QM	3347	WMMA1888	Bugni Lab UW-Madison		KY015084	Micromonosporaceae;Micromonospora;Micromonospora sp.	Micromonosporaceae	Micromonospora	Micromonospora sp.	1876.0
0	3372	0.6856698888057033	01KABVFFZ7EDYKQM4J5YDVYVC2.mzML	3372	01KAEM5BD7XFT4R419PNECS3A4	3373	WMMA1978	Bugni Lab UW-Madison		KY015141	Micromonosporaceae;Micromonospora;Micromonospora sp.	Micromonosporaceae	Micromonospora	Micromonospora sp.	1876.0
0	3375	0.6834319878411961	01KABVFFZ7EDYKQM4J5YDVYVC2.mzML	3375	01KAEM5N4P95CJEBQZSQQMJ3PS	3376	WMMA2000	Bugni Lab UW-Madison		KY015151	Micromonosporaceae;Micromonospora;Micromonospora sp.	Micromonosporaceae	Micromonospora	Micromonospora sp.	1876.0
0	3377	0.6410097152760281	01KABVFFZ7EDYKQM4J5YDVYVC2.mzML	3377	01KAEM6XZMV61J15FAGBZM62DH	3378	WMMD710	Bugni Lab UW-Madison		GCA_029626045.1	Micromonosporaceae;Micromonospora;Micromonospora sp. WMMD710	Micromonosporaceae	Micromonospora	Micromonospora sp. WMMD710	3016085.0
0	3380	0.6478701836289673	01KABVFFZ7EDYKQM4J5YDVYVC2.mzML	3380	01KAEM4JNM5NDJXN1M7CNDYZZW	3381	WMMA1948	Bugni Lab UW-Madison		KY015118	Micromonosporaceae;Micromonospora;Micromonospora sp.	Micromonosporaceae	Micromonospora	Micromonospora sp.	1876.0
0	3384	0.685487835417777	01KABVFFZ7EDYKQM4J5YDVYVC2.mzML	3384	01KAEM6V822MRQ2FRP5EGFRQT5	3385	WMMD1155	Bugni Lab UW-Madison		GCA_029581275.1	Micromonosporaceae;Micromonospora;Micromonospora sp. WMMD1155	Micromonosporaceae	Micromonospora	Micromonospora sp. WMMD1155	3016094.0
0	3390	0.6576515674170516	01KABVFFZ7EDYKQM4J5YDVYVC2.mzML	3390	01KAEM6QCNAXK1RSDKWTE571P9	3391	WMMD1120	Bugni Lab UW-Madison		GCA_029626235.1	Micromonosporaceae;Micromonospora;Micromonospora sp. WMMD1120	Micromonosporaceae	Micromonospora	Micromonospora sp. WMMD1120	3016106.0
0	3393	0.6127016653792585	01KABVFFZ7EDYKQM4J5YDVYVC2.mzML	3393	01KAEM4TJRGRVG070WBFP4E5CW	3394	WMMA1958	Bugni Lab UW-Madison		KY015126	Micromonosporaceae;Micromonospora;Micromonospora sp.	Micromonosporaceae	Micromonospora	Micromonospora sp.	1876.0
0	78	0.0	01KA9R76ZXSVEW9GXYZGS85PHJ.mzML	78	01KA9R76ZXSVEW9GXYZGS85PHJ	79	K571	Murphy Lab UIC			Rothia sp. (User Submitted 16S)				
0	1540	0.6570028297149824	01KA9R76ZXSVEW9GXYZGS85PHJ.mzML	1540	01KGRMVRYQR047V4S82B8C9AWV	1541	Rothia_None_None_IMET_11367,_DSM_20032,_ATCC_27570,_CCM_2690		Micrococcus bristianae\0_L13\1 | Micrococcus bristianae\0_H13\1 | Micrococcus bristianae\0_N15\1		Micrococcaceae;Rothia;Rothia kristinae	Micrococcaceae	Rothia	Rothia kristinae	37923.0
0	360	0.6987785558255508	01JVTRP3SN4TX5K95W43YT3MCE.mzML	360	01K9QYSDEEF93QKWSPT4VV786A	361	PPS112	Marshall Space Flight Center			Curtobacterium sp. (User Submitted 16S)				
0	391	0.6919306195269013	01JVTRP3SN4TX5K95W43YT3MCE.mzML	391	01KGR3VXQ58XS6FQKKGM7D1RQ4	392	Bacillus_None_None_CCM_864_(B72,_Beyer)		B72\0_L6\1 | B72\0_L5\1 | B72\0_N6\1 | B72\0_N5\1		Bacillaceae;Bacillus;Bacillus licheniformis	Bacillaceae	Bacillus	Bacillus licheniformis	1402.0
0	713	0.6951200307339149	01JVTRP3SN4TX5K95W43YT3MCE.mzML	713	01KGR38DMPPQ6RER0AW7AWB3WN	714	Bacillus_None_None_glaxo_(B129,_Beyer)		B129_04\0_K8\1 | B129_01\0_I7\1 | B129_03\0_I8\1 | B129_02\0_K7\1		Bacillaceae;Bacillus;Bacillus subtilis	Bacillaceae	Bacillus	Bacillus subtilis	1423.0
0	755	0.6750674055330175	01JVTRP3SN4TX5K95W43YT3MCE.mzML	755	01KGR3RZ54FR9HEXDRKZFAGAVJ	756	Bacillus_None_None_LNXM65		15_01\0_I15\1 | 15_04\0_K16\1 | 15_03\0_I16\1 | 15_02\0_K15\1		Bacillaceae;Bacillus;Bacillus pumilus	Bacillaceae	Bacillus	Bacillus pumilus	1408.0
0	1312	0.6964758991150437	01JVTRP3SN4TX5K95W43YT3MCE.mzML	1312	01K2JJ9K9V76BYS3F9NYTWSHCX	1313	Pseudomonas aeruginosa PA14			OR078552.1	Pseudomonadaceae;Pseudomonas;Pseudomonas aeruginosa	Pseudomonadaceae	Pseudomonas	Pseudomonas aeruginosa	652611.0
0	1340	0.0	01JVTRP3SN4TX5K95W43YT3MCE.mzML	1340	01JVTRP3SN4TX5K95W43YT3MCE	1341	OS302P	Murphy Lab UIC		PQ118469	Microbacteriaceae;Curtobacterium;Curtobacterium sp.	Microbacteriaceae	Curtobacterium	Curtobacterium sp.	1869344.0
0	1353	0.6841726837410166	01JVTRP3SN4TX5K95W43YT3MCE.mzML	1353	01JVTRMFFXS7VX2P7VKEFYFNCC	1354	MS2B02P	Murphy Lab UIC		PQ106879.1	Micrococcaceae;Kocuria;Kocuria rhizophila	Micrococcaceae	Kocuria	Kocuria rhizophila	72000.0
0	1375	0.6928327279949668	01JVTRP3SN4TX5K95W43YT3MCE.mzML	1375	01JVTRNVXEZ0PCM1408Y13HB4C	1376	OS2AA06	Murphy Lab UIC			Lysinbacillus sp. (User Submitted 16S)				
0	1471	0.688293189766759	01JVTRP3SN4TX5K95W43YT3MCE.mzML	1471	01K2JJNEDVM0ZQ12B0DKEE0SXT	1472	Serratia marcescens Db10			MW786655.1	Yersiniaceae;Serratia;Serratia marcescens	Yersiniaceae	Serratia	Serratia marcescens	615.0
0	1948	0.6950213096811731	01JVTRP3SN4TX5K95W43YT3MCE.mzML	1948	01KGRMTXSCPFMHYB92GKAF01PP	1949	Acinetobacter_None_None_DSM_30007;_ATCC_19606		30007_02\0_E7\1 | 30007_01\0_C7\1 | 30007_03\0_C8\1 | 30007_04\0_E8\1		Moraxellaceae;Acinetobacter;Acinetobacter baumannii	Moraxellaceae	Acinetobacter	Acinetobacter baumannii	470.0
0	2148	0.6924445269864099	01JVTRP3SN4TX5K95W43YT3MCE.mzML	2148	01KGRMYW8KTTFJJ4JQPT2EAKD4	2149	Bacillus_None_None_LNXM78		02_03\0_F7\1 | 02_04\0_H7\1 | 02_01\0_F6\1 | 02_02\0_H6\1		Bacillaceae;Bacillus;Bacillus halotolerans	Bacillaceae	Bacillus	Bacillus halotolerans	260554.0
0	2385	0.6913819917002503	01JVTRP3SN4TX5K95W43YT3MCE.mzML	2385	01KGRN5YDSYFH36VVAZ8S555BV	2386	Bacillus_None_None_DGL6		41_04\0_K16\1 | 41_01\0_I15\1 | 41_02\0_K15\1 | 41_03\0_I16\1		Bacillaceae;Bacillus;Bacillus halotolerans	Bacillaceae	Bacillus	Bacillus halotolerans	260554.0
0	2592	0.6841827596216654	01JVTRP3SN4TX5K95W43YT3MCE.mzML	2592	01KGRN7N15HK6P35XGWK5GDABW	2593	Bacillus_None_None_LNXM37		01_02\0_H3\1 | 01_04\0_H4\1 | 01_03\0_F4\1 | 01_01\0_F3\1		Bacillaceae;Bacillus;Bacillus halotolerans	Bacillaceae	Bacillus	Bacillus halotolerans	260554.0
0	3094	0.6623729664053198	01JVTRP3SN4TX5K95W43YT3MCE.mzML	3094	01KGR3H1WGXP3S1T72Y19C3KA1	3095	Bacillus_None_None_DSM_23117_(FZB42)		Bacillus_amyloliquefaciens_subsp_ptantarum_DSM23177_04\0_E4\1 | Bacillus_amyloliquefaciens_subsp_ptantarum_DSM23177_02\0_E3\1 | Bacillus_amyloliquefaciens_subsp_ptantarum_DSM23177_01\0_C3\1 | Bacillus_amyloliquefaciens_subsp_ptantarum_DSM23177_03\0_C4\1		Bacillaceae;Bacillus;Bacillus velezensis	Bacillaceae	Bacillus	Bacillus velezensis	492670.0
0	3097	0.6996749728190812	01JVTRP3SN4TX5K95W43YT3MCE.mzML	3097	01KGR3R2PTRX0RQWB0DHY2FG9D	3098	Bacillus_None_None_unknown_origin_(A111,_Beyer)		B.a_A111_03\0_F14\1 | B.a_A111_01\0_F13\1 | B.a_A111_02\0_H13\1 | B.a_A111_04\0_H14\1		Bacillaceae;Bacillus;Bacillus anthracis	Bacillaceae	Bacillus	Bacillus anthracis	1392.0
0	3140	0.6985434775840171	01JVTRP3SN4TX5K95W43YT3MCE.mzML	3140	01KGR33X6T2MRS0DA3V50NH0V8	3141	Bacillus_None_None_unknown_origin_(A85,_Beyer)		A85_01\0_L3\1 | A85_03\0_L4\1 | A85_04\0_N4\1 | A85_02\0_N3\1		Bacillaceae;Bacillus;Bacillus anthracis	Bacillaceae	Bacillus	Bacillus anthracis	1392.0
0	2738	0.0	01KABVJ86MP9786BNFNVZFZYRG.mzML	2738	01KABVJ86MP9786BNFNVZFZYRG	2739	D058	Murphy Lab UIC			Actinomadura sp. (User Submitted 16S)				
0	86	0.0	01KA9R71E7K296R6JSP3A2J5WH.mzML	86	01KA9R71E7K296R6JSP3A2J5WH	87	K489	Murphy Lab UIC			Microbacterium sp. (User Submitted 16S)				
0	149	0.6514873434297019	01KA9R71E7K296R6JSP3A2J5WH.mzML	149	01KA9R4VTB73J4425TB4C04TJB	150	128A-1	Murphy Lab UIC		MK143312	Sphingosinicellaceae;Sandaracinobacter;Sandaracinobacter sp.	Sphingosinicellaceae	Sandaracinobacter	Sandaracinobacter sp.	2487581.0
0	1530	0.6791706235379091	01KA9R71E7K296R6JSP3A2J5WH.mzML	1530	01J33D3HMSAXMMMXZVGZZH6588	1531	H2005			MN588253	Mycobacteriaceae;Mycolicibacterium;Mycolicibacterium sp.	Mycobacteriaceae	Mycolicibacterium	Mycolicibacterium sp.	2320850.0
0	85	9.992007221626409e-16	01KA9R4PM3JNBES6VX3VX1W4HS.mzML	85	01KA9R4PM3JNBES6VX3VX1W4HS	86	121A-19	Murphy lab UIC		MK143136	Microbacteriaceae;Microbacterium;Microbacterium sp.	Microbacteriaceae	Microbacterium	Microbacterium sp.	51671.0
0	83	0.0	01KA9R753Q02A6K9AC8F0RRNRW.mzML	83	01KA9R753Q02A6K9AC8F0RRNRW	84	K544	Murphy Lab UIC			Kocuria sp. (User Submitted 16S)				
0	82	0.0	01KA9R6C2735PW9HEVH9786VGR.mzML	82	01KA9R6C2735PW9HEVH9786VGR	83	138K-5	Murphy Lab UIC		MK143210	Brevibacteriaceae;Brevibacterium;Brevibacterium sp.	Brevibacteriaceae	Brevibacterium	Brevibacterium sp.	1701.0
0	88	0.0	01KA9R5SK6QJMYGQ53FXXQMPB9.mzML	88	01KA9R5SK6QJMYGQ53FXXQMPB9	89	137A-20	Murphy lab UIC		MK143189	Nocardiaceae;Williamsia;Williamsia sp.	Nocardiaceae	Williamsia	Williamsia sp.	1872085.0
0	140	0.677670814389848	01KA9R5SK6QJMYGQ53FXXQMPB9.mzML	140	01KA9R5T45N0Z53TBP64EQ21GK	141	137A-21	Murphy lab UIC		MK143178	Nocardiaceae;Rhodococcus;Rhodococcus sp. (in: high G+C Gram-positive bacteria)	Nocardiaceae	Rhodococcus	Rhodococcus sp. (in: high G+C Gram-positive bacteria)	1831.0
0	66	0.6111921043201306	01KA9R7C22MTRSGF0SVAZ0KQBS.mzML	66	01KA9R6ZQPVNHA4MH5WBN7RN72	67	K463	Murphy Lab UIC			Bacillus sp. (User Submitted 16S)				
0	87	0.0	01KA9R7C22MTRSGF0SVAZ0KQBS.mzML	87	01KA9R7C22MTRSGF0SVAZ0KQBS	88	K651	Murphy Lab UIC			Micromonospora sp. (User Submitted 16S)				
0	97	1.1102230246251563e-15	01KA9R4XXSNR6R8Z38DAYG2YHE.mzML	97	01KA9R4XXSNR6R8Z38DAYG2YHE	98	128A-35	Murphy lab UIC		MK163411	Boseaceae;Bosea;Bosea sp. (in: a-proteobacteria)	Boseaceae	Bosea	Bosea sp. (in: a-proteobacteria)	1871050.0
0	174	0.699035367285577	01KA9R4XXSNR6R8Z38DAYG2YHE.mzML	174	01KA9R59YCGN3XE6KE07CCQ0MJ	175	130A-5	Murphy lab UIC		MK143267	Paenibacillaceae;Paenibacillus;Paenibacillus sp.	Paenibacillaceae	Paenibacillus	Paenibacillus sp.	58172.0
0	154	0.513487227432672	01KABVCR0ZA7R4B4MKVY1Q45YF.mzML	154	01KA9R5NBBZ6XWSWBRZM7AEBBV	155	135A-8	Murphy Lab UIC		MK143180	Pseudonocardiaceae;Saccharomonospora;Saccharomonospora sp.	Pseudonocardiaceae	Saccharomonospora	Saccharomonospora sp.	33913.0
0	2154	0.6999657084070434	01KABVCR0ZA7R4B4MKVY1Q45YF.mzML	2154	01KGRMTANZH4MNAKJ2Q0RTA61H	2155	Bacillus_None_None_NMTD54		M03_09.2\0_I15\1 | M03_09.3\0_K15\1 | M03_09.0\0_I14\1 | M03_09.1\0_K14\1		Bacillaceae;Bacillus;Bacillus atrophaeus	Bacillaceae	Bacillus	Bacillus atrophaeus	1452.0
0	2307	0.6961915437992687	01KABVCR0ZA7R4B4MKVY1Q45YF.mzML	2307	01KGRN8R2FT10139R02VES98C9	2308	Bacillus_None_None_EZ15-07		M03_37.2\0_C16\1 | M03_37.0\0_C15\1 | M03_37.3\0_E16\1 | M03_37.1\0_E15\1		Bacillaceae;Bacillus;Bacillus velezensis	Bacillaceae	Bacillus	Bacillus velezensis	492670.0
0	2734	8.881784197001252e-16	01KABVCR0ZA7R4B4MKVY1Q45YF.mzML	2734	01KABVCR0ZA7R4B4MKVY1Q45YF	2735	A026	Murphy Lab UIC			Saccharomonospora azurea (User Submitted 16S)				
0	2846	0.6978521519809336	01KABVCR0ZA7R4B4MKVY1Q45YF.mzML	2846	01KGR38V87SXS06PRNRDQ36NF7	2847	Bacillus_None_None_GBSW11		M03_05.2\0_H10\1 | M03_05.3\0_F10\1 | M03_05.1\0_H9\1 | M03_05.0\0_F9\1		Bacillaceae;Bacillus;Bacillus velezensis	Bacillaceae	Bacillus	Bacillus velezensis	492670.0
0	96	9.992007221626409e-16	01KA9R6A4PJ1017JDTGNQ06RSQ.mzML	96	01KA9R6A4PJ1017JDTGNQ06RSQ	97	138K-12	Murphy Lab UIC		MK163437	Kytococcaceae;Kytococcus;Kytococcus sp.	Kytococcaceae	Kytococcus	Kytococcus sp.	1871620.0
0	106	0.6728348474592121	01KA9R6A4PJ1017JDTGNQ06RSQ.mzML	106	01KA9R5D7KM81638Y4BKAX5SDK	107	133A-3	Murphy lab UIC		MK143119	Kytococcaceae;Kytococcus;Kytococcus sp.	Kytococcaceae	Kytococcus	Kytococcus sp.	1871620.0
0	179	0.6957096902749077	01KA9R6A4PJ1017JDTGNQ06RSQ.mzML	179	01KA9R5B6H1X8WSG8H2NCCAHJR	180	131A-6	Murphy lab UIC		MK168041	Kytococcaceae;Kytococcus;Kytococcus sp.	Kytococcaceae	Kytococcus	Kytococcus sp.	1871620.0
0	1388	1.6653345369377348e-15	01JVTRKTM7QRNKXDWSFT3ADH9F.mzML	1388	01JVTRKTM7QRNKXDWSFT3ADH9F	1389	LYG008	Murphy Lab UIC		PQ106869.1	Propionibacteriaceae;Microlunatus;Microlunatus sp.	Propionibacteriaceae	Microlunatus	Microlunatus sp.	39595.0
0	1925	0.690365969224738	01JVTRKTM7QRNKXDWSFT3ADH9F.mzML	1925	01KGRMWGYB71785KPHE1MTX3DT	1926	Bacillus_None_None_NMTD81		M03_28.0\0_F19\1 | M03_28.3\0_H20\1 | M03_28.1\0_F20\1 | M03_28.2\0_H19\1		Bacillaceae;Bacillus;Bacillus thuringiensis	Bacillaceae	Bacillus	Bacillus thuringiensis	1428.0
0	2741	0.6932140044610517	01JVTRKTM7QRNKXDWSFT3ADH9F.mzML	2741	01KABVHK5KH3DG3M2BHGF8GKG9	2742	D052	Murphy Lab UIC			Micromonospora sp. (User Submitted 16S)				
0	70	0.5084692630859401	01KA9R7HAP8T2859SKA9XJF8XF.mzML	70	01KA9R7TN3ZPW4SGN9DBW79RR5	71	K779	Murphy Lab UIC			Micromonospora sp. (User Submitted 16S)				
0	95	0.0	01KA9R7HAP8T2859SKA9XJF8XF.mzML	95	01KA9R7HAP8T2859SKA9XJF8XF	96	K699	Murphy Lab UIC			Micromonospora sp. (User Submitted 16S)				
0	113	0.5887419394236674	01KA9R7HAP8T2859SKA9XJF8XF.mzML	113	01KA9R7ABQNYC3ZX35DV6H299V	114	K622	Murphy Lab UIC			Micromonospora sp. (User Submitted 16S)				
0	169	0.6070802054969988	01KA9R7HAP8T2859SKA9XJF8XF.mzML	169	01KA9R61DZ14QDHWGF5AYV69CT	170	138D-1	Murphy Lab UIC		MK143204	Micromonosporaceae;Micromonospora;Micromonospora sp.	Micromonosporaceae	Micromonospora	Micromonospora sp.	1876.0
0	1380	0.6716480668162309	01KA9R7HAP8T2859SKA9XJF8XF.mzML	1380	01JVTRHFKTWPGR04GQT3ZN6Q0R	1381	BM2E001	Murphy Lab UIC			Micromonospora sp. (User Submitted 16S)				
0	1413	0.59708851798731	01KA9R7HAP8T2859SKA9XJF8XF.mzML	1413	01JVTRHW0H4W4HEQ6ZRFSSQ90C	1414	BM6G003A	Murphy Lab UIC		PQ001007	Micromonosporaceae;Micromonospora;Micromonospora sp.	Micromonosporaceae	Micromonospora	Micromonospora sp.	1876.0
0	2706	0.6204329489470151	01KA9R7HAP8T2859SKA9XJF8XF.mzML	2706	01KABVEESWCMN2RCXM1EF85QXF	2707	B012	Murphy Lab UIC		KY858247	Micromonosporaceae;Micromonospora;Micromonospora chokoriensis	Micromonosporaceae	Micromonospora	Micromonospora chokoriensis	356851.0
0	2708	0.5665501322196673	01KA9R7HAP8T2859SKA9XJF8XF.mzML	2708	01KABVG4816P8MNPYHYEXFA5N3	2709	B031	Murphy Lab UIC			Micromonospora sp. (User Submitted 16S)				
0	2709	0.5709418348394831	01KA9R7HAP8T2859SKA9XJF8XF.mzML	2709	01KABVDCX3YBV83W778NE5P4RC	2710	B001	Murphy Lab UIC		KY858238	Micromonosporaceae;Micromonospora;Micromonospora chokoriensis	Micromonosporaceae	Micromonospora	Micromonospora chokoriensis	356851.0
0	2721	0.5890073528495549	01KA9R7HAP8T2859SKA9XJF8XF.mzML	2721	01KABVDN5VSH8NWZF4KK71B36P	2722	B002	Murphy Lab UIC			Micromonospora chokoriensis (User Submitted 16S)				
0	2739	0.44808027339532	01KA9R7HAP8T2859SKA9XJF8XF.mzML	2739	01KABVG79A32Y6M4JVM4ZYZKAF	2740	B032	Murphy Lab UIC			Micromonospora sp. (User Submitted 16S)				
0	2742	0.5877742488270903	01KA9R7HAP8T2859SKA9XJF8XF.mzML	2742	01KABVFFZ7EDYKQM4J5YDVYVC2	2743	B022	Murphy Lab UIC		KY858245	Micromonosporaceae;Micromonospora;Micromonospora chokoriensis	Micromonosporaceae	Micromonospora	Micromonospora chokoriensis	356851.0
0	3300	0.6750550422160307	01KA9R7HAP8T2859SKA9XJF8XF.mzML	3300	01KAEM4G4PJG4A8B33NFAZYAXJ	3301	WMMA1946	Bugni Lab UW-Madison		KY015116	Micromonosporaceae;Micromonospora;Micromonospora sp.	Micromonosporaceae	Micromonospora	Micromonospora sp.	1876.0
0	3301	0.6662594796669925	01KA9R7HAP8T2859SKA9XJF8XF.mzML	3301	01KAEM602WQS98CMQA0MFX7V2X	3302	WMMA2015	Bugni Lab UW-Madison		KY015165	Micromonosporaceae;Micromonospora;Micromonospora sp.	Micromonosporaceae	Micromonospora	Micromonospora sp.	1876.0
0	3308	0.6578078271888455	01KA9R7HAP8T2859SKA9XJF8XF.mzML	3308	01KAEM593HP01GV0WN7D01VJAA	3309	WMMA1975	Bugni Lab UW-Madison		KY015138	Micromonosporaceae;Micromonospora;Micromonospora sp.	Micromonosporaceae	Micromonospora	Micromonospora sp.	1876.0
0	3315	0.696905907830367	01KA9R7HAP8T2859SKA9XJF8XF.mzML	3315	01KAEM5KGN4MB93ZQRX9N6WNQ0	3316	WMMA1997	Bugni Lab UW-Madison		KY015149	Micromonosporaceae;Micromonospora;Micromonospora sp.	Micromonosporaceae	Micromonospora	Micromonospora sp.	1876.0
0	3342	0.6828830599597385	01KA9R7HAP8T2859SKA9XJF8XF.mzML	3342	01KAEM5205V182ZMYH4GWWT75N	3343	WMMA1968	Bugni Lab UW-Madison		KY015132	Micromonosporaceae;Micromonospora;Micromonospora sp.	Micromonosporaceae	Micromonospora	Micromonospora sp.	1876.0
0	3393	0.6688650582461138	01KA9R7HAP8T2859SKA9XJF8XF.mzML	3393	01KAEM4TJRGRVG070WBFP4E5CW	3394	WMMA1958	Bugni Lab UW-Madison		KY015126	Micromonosporaceae;Micromonospora;Micromonospora sp.	Micromonosporaceae	Micromonospora	Micromonospora sp.	1876.0
0	96	0.6728348474592121	01KA9R5D7KM81638Y4BKAX5SDK.mzML	96	01KA9R6A4PJ1017JDTGNQ06RSQ	97	138K-12	Murphy Lab UIC		MK163437	Kytococcaceae;Kytococcus;Kytococcus sp.	Kytococcaceae	Kytococcus	Kytococcus sp.	1871620.0
0	106	0.0	01KA9R5D7KM81638Y4BKAX5SDK.mzML	106	01KA9R5D7KM81638Y4BKAX5SDK	107	133A-3	Murphy lab UIC		MK143119	Kytococcaceae;Kytococcus;Kytococcus sp.	Kytococcaceae	Kytococcus	Kytococcus sp.	1871620.0
0	179	0.6205266807797944	01KA9R5D7KM81638Y4BKAX5SDK.mzML	179	01KA9R5B6H1X8WSG8H2NCCAHJR	180	131A-6	Murphy lab UIC		MK168041	Kytococcaceae;Kytococcus;Kytococcus sp.	Kytococcaceae	Kytococcus	Kytococcus sp.	1871620.0
0	105	0.0	01KA9R431DPY96M2PJ01R0726H.mzML	105	01KA9R431DPY96M2PJ01R0726H	106	114B-8	Murphy lab UIC		MK143173	Intrasporangiaceae;Knoellia;Knoellia sp.	Intrasporangiaceae	Knoellia	Knoellia sp.	1912358.0
0	116	0.0	01KA9R4J2G8Q76HED26K40CYYR.mzML	116	01KA9R4J2G8Q76HED26K40CYYR	117	119A-10	Murphy Lab UIC		MK168025	Micrococcaceae;Arthrobacter;Arthrobacter sp.	Micrococcaceae	Arthrobacter	Arthrobacter sp.	1667.0
0	73	0.6121140883475926	01KABVDV9YX1DD0E5NB194KTP9.mzML	73	01KA9R7X14AF8YZA67AFG150N1	74	K792	Murphy Lab UIC			Micromonospora sp. (User Submitted 16S)				
0	137	0.6057977453253982	01KABVDV9YX1DD0E5NB194KTP9.mzML	137	01KA9R502EM598QFY0NAMWQ4BH	138	129A-2	Murphy Lab UIC		MK168033	Micromonosporaceae;Micromonospora;Micromonospora sp.	Micromonosporaceae	Micromonospora	Micromonospora sp.	1876.0
0	151	0.5832151802991521	01KABVDV9YX1DD0E5NB194KTP9.mzML	151	01KA9R7W1N77QNBT9ACTE879WS	152	K787	Murphy Lab UIC			Micromonospora sp. (User Submitted 16S)				
0	187	0.5709576798598557	01KABVDV9YX1DD0E5NB194KTP9.mzML	187	01KA9R7XZV024CS7CNYVBDDZCV	188	K806	Murphy Lab UIC			Micromonospora sp. (User Submitted 16S)				
0	2705	0.6144625892515707	01KABVDV9YX1DD0E5NB194KTP9.mzML	2705	01KABVD7EDZHRJHR0K1NTXK7ZH	2706	A040	Murphy Lab UIC			Micromonospora sp. (User Submitted 16S)				
0	2707	0.5819769616510349	01KABVDV9YX1DD0E5NB194KTP9.mzML	2707	01KABVEM6E13AXGMH5NS3GEVFW	2708	B013	Murphy Lab UIC			Micromonospora tulbaghiae (User Submitted 16S)				
0	2710	0.6116381015959546	01KABVDV9YX1DD0E5NB194KTP9.mzML	2710	01KABVJD25776HYCW46YPZ6JJZ	2711	D077	Murphy Lab UIC			Micromonospora humi (User Submitted 16S)				
0	2713	0.4128225937004076	01KABVDV9YX1DD0E5NB194KTP9.mzML	2713	01KABVFVY7F65NR3CH41M8RZCG	2714	B026	Murphy Lab UIC		KP009553	Micromonosporaceae;Micromonospora;Micromonospora sp. B026	Micromonosporaceae	Micromonospora	Micromonospora sp. B026	1611404.0
0	2718	0.5412966162880557	01KABVDV9YX1DD0E5NB194KTP9.mzML	2718	01KABVHQM4Z8DQH3VK01W7KJK4	2719	D053	Murphy Lab UIC			Micromonospora sp. (User Submitted 16S)				
0	2719	0.6564352522115886	01KABVDV9YX1DD0E5NB194KTP9.mzML	2719	01KABVCZE33AHJJWTSS5QD65NE	2720	A039	Murphy Lab UIC			Verrucosispora sp. (User Submitted 16S)				
0	2724	0.5200655475466622	01KABVDV9YX1DD0E5NB194KTP9.mzML	2724	01KABVESM7KWN3EQNV18Z6SQQS	2725	B016	Murphy Lab UIC			Micromonospora sp. (User Submitted 16S)				
0	2728	0.6154078360435922	01KABVDV9YX1DD0E5NB194KTP9.mzML	2728	01KABVF7F49ZNFGTHS37N5M3HY	2729	B019	Murphy Lab UIC			Micromonospora tulbaghiae (User Submitted 16S)				
0	2731	0.519263526475046	01KABVDV9YX1DD0E5NB194KTP9.mzML	2731	01KABVHZ2N5BMEDR5SWJC9NPKY	2732	D054	Murphy Lab UIC			Micromonospora sp. (User Submitted 16S)				
0	2732	0.0	01KABVDV9YX1DD0E5NB194KTP9.mzML	2732	01KABVDV9YX1DD0E5NB194KTP9	2733	B006	Murphy Lab UIC			Micromonospora sp. (User Submitted 16S)				
0	2739	0.657566374325629	01KABVDV9YX1DD0E5NB194KTP9.mzML	2739	01KABVG79A32Y6M4JVM4ZYZKAF	2740	B032	Murphy Lab UIC			Micromonospora sp. (User Submitted 16S)				
0	2741	0.6973468718331828	01KABVDV9YX1DD0E5NB194KTP9.mzML	2741	01KABVHK5KH3DG3M2BHGF8GKG9	2742	D052	Murphy Lab UIC			Micromonospora sp. (User Submitted 16S)				
0	3263	0.6661059200231139	01KABVDV9YX1DD0E5NB194KTP9.mzML	3263	01KAEM3HY3WCGA3TTFZ44KREBQ	3264	WMMA1893	Bugni Lab UW-Madison		KY015089	Micromonosporaceae;Micromonospora;Micromonospora sp.	Micromonosporaceae	Micromonospora	Micromonospora sp.	1876.0
0	3264	0.5966410869976808	01KABVDV9YX1DD0E5NB194KTP9.mzML	3264	01KAEM3SQBAZ7X3W5WJJH4KSP6	3265	WMMA1899	Bugni Lab UW-Madison		KY015095	Micromonosporaceae;Micromonospora;Micromonospora sp.	Micromonosporaceae	Micromonospora	Micromonospora sp.	1876.0
0	3268	0.6325457339320635	01KABVDV9YX1DD0E5NB194KTP9.mzML	3268	01KAEM4RZWT59RYBJ73N3S4YC4	3269	WMMA1957	Bugni Lab UW-Madison		KY015125	Micromonosporaceae;Micromonospora;Micromonospora sp.	Micromonosporaceae	Micromonospora	Micromonospora sp.	1876.0
0	3278	0.6973908467154901	01KABVDV9YX1DD0E5NB194KTP9.mzML	3278	01KAEM508G22MZD67XTZRBW5H9	3279	WMMA1967	Bugni Lab UW-Madison		KY015131	Micromonosporaceae;Micromonospora;Micromonospora sp.	Micromonosporaceae	Micromonospora	Micromonospora sp.	1876.0
0	3281	0.6459807944608463	01KABVDV9YX1DD0E5NB194KTP9.mzML	3281	01KAEM3GCHVFR3A64QED3YRD5V	3282	WMMA1892	Bugni Lab UW-Madison		KY015088	Micromonosporaceae;Micromonospora;Micromonospora sp.	Micromonosporaceae	Micromonospora	Micromonospora sp.	1876.0
0	3282	0.5595211248373937	01KABVDV9YX1DD0E5NB194KTP9.mzML	3282	01KAEM5T6BQE9HNWMP8SHK8KYM	3283	WMMA2010	Bugni Lab UW-Madison		KY015160	Micromonosporaceae;Micromonospora;Micromonospora sp.	Micromonosporaceae	Micromonospora	Micromonospora sp.	1876.0
0	3283	0.5795886061723106	01KABVDV9YX1DD0E5NB194KTP9.mzML	3283	01KAEM3FDP54J4SWP2ABA5W8T2	3284	WMMA1891	Bugni Lab UW-Madison		KY015087	Micromonosporaceae;Micromonospora;Micromonospora sp.	Micromonosporaceae	Micromonospora	Micromonospora sp.	1876.0
0	3284	0.679642265211476	01KABVDV9YX1DD0E5NB194KTP9.mzML	3284	01KAEM5ET506087KW4WS7FGCGY	3285	WMMA1991	Bugni Lab UW-Madison		KY015145	Micromonosporaceae;Micromonospora;Micromonospora sp.	Micromonosporaceae	Micromonospora	Micromonospora sp.	1876.0
0	3285	0.5878660892208607	01KABVDV9YX1DD0E5NB194KTP9.mzML	3285	01KAEM3P2DNFWBMCQCVR1ERR3R	3286	WMMA1896	Bugni Lab UW-Madison		KY015092	Micromonosporaceae;Micromonospora;Micromonospora sp.	Micromonosporaceae	Micromonospora	Micromonospora sp.	1876.0
0	3286	0.5883915846301171	01KABVDV9YX1DD0E5NB194KTP9.mzML	3286	01KAEM4QBT90QGWRQW6NFRRB4P	3287	WMMA1953	Bugni Lab UW-Madison		KY015122	Micromonosporaceae;Micromonospora;Micromonospora sp.	Micromonosporaceae	Micromonospora	Micromonospora sp.	1876.0
0	3287	0.6900619814061979	01KABVDV9YX1DD0E5NB194KTP9.mzML	3287	01KAEM534PSTRZA2N2A3QBBXFG	3288	WMMA1970	Bugni Lab UW-Madison		KY015134	Micromonosporaceae;Micromonospora;Micromonospora sp.	Micromonosporaceae	Micromonospora	Micromonospora sp.	1876.0
0	3291	0.6306924156991973	01KABVDV9YX1DD0E5NB194KTP9.mzML	3291	01KAEM55CGM34NAP9Z3BTE1PX5	3292	WMMA1973	Bugni Lab UW-Madison		KY015136	Micromonosporaceae;Micromonospora;Micromonospora sp.	Micromonosporaceae	Micromonospora	Micromonospora sp.	1876.0
0	3293	0.6388481756325984	01KABVDV9YX1DD0E5NB194KTP9.mzML	3293	01KAEM54RC9X0V603SHKQ78NMH	3294	WMMA1971	Bugni Lab UW-Madison		KY015135	Micromonosporaceae;Micromonospora;Micromonospora sp.	Micromonosporaceae	Micromonospora	Micromonospora sp.	1876.0
0	3294	0.6330693795119162	01KABVDV9YX1DD0E5NB194KTP9.mzML	3294	01KAEM4C39Q7TJA83NNGAHPZC5	3295	WMMA1922	Bugni Lab UW-Madison		KY015109	Micromonosporaceae;Micromonospora;Micromonospora sp.	Micromonosporaceae	Micromonospora	Micromonospora sp.	1876.0
0	3295	0.6886120714975319	01KABVDV9YX1DD0E5NB194KTP9.mzML	3295	01KAEM5BWQ2AJE02GTW8QEQRNN	3296	WMMA1979	Bugni Lab UW-Madison		KY015142	Micromonosporaceae;Micromonospora;Micromonospora sp.	Micromonosporaceae	Micromonospora	Micromonospora sp.	1876.0
0	3297	0.689781659349535	01KABVDV9YX1DD0E5NB194KTP9.mzML	3297	01KAEM3WD006ZECTX2XF08AQX4	3298	WMMA1901	Bugni Lab UW-Madison		KY015097	Micromonosporaceae;Micromonospora;Micromonospora sp.	Micromonosporaceae	Micromonospora	Micromonospora sp.	1876.0
0	3298	0.6276570382971456	01KABVDV9YX1DD0E5NB194KTP9.mzML	3298	01KAEM3EEN63NJAYA68GJG5X8N	3299	WMMA1890	Bugni Lab UW-Madison		KY015086	Micromonosporaceae;Micromonospora;Micromonospora sp.	Micromonosporaceae	Micromonospora	Micromonospora sp.	1876.0
0	3307	0.6930995979602097	01KABVDV9YX1DD0E5NB194KTP9.mzML	3307	01KAEM76RD1J3CQ3NMD1PREQ2M	3308	WMMD956	Bugni Lab UW-Madison		GCA_029626125.1	Micromonosporaceae;Micromonospora;Micromonospora sp. WMMD956	Micromonosporaceae	Micromonospora	Micromonospora sp. WMMD956	3016108.0
0	3312	0.6496312661761616	01KABVDV9YX1DD0E5NB194KTP9.mzML	3312	01KAEM5WFA9RC0C5P7RBFY1W65	3313	WMMA2012	Bugni Lab UW-Madison		KY015162	Micromonosporaceae;Micromonospora;Micromonospora sp.	Micromonosporaceae	Micromonospora	Micromonospora sp.	1876.0
0	3315	0.6483427583917487	01KABVDV9YX1DD0E5NB194KTP9.mzML	3315	01KAEM5KGN4MB93ZQRX9N6WNQ0	3316	WMMA1997	Bugni Lab UW-Madison		KY015149	Micromonosporaceae;Micromonospora;Micromonospora sp.	Micromonosporaceae	Micromonospora	Micromonospora sp.	1876.0
0	3317	0.6430074524350082	01KABVDV9YX1DD0E5NB194KTP9.mzML	3317	01KAEM3K0BBGPKMN4XBHG3S5QC	3318	WMMA1894	Bugni Lab UW-Madison		KY015090	Micromonosporaceae;Micromonospora;Micromonospora sp.	Micromonosporaceae	Micromonospora	Micromonospora sp.	1876.0
0	3320	0.6122820570930039	01KABVDV9YX1DD0E5NB194KTP9.mzML	3320	01KAEM4Y4Y9D5TMCEYK5X2V9W5	3321	WMMA1962	Bugni Lab UW-Madison		KY015129	Micromonosporaceae;Micromonospora;Micromonospora sp.	Micromonosporaceae	Micromonospora	Micromonospora sp.	1876.0
0	3322	0.6103742279823456	01KABVDV9YX1DD0E5NB194KTP9.mzML	3322	01KAEM49Q453FHQAVKFBP400QK	3323	WMMA1915	Bugni Lab UW-Madison		KY015107	Micromonosporaceae;Micromonospora;Micromonospora sp.	Micromonosporaceae	Micromonospora	Micromonospora sp.	1876.0
0	3326	0.6243472579916429	01KABVDV9YX1DD0E5NB194KTP9.mzML	3326	01KAEM4EH07MZM8TEJ5V1C4AJH	3327	WMMA1933	Bugni Lab UW-Madison		KY015114	Micromonosporaceae;Micromonospora;Micromonospora sp.	Micromonosporaceae	Micromonospora	Micromonospora sp.	1876.0
0	3328	0.634540049239652	01KABVDV9YX1DD0E5NB194KTP9.mzML	3328	01KAEM5M26TC6XKN2V0XVGZXDT	3329	WMMA1998	Bugni Lab UW-Madison		GCA_027497375.1	Micromonosporaceae;Micromonospora;Micromonospora sp. WMMA1998	Micromonosporaceae	Micromonospora	Micromonospora sp. WMMA1998	3015167.0
0	3336	0.6764755549448929	01KABVDV9YX1DD0E5NB194KTP9.mzML	3336	01KAEM4YRDVQRFW8A4DXKKD2V6	3337	WMMA1966	Bugni Lab UW-Madison		KY015130	Micromonosporaceae;Micromonospora;Micromonospora sp.	Micromonosporaceae	Micromonospora	Micromonospora sp.	1876.0
0	3339	0.6209954284038162	01KABVDV9YX1DD0E5NB194KTP9.mzML	3339	01KAEM4X2N3RQREDD19HEP5E8V	3340	WMMA1961	Bugni Lab UW-Madison		KY015128	Micromonosporaceae;Micromonospora;Micromonospora sp.	Micromonosporaceae	Micromonospora	Micromonospora sp.	1876.0
0	3342	0.6467901802394114	01KABVDV9YX1DD0E5NB194KTP9.mzML	3342	01KAEM5205V182ZMYH4GWWT75N	3343	WMMA1968	Bugni Lab UW-Madison		KY015132	Micromonosporaceae;Micromonospora;Micromonospora sp.	Micromonosporaceae	Micromonospora	Micromonospora sp.	1876.0
0	3344	0.6950186202391582	01KABVDV9YX1DD0E5NB194KTP9.mzML	3344	01KAEM4P38YMP6KNFDYQ3V7F8P	3345	WMMA1951	Bugni Lab UW-Madison		KY015121	Micromonosporaceae;Micromonospora;Micromonospora sp.	Micromonosporaceae	Micromonospora	Micromonospora sp.	1876.0
0	3346	0.6131731181828877	01KABVDV9YX1DD0E5NB194KTP9.mzML	3346	01KAEM3BS403H999QG5SZN44QM	3347	WMMA1888	Bugni Lab UW-Madison		KY015084	Micromonosporaceae;Micromonospora;Micromonospora sp.	Micromonosporaceae	Micromonospora	Micromonospora sp.	1876.0
0	3350	0.6859676406774478	01KABVDV9YX1DD0E5NB194KTP9.mzML	3350	01KAEM67QMVDGEV5X50WSKPQT7	3351	WMMA2052	Bugni Lab UW-Madison		KY015211	Micromonosporaceae;Micromonospora;Verrucosispora sp.	Micromonosporaceae	Micromonospora	Verrucosispora sp.	1871626.0
0	3352	0.6687054217754606	01KABVDV9YX1DD0E5NB194KTP9.mzML	3352	01KAEM5E4JEXW276KERE0VYFY9	3353	WMMA1990	Bugni Lab UW-Madison		KY015144	Micromonosporaceae;Micromonospora;Micromonospora sp.	Micromonosporaceae	Micromonospora	Micromonospora sp.	1876.0
0	3354	0.6222660634397961	01KABVDV9YX1DD0E5NB194KTP9.mzML	3354	01KAEM5PNP17Q7E8JX165MHQQY	3355	WMMA2002	Bugni Lab UW-Madison		KY015152	Micromonosporaceae;Micromonospora;Micromonospora sp.	Micromonosporaceae	Micromonospora	Micromonospora sp.	1876.0
0	3356	0.5998891506144715	01KABVDV9YX1DD0E5NB194KTP9.mzML	3356	01KAEM408ZA2PQ0BK2539EZR6P	3357	WMMA1906	Bugni Lab UW-Madison		KY015100	Micromonosporaceae;Micromonospora;Micromonospora sp.	Micromonosporaceae	Micromonospora	Micromonospora sp.	1876.0
0	3357	0.64659953704509	01KABVDV9YX1DD0E5NB194KTP9.mzML	3357	01KAEM4QX8P6CM7CR3ERAQCQYR	3358	WMMA1954	Bugni Lab UW-Madison		KY015123	Micromonosporaceae;Micromonospora;Micromonospora sp.	Micromonosporaceae	Micromonospora	Micromonospora sp.	1876.0
0	3358	0.6924007063018518	01KABVDV9YX1DD0E5NB194KTP9.mzML	3358	01KAEM4H40HZXRMJF18AY3H26J	3359	WMMA1947	Bugni Lab UW-Madison		GCA_027497355.1	Micromonosporaceae;Micromonospora;Micromonospora sp. WMMA1947	Micromonosporaceae	Micromonospora	Micromonospora sp. WMMA1947	3015163.0
0	3359	0.6910662128616699	01KABVDV9YX1DD0E5NB194KTP9.mzML	3359	01KAEM41JWBRC8JRJDJS3R8KTM	3360	WMMA1907	Bugni Lab UW-Madison		KY015101	Micromonosporaceae;Micromonospora;Micromonospora sp.	Micromonosporaceae	Micromonospora	Micromonospora sp.	1876.0
0	3360	0.6721662073347755	01KABVDV9YX1DD0E5NB194KTP9.mzML	3360	01KAEM3XJA57D9PNJXD4BX4JG8	3361	WMMA1902	Bugni Lab UW-Madison		KY015098	Micromonosporaceae;Micromonospora;Micromonospora sp.	Micromonosporaceae	Micromonospora	Micromonospora sp.	1876.0
0	3361	0.6709823874391998	01KABVDV9YX1DD0E5NB194KTP9.mzML	3361	01KAEM4MZ0STYBJZRVJCMRHRHM	3362	WMMA1950	Bugni Lab UW-Madison		KY015120	Micromonosporaceae;Micromonospora;Micromonospora sp.	Micromonosporaceae	Micromonospora	Micromonospora sp.	1876.0
0	3362	0.6685701166531258	01KABVDV9YX1DD0E5NB194KTP9.mzML	3362	01KAEM3D3SH04RPDFYPDC7XBV9	3363	WMMA1889	Bugni Lab UW-Madison		KY015085	Micromonosporaceae;Micromonospora;Micromonospora sp.	Micromonosporaceae	Micromonospora	Micromonospora sp.	1876.0
0	3364	0.6779557525712279	01KABVDV9YX1DD0E5NB194KTP9.mzML	3364	01KAEM494KD1PZ6DBHH3QVBZ7H	3365	WMMA1914	Bugni Lab UW-Madison		KY015106	Micromonosporaceae;Micromonospora;Micromonospora sp.	Micromonosporaceae	Micromonospora	Micromonospora sp.	1876.0
0	3366	0.6950186202391582	01KABVDV9YX1DD0E5NB194KTP9.mzML	3366	01KAEM6J49DY9JAC8443R0WT0T	3367	WMMC264	Bugni Lab UW-Madison		GCA_027497275.1	Micromonosporaceae;Micromonospora;Micromonospora sp. WMMC264	Micromonosporaceae	Micromonospora	Micromonospora sp. WMMC264	3015158.0
0	3368	0.595594443681116	01KABVDV9YX1DD0E5NB194KTP9.mzML	3368	01KAEM3YN0X4TRWCETMSC3Y6NH	3369	WMMA1903	Bugni Lab UW-Madison		KY015099	Micromonosporaceae;Micromonospora;Micromonospora sp.	Micromonosporaceae	Micromonospora	Micromonospora sp.	1876.0
0	3372	0.6483488424797013	01KABVDV9YX1DD0E5NB194KTP9.mzML	3372	01KAEM5BD7XFT4R419PNECS3A4	3373	WMMA1978	Bugni Lab UW-Madison		KY015141	Micromonosporaceae;Micromonospora;Micromonospora sp.	Micromonosporaceae	Micromonospora	Micromonospora sp.	1876.0
0	3375	0.6623043468979808	01KABVDV9YX1DD0E5NB194KTP9.mzML	3375	01KAEM5N4P95CJEBQZSQQMJ3PS	3376	WMMA2000	Bugni Lab UW-Madison		KY015151	Micromonosporaceae;Micromonospora;Micromonospora sp.	Micromonosporaceae	Micromonospora	Micromonospora sp.	1876.0
0	3378	0.6212229904607154	01KABVDV9YX1DD0E5NB194KTP9.mzML	3378	01KAEM5HTGWKNPX6JFTCCHRT4J	3379	WMMA1994	Bugni Lab UW-Madison		KY015147	Micromonosporaceae;Micromonospora;Micromonospora sp.	Micromonosporaceae	Micromonospora	Micromonospora sp.	1876.0
0	3380	0.5802474423147717	01KABVDV9YX1DD0E5NB194KTP9.mzML	3380	01KAEM4JNM5NDJXN1M7CNDYZZW	3381	WMMA1948	Bugni Lab UW-Madison		KY015118	Micromonosporaceae;Micromonospora;Micromonospora sp.	Micromonosporaceae	Micromonospora	Micromonospora sp.	1876.0
0	3383	0.6253328083826006	01KABVDV9YX1DD0E5NB194KTP9.mzML	3383	01KAEM3TSH7CBH380QZRNC80F8	3384	WMMA1900	Bugni Lab UW-Madison		KY015096	Micromonosporaceae;Micromonospora;Micromonospora sp.	Micromonosporaceae	Micromonospora	Micromonospora sp.	1876.0
0	3387	0.6145772131312404	01KABVDV9YX1DD0E5NB194KTP9.mzML	3387	01KAEM5YZMDJ3MRYGR1XAYSX97	3388	WMMA2014	Bugni Lab UW-Madison		KY015164	Micromonosporaceae;Micromonospora;Micromonospora sp.	Micromonosporaceae	Micromonospora	Micromonospora sp.	1876.0
0	3388	0.6828095901551233	01KABVDV9YX1DD0E5NB194KTP9.mzML	3388	01KAEM56WE97RAE73ZSFTS62BK	3389	WMMA1974	Bugni Lab UW-Madison		KY015137	Micromonosporaceae;Micromonospora;Micromonospora sp.	Micromonosporaceae	Micromonospora	Micromonospora sp.	1876.0
0	3391	0.6630645478858708	01KABVDV9YX1DD0E5NB194KTP9.mzML	3391	01KAEM472SBYDQV56GT196J2V7	3392	WMMA1910	Bugni Lab UW-Madison		KY015103	Micromonosporaceae;Micromonospora;Micromonospora sp.	Micromonosporaceae	Micromonospora	Micromonospora sp.	1876.0
0	64	0.6289839958198656	01KABVHZ2N5BMEDR5SWJC9NPKY.mzML	64	01KA9R5135AXBXG68M163YJ1D9	65	129A-35	Murphy Lab UIC		MK168037	Micromonosporaceae;Micromonospora;Micromonospora sp.	Micromonosporaceae	Micromonospora	Micromonospora sp.	1876.0
0	73	0.6627070389466443	01KABVHZ2N5BMEDR5SWJC9NPKY.mzML	73	01KA9R7X14AF8YZA67AFG150N1	74	K792	Murphy Lab UIC			Micromonospora sp. (User Submitted 16S)				
0	137	0.5902334882666684	01KABVHZ2N5BMEDR5SWJC9NPKY.mzML	137	01KA9R502EM598QFY0NAMWQ4BH	138	129A-2	Murphy Lab UIC		MK168033	Micromonosporaceae;Micromonospora;Micromonospora sp.	Micromonosporaceae	Micromonospora	Micromonospora sp.	1876.0
0	151	0.5996094167710846	01KABVHZ2N5BMEDR5SWJC9NPKY.mzML	151	01KA9R7W1N77QNBT9ACTE879WS	152	K787	Murphy Lab UIC			Micromonospora sp. (User Submitted 16S)				
0	187	0.5647385603129531	01KABVHZ2N5BMEDR5SWJC9NPKY.mzML	187	01KA9R7XZV024CS7CNYVBDDZCV	188	K806	Murphy Lab UIC			Micromonospora sp. (User Submitted 16S)				
0	2705	0.5529989585023056	01KABVHZ2N5BMEDR5SWJC9NPKY.mzML	2705	01KABVD7EDZHRJHR0K1NTXK7ZH	2706	A040	Murphy Lab UIC			Micromonospora sp. (User Submitted 16S)				
0	2707	0.5887685531877672	01KABVHZ2N5BMEDR5SWJC9NPKY.mzML	2707	01KABVEM6E13AXGMH5NS3GEVFW	2708	B013	Murphy Lab UIC			Micromonospora tulbaghiae (User Submitted 16S)				
0	2710	0.6118311912221642	01KABVHZ2N5BMEDR5SWJC9NPKY.mzML	2710	01KABVJD25776HYCW46YPZ6JJZ	2711	D077	Murphy Lab UIC			Micromonospora humi (User Submitted 16S)				
0	2713	0.5327931375541826	01KABVHZ2N5BMEDR5SWJC9NPKY.mzML	2713	01KABVFVY7F65NR3CH41M8RZCG	2714	B026	Murphy Lab UIC		KP009553	Micromonosporaceae;Micromonospora;Micromonospora sp. B026	Micromonosporaceae	Micromonospora	Micromonospora sp. B026	1611404.0
0	2718	0.4985589917667925	01KABVHZ2N5BMEDR5SWJC9NPKY.mzML	2718	01KABVHQM4Z8DQH3VK01W7KJK4	2719	D053	Murphy Lab UIC			Micromonospora sp. (User Submitted 16S)				
0	2724	0.5792716539963545	01KABVHZ2N5BMEDR5SWJC9NPKY.mzML	2724	01KABVESM7KWN3EQNV18Z6SQQS	2725	B016	Murphy Lab UIC			Micromonospora sp. (User Submitted 16S)				
0	2731	0.0	01KABVHZ2N5BMEDR5SWJC9NPKY.mzML	2731	01KABVHZ2N5BMEDR5SWJC9NPKY	2732	D054	Murphy Lab UIC			Micromonospora sp. (User Submitted 16S)				
0	2732	0.519263526475046	01KABVHZ2N5BMEDR5SWJC9NPKY.mzML	2732	01KABVDV9YX1DD0E5NB194KTP9	2733	B006	Murphy Lab UIC			Micromonospora sp. (User Submitted 16S)				
0	2741	0.6356006514194877	01KABVHZ2N5BMEDR5SWJC9NPKY.mzML	2741	01KABVHK5KH3DG3M2BHGF8GKG9	2742	D052	Murphy Lab UIC			Micromonospora sp. (User Submitted 16S)				
0	3264	0.6692134764325752	01KABVHZ2N5BMEDR5SWJC9NPKY.mzML	3264	01KAEM3SQBAZ7X3W5WJJH4KSP6	3265	WMMA1899	Bugni Lab UW-Madison		KY015095	Micromonosporaceae;Micromonospora;Micromonospora sp.	Micromonosporaceae	Micromonospora	Micromonospora sp.	1876.0
0	3267	0.659623475343865	01KABVHZ2N5BMEDR5SWJC9NPKY.mzML	3267	01KAEM47QA3Y8X528R3ZP2FQ93	3268	WMMA1912	Bugni Lab UW-Madison		KY015104	Micromonosporaceae;Micromonospora;Micromonospora sp.	Micromonosporaceae	Micromonospora	Micromonospora sp.	1876.0
0	3268	0.6730428893662463	01KABVHZ2N5BMEDR5SWJC9NPKY.mzML	3268	01KAEM4RZWT59RYBJ73N3S4YC4	3269	WMMA1957	Bugni Lab UW-Madison		KY015125	Micromonosporaceae;Micromonospora;Micromonospora sp.	Micromonosporaceae	Micromonospora	Micromonospora sp.	1876.0
0	3278	0.6733446050153167	01KABVHZ2N5BMEDR5SWJC9NPKY.mzML	3278	01KAEM508G22MZD67XTZRBW5H9	3279	WMMA1967	Bugni Lab UW-Madison		KY015131	Micromonosporaceae;Micromonospora;Micromonospora sp.	Micromonosporaceae	Micromonospora	Micromonospora sp.	1876.0
0	3281	0.684262999019414	01KABVHZ2N5BMEDR5SWJC9NPKY.mzML	3281	01KAEM3GCHVFR3A64QED3YRD5V	3282	WMMA1892	Bugni Lab UW-Madison		KY015088	Micromonosporaceae;Micromonospora;Micromonospora sp.	Micromonosporaceae	Micromonospora	Micromonospora sp.	1876.0
0	3283	0.6715113650487088	01KABVHZ2N5BMEDR5SWJC9NPKY.mzML	3283	01KAEM3FDP54J4SWP2ABA5W8T2	3284	WMMA1891	Bugni Lab UW-Madison		KY015087	Micromonosporaceae;Micromonospora;Micromonospora sp.	Micromonosporaceae	Micromonospora	Micromonospora sp.	1876.0
0	3285	0.6959215003804311	01KABVHZ2N5BMEDR5SWJC9NPKY.mzML	3285	01KAEM3P2DNFWBMCQCVR1ERR3R	3286	WMMA1896	Bugni Lab UW-Madison		KY015092	Micromonosporaceae;Micromonospora;Micromonospora sp.	Micromonosporaceae	Micromonospora	Micromonospora sp.	1876.0
0	3286	0.6508085092739199	01KABVHZ2N5BMEDR5SWJC9NPKY.mzML	3286	01KAEM4QBT90QGWRQW6NFRRB4P	3287	WMMA1953	Bugni Lab UW-Madison		KY015122	Micromonosporaceae;Micromonospora;Micromonospora sp.	Micromonosporaceae	Micromonospora	Micromonospora sp.	1876.0
0	3291	0.6925859874362588	01KABVHZ2N5BMEDR5SWJC9NPKY.mzML	3291	01KAEM55CGM34NAP9Z3BTE1PX5	3292	WMMA1973	Bugni Lab UW-Madison		KY015136	Micromonosporaceae;Micromonospora;Micromonospora sp.	Micromonosporaceae	Micromonospora	Micromonospora sp.	1876.0
0	3294	0.6550584626362946	01KABVHZ2N5BMEDR5SWJC9NPKY.mzML	3294	01KAEM4C39Q7TJA83NNGAHPZC5	3295	WMMA1922	Bugni Lab UW-Madison		KY015109	Micromonosporaceae;Micromonospora;Micromonospora sp.	Micromonosporaceae	Micromonospora	Micromonospora sp.	1876.0
0	3295	0.6489982153304702	01KABVHZ2N5BMEDR5SWJC9NPKY.mzML	3295	01KAEM5BWQ2AJE02GTW8QEQRNN	3296	WMMA1979	Bugni Lab UW-Madison		KY015142	Micromonosporaceae;Micromonospora;Micromonospora sp.	Micromonosporaceae	Micromonospora	Micromonospora sp.	1876.0
0	3297	0.6730233093374457	01KABVHZ2N5BMEDR5SWJC9NPKY.mzML	3297	01KAEM3WD006ZECTX2XF08AQX4	3298	WMMA1901	Bugni Lab UW-Madison		KY015097	Micromonosporaceae;Micromonospora;Micromonospora sp.	Micromonosporaceae	Micromonospora	Micromonospora sp.	1876.0
0	3320	0.6550124734970509	01KABVHZ2N5BMEDR5SWJC9NPKY.mzML	3320	01KAEM4Y4Y9D5TMCEYK5X2V9W5	3321	WMMA1962	Bugni Lab UW-Madison		KY015129	Micromonosporaceae;Micromonospora;Micromonospora sp.	Micromonosporaceae	Micromonospora	Micromonospora sp.	1876.0
0	3322	0.6909139276624421	01KABVHZ2N5BMEDR5SWJC9NPKY.mzML	3322	01KAEM49Q453FHQAVKFBP400QK	3323	WMMA1915	Bugni Lab UW-Madison		KY015107	Micromonosporaceae;Micromonospora;Micromonospora sp.	Micromonosporaceae	Micromonospora	Micromonospora sp.	1876.0
0	3326	0.6612462570529211	01KABVHZ2N5BMEDR5SWJC9NPKY.mzML	3326	01KAEM4EH07MZM8TEJ5V1C4AJH	3327	WMMA1933	Bugni Lab UW-Madison		KY015114	Micromonosporaceae;Micromonospora;Micromonospora sp.	Micromonosporaceae	Micromonospora	Micromonospora sp.	1876.0
0	3335	0.642709719038623	01KABVHZ2N5BMEDR5SWJC9NPKY.mzML	3335	01KAEM463DN5ZYWERKSF04ZCCR	3336	WMMA1908	Bugni Lab UW-Madison		KY015102	Micromonosporaceae;Micromonospora;Micromonospora sp.	Micromonosporaceae	Micromonospora	Micromonospora sp.	1876.0
0	3339	0.6610136763575178	01KABVHZ2N5BMEDR5SWJC9NPKY.mzML	3339	01KAEM4X2N3RQREDD19HEP5E8V	3340	WMMA1961	Bugni Lab UW-Madison		KY015128	Micromonosporaceae;Micromonospora;Micromonospora sp.	Micromonosporaceae	Micromonospora	Micromonospora sp.	1876.0
0	3344	0.6935444952650899	01KABVHZ2N5BMEDR5SWJC9NPKY.mzML	3344	01KAEM4P38YMP6KNFDYQ3V7F8P	3345	WMMA1951	Bugni Lab UW-Madison		KY015121	Micromonosporaceae;Micromonospora;Micromonospora sp.	Micromonosporaceae	Micromonospora	Micromonospora sp.	1876.0
0	3345	0.6692134764325752	01KABVHZ2N5BMEDR5SWJC9NPKY.mzML	3345	01KAEM4DDCEZ14WXD51KEEPW53	3346	WMMA1925	Bugni Lab UW-Madison		KY015111	Micromonosporaceae;Micromonospora;Micromonospora sp.	Micromonosporaceae	Micromonospora	Micromonospora sp.	1876.0
0	3346	0.6280764179411742	01KABVHZ2N5BMEDR5SWJC9NPKY.mzML	3346	01KAEM3BS403H999QG5SZN44QM	3347	WMMA1888	Bugni Lab UW-Madison		KY015084	Micromonosporaceae;Micromonospora;Micromonospora sp.	Micromonosporaceae	Micromonospora	Micromonospora sp.	1876.0
0	3354	0.6631126830634071	01KABVHZ2N5BMEDR5SWJC9NPKY.mzML	3354	01KAEM5PNP17Q7E8JX165MHQQY	3355	WMMA2002	Bugni Lab UW-Madison		KY015152	Micromonosporaceae;Micromonospora;Micromonospora sp.	Micromonosporaceae	Micromonospora	Micromonospora sp.	1876.0
0	3356	0.6825962248446604	01KABVHZ2N5BMEDR5SWJC9NPKY.mzML	3356	01KAEM408ZA2PQ0BK2539EZR6P	3357	WMMA1906	Bugni Lab UW-Madison		KY015100	Micromonosporaceae;Micromonospora;Micromonospora sp.	Micromonosporaceae	Micromonospora	Micromonospora sp.	1876.0
0	3358	0.6552501500850315	01KABVHZ2N5BMEDR5SWJC9NPKY.mzML	3358	01KAEM4H40HZXRMJF18AY3H26J	3359	WMMA1947	Bugni Lab UW-Madison		GCA_027497355.1	Micromonosporaceae;Micromonospora;Micromonospora sp. WMMA1947	Micromonosporaceae	Micromonospora	Micromonospora sp. WMMA1947	3015163.0
0	3361	0.6821077726277827	01KABVHZ2N5BMEDR5SWJC9NPKY.mzML	3361	01KAEM4MZ0STYBJZRVJCMRHRHM	3362	WMMA1950	Bugni Lab UW-Madison		KY015120	Micromonosporaceae;Micromonospora;Micromonospora sp.	Micromonosporaceae	Micromonospora	Micromonospora sp.	1876.0
0	3362	0.6596487718044293	01KABVHZ2N5BMEDR5SWJC9NPKY.mzML	3362	01KAEM3D3SH04RPDFYPDC7XBV9	3363	WMMA1889	Bugni Lab UW-Madison		KY015085	Micromonosporaceae;Micromonospora;Micromonospora sp.	Micromonosporaceae	Micromonospora	Micromonospora sp.	1876.0
0	3364	0.6386591053731994	01KABVHZ2N5BMEDR5SWJC9NPKY.mzML	3364	01KAEM494KD1PZ6DBHH3QVBZ7H	3365	WMMA1914	Bugni Lab UW-Madison		KY015106	Micromonosporaceae;Micromonospora;Micromonospora sp.	Micromonosporaceae	Micromonospora	Micromonospora sp.	1876.0
0	3372	0.6445583060272646	01KABVHZ2N5BMEDR5SWJC9NPKY.mzML	3372	01KAEM5BD7XFT4R419PNECS3A4	3373	WMMA1978	Bugni Lab UW-Madison		KY015141	Micromonosporaceae;Micromonospora;Micromonospora sp.	Micromonosporaceae	Micromonospora	Micromonospora sp.	1876.0
0	3375	0.6420277075213008	01KABVHZ2N5BMEDR5SWJC9NPKY.mzML	3375	01KAEM5N4P95CJEBQZSQQMJ3PS	3376	WMMA2000	Bugni Lab UW-Madison		KY015151	Micromonosporaceae;Micromonospora;Micromonospora sp.	Micromonosporaceae	Micromonospora	Micromonospora sp.	1876.0
0	3378	0.6596487718044293	01KABVHZ2N5BMEDR5SWJC9NPKY.mzML	3378	01KAEM5HTGWKNPX6JFTCCHRT4J	3379	WMMA1994	Bugni Lab UW-Madison		KY015147	Micromonosporaceae;Micromonospora;Micromonospora sp.	Micromonosporaceae	Micromonospora	Micromonospora sp.	1876.0
0	3380	0.6681789463480583	01KABVHZ2N5BMEDR5SWJC9NPKY.mzML	3380	01KAEM4JNM5NDJXN1M7CNDYZZW	3381	WMMA1948	Bugni Lab UW-Madison		KY015118	Micromonosporaceae;Micromonospora;Micromonospora sp.	Micromonosporaceae	Micromonospora	Micromonospora sp.	1876.0
0	3383	0.6307618218905233	01KABVHZ2N5BMEDR5SWJC9NPKY.mzML	3383	01KAEM3TSH7CBH380QZRNC80F8	3384	WMMA1900	Bugni Lab UW-Madison		KY015096	Micromonosporaceae;Micromonospora;Micromonospora sp.	Micromonosporaceae	Micromonospora	Micromonospora sp.	1876.0
0	3385	0.6857276583465279	01KABVHZ2N5BMEDR5SWJC9NPKY.mzML	3385	01KAEM6FTZVGQW5CF8TD5P0BED	3386	WMMC241	Bugni Lab UW-Madison		GCA_027460165.1	Micromonosporaceae;Micromonospora;Micromonospora sp. WMMC241	Micromonosporaceae	Micromonospora	Micromonospora sp. WMMC241	3015159.0
0	3387	0.6403256402711903	01KABVHZ2N5BMEDR5SWJC9NPKY.mzML	3387	01KAEM5YZMDJ3MRYGR1XAYSX97	3388	WMMA2014	Bugni Lab UW-Madison		KY015164	Micromonosporaceae;Micromonospora;Micromonospora sp.	Micromonosporaceae	Micromonospora	Micromonospora sp.	1876.0
0	3391	0.6703883873386859	01KABVHZ2N5BMEDR5SWJC9NPKY.mzML	3391	01KAEM472SBYDQV56GT196J2V7	3392	WMMA1910	Bugni Lab UW-Madison		KY015103	Micromonosporaceae;Micromonospora;Micromonospora sp.	Micromonosporaceae	Micromonospora	Micromonospora sp.	1876.0
